Unnamed: 0,Hue,SDHue,Bright,SDBright,Saturaton,SDSat,Contrast,Dissimilarity,Homogeneity,Energy,Correlation,MeanTexture,SDTexture,Entropy,EdgeCount,CornerMean,CornerSD,CornerCount,ContourMeanLength,ContourSDLength,ContourMeanArea,ContourSDArea,ContourCount,AsymmetryV,AsymmetryH,KPMeanSize,KPSDSize,KPMeanStrength,KPSDStrength,KPMeanAngle,KPSDAngle,KPCount,ImageName,sky,grass,plant,water,sea,fence,path,river,bench,pole,Category,building,tree,earth,rock,streetlight,ashcan,table,wall,chair,signboard,stairs,pot,sculpture,sidewalk,railing,road,person,mountain,lake,floor,car,traffic light,Semantic_PC1,Semantic_PC2,Semantic_PC3
0,58.52464375,39.10220546020714,115.20865,77.39387951259992,83.66869166666666,71.97434853674095,1193.9739287498155,20.08478876606175,0.1647780975596076,0.0143844924762319,0.8947021416461097,107.14924384272216,75.44961127526335,9.604814604447924,0.2052708333333333,128.85705558949297,60.18676161987016,1637,48.503251936994246,138.23076594384668,12.168064709406831,53.73946094985465,3338,50.581379166666665,107.70494583333333,3.467147104034262,3.86216990897338,0.0326075924067839,0.017593253401768,185.85064172855044,102.57032153068374,5188,MDS10,0.1240234375,0.06103515625,0.49114990234375,0.01141357421875,0.18634033203125,0.00128173828125,0.00018310546875,0.00048828125,0.003173828125,0.00030517578125,Nature,0.0,0.0,0.0,0.0,0.0,0.0,0.0,0.0,0.0,0.0,0.0,0.0,0.0,0.0,0.0,0.0,0.0,0.0,0.0,0.0,0.0,0.0,-1.5890252081071632,-0.468862343918844,1.7677561820387255
1,36.51409375,31.178703958517545,131.19611666666663,63.96826932096664,62.6564875,50.81963415678049,1495.653323420665,25.16860896922297,0.0940152753466596,0.0148774941924449,0.800040262968606,122.35003422622778,61.25173163997685,9.972833027088813,0.2732916666666666,123.40772708590218,52.02172210123822,2433,54.8328285001193,446.6120345724602,17.567617054669107,225.7994350020348,3823,59.64317916666667,67.77644583333333,3.614546854511585,3.7309993738777902,0.0314929638763771,0.0141816518582997,178.71546850130804,98.53438029526797,6732,MDS117,0.05419921875,0.0,0.07061767578125,0.0,0.0,0.0,0.0023193359375,0.0,0.0,0.0,Nature,0.0399169921875,0.1380615234375,0.2352294921875,0.45947265625,6.103515625e-05,0.0001220703125,0.0,0.0,0.0,0.0,0.0,0.0,0.0,0.0,0.0,0.0,0.0,0.0,0.0,0.0,0.0,0.0,-1.9377521192421499,-0.5458100271880644,1.496859328045484
2,57.08474375,41.03701682319069,99.35800416666666,81.8221237126609,74.46161041666667,62.79678140961174,1207.0445006730497,17.801177181126853,0.2175055011706297,0.022489244667365,0.8930408095985862,90.94551362305744,75.11117345896375,9.079076929991809,0.16396875,109.9447731755424,58.44061344448524,1521,43.83456113031791,150.6848851125006,11.807918395573996,53.33482519309358,2892,68.15802916666667,84.14372083333333,4.037773696856645,7.361856953835304,0.0385085777634812,0.0222044261483151,185.9006071133217,102.66265722728036,3813,MDS12,0.21368408203125,0.4315185546875,0.027587890625,0.0689697265625,0.0001220703125,0.0018310546875,0.0,0.01611328125,0.0,0.000244140625,Nature,0.00494384765625,0.221923828125,0.0010986328125,0.0,0.0,0.0,0.0,0.0,0.0,0.0,0.0,0.0,0.0,0.0,0.0,0.0,0.0,0.0,0.0,0.0,0.0,0.0,-1.1022806199246058,-0.3877858649943707,0.5462801563972259
3,52.443702083333335,29.281357289429835,142.52402708333332,83.66496724156772,103.64643958333332,55.70984444376445,251.8543672552724,8.24413724928641,0.2832708197559851,0.0524831646784413,0.9793107298092738,129.27069110822876,77.94125263216803,8.159629535794375,0.1187229166666666,78.99478001491424,31.024021429171007,1341,65.5371365429159,134.74307979855098,13.72890365448505,92.04509003632243,1505,22.277725,120.12176666666667,3.2045084363069543,5.503159636493396,0.0199114568446917,0.0106995350789469,178.73609739094113,99.09199174138836,1211,MDS124,0.34149169921875,0.5367431640625,0.0,0.0,0.0,0.0,0.0,0.0,0.0614013671875,0.0,Nature,0.0,0.06005859375,0.0,0.0,0.0,0.0,0.00030517578125,0.0,0.0,0.0,0.0,0.0,0.0,0.0,0.0,0.0,0.0,0.0,0.0,0.0,0.0,0.0,-0.44237745285973534,1.0651016100442021,1.8164506232411133
4,44.63305,35.81512764923271,137.89602708333334,53.91266591333246,179.16573333333332,56.95956273207238,887.2400501758622,18.08857918319629,0.0987506982850796,0.0104519224593533,0.8247025703787255,117.1586388193016,50.30429855623319,9.5946926655886,0.1689145833333333,126.42833517089304,44.65678365170047,1814,74.03644447234666,178.96960102020358,17.676312968917472,74.45251042936957,1866,59.28962916666666,50.8080625,4.665313278617368,4.173721729259195,0.028168863454361,0.0137773618948237,182.0650582093046,104.55753639205469,4974,MDS139,0.0,0.0,0.5069580078125,0.0,0.0,0.0,0.0,0.0,0.0,0.0,Nature,0.0,0.36749267578125,0.0,0.00225830078125,0.0,0.0,0.0,0.0,0.0,0.0,0.0,0.0,0.0,0.0,0.0,0.0,0.0,0.0,0.0,0.0,0.0,0.0,-1.7529388562837385,0.1832754576829751,-1.0617076013308788
5,30.18025,11.77428985562045,109.29837291666666,58.13876257012986,172.6067375,56.94518788952022,1139.86626090375,23.793559562261564,0.0703960216358302,0.01459179357053,0.8047122680151428,95.43343704547117,54.12620850860627,9.87072766076446,0.322975,107.4305812661977,55.10264473228969,2701,62.55492065730808,421.8470611543498,26.72578463203463,320.63110446359804,3696,61.6921375,54.02964583333333,3.238522483654525,3.723097283977684,0.0284126408384267,0.0122715230646041,181.9644741478316,101.10939538679052,8720,MDS140,0.03558349609375,0.0,0.28826904296875,0.0,0.0,0.0,0.05963134765625,0.0,0.00091552734375,0.0,Nature,0.0,0.498046875,0.08868408203125,0.009765625,0.0,0.0,0.0,0.0093994140625,0.00054931640625,0.00018310546875,0.00299072265625,0.00592041015625,6.103515625e-05,0.0,0.0,0.0,0.0,0.0,0.0,0.0,0.0,0.0,-1.9685033917103325,0.6925624365203273,-1.51142430101547
6,17.817591666666665,26.97003565131615,107.88618958333332,47.27837930039895,118.17335208333331,41.55452579008136,592.7312522094469,15.253547153486586,0.1094838970001746,0.0157405020782892,0.8399792937430113,86.01560012630594,43.09548168976664,8.939320366575144,0.2135458333333333,104.84088127294982,40.80095649961826,2451,74.34833689708755,195.11217778407004,27.55,118.69346360220008,2120,43.639858333333336,42.00351666666667,3.0175751901733188,2.661796775461913,0.0234965019645572,0.0094843025889666,177.82538057107192,105.71203236660442,8320,MDS142,0.03228759765625,0.0,0.0,0.0,0.0,0.0,0.08270263671875,0.0,0.0,0.0,Nature,0.0,0.37353515625,0.511474609375,0.0,0.0,0.0,0.0,0.0,0.0,0.0,0.0,0.0,0.0,0.0,0.0,0.0,0.0,0.0,0.0,0.0,0.0,0.0,-2.1705892930580863,0.5732113226277862,-2.3550493129041703
7,29.8782125,43.57529088988595,143.8501,55.30856591273483,115.98052291666669,50.5802158479633,851.4003393263304,19.12936866258864,0.0887466898575352,0.0106039619127346,0.8303328218885441,116.89060353292774,50.14940770382287,9.557078919933174,0.2447166666666666,134.59684684684686,44.48241298685021,2664,73.4109248534661,258.35588251987514,28.091480730223125,195.3050000669576,2465,52.829995833333335,51.473079166666665,3.257314021375269,2.9376247255761534,0.0262672182658654,0.0112327591532883,179.24326672988718,101.00760109285363,9993,MDS143,0.053955078125,0.0,0.0,0.0,0.0,0.0,0.0,0.0,0.0,0.0,Nature,0.0,0.69940185546875,0.24664306640625,0.0,0.0,0.0,0.0,0.0,0.0,0.0,0.0,0.0,0.0,0.0,0.0,0.0,0.0,0.0,0.0,0.0,0.0,0.0,-1.8362100542372608,0.12613737817834844,-1.4198583400053357
8,20.248716666666667,20.396380459607425,136.47661458333334,47.605579975344845,120.69225416666669,44.41650641937146,871.0153258840195,18.90017868469208,0.0945350414848466,0.0116249450438418,0.755005600042179,112.97892982284132,42.32440144590748,9.42762630386112,0.2317833333333333,137.6218418907905,43.82885637209996,2454,65.71142140861157,217.47202793589116,22.73318129988597,108.05802932562642,2631,41.21030416666667,44.7466375,3.2480253439957334,3.235132339449214,0.0270471838222259,0.0116997140927362,178.42588751881394,100.13618466865626,9700,MDS144,0.0181884765625,0.0,0.0,0.0,0.0,0.0,0.0,0.0,0.0,0.0,Nature,0.0,0.646240234375,0.149658203125,0.0,0.0,0.0,0.0,0.00299072265625,0.0,0.0,0.0,0.0,0.0,0.18292236328125,0.0,0.0,0.0,0.0,0.0,0.0,0.0,0.0,-1.1168885361047924,0.6675429466456675,-1.2131536221899646
9,29.76030833333333,5.782612406020646,117.62716458333334,61.30313756246151,160.6807375,36.859360138090125,672.9610944824724,17.42260797904708,0.0814877989144131,0.0108919943990432,0.8861299783593072,105.14863935153816,54.35086150254837,9.510236726002324,0.2532979166666667,117.03279968762202,50.411114397844656,2561,60.57584506701143,354.55354233323806,18.882178526841447,218.5270131688928,3204,30.555433333333333,76.34155,3.4570074071590686,4.025830431252243,0.0244250181722975,0.0098479688647114,169.20418497639517,100.2160085822072,4972,MDS179,0.0,0.4522705078125,0.0089111328125,0.0,0.0,0.0,0.0,0.0,0.0,0.0,Nature,0.0,0.5382080078125,0.0,0.0,0.0,0.0,0.0,0.0,0.0,0.0,0.0,0.0,0.0,0.0,0.0,0.0,0.0,0.0,0.0,0.0,0.0,0.0,-1.5064387190725026,0.022270510641929454,-0.3609627529038284
10,46.9785125,33.62932755231179,108.56775,60.54481217058017,99.89394791666666,57.888044289867146,2381.660486472754,34.302080273909446,0.0562027110345249,0.0076473825360203,0.6356346626526668,100.1122943129676,57.16366457464565,10.234435410704217,0.3214145833333333,133.2899850523169,61.69930146319417,2676,42.89935451532642,235.6246233157926,16.510239852398524,151.61272807374917,5420,66.33491666666667,63.7757,3.381191793739939,3.8324822116180495,0.0382107249103962,0.0161730241075073,181.38587377839,103.71226671239924,9557,MDS183,0.0260009765625,0.00360107421875,0.4222412109375,0.0008544921875,0.0,0.0,0.0126953125,0.0,0.0,0.0,Nature,0.0,0.36444091796875,0.0,0.0,0.0,0.0,0.0,0.000244140625,0.0,0.0,0.0,0.0,0.0,0.0,6.103515625e-05,0.0,0.0,0.0,0.0,0.0,0.0,0.0,-1.666756867123418,0.15648873958023649,-1.0261679374007338
11,45.513277083333335,16.14873959124132,124.56601041666669,67.78747952332267,101.68779166666668,54.21070574732691,1614.3708384544834,28.09059183416349,0.0557177063315096,0.0074757019706906,0.8047966486347278,111.81200229500058,64.2984337981777,10.185432915642483,0.3220354166666667,134.22156790577844,62.31079160255024,2717,53.08609336574133,312.5697417483535,17.666922234392114,184.97076546208976,4565,68.43533333333333,79.31529166666667,3.515771909895101,4.143215427687387,0.0318080637402003,0.0135889169558128,181.2320468013141,103.02540151506318,8419,MDS184,0.006591796875,0.0,0.0972900390625,0.0,0.0,0.0,0.0,0.0,0.00836181640625,0.00567626953125,Nature,0.0,0.450927734375,0.40728759765625,0.0047607421875,0.0,0.0,0.00018310546875,0.0,0.00848388671875,0.0,0.0,0.0,0.0,0.0,0.0,0.0,0.0,0.0,0.0,0.0,0.0,0.0,-0.9922168403599145,1.332642211221864,-1.9949673331819875
12,45.22008958333333,19.20754333567869,117.06751041666666,73.34924862323841,94.75095625,53.53542413792248,1602.7547519257002,27.45617582863704,0.0602965402812551,0.0090761971031657,0.8364250213944029,106.68709261642606,70.13295626585258,10.086471660754215,0.3152875,126.49383638401196,64.85847109806903,2677,51.63516632448015,320.6224633039995,18.734035476718404,246.68342784936107,4510,60.123466666666666,97.84729166666666,3.374778903881332,3.445564765175377,0.0324651616649195,0.0144286721697544,184.52514268395785,102.62775847304324,8014,MDS185,0.047607421875,0.0,0.140380859375,0.0157470703125,0.0,0.0,0.0,0.0,0.0,0.0,Nature,0.0,0.39044189453125,0.364013671875,0.03424072265625,0.0,0.0,0.0,0.0,0.0,0.007568359375,0.0,0.0,0.0,0.0,0.0,0.0,0.0,0.0,0.0,0.0,0.0,0.0,-1.5815947302946725,0.08007727485925743,-1.43357923791857
13,43.551679166666666,23.387514655553563,111.34575625,66.52871432471035,136.37367916666668,68.62138488751447,1339.3698079154851,22.220892591179638,0.1430764986450739,0.0205176699515986,0.8397382818850209,102.29230083097886,64.78168310769459,9.51712637849676,0.2517166666666666,111.22398190045249,52.88792953053486,2210,50.90801244551791,194.1100620621534,16.140783164624402,98.2008909479822,3754,66.981875,71.41586666666667,3.579059525055291,4.331448767510909,0.0342181789256402,0.01774986088581,178.89294419612466,101.7937933834081,5566,MDS193,0.12591552734375,0.36053466796875,0.08154296875,0.0,0.0,0.01409912109375,0.00341796875,0.0,0.0,0.0009765625,Nature,0.0,0.41094970703125,0.0,0.0,0.00030517578125,0.0,0.0,0.00225830078125,0.0,0.0,0.0,0.0,0.0,0.0,0.0,0.0,0.0,0.0,0.0,0.0,0.0,0.0,-1.178135085655222,-0.15811762728507833,-0.11976224867697324
14,39.31668125,14.010535413367748,135.11284166666667,58.5926987424622,98.66416666666667,51.00547621062098,1713.267259870038,29.35643753864953,0.0535941751012128,0.0076583840443767,0.736473933891763,124.92986518250524,57.05447991429421,10.231724412739691,0.3286520833333333,145.87008611007113,57.25720121462721,2671,50.16926422985191,315.8780758470216,20.775320512820517,246.23880706894045,4680,72.036,56.36170833333333,3.538719032579104,4.4394110323811,0.0332910575146293,0.0142019956611708,182.7501497140124,104.2638364429264,8012,MDS195,0.00714111328125,0.0,0.26324462890625,0.00445556640625,0.0,0.025634765625,0.000244140625,0.0,0.0,0.00067138671875,Nature,0.0,0.64862060546875,0.00152587890625,0.0,0.0,0.0,0.0,0.0484619140625,0.0,0.0,0.0,0.0,0.0,0.0,0.0,0.0,0.0,0.0,0.0,0.0,0.0,0.0,-1.6389681749487037,0.3019581276191227,-1.5737810979392948
15,32.43848125,13.342491912809932,135.20017083333337,38.6098640566218,84.925,37.50960671392508,1034.6014553761356,22.0777752591532,0.062715246273899,0.0107134997414017,0.6480083734918476,127.7838840288434,38.41299260350037,9.601993736076416,0.2993666666666666,140.401171875,53.47182741174748,2560,53.69828857579919,201.6712080034749,14.049035187287174,88.93118079040829,4405,44.88594166666667,39.66381666666667,3.364872035180688,3.270733677535708,0.0267082219569909,0.0121089635072106,171.77153096376253,106.08214965172212,5785,MDS200,0.01708984375,0.0,0.0,0.04412841796875,0.0,0.0,0.0,0.0,0.0,0.0,Nature,0.0062255859375,0.4332275390625,0.48236083984375,0.0169677734375,0.0,0.0,0.0,0.0,0.0,0.0,0.0,0.0,0.0,0.0,0.0,0.0,0.0,0.0,0.0,0.0,0.0,0.0,-1.9189055350846496,0.30098028791480674,-1.6492535814200848
16,51.97821666666667,18.51990957014609,110.69973125,52.89238491907672,93.54563125,51.63689287020496,1079.9766332471013,22.692871167316603,0.0673962347347925,0.0085809223342776,0.8012323686616979,99.78949334178392,52.13623572751349,9.875514831451785,0.2935791666666666,115.67186282151208,52.422416818307546,2566,58.76167312569404,297.5109142277133,21.4703573362209,168.97009479670044,3694,47.37182916666666,54.24650416666667,3.2276538948283773,3.21804093143279,0.0286204484073799,0.012183093658678,180.09339884386245,101.49426994876804,7555,MDS201,0.0,0.045654296875,0.148193359375,0.0,0.0,0.0,0.0,0.0,0.0,0.0,Nature,0.0,0.64447021484375,0.0218505859375,0.0,0.0,0.0,0.0,0.0,0.0,0.0,0.0,0.0,0.0,0.0,0.0,0.13470458984375,0.0,0.0,0.0,0.0,0.0,0.0,-1.2425577830436518,-0.147040296528164,-1.119169332729371
17,32.39284791666667,10.384175144470422,126.22092916666666,70.23700130845077,132.29887291666665,59.94744759284043,2426.934141732981,34.805207449843905,0.046817479982619,0.006639319093652,0.7195658614249486,114.80936355083222,65.76333585583689,10.389057969918696,0.3174125,131.78446021666045,60.85207031433614,2677,44.65208328537656,224.36151347747045,15.687842174815934,131.94430249585187,5297,69.9129875,80.7538875,3.412741756542111,3.69873255927381,0.0387427781558584,0.0158185922153163,179.61225431026307,104.3373064260149,8341,MDS23,0.0,0.0,0.48345947265625,0.0,0.0,0.0,0.1182861328125,0.0,0.0,0.0,Nature,6.103515625e-05,0.398193359375,0.0,0.0,0.0,0.0,0.0,0.0,0.0,0.0,0.0,0.0,0.0,0.0,0.0,0.0,0.0,0.0,0.0,0.0,0.0,0.0,-2.39374790225809,0.5091421598368477,-2.1322736416528345
18,62.98404375,32.08713685650507,123.2324125,57.75450463178761,51.4779125,22.34397307946098,471.15976235980094,13.933583575542524,0.1131864466884927,0.0124016366743692,0.9242073740164908,114.88354572332057,55.6310291762272,9.283485992623469,0.1777541666666666,126.67802726543704,47.33434989507761,2494,74.69889417050088,153.69418312666153,20.46178686759957,58.53563673488895,1858,33.607975,52.05439166666667,3.465290284584379,3.569536365248649,0.0224527080277438,0.0091291507563653,169.00970255606828,103.38712220844243,6970,MDS42,0.02508544921875,0.1612548828125,0.05462646484375,0.0,0.0,0.0,0.02655029296875,0.0,0.0,0.0,Nature,0.0,0.73248291015625,0.0,0.0,0.0,0.0,0.0,0.0,0.0,0.0,0.0,0.0,0.0,0.0,0.0,0.0,0.0,0.0,0.0,0.0,0.0,0.0,-1.8488592902457581,0.07969206793868967,-1.133086056318057
19,48.06424166666667,27.707227360532915,92.97842291666667,66.72177439321796,97.40465833333332,63.75479679312972,1334.2749787977623,20.531404399259195,0.1256222871284112,0.0276233933768904,0.8451547021516408,86.13186095671428,65.65725738622466,9.432522595244812,0.2030229166666666,123.14180672268908,60.1703975356063,1904,45.83345425080758,127.583380113365,11.963481524249422,53.2768343905931,3464,59.94007083333333,66.46567916666666,3.5395118190444097,4.431980537383927,0.0357017595263291,0.0223210779244859,180.916776097317,99.5594782256768,5622,MDS52,0.0535888671875,0.01873779296875,0.053955078125,0.0281982421875,0.0,0.00299072265625,0.0908203125,6.103515625e-05,0.0030517578125,0.0,Nature,0.0,0.431396484375,0.31689453125,0.0,0.0,0.0,0.0,0.0,0.0,0.0,0.0,0.0,0.0,0.0,0.0,0.0001220703125,0.0,0.0,0.0,0.0,0.0,0.0,-2.153415204040846,0.5076146402235316,-2.06285521950858
20,56.44817291666666,29.08451244139109,101.15005,72.42070765670202,83.41261875,59.36103254956472,1026.6166479395013,16.520504824971887,0.1781551875392482,0.0354218240411028,0.901709378566641,94.5318180667995,72.36000001416724,8.943098435500449,0.1700229166666666,104.00734843845684,61.39978672645648,1633,46.309059716452566,95.46348824371417,10.264256619144604,40.67973880730323,2946,45.147225,85.71618333333333,3.40135255173548,3.897629359421382,0.0370498574332549,0.0249425371519204,183.14767765224195,99.42596571154476,4432,MDS53,0.1319580078125,0.0003662109375,0.0916748046875,0.00042724609375,0.0,0.0,0.17266845703125,0.0,0.0,0.0,Nature,0.0,0.333740234375,0.2552490234375,0.007568359375,0.0,0.0,0.0,0.00634765625,0.0,0.0,0.0,0.0,0.0,0.0,0.0,0.0,0.0,0.0,0.0,0.0,0.0,0.0,-2.302700312931547,0.5042086066973698,-2.3275424009657057
21,40.43456041666666,22.311831338124914,102.05096875,47.81987984548397,93.599125,59.65747650882529,746.137265052976,16.929976654480377,0.1027809194202863,0.0116431971609318,0.8320534103331041,94.09812280384992,47.12345824895117,9.460122153262809,0.2159833333333333,121.89723320158105,58.1870040482791,1771,55.749803474713445,144.348722306092,12.92866344605475,48.08590155970289,3105,41.531025,52.63893333333333,3.2471174822358946,3.58538219676812,0.0272780354178542,0.0155813858715518,183.13661259757188,102.18200289173934,5209,MDS54,0.006591796875,0.05108642578125,0.0286865234375,0.0,0.0,0.0,6.103515625e-05,0.0,0.06182861328125,0.0,Nature,0.0,0.372802734375,0.29937744140625,0.0,0.0,0.000244140625,0.17724609375,0.0,0.0001220703125,0.00189208984375,0.0,0.0,0.0,0.0,0.0,0.0,0.0,0.0,0.0,0.0,0.0,0.0,-1.751464556152478,2.947275182724572,-1.7446946299457757
22,37.1258625,31.04244453643689,118.430675,78.39246524089145,125.29862083333332,88.59619647459233,1004.800882412292,19.677335222303427,0.1867478531741714,0.0352088483980991,0.9169273087678532,109.14494850747728,77.9170306002286,9.386579994969775,0.23254375,110.0804212541886,49.045999301684745,2089,50.87739102998681,205.6605208408991,16.227417027417026,109.86739192404254,3465,50.6317125,97.95335416666668,3.700534355489088,4.8260265053233855,0.0290667055979599,0.0131691084248822,184.3615633745288,102.63486300300806,5672,MDS64,0.2083740234375,0.010498046875,0.49139404296875,0.0,0.0,0.0,0.10687255859375,0.0,0.0,0.0,Nature,0.01422119140625,0.16680908203125,0.00140380859375,0.0,0.0,0.0,0.0,0.0003662109375,0.0,0.0,6.103515625e-05,0.0,0.0,0.0,0.0,0.0,0.0,0.0,0.0,0.0,0.0,0.0,-1.8576168636439583,0.1303599720946725,-1.0930366616197276
23,70.97897291666666,43.09854605952618,117.1723125,85.32781595159348,72.06770625,57.437825236920695,2287.9146099179634,28.149397505502478,0.1408732205562568,0.014838977800236,0.8077403687926619,105.27805615368968,77.15409644078906,9.818662936484522,0.2429895833333333,119.58434296365331,60.384012012847776,2146,49.65868792405183,258.82480126171487,21.87528409090909,164.32239717393207,3520,60.17680833333333,104.02899166666668,3.5185996927175096,5.345455775301797,0.0400575464573151,0.0205028076552619,185.2175799334712,105.57393377170912,5108,MDS65,0.34954833984375,0.09332275390625,0.0,0.06097412109375,0.0,0.0018310546875,0.0,0.0,0.0,0.0,Nature,0.0,0.24005126953125,0.2542724609375,0.0,0.0,0.0,0.0,0.0,0.0,0.0,0.0,0.0,0.0,0.0,0.0,0.0,0.0,0.0,0.0,0.0,0.0,0.0,-1.1818885931497674,-0.39833356531195585,0.11135572004775353
24,29.310316666666665,7.970831683899463,99.10022083333334,52.89175335013231,176.80825833333333,51.89744186983848,1878.4116172812808,30.449824547690906,0.0453963816253457,0.0087984212060305,0.6090121375355492,86.0821308140076,48.97948852370391,9.960810661127416,0.3447375,120.1190130624093,62.20170897424146,2756,50.971727830203456,365.7217863856456,17.57001386413151,208.84237418426744,5049,51.70034583333333,52.6818125,3.1002118685849624,3.083665465238802,0.0345530663971764,0.0164981692376108,187.60303792618117,101.34950365858288,8872,MDS7,0.0,0.0,0.0,0.0,0.0,0.0,0.0,0.0,0.01593017578125,0.0,Nature,0.0,0.453857421875,0.52728271484375,0.0,0.0,0.0,0.0,0.0,0.0,0.0,0.0,0.0,0.0,0.0,0.0,0.0,6.103515625e-05,0.0,0.0,0.0,0.0,0.0,-1.8471737966982509,0.8343368821780932,-1.7560115287257825
25,32.325716666666665,13.706000066384146,135.3982125,48.835304230698135,102.87555208333332,51.20497227450381,2135.3733087339047,33.57933096651286,0.0458669946265944,0.0075560361024811,0.5253424375152917,123.4543292396925,47.40030306496618,10.17756708515515,0.32685625,119.70116235470566,58.243791664780254,2667,46.55691329694862,407.5907101786577,19.012980578676174,274.31908671411526,5046,49.41800833333333,55.17709166666667,3.3779013350237,3.294923583067625,0.0365096326056244,0.0141856456355515,180.399345370962,100.45853787548442,7633,MDS8,0.0,0.0084228515625,0.19622802734375,0.176025390625,0.0,0.0,0.000732421875,0.0,0.0006103515625,0.00018310546875,Nature,0.0,0.1031494140625,0.499755859375,0.0,0.0008544921875,0.0,0.0140380859375,0.0,0.0,0.0,0.0,0.0,0.0,0.0,0.0,0.0,0.0,0.0,0.0,0.0,0.0,0.0,-2.0219793863646,0.4287168879944795,-1.7793346464700417
26,36.0235875,14.15623927095436,127.98563125,50.02324896774522,114.21312708333332,57.21121244065435,1656.8487818355263,28.923529522654334,0.0541263282011452,0.0078486453104671,0.6450588894671827,116.78101647056911,48.39965601221323,10.06638703723942,0.3362166666666666,117.2629246676514,53.56232581341414,2708,49.52522502038081,300.4413706702983,15.310664605873262,136.58251786698187,5176,53.40507083333333,53.06384583333333,3.317068090652709,3.86931728782903,0.0330091094024542,0.0139824388399585,181.48578605009484,104.53849258972072,6176,MDS9,0.0,0.0023193359375,0.08380126953125,0.04931640625,0.0,0.00091552734375,0.0,0.0,0.0,0.0,Nature,0.0,0.3389892578125,0.5224609375,0.0,0.0,0.0,0.0,0.002197265625,0.0,0.0,0.0,0.0,0.0,0.0,0.0,0.0,0.0,0.0,0.0,0.0,0.0,0.0,-1.954461452507274,0.4176750336042119,-1.8330720039547252
27,85.07443333333333,27.03082841273809,170.09925625,51.43222891449974,55.79715208333333,39.32476579467495,435.5426140359241,9.311490426500058,0.3591778798409034,0.041738908588662,0.902268289657758,154.9802324747165,47.154502359475245,7.878674072154478,0.0856229166666666,114.67315175097276,43.4676651926903,1028,69.82779781188175,190.1523991472152,23.42091295116773,109.55609309868449,942,24.52484583333333,61.3912875,3.5062313027487333,5.119755242480495,0.0306016225040037,0.0125680186222221,180.79397016089865,102.74628795022352,3211,Nature1,0.46075439453125,0.0,0.18377685546875,0.16339111328125,0.0,0.0,0.0,0.0,0.0,0.0,Nature,0.0,0.14385986328125,0.0,0.0,0.0,0.0,0.0,0.0,0.0,0.0,0.0,0.0,0.0,0.0,0.0,0.0,0.0,0.0482177734375,0.0,0.0,0.0,0.0,-1.1677992884429922,-0.8274254052678838,0.8751817569364241
28,46.199666666666666,27.49732312527086,154.22380416666667,69.29913328603023,76.77158958333334,73.17925962387311,1075.0540223783069,18.79347703548765,0.2554583531857511,0.1275369751266067,0.8969040590995256,147.76292387987863,72.26279655280395,8.679521985055448,0.22124375,115.62666666666668,53.273386309571954,1875,67.12457619315987,523.645994616301,30.28344623200677,400.58275975151344,2362,31.318804166666663,111.52595416666666,3.2073960685001457,3.0012514754925785,0.0302987160386769,0.0139223214636721,170.9244508823077,102.75703235018116,5498,Nature10,0.22515869140625,0.1707763671875,0.02685546875,0.00054931640625,0.0,0.00103759765625,0.0,0.0,0.0,0.0,Nature,0.0,0.21966552734375,0.35595703125,0.0,0.0,0.0,0.0,0.0,0.0,0.0,0.0,0.0,0.0,0.0,0.0,0.0,0.0,0.0,0.0,0.0,0.0,0.0,-1.2995156648770667,-0.07890023978534537,-0.33499935526961966
29,73.11496041666666,37.53546959680404,157.90657083333335,63.62854322281379,36.13648125,40.344849784308266,443.2634186114688,11.191491958433351,0.3557341767216447,0.0546017333713498,0.9404020583600994,150.68671359553068,60.991801008179465,8.173770391371221,0.14738125,111.07984546039924,44.31221619700766,1553,66.10713611183247,370.8713029855639,25.233393719806763,368.6770172952464,1656,33.7093375,93.15999583333333,3.4195667439638084,3.488635006335428,0.0251358650679295,0.00931074113253,172.488967417414,100.15550295500248,3415,Nature11,0.362548828125,0.01519775390625,0.11199951171875,0.0,0.0889892578125,0.0,0.0,0.0,0.0,0.0,Nature,0.0,0.0,0.0,0.4183349609375,0.0,0.0,0.0,0.0,0.0,0.0,0.0,0.0,0.0,0.0,0.0,0.0,0.0,0.00018310546875,0.0,0.0,0.0,0.0,-1.514486376249032,-1.3926583216886084,3.8546863285014217
30,33.73882916666667,27.825491800909514,165.2131,70.88747039656116,66.33218958333333,59.32912204809196,967.2414951216012,19.419158161052096,0.2590138363207402,0.1566663403652347,0.9081607055447284,158.83633494596205,72.65828594941568,8.521558469737055,0.2538625,126.91037071797278,53.45865873471967,2131,59.36764066566092,534.2181827938592,26.580947680157948,445.4630350465857,3039,57.49825833333333,64.82404166666667,3.5954029246509576,5.100224664220602,0.0282728590951122,0.0110593755823284,179.00901251454795,98.6980392562211,5345,Nature12,0.2467041015625,0.1021728515625,0.0723876953125,0.0,0.0,0.0,0.0,0.0,0.0,0.0,Nature,0.0,0.3668212890625,0.06268310546875,0.14923095703125,0.0,0.0,0.0,0.0,0.0,0.0,0.0,0.0,0.0,0.0,0.0,0.0,0.0,0.0,0.0,0.0,0.0,0.0,-1.4287722798439977,-0.5296783198045247,0.779799502405365
31,48.6980625,42.646193904959766,101.75880416666666,56.16762634801281,107.541225,73.63978468191888,1049.799499970601,20.480894342408565,0.1060727791778676,0.012356822411683,0.8004449236782579,90.14592268585038,51.26260336370362,9.639653163905708,0.2257104166666666,111.25085075352456,54.08433681822471,2057,67.64670955523096,269.32446685931046,25.302828282828283,163.38766663418153,2475,51.70205416666667,49.89890416666667,3.046285760103146,3.0732849331786904,0.0299196985445673,0.0125796518529963,179.7040990300643,104.53882678869417,9273,Nature13,0.0,0.0,0.5206298828125,0.229736328125,0.0,0.0,0.0,0.0,0.0,0.0,Nature,0.0,0.0,0.0,0.24072265625,0.0,0.0,0.0,0.0,0.0,0.0,0.0,0.0,0.0,0.0,0.0,0.0,0.0,0.0,0.0,0.0,0.0,0.0,-2.2669639109748716,-0.29548569886210213,0.34910574417449836
32,50.29275416666667,19.841199434457064,143.41305833333334,51.46063843184676,79.6613,44.78100112186715,1632.924249288686,29.845103360948613,0.0484074230603627,0.0098033715464306,0.667821441633923,131.49209045592713,49.64864576568048,10.091249367472656,0.3555229166666667,136.79171057253248,54.21390035174205,2847,55.12084739965592,393.2521018324663,20.87510539629005,216.3174337295025,4744,55.55175833333333,54.26603333333333,3.284234010100883,3.5062693055020064,0.0315103424617921,0.011763207537888,182.31852439308017,99.67745450274536,8971,Nature14,0.00860595703125,0.0,0.30084228515625,0.0,0.0,0.0,0.04150390625,0.0,0.0,0.0,Nature,0.0,0.62957763671875,0.0,0.01947021484375,0.0,0.0,0.0,0.0,0.0,0.0,0.0,0.0,0.0,0.0,0.0,0.0,0.0,0.0,0.0,0.0,0.0,0.0,-2.1047814458579626,0.2026143386779512,-1.4755777654130853
33,50.82344375,24.11607885085355,124.38533958333332,58.91478120688828,114.08043125,44.41574434136342,940.5381928673298,18.342475604143004,0.1038119233498858,0.0105552205308308,0.8343762449947139,108.53896878686004,53.25656131664289,9.602176717891483,0.1691125,104.56682267290692,49.36666048656421,1923,89.91992033029858,256.5103517546084,26.57236842105263,178.08371135410937,1520,59.2756875,56.90405416666667,3.982113117673439,4.512698259210592,0.026233050834787,0.0115662035756306,177.72303875469484,104.14243125373116,5455,Nature15,0.0,0.0,0.85009765625,0.0,0.0,0.0,0.0,0.0,0.0,0.0,Nature,0.0,0.04742431640625,0.0,0.05218505859375,0.0,0.0,0.0,0.0,0.0,0.0,0.0,0.0,0.0,0.0,0.0,0.0,0.0,0.0,0.0,0.0,0.0,0.0,-1.8859634238889482,0.22283691516876122,-0.6883031861966069
34,77.66053541666666,35.72573598560747,155.042725,80.29394014852164,85.8917625,51.5290767558498,359.1453941566666,9.011601564403572,0.3572783313332489,0.0269496316555839,0.9663692407713472,134.26452381581072,73.02037951661518,8.56418839238042,0.10351875,89.79539415411868,41.14027652518018,1129,53.12492467935352,190.82155437193603,13.73047127178825,104.05670606602824,1549,51.39971666666667,119.9407,3.383044342817364,3.8120406738590775,0.025058066238513,0.0104840353696898,179.75922725325754,99.15614091635445,1963,Nature16,0.4498291015625,0.15716552734375,0.0,0.0,0.154296875,0.0,0.0,0.0,0.0,0.0,Nature,0.0,0.000244140625,0.0,0.2354736328125,0.0,0.0,0.0,0.0,0.0,0.0,0.0,0.0,0.0,0.0,0.0,0.0,0.0,0.002685546875,0.0,0.0,0.0,0.0,-1.167367862563145,-1.4891677341678677,4.15790519893247
35,62.32486041666667,32.0519717457915,164.91595833333332,63.767002107920966,95.10660833333333,65.31661622815895,748.5011143493596,16.606025744992348,0.2766631871700724,0.0447967067452098,0.9054197765713148,152.60941355874814,62.98220270744673,8.660881215695309,0.2275854166666666,128.975622406639,43.82000536813332,1928,57.57709509855779,317.4893790330867,21.491574965612102,229.72682445311085,2908,32.4863625,89.48132916666667,3.438472219448338,3.514140802526096,0.0265306873536526,0.0099181600843398,177.6714589918377,104.6231475134075,5218,Nature17,0.3297119140625,0.2369384765625,0.22100830078125,0.05340576171875,0.0,0.0,0.0,0.0,0.0,0.0,Nature,0.0,0.13507080078125,0.01837158203125,0.0054931640625,0.0,0.0,0.0,0.0,0.0,0.0,0.0,0.0,0.0,0.0,0.0,0.0,0.0,0.0,0.0,0.0,0.0,0.0,-1.0893738612523167,-0.4793602017101743,0.6934755540625038
36,46.5259875,30.631782100456444,139.30412916666666,78.9643482926524,80.50056666666667,63.82057172008794,1453.3607191552342,23.25355247104125,0.2037660280092769,0.1243705786745714,0.8865287222664383,131.83869916943905,80.09463450703791,9.094223111436314,0.2413833333333333,144.39237451737452,56.849815691597605,2072,43.40577104776384,210.82871399232465,15.61420275828696,166.5394273451908,4133,76.9269125,98.12522083333332,3.646565720829624,3.9708881960100415,0.032554312593614,0.0158810209349618,183.0810588250893,103.19971364364008,5340,Nature18,0.19293212890625,0.0,0.0516357421875,0.06036376953125,0.0,0.0,0.00970458984375,0.0,0.0001220703125,0.0,Nature,0.0,0.636474609375,0.0,0.0,0.0,0.0,0.0,0.0,0.0,0.0,0.0,0.0,0.0,0.00042724609375,0.0,0.0,0.0,0.0,0.0,0.0,0.0,0.0,-1.57718602228053,-0.27597206331494784,-0.5816158860547603
37,61.512258333333335,29.68203054430852,134.61670833333332,81.78398676797879,126.2340375,73.86027936662073,883.0068745163587,18.08587524952577,0.2016127140366571,0.0250612633902007,0.9244173221344648,120.3775217001796,76.4707575965522,9.083999772628353,0.22315625,107.73510971786834,48.965722238628864,1914,51.72611197720155,455.1868816100916,20.66699060576612,294.0976292080232,3087,40.34466666666667,107.99940833333334,3.5108701916935687,3.9828783296243504,0.0275052617066919,0.0109344708531504,174.80587207141122,102.5872613237676,5444,Nature19,0.30291748046875,0.0,0.0,0.0,0.0,0.0,0.0,0.0,0.0,0.0,Nature,0.00830078125,0.68878173828125,0.0,0.0,0.0,0.0,0.0,0.0,0.0,0.0,0.0,0.0,0.0,0.0,0.0,0.0,0.0,0.0,0.0,0.0,0.0,0.0,-1.312597942830048,-0.4676322128169401,-0.1201161940313104
38,84.54025416666667,26.997086193428345,138.89666458333335,85.90383142236243,79.54513125,38.34661432039262,234.77928063272967,7.796472515613438,0.2903106301976834,0.0207800373353643,0.9763744729018148,115.92227886255552,70.36722940796871,8.641740861820898,0.077825,95.30581613508444,59.579690307431285,1066,59.59487672745612,101.61880548229,13.72848948374761,36.61899969464107,1046,40.01526666666667,115.06289166666669,4.061160297108956,5.019825505484104,0.0224038436538114,0.0100947034330074,170.58002613468597,105.13463953406466,1741,Nature2,0.42779541015625,0.0,0.0,0.0,0.0,0.0,0.0,0.0025634765625,0.0,0.0,Nature,0.0,0.33538818359375,0.0,0.0,0.0,0.0,0.0,0.0,0.0,0.0,0.0,0.0,0.0,0.0,0.0,0.0374755859375,0.0,0.19586181640625,0.00091552734375,0.0,0.0,0.0,-0.9514838980958042,-0.9745193833611565,1.2107866011401507
39,49.883235416666665,16.959743554922806,130.05918541666668,53.0657372511032,114.58363333333334,56.64401922355871,1235.2822507460503,24.77744724104681,0.06347521929155,0.0113731121703707,0.7798424616002222,115.87037720606652,53.12514685686502,9.837425995464969,0.3288291666666667,131.9938091769847,55.05194823660018,2746,54.61063309875911,277.53166380556735,19.633333333333333,174.31750361229555,4470,50.098308333333335,59.51323333333333,3.566960643952782,4.145074393089069,0.0278184666626566,0.0116556003914131,174.17780651085386,100.74858928263023,6943,Nature20,0.065673828125,0.0,0.40179443359375,0.0,0.0,0.0,0.0,0.0,0.0,0.0,Nature,0.0,0.41552734375,0.05914306640625,0.057861328125,0.0,0.0,0.0,0.0,0.0,0.0,0.0,0.0,0.0,0.0,0.0,0.0,0.0,0.0,0.0,0.0,0.0,0.0,-1.8447361855265287,0.012336467049872,-0.6765487782651552
40,44.565245833333336,19.82364920949805,133.64624583333332,67.14804455199148,113.97896458333334,63.29043290335893,2002.2789021480835,31.894672023719465,0.0946210600198242,0.0367664122938669,0.7748432417240141,122.63381638811136,66.87596825560952,10.028682924669512,0.3187333333333333,146.06405279503105,57.60221953515416,2576,42.47537532452111,513.2292454529709,17.24429906542056,311.1874310345045,5350,60.8041,79.66649166666667,3.3688655485718924,3.9702460624984903,0.0353888758486312,0.0131986481330139,176.5481798051416,104.73571313360186,7387,Nature21,0.07818603515625,0.0,0.0029296875,0.0,0.0,0.0,0.0048828125,0.0,0.0,0.0,Nature,0.0,0.88775634765625,0.00872802734375,0.01751708984375,0.0,0.0,0.0,0.0,0.0,0.0,0.0,0.0,0.0,0.0,0.0,0.0,0.0,0.0,0.0,0.0,0.0,0.0,-1.8323252687571256,-0.09547634723121264,-1.0468008205153807
41,46.1243875,19.292489650548227,134.63294583333334,66.25422361056488,103.1925375,60.17060301186198,1891.6946404145287,30.518572926460152,0.0873964138999772,0.035670161309835,0.7833883235266188,123.76921766893769,66.20214916058652,9.9885559100782,0.3093520833333333,155.3700727133563,57.44022713846458,2613,40.219393558412,202.35206299860667,14.4767130620985,128.95591902914234,5604,54.086445833333336,84.90064583333333,3.399274562692943,3.903141020210939,0.0347589773092235,0.0142804497737463,179.81098707425875,104.30082354224284,7763,Nature22,0.0643310546875,0.0,0.17388916015625,0.0,0.0,0.0,0.00689697265625,0.0,0.0,0.0,Nature,0.0,0.702880859375,0.03533935546875,0.01666259765625,0.0,0.0,0.0,0.0,0.0,0.0,0.0,0.0,0.0,0.0,0.0,0.0,0.0,0.0,0.0,0.0,0.0,0.0,-1.8603158124380865,0.006400525367509909,-1.0730991711325624
42,68.77322916666667,26.364065426684157,145.27862916666666,86.77413491811649,100.35486041666668,58.56671737857048,740.1649180469315,14.838690728752818,0.2479029301991534,0.0269116422028917,0.9443446911098736,130.2213929316003,81.53906454516954,9.000691599707766,0.1630416666666666,115.36859182349124,52.60046559755897,1541,49.54853127304622,161.609530723514,16.492263843648207,88.84727053133652,2456,46.588904166666666,124.1854875,3.47959928320808,3.914612850463132,0.0302260048119496,0.013165029613295,181.8499774323792,104.740260852296,4165,Nature23,0.30596923828125,0.0,0.0164794921875,0.06939697265625,0.0,0.0,0.0,0.02362060546875,0.0,0.0,Nature,0.0,0.52325439453125,0.03118896484375,0.0,0.0,0.0,0.0,0.0,0.0,0.0,0.0,0.0,0.0,0.0,0.0,0.0,0.0,0.0,0.0,0.0,0.0,0.0,-1.3814351704701835,-0.5013882155080285,-0.08409030611265274
43,72.7153125,31.629299360361173,164.75389375,70.14133761292535,108.97553958333332,54.80812785318752,745.8512172474332,15.453971628279772,0.2484723452870261,0.0281445763945996,0.8974387940511186,140.38207283530758,60.28669020117721,8.861970113560712,0.17984375,114.90234375,49.23807062297935,1536,57.63446593247536,278.4763988576385,23.42714349178143,238.450938071979,2251,30.35928333333333,88.93384166666667,3.352549414539737,3.756638109939765,0.0299383389253942,0.0107495001594198,183.62578511108143,102.09918470412757,4770,Nature24,0.3463134765625,0.0,0.2127685546875,0.14312744140625,0.0,0.0,0.0,0.0023193359375,0.0,0.0,Nature,0.0,0.2713623046875,0.02227783203125,0.0,0.0,0.0,0.0,0.0,0.0,0.0,0.0,0.0,0.0,0.0,0.0,0.0,0.0,0.00018310546875,0.00140380859375,0.0,0.0,0.0,-1.3732881232759024,-0.5451180775684871,0.18285770792329709
44,74.3360625,30.42258028443281,158.19172916666668,75.40283616964716,102.99891875,52.246033311128656,683.8916022573621,14.31388032754498,0.2463908114229313,0.0265457622228064,0.9213197897109912,135.669938215012,65.91952158234349,8.935576316495954,0.1573979166666666,115.77298444130128,48.840444899647615,1414,55.70082003069541,253.42104581168243,20.092716818399616,176.56284732560195,2087,32.866566666666664,100.55578333333334,3.4040149717909247,3.4966562872999,0.0300155587948313,0.0116642431417909,177.648812352929,103.68751125365608,4370,Nature25,0.3232421875,0.0,0.0789794921875,0.12322998046875,0.0,0.0,0.0,0.03460693359375,0.0,0.0,Nature,0.0028076171875,0.399169921875,0.025390625,0.00030517578125,0.0,0.0,0.0,0.0,0.0,0.0,0.0,0.0,0.0,0.0,0.0,0.0,0.0,0.0,0.00506591796875,0.0,0.0,0.0,-1.4306467815448232,-0.5573030611269488,0.02225337169433675
45,56.94528958333333,41.27784303376702,101.91691875,61.93306631966399,63.63101458333333,42.93108549577591,1940.0657248181365,28.85787173804281,0.0686461864463648,0.00925496750554,0.7340465851941773,94.6237488324326,60.41498283748823,9.994715325392448,0.2805875,128.78960396039605,62.34496513272671,2424,51.6879080930176,256.9823868428883,17.94456708363993,161.9911519249652,4077,61.04672083333333,67.6867375,3.617595789181685,3.6369072782661114,0.035769040795778,0.0169656097731615,181.48903091056147,101.71787956630992,6967,Nature26,0.0,0.0,0.00030517578125,0.0,0.0,0.0,0.0,0.0001220703125,0.0,0.0,Nature,0.0,0.48077392578125,0.3843994140625,0.1343994140625,0.0,0.0,0.0,0.0,0.0,0.0,0.0,0.0,0.0,0.0,0.0,0.0,0.0,0.0,0.0,0.0,0.0,0.0,-2.0093820742834563,0.1149965584159035,-0.9336850586913903
46,47.631672916666666,29.155141408958208,159.23205625,70.599849724676,78.7218875,62.79050365517606,1049.5094091486594,19.484243606723137,0.3024477334966023,0.1757500956241552,0.9040031054258548,149.2824632556234,73.98270467925735,8.191827107751603,0.2368520833333333,137.3791517629024,50.17224633393561,1957,50.93029315043356,314.3518738544366,19.38546907369044,198.81512749423257,3379,31.377225,105.33748333333334,3.318951687232985,2.9821248474563973,0.0297764174618973,0.0134480698689577,189.02708767121663,101.29479991543089,6061,Nature27,0.278564453125,0.0,0.0,0.0360107421875,0.0,0.0,0.0,0.0,0.0,0.0,Nature,0.0,0.6854248046875,0.0,0.0,0.0,0.0,0.0,0.0,0.0,0.0,0.0,0.0,0.0,0.0,0.0,0.0,0.0,0.0,0.0,0.0,0.0,0.0,-1.4249815726107478,-0.4460089496382361,-0.22467733072111273
47,61.83510208333333,28.163713990885725,134.898375,82.78320341828231,124.34337916666668,61.786431755533776,647.6151578702195,15.490522626753348,0.2196947136087992,0.0253331330986533,0.9406162290475096,117.7135929841746,73.87345059712824,8.834625565944268,0.2211645833333333,92.6808838643371,44.53629320654699,1946,55.350092245172775,300.65826943609284,18.19720186542305,188.58028591559588,3002,26.805545833333333,104.6214375,3.2553837995452377,3.03479033524425,0.0234828811596933,0.0088818142771573,170.8813460746039,103.73971348371302,4843,Nature28,0.30389404296875,0.001953125,0.0,0.00244140625,0.0,0.0,0.0,0.02044677734375,0.0,0.0,Nature,0.005126953125,0.5218505859375,0.0516357421875,0.0,0.0,0.0,0.0,0.0,0.0,0.0,0.0,0.0,0.0,0.0,0.0,0.0,0.0,0.0,0.0,0.0,0.0,0.0,-1.1998080589751559,-0.4535836208582501,-0.0480009309476869
48,64.69136875,34.25033155072892,153.25141041666666,73.62734112782012,109.4517375,57.78061428712713,491.8423190252975,12.879077792995288,0.2687591896093337,0.0301940565086003,0.9320711699275452,130.20657911026973,60.130592559295295,8.696392530630774,0.1923958333333333,103.76612021857925,55.25913073652208,1830,62.163331373817066,560.5695089829542,22.954168485377565,350.68118391051866,2291,39.782920833333336,61.63559583333333,3.296046679412,2.976655206309437,0.0233197429612924,0.0090211928609427,167.05088168675783,99.21280683259852,3904,Nature29,0.3519287109375,0.17816162109375,0.04254150390625,0.0035400390625,0.0,0.0,0.0,0.0,0.0,0.0,Nature,0.0,0.211669921875,0.0059814453125,0.18829345703125,0.0,0.0,0.0,0.0,0.0,0.0,0.0,0.0,0.0,0.0,0.0,0.0,0.0,0.01788330078125,0.0,0.0,0.0,0.0,-1.169173100973686,-0.8394839800718591,1.7681888954374105
49,58.117122916666666,42.61268259144287,144.1652875,76.89356074606646,61.01097708333333,56.23450199761982,687.7729150087808,15.529317765118304,0.2946958484866743,0.2250555851551194,0.9455945213595502,133.9246520406541,79.5447912915246,7.960564759751056,0.21300625,108.04404291360814,49.922891217979824,1771,56.933974061907946,334.7654443677203,20.06135300467794,203.75553186300507,2779,36.66285833333333,110.62603333333334,3.3308450927982083,3.8589304562061386,0.026461489461882,0.0112717290048897,178.48758467049942,101.67843712138446,4158,Nature3,0.271484375,0.0,0.0,0.0,0.0,0.0,0.0,0.0,0.0,0.0,Nature,0.0,0.52008056640625,0.0,0.0,0.0,0.0,0.0,0.0,0.0,0.0,0.0,0.0,0.0,0.0,0.0,0.0,0.0,0.20843505859375,0.0,0.0,0.0,0.0,-1.4570593513882641,-0.6578000471505968,0.5249928292466496
50,68.33422083333333,34.18285060671846,171.00270416666666,71.0475078217912,103.10667291666668,51.908049693397096,488.6008447882365,12.740488087328936,0.3227610586706064,0.0715512513855082,0.9288669883446008,146.6300670798941,58.59580503770915,8.066683053475845,0.19473125,113.21083284799067,50.037328398516,1717,63.62985260488707,330.37762811522015,23.06884377758164,201.1421258532127,2266,25.515475,77.81675,3.3253604178203746,3.705872026081829,0.0231044061272083,0.0080459956476167,176.95559238399306,98.97751725653671,4198,Nature30,0.3741455078125,0.0001220703125,6.103515625e-05,0.0,0.0,0.0,0.01348876953125,0.0445556640625,0.0,0.0,Nature,0.0,0.459228515625,0.017822265625,0.0849609375,0.0,0.0,0.0,0.0,0.0,0.0,0.0,0.0,0.0,0.0,0.0,0.0,0.0,0.00537109375,0.000244140625,0.0,0.0,0.0,-1.3583000038378865,-0.6928012925067855,0.6007327559429235
51,67.89950833333333,31.320342254275104,149.80392708333332,81.15957192979776,109.67513958333332,64.27365680789978,647.559920753276,14.795224923388536,0.3160192624782849,0.0518215481892007,0.9371946863161418,131.35421386562956,71.83024133223472,8.323939034129221,0.2156458333333333,103.57251493753397,47.89018858336956,1841,62.76306101785014,379.3208237638895,23.946846489488298,243.92400582513903,2521,28.370841666666667,98.49599166666668,3.38296505745632,3.272615437225256,0.0238826787428399,0.0092062386911711,181.53056444259292,99.26734158930888,4810,Nature31,0.3470458984375,0.033447265625,0.0,0.0018310546875,0.0068359375,0.0,0.0,0.0111083984375,0.0,0.0,Nature,0.0,0.479736328125,0.00677490234375,0.07733154296875,0.0,0.0,0.0,0.0,0.0,0.0,0.0,0.0,0.0,0.0,0.0,0.0,0.0,0.035888671875,0.0,0.0,0.0,0.0,-1.2932800544269334,-0.7180536363052613,0.8326124071839446
52,57.84744166666667,24.83653686516964,139.67329166666667,74.40919443073952,119.06912916666668,63.31938763384389,826.6373365186595,17.939941945179726,0.2031327061368978,0.0278520642628102,0.9202546899968016,125.75581919813304,72.09234746935195,8.997342529829437,0.2443625,101.61575178997612,46.78529479612529,2095,57.43350534493923,764.1125138988162,22.491901522513768,576.2963965716795,3087,28.5633375,95.13614583333332,3.277335027319794,3.136051311443305,0.0256573766146072,0.0102947918490047,172.60356427136705,102.90090742069842,5843,Nature32,0.2574462890625,0.00286865234375,0.0,0.00689697265625,0.0,0.0,0.0,0.02752685546875,0.0,0.0,Nature,0.00604248046875,0.46722412109375,0.04534912109375,0.00018310546875,0.0,0.0,0.0,0.0,0.0,0.0,0.0,0.0,0.0,0.0,0.0,0.0,0.0,0.0001220703125,0.0,0.0,0.0,0.0,-1.1555336392448672,-0.3970436975284887,-0.12691123361934467
53,92.73467708333334,24.034742162819736,167.023625,73.20718583941088,115.71387083333332,43.98983022737546,438.66713165969634,9.092394947940052,0.3202079153682611,0.0288315155339331,0.9528068894623052,131.37832268912695,68.08838109109334,8.423145456868813,0.0745854166666666,112.65086206896552,54.24839315755239,696,61.33109082543431,232.52756897776,18.251863684771035,114.6497685073302,939,24.26472083333333,105.69587083333332,3.5676078019198822,3.3351478962516303,0.0330181432850753,0.0143703730254911,182.58202972800703,102.0689997379803,2356,Nature33,0.31756591796875,0.0,0.0,0.0299072265625,0.0,0.0,0.0,0.0,0.0,0.0,Nature,0.0,0.231689453125,0.0,0.0,0.0,0.0,0.0,0.0,0.0,0.0,0.0,0.0,0.0,0.0,0.0,0.0,0.0,0.0,0.42083740234375,0.0,0.0,0.0,-1.0331136198058017,-0.8234331465013061,0.7870943276428854
54,88.12309166666667,26.12934490392486,152.22277708333334,72.18809468410385,48.181875,31.006714202750373,448.3841942865686,9.686131180449408,0.2752145683378058,0.0307107299877915,0.9549802708867836,141.20179161431264,70.59331476444544,8.61297906567777,0.0935541666666666,109.85560975609756,50.574307853613774,1025,55.51401404351503,129.85445675882536,12.933012583271651,48.90854005823794,1351,40.6012875,93.7849375,3.906200273500858,5.786000358837159,0.0310645958698825,0.0175983677034341,185.8222034479325,98.94886973307884,2138,Nature34,0.25970458984375,0.0013427734375,0.0,0.0557861328125,0.0,0.0,0.0,0.0001220703125,0.0,0.0,Nature,0.0,0.1898193359375,0.01904296875,0.00628662109375,0.0,0.0,0.0,0.0,0.0,0.0,0.0,0.0,0.0,0.0,0.0,0.0,0.0,0.0,0.4678955078125,0.0,0.0,0.0,-1.1413373646671974,-0.7739819766751217,0.6618910348159545
55,74.34747291666666,50.13814106701121,179.22379791666663,51.16662913862083,65.09759166666667,32.96660363205867,230.70368566869044,8.482575586641726,0.3108005356822672,0.0464531050139281,0.9490943479748302,156.59350237799205,47.58733141168478,8.017762190188336,0.13590625,126.78914405010438,35.524787338027735,1437,43.77053899104428,109.22731910098754,9.189490445859873,49.37824125678198,2512,28.848566666666667,75.89885833333334,3.4537573987034427,5.410662136752807,0.0216051791204591,0.0081410083506239,193.2686692219664,97.39745262790846,1468,Nature35,0.4552001953125,0.0,0.0078125,0.0,0.15179443359375,0.0,0.0,0.0,0.0,0.0,Nature,0.0,0.04541015625,0.0089111328125,0.01629638671875,0.0,0.0,0.0,0.0,0.0,0.0,0.0,0.0,0.0,0.0,0.0,0.0,0.0,0.001953125,0.0,0.0,0.0,0.0,-0.6921588814409774,-1.1789688159130423,2.7927102264377903
56,40.100541666666665,22.888554174665497,148.19608958333333,65.68476504709426,102.71356041666668,60.9715430230784,2465.185165339104,34.83799120663875,0.053274535716194,0.0075681289838857,0.7097620227639003,135.74857597711474,65.12575173825579,10.36230328158107,0.3170166666666666,144.47681869581606,60.29031355793697,2653,48.416936694206505,282.6138954810025,19.06944151738672,176.37819038062247,4745,68.5051625,70.7380625,3.4563880806753597,3.815985774586098,0.0403879221351054,0.0162056026353125,179.46345968787247,99.88036113356335,8888,Nature36,0.0,0.0,0.22259521484375,0.22314453125,0.0,0.0,0.0,0.0,0.0,0.0,Nature,0.0,0.3798828125,0.0001220703125,0.17425537109375,0.0,0.0,0.0,0.0,0.0,0.0,0.0,0.0,0.0,0.0,0.0,0.0,0.0,0.0,0.0,0.0,0.0,0.0,-2.2492094142410783,-0.2846783504865202,-0.210190568181973
57,35.02625416666667,24.106458554753868,126.21185833333334,68.0785379742637,98.69561666666668,61.989666181440185,2251.346280629671,33.19546167691839,0.0603871160274867,0.0115813963224862,0.7525829632273799,118.06992248961927,67.53629172159262,10.240643838576474,0.3181791666666667,136.5185323848746,62.10773972561825,2671,51.24088269818969,524.8003855413164,25.19046506193036,541.854953533331,4279,69.72997083333334,82.95712083333333,3.5389245592908085,4.407332131389587,0.0384020228068774,0.015189031156363,174.69965884766114,106.0457402080524,8963,Nature37,0.08245849609375,0.0,0.05706787109375,0.0,0.0,0.0,0.0,0.0,0.0,0.0,Nature,0.0,0.49530029296875,0.0,0.0,0.0,0.0,0.0,0.0,0.0,0.0,0.0,0.0,0.0,0.0,0.0,0.0,0.0,0.363037109375,0.0,0.0,0.0,0.0,-1.8769094326906788,-0.5071392519490369,0.3116343987959426
58,54.9576875,28.95196908362211,124.50710625,67.89191765471458,79.6539,57.45598404248247,2071.732626329725,31.074029583865137,0.0702741921925211,0.0163816643219526,0.7678670399246144,116.21395950040716,66.8829503767568,10.17988881313494,0.31043125,135.70407378939277,57.278055220524365,2602,48.57591313084213,225.63817903785065,15.625465838509315,115.08880176389737,4830,62.31254166666667,61.177591666666665,3.363910802164856,3.795386237454799,0.0377642344306753,0.0172668325179135,176.0437501800066,100.2612230501742,8036,Nature38,0.08843994140625,0.0,0.0130615234375,0.33477783203125,0.0,0.0,0.0,0.0,0.0,0.0,Nature,0.0,0.5579833984375,0.004150390625,0.0015869140625,0.0,0.0,0.0,0.0,0.0,0.0,0.0,0.0,0.0,0.0,0.0,0.0,0.0,0.0,0.0,0.0,0.0,0.0,-2.0786932738643786,-0.3067915406620257,-0.9603291588400127
59,57.73099791666667,30.0387221343135,131.39499791666665,66.64266926098595,75.44365416666666,57.31217279206108,2037.331758228792,31.14244678533281,0.0583797697352123,0.0074891347556901,0.7574177355586149,122.49866057598764,64.79042739150785,10.293207727918034,0.3136145833333333,141.60123886953156,57.18982145371421,2583,50.19549554958307,267.8647107486172,16.590089134125638,176.3825153000076,4712,70.571825,78.98575833333334,3.37937373165924,3.656765408804988,0.0358616396285956,0.0158787650998257,176.48007155891318,100.15564539619854,7554,Nature39,0.00567626953125,0.0,0.0235595703125,0.44439697265625,0.0,0.0,0.0,0.0,0.0,0.0,Nature,0.0,0.47113037109375,0.008544921875,0.04669189453125,0.0,0.0,0.0,0.0,0.0,0.0,0.0,0.0,0.0,0.0,0.0,0.0,0.0,0.0,0.0,0.0,0.0,0.0,-2.3689414555629913,-0.296183316241162,-1.0105234160427088
60,50.31417291666666,29.37043747481073,114.85393333333332,56.47847401469775,92.5785375,53.65472989582957,1095.54283361386,23.34782338530589,0.0733230252773363,0.018143771735538,0.8266652381509955,105.86590895137542,56.15596849245507,9.772809511431074,0.32509375,107.8616788321168,53.3516449656352,2740,80.77440645940679,612.8889545850847,44.42125550660793,593.8867078446171,2724,51.34287916666667,62.84492916666667,3.07972836588267,3.146692029183567,0.0272160633014157,0.0108789479202423,184.02726709337924,101.95771567033924,12706,Nature4,0.0,0.0,0.026123046875,0.0006103515625,0.0,0.0,0.0,0.0601806640625,0.0,0.0,Nature,0.0,0.770263671875,0.0,0.01800537109375,0.0,0.0,0.0,0.0,0.0,0.0,0.0,0.0,0.0,0.0,0.0,0.0,0.0,0.1204833984375,0.0,0.0,0.0,0.0,-2.085300318472566,-0.15569535097564832,-0.8902367915295035
61,64.385225,29.139772320078997,118.53312083333331,63.54248990906583,78.32208958333334,58.55005741144616,1448.7032877795375,24.680320320341025,0.1026988160011701,0.0329316806710802,0.8233682181149771,109.7603357073714,64.13982209415856,9.728715832205502,0.2792520833333333,129.57278742762614,60.59179369312193,2418,48.78322852365908,183.97905073313763,13.839092140921409,86.07869212697481,4428,55.40575,67.39215,3.2428417948860253,3.9335636710486575,0.0335575950302093,0.0172816998296418,178.08388687733793,98.5214632757079,7197,Nature40,0.0797119140625,0.0,0.1209716796875,0.0408935546875,0.0,0.0,0.0,0.29205322265625,0.0,0.0,Nature,0.0,0.44232177734375,0.01055908203125,0.01348876953125,0.0,0.0,0.0,0.0,0.0,0.0,0.0,0.0,0.0,0.0,0.0,0.0,0.0,0.0,0.0,0.0,0.0,0.0,-2.2693898059526485,-0.2621366930718799,-1.0671259142390046
62,48.34556875,19.29537922204062,105.231175,57.052656195419225,89.3108375,52.33165319270859,1404.9758652812204,24.419133779003708,0.0772945085914809,0.0149592711381508,0.7793566480116596,96.9166268971175,56.47510651642944,9.700187702121005,0.28825625,112.87141750580945,57.258560258991686,2582,59.16961531199198,233.56636570845865,19.73682087143625,133.29999214020404,3718,58.394870833333336,55.24445416666666,3.481662669169955,4.104826490394212,0.0309775184967569,0.0163006609397219,173.81145159802873,102.5044145632652,8437,Nature41,0.0706787109375,0.0,0.1507568359375,0.09466552734375,0.0,0.0,0.0,0.0,0.0,0.0,Nature,0.0,0.6142578125,0.06964111328125,0.0,0.0,0.0,0.0,0.0,0.0,0.0,0.0,0.0,0.0,0.0,0.0,0.0,0.0,0.0,0.0,0.0,0.0,0.0,-1.8937469671518692,-0.03868144419613224,-1.1079995547700103
63,43.089277083333336,7.826926441398191,149.29725208333332,53.49846899630824,103.47476666666668,49.315928722664125,1302.3037429055428,26.08353956698727,0.0523092165223046,0.0075579881319444,0.7559965907600261,135.76721564890397,51.72217546044541,10.066342964032447,0.3420208333333333,151.7061403508772,50.87094430017982,2736,56.67251481298961,422.7748719467165,24.305051210428307,305.9347664947278,4296,53.4079125,55.8219875,3.261207380535587,3.5684883934539022,0.0289395358466323,0.0114426199379753,176.63556226154714,102.60287799230044,8456,Nature42,0.00079345703125,0.0,0.379638671875,0.13946533203125,0.0,0.0,0.0,0.0,0.0,0.0,Nature,0.0,0.4686279296875,0.00048828125,0.010986328125,0.0,0.0,0.0,0.0,0.0,0.0,0.0,0.0,0.0,0.0,0.0,0.0,0.0,0.0,0.0,0.0,0.0,0.0,-2.0806429961048556,0.056178072649698596,-1.1743927201001465
64,67.24297916666667,32.60431423842402,146.97491875,73.26908959227553,52.8644,42.95808844257389,1647.4008171245014,25.968822617220145,0.1105315908264285,0.0393874660260338,0.8422297130018747,138.41167052642678,72.33215373645606,9.83791367286654,0.2690354166666667,155.02229845626073,56.90705476347027,2332,48.4883611728303,195.80884998854867,14.466018279821888,111.0963448431537,4267,60.308954166666666,57.44350416666666,3.38387434276685,4.067700134028749,0.0359970475034781,0.0168169807236717,180.8033086782616,99.85884205360192,6809,Nature43,0.10699462890625,0.0,0.0,0.42303466796875,0.0,0.0,0.0,0.0,0.0,0.0,Nature,0.0,0.4608154296875,0.00347900390625,0.00567626953125,0.0,0.0,0.0,0.0,0.0,0.0,0.0,0.0,0.0,0.0,0.0,0.0,0.0,0.0,0.0,0.0,0.0,0.0,-2.120827516568953,-0.40227133664867853,-0.8338097369879917
65,59.81919791666667,32.229834654503925,110.38474166666668,78.00423943404142,67.26604791666666,51.96989356594871,1457.5204282028644,21.63893820823548,0.1616847077940132,0.0569322636287317,0.877233882589932,103.61799467443812,77.08384984406852,9.315002759451623,0.210225,129.61170212765958,60.59701445560291,1880,47.14629141545435,240.4306736598783,14.189619883040937,116.16318966014686,3420,66.306575,57.27138333333333,3.5050325015599286,4.552729590265253,0.0376960223910124,0.0210956581791105,184.40218952848048,100.40879789391782,5707,Nature44,0.12066650390625,0.0,0.0,0.18121337890625,0.0,0.0,0.0,0.0,0.0,0.0,Nature,0.0,0.6015625,0.0,0.00384521484375,0.0,0.0,0.0,0.0,0.0,0.0,0.0,0.0,0.0,0.0,0.0,0.0,0.0,0.0,0.09271240234375,0.0,0.0,0.0,-1.811894483567242,-0.34670354182513796,-0.6656665702573037
66,91.66073333333334,23.71810960276744,150.77276041666667,74.90711746949307,76.17835,48.12243243828704,824.4607861745875,14.31673920786522,0.2922763016756213,0.0318303302866874,0.9093839273133916,131.6680849870067,67.41320138412554,8.71591588506127,0.1310708333333333,107.61984126984127,53.28443371347097,1260,67.1296515598109,152.2483289859815,20.104605263157893,66.62950571198266,1520,41.760154166666666,93.50227916666668,3.316777536907746,3.149671945862513,0.033124474477567,0.0157592344524054,184.3905745863559,100.54882182209514,6038,Nature45,0.3570556640625,0.0,0.0,0.14739990234375,0.0667724609375,0.0,0.0,6.103515625e-05,0.0,0.0,Nature,0.0,0.3797607421875,0.0,0.0,0.0,0.0,0.0,0.0,0.0,0.0,0.0,0.0,0.0,0.0,0.0,0.0,0.0,0.0,0.0489501953125,0.0,0.0,0.0,-1.3943958721804504,-0.8635615570133496,1.023940271440844
67,74.33421458333333,33.35038696970327,139.63966458333334,85.30829877355131,87.41199791666666,68.66428163390334,724.7605402029163,14.193664728507878,0.2605849469006186,0.0305534588177468,0.942499956723249,126.70388354305258,79.40081605814679,8.812057770892334,0.1794458333333333,88.16666666666667,52.459533948734816,1542,60.356851067752096,184.0485366103528,15.504215851602025,108.0420194900171,2372,46.036770833333335,121.5206375,3.099476571225595,3.187901784877936,0.0302171491281342,0.0160500763581426,178.5938836764339,97.8022712784166,3814,Nature46,0.25091552734375,0.0128173828125,0.0,0.0,0.200439453125,0.0,0.0,0.0,0.0,0.0,Nature,0.0,0.00946044921875,0.0,0.23089599609375,0.0,0.0,0.0,0.0,0.0,0.0,0.0,0.0,0.0,0.0,0.0,0.0,0.0,0.29547119140625,0.0,0.0,0.0,0.0,-1.8370087501388246,-1.614441900474464,4.55630569375182
68,72.56032083333334,33.996180529049624,135.22106041666666,84.01908216416584,90.93297291666669,62.01108722333531,844.7312167365196,16.018240671942838,0.2220215926971306,0.0201340993525791,0.918963523405626,116.35590439256562,72.21897445608394,9.239200850397744,0.17384375,96.5372340425532,49.59200355839404,1692,73.21943892518225,260.1849164032556,23.20976541189307,155.21822554838414,1833,50.13588333333333,92.66123333333331,3.168755045919155,3.2683708226130177,0.029110021299438,0.0138942632991664,182.04038257423397,100.157037340845,7065,Nature47,0.22869873046875,0.0,0.0,0.0,0.18853759765625,0.0,0.0,0.0,0.0,0.0,Nature,0.0,0.25286865234375,0.0,0.25640869140625,0.0,0.0,0.0,0.0,0.0,0.0,0.0,0.0,0.0,0.0,0.0,0.0,0.0,0.073486328125,0.0,0.0,0.0,0.0,-1.8448945188213943,-1.3206266802562496,3.606009435077591
69,83.70741458333333,35.22385644025869,171.96536666666665,60.72933386921751,103.2182625,36.48738736167738,358.17894843938905,9.085568263936077,0.3494484142315758,0.0338708872159269,0.9105215255217244,132.90899127209835,44.64533007367163,8.169701974398535,0.0973708333333333,100.38706820194862,41.01782812711443,1129,78.56580121499958,199.73878370364204,23.888028895768837,127.65135536069845,969,27.584579166666668,67.64167083333334,3.0600587906992525,3.005561145794221,0.0253129739080489,0.0100000892009467,191.96778755005283,94.81621747650983,3967,Nature48,0.4833984375,0.00567626953125,0.0,0.0,0.22589111328125,0.0,0.0,0.0,0.0,0.0,Nature,0.0,0.02471923828125,0.0,0.25616455078125,0.0,0.0,0.0,0.0,0.0,0.0,0.0,0.0,0.0,0.0,0.0,0.0,0.0,0.00323486328125,0.0,0.0,0.0,0.0,-1.3355471449853555,-1.7643522389410264,4.902258380350683
70,76.91921041666667,34.00737414091085,166.09131875,68.70531056962942,97.96023333333332,46.78440358294869,458.0966328868202,11.145508018206597,0.2863940141091108,0.0297782499168587,0.9287756725875136,135.6416047831671,56.641171367761935,8.612788070127715,0.1321270833333333,107.20186113099498,47.83920121974902,1397,81.9970777831044,250.629537690698,22.02270947533281,95.5212971018492,1277,46.50364583333333,70.5342625,3.1681767541539547,4.544368223951669,0.0248188305201627,0.0102391194825294,185.2857996966197,100.4646901642583,5405,Nature49,0.36962890625,0.0057373046875,0.0185546875,0.0,0.193115234375,0.0,0.0,0.0,0.0,0.0,Nature,0.0,0.12750244140625,0.0,0.20977783203125,0.0,0.0,0.0,0.0,0.0,0.0,0.0,0.0,0.0,0.0,0.0,0.0,0.0,0.07568359375,0.0,0.0,0.0,0.0,-1.5287218972840608,-1.4961396842896497,4.017534486871497
71,47.31984583333333,31.835108284349097,140.73468333333332,62.09047047440578,69.15633958333333,48.16631059864024,1046.3292607206658,22.13878839662447,0.1664259590306537,0.1229354442526857,0.8655214321319961,132.10213027948498,62.5299377868334,9.05663078243187,0.3127145833333333,112.89412704754297,53.696350153834736,2503,63.21231673248946,601.5679892903246,31.3116902237927,433.85850775166057,3396,62.1217625,68.18042083333333,3.346906529571993,3.63148146249721,0.0270878791029677,0.0106263371772473,177.13660745823637,102.49862555714044,7050,Nature5,0.130859375,0.0,0.0,0.0020751953125,0.0,0.0,0.001220703125,0.0001220703125,0.0,0.0,Nature,0.0,0.53778076171875,0.0,0.0,0.0,0.0,0.0,0.0,0.0,0.0,0.0,0.0,0.0,0.0,0.0,0.0,0.0,0.327880859375,0.0,0.0,0.0,0.0,-1.780862353367008,-0.5620462775357982,0.35349297103282445
72,78.79800625,29.9020565866011,167.08260833333333,73.7788378987945,85.8805375,58.06657895219154,997.514644421504,18.06274450727139,0.2516345373012814,0.0271989870164124,0.8840035158961501,143.86111048305224,65.53157955471845,9.206686853781754,0.2080916666666666,120.86043829296425,51.44984582642962,1734,51.34896213048314,333.85926977221305,16.883841661258923,204.9763245182619,3082,48.419066666666666,96.92156666666666,3.2729333453198226,3.859480828270246,0.0313486777351131,0.0134830706761383,177.38435086033533,99.2740542251812,4571,Nature50,0.33026123046875,0.01348876953125,0.11346435546875,0.0,0.17047119140625,0.0,0.0,0.0,0.0,0.0,Nature,0.0,0.0,0.0,0.34307861328125,0.0,0.0,0.0,0.0,0.0,0.0,0.0,0.0,0.0,0.0,0.0,0.0,0.0,0.02923583984375,0.0,0.0,0.0,0.0,-1.636615982406135,-1.4825123682635062,4.294972221199414
73,59.3392875,38.427595832843146,152.4857,65.23140098661585,59.013870833333335,60.95453711660833,621.8645662327119,16.00532119202865,0.1948096701431712,0.1196026781715354,0.930860418613527,145.4672465734983,67.11291283767886,8.959048703479322,0.2341666666666666,126.09610154125112,53.39097663020704,2206,62.26717802073305,424.56200934405206,23.55111591072714,422.6264546113313,2778,32.3687875,93.79107083333334,3.3911873121765,3.9083286711354086,0.0245540385109937,0.0089172188321468,185.84475906386987,101.74660698054174,5115,Nature6,0.1171875,0.0,0.24273681640625,0.0330810546875,0.0,0.0,0.0,0.0,0.0,0.0,Nature,0.0,0.10186767578125,0.07501220703125,0.0343017578125,0.0,0.0,0.0,0.0,0.0,0.0,0.0,0.0,0.0,0.0,0.0,0.0,0.0,0.39581298828125,0.0,0.0,0.0,0.0,-1.852513095513094,-0.5634436259697125,0.8300861047930005
74,66.80854375,31.693123543144225,139.0784958333333,70.38234316979519,62.411827083333336,56.33012593663152,154.6525555370094,6.591509968356418,0.3547021603195867,0.0849989859917903,0.9849990017712148,131.1308166378868,71.73480781331969,7.921755373574552,0.0834895833333333,92.2629543696829,40.51458060620975,1293,71.53463418720905,155.4775633242646,15.264921465968586,46.0893222789747,955,27.136154166666667,101.96020416666668,3.8484234388943377,7.451495384307596,0.0191985370218753,0.0064628680019611,181.7852569580078,99.6691514891632,1450,Nature7,0.2177734375,0.11260986328125,0.026123046875,0.37176513671875,0.0,0.0,0.0,0.0,0.0,0.0,Nature,0.0,0.271728515625,0.0,0.0,0.0,0.0,0.0,0.0,0.0,0.0,0.0,0.0,0.0,0.0,0.0,0.0,0.0,0.0,0.0,0.0,0.0,0.0,-1.730206139724104,-0.5469113684577805,-0.1123920956556725
75,68.64584166666667,30.550421454402183,118.32440416666668,89.25925922709634,90.1661625,78.47414926282154,793.7681342553262,15.08547269569678,0.2456779594684748,0.0302490793160663,0.947326797135968,110.96217975867964,86.89708450086407,8.757074294786795,0.165,89.09944751381215,55.70246579665352,1810,61.18656874232822,211.45909066145347,19.96207729468599,164.4881972669446,2070,38.05964166666666,134.9567166666667,3.292315423444081,3.4041438534971515,0.0297839143783188,0.0142021172182306,187.34076092673715,103.2063876526452,4015,Nature8,0.317626953125,0.0,0.13348388671875,0.0,0.0,0.0,0.0,0.0,0.0,0.0,Nature,0.0,0.54254150390625,0.00067138671875,0.00567626953125,0.0,0.0,0.0,0.0,0.0,0.0,0.0,0.0,0.0,0.0,0.0,0.0,0.0,0.0,0.0,0.0,0.0,0.0,-1.3116901210076288,-0.4555971716662431,0.030730714485130387
76,70.449225,33.69556234727913,143.39590416666667,72.92710633953251,61.207504166666666,60.53347321541047,892.3157767608102,17.482668797078915,0.2148151156850619,0.0261766290118728,0.912033947200441,136.18814700553023,71.28581019127259,9.165488115934284,0.2052166666666666,112.8386937159822,51.52630998392789,2021,73.0915617425644,449.316860282496,27.47041006523765,379.3868249436693,2146,35.33448333333333,113.72031666666666,3.289861061130674,2.931814166280485,0.0287011250823945,0.0119678521775373,184.1089176403684,104.29783516098296,5476,Nature9,0.20709228515625,0.097900390625,0.04620361328125,0.0,0.16937255859375,0.0,0.0,0.0,0.0,0.0,Nature,0.0,0.4443359375,0.02978515625,0.00531005859375,0.0,0.0,0.0,0.0,0.0,0.0,0.0,0.0,0.0,0.0,0.0,0.0,0.0,0.0,0.0,0.0,0.0,0.0,-1.6136387423294096,-0.7427078224221688,1.6830555813497357
77,38.048458333333336,22.84989956483975,117.16290625,73.66813106405223,79.84158333333333,67.67213317405022,658.0463467449339,14.354810774234892,0.1958816949929158,0.080177918100823,0.940346028410069,110.624780662215,74.42236904957241,8.992319625862672,0.1568708333333333,99.0528935905414,50.96878813607637,1607,58.5145563679346,170.31692489686264,13.75034706154558,60.38962289630893,2161,53.71892916666667,60.93092083333333,3.9238192051101546,5.534379462072757,0.02781323675681,0.0143225371423974,189.19248014735425,103.0119362945187,3048,MDS100,0.10540771484375,0.139404296875,0.0260009765625,0.0,0.0,0.0,0.0157470703125,0.0,0.0,0.0,Urban,0.26104736328125,0.24884033203125,0.0087890625,0.0,0.0,0.0,0.0,0.0010986328125,0.0,0.0,6.103515625e-05,0.0,0.0,0.193603515625,0.0,0.0,0.0,0.0,0.0,0.0,0.0,0.0,0.13884806000294792,0.39712194997248934,-0.20711417087204162
78,48.7163,30.573008345761465,125.76358541666669,53.92540903317087,78.6369,53.55756902676471,896.5898672211993,18.068747994982047,0.111488791440284,0.0104361523744934,0.8497721696591858,116.75585416785398,54.60661098918354,9.661900779442549,0.1886875,115.29905992949472,51.43218401529122,1702,66.92203152632545,170.02139570785295,18.175574204947,83.47393707648143,2264,48.8289375,58.3926875,4.00601284067143,6.281251323202629,0.0281405493347394,0.0138006633526338,179.8385335667049,104.40803165520762,4918,MDS111,0.00054931640625,0.0,0.33697509765625,0.0,0.0,0.00262451171875,6.103515625e-05,0.0,0.0,0.0,Urban,0.1331787109375,0.02685546875,0.0,0.0,0.0,0.0,0.0,0.015625,0.0,0.0,0.0,0.0,0.0,0.00787353515625,0.0035400390625,0.0,0.0,0.0,0.0,0.2615966796875,0.0,0.0,-0.021443304461185152,3.335124214963186,0.7546012096193363
79,65.71851875,42.662767476132686,132.25606875,57.00219036035902,67.81176875,51.73859222327685,1262.2352156251711,23.45711548082815,0.0816834461258739,0.00936503671063,0.7955424811591182,120.52748229615068,55.625771479155866,9.95814516774005,0.27369375,121.9768499379909,52.32942803317122,2419,63.8716744992255,396.6454516969166,22.984220297029704,240.60406279955964,3232,53.63673333333333,66.4565,3.5711245678519354,3.727590109735077,0.0295960867335338,0.012990474182716,178.3324570417342,104.6184843681633,7638,MDS113,0.0059814453125,0.00537109375,0.02911376953125,0.0,0.0,0.020751953125,0.0,0.0,0.01654052734375,0.0,Urban,0.11700439453125,0.34112548828125,0.00457763671875,0.0,0.0,0.0,0.0,0.3115234375,0.0,0.0162353515625,0.0,0.0,0.00030517578125,0.0059814453125,0.0,0.0,0.00640869140625,0.0,0.0,0.0,0.0,0.0,0.665260287458819,1.1686258654855033,-2.7701493169530433
80,24.13816875,30.0164364526036,117.52847083333332,73.42883140210198,90.07018541666666,65.19308588281393,649.4217144933111,14.249660780758608,0.1697916807592553,0.0216993737528076,0.931901001849016,105.66121697343276,69.19174276219407,9.291784774278764,0.14720625,106.82068452380952,56.10859067157608,1344,62.91358151972294,251.0698312869825,21.24888888888889,148.82596472572658,1800,60.7167875,75.38250416666666,4.162463010514646,6.162098792162329,0.0274937284473209,0.0153612882937892,176.33972797129297,102.14303511714157,3245,MDS119,0.05517578125,0.00506591796875,0.1082763671875,0.0,0.0,0.00701904296875,0.00347900390625,0.0,0.022216796875,0.0,Urban,0.154296875,0.2213134765625,0.0072021484375,0.0,0.0,0.0,0.0,0.051513671875,0.0009765625,6.103515625e-05,0.0,0.0018310546875,0.0,0.3416748046875,0.01263427734375,0.00555419921875,0.0,0.0,0.0,0.0,0.001708984375,0.0,1.2719543393196444,3.914541028690679,0.3592384847961141
81,27.815141666666666,30.96217992535297,123.15829166666668,58.349486662251486,101.08750625,66.26958876241459,1301.8636188849655,21.75074290519558,0.1039620999888844,0.0097294531730565,0.7951883562602919,108.53801150770602,56.36847635215174,9.780430775583586,0.2208395833333333,119.45454545454544,49.74269640833928,2002,71.00119259969964,461.5611249616296,38.1383517495396,606.053591022449,2172,63.4428625,61.84827916666666,3.480442078844193,4.01273121926153,0.0308029046024663,0.0154519134745665,176.11930077196814,105.14860515778716,6944,MDS127,0.0,0.0,0.067626953125,0.0,0.0,0.0,0.0,0.0,0.0,0.0,Urban,0.5927734375,0.176025390625,0.0,0.0,0.0,0.0,0.0,0.0,0.0,0.00152587890625,0.0997314453125,0.0115966796875,0.001220703125,0.041015625,0.0,0.0,0.0,0.0,0.0,0.0003662109375,0.0,0.0,1.2312960493419782,1.2814593385210291,-0.5306771769416161
82,23.10400625,23.46804506025078,123.38462291666669,54.08549713766752,115.25810625,66.50813073662782,1175.5859743487126,22.389500705693507,0.0813675070324098,0.0091810075762435,0.7544319266037692,103.4024559166026,48.89013204764792,9.79068905502377,0.27024375,116.62231947483588,46.56559835778688,2285,59.44741462095031,443.1561257978002,43.25827586206896,1434.5779730315714,2900,58.72870833333333,53.340941666666666,3.3306879135163108,3.996071277344822,0.0275748724379916,0.0116256739455335,181.10574641037155,105.11835868198992,6831,MDS128,0.0,0.0,0.04864501953125,0.0,0.0,0.21173095703125,0.0,0.0,0.0301513671875,0.0,Urban,0.39239501953125,0.1248779296875,0.00048828125,0.0,0.0,0.0,0.0,0.014404296875,0.0006103515625,0.0,0.0068359375,0.0008544921875,0.0,0.16400146484375,0.0050048828125,0.0,0.0,0.0,0.0,0.0,0.0,0.0,1.3032401764802737,2.7507441344379537,-0.24647994902349776
83,53.03086041666667,49.91171760102715,106.37707083333332,53.04862946787581,102.31821041666667,68.75331369624345,848.922307991231,18.9103895760212,0.0977051280392894,0.0099902272701561,0.8315256219270134,94.01065499052156,50.26165227498897,9.672704600420062,0.24883125,108.38876603272888,47.09081665374752,2261,59.81010569297906,221.72766573176216,20.929346092503987,208.21905645388293,3135,60.11397916666667,49.115854166666665,3.657637777911261,4.836804133554797,0.0255685705553041,0.0115958509783076,180.76005732114984,106.64512040034414,5163,MDS129,0.00677490234375,0.0,0.02294921875,0.00225830078125,0.0,0.08880615234375,0.0030517578125,0.0,0.01287841796875,0.0,Urban,0.33123779296875,0.322021484375,0.1080322265625,0.0,0.0006103515625,0.0,0.0,0.01715087890625,0.00634765625,0.0,0.0,0.00555419921875,0.0,0.0672607421875,0.0003662109375,0.0,0.0,0.0,0.0,0.0,6.103515625e-05,0.0,0.19754489402384745,1.8947179976105302,-0.8216736147246794
84,63.48398125,64.88467029455403,116.5479875,55.21428790509311,64.79456875,39.73099629699114,628.2533650839433,13.583633622296126,0.179292819915123,0.0175695103130165,0.8926748338981271,102.9179127435483,54.27781033436324,8.997801827081913,0.1272666666666666,131.6839594514013,47.13413849465606,1677,93.70995457463474,251.9798882828773,30.577819198508852,261.01148552336474,1073,50.56595,61.927416666666666,3.408462428629617,3.491306282524206,0.026266135826998,0.0114615116464228,186.72477514917304,104.9800050315601,4631,MDS137,0.0565185546875,0.00213623046875,6.103515625e-05,0.0,0.0,0.61163330078125,0.0,0.0,0.0,0.00152587890625,Urban,0.0035400390625,0.0,0.007080078125,0.0,0.0,0.02606201171875,0.0,0.1741943359375,0.0146484375,0.0,0.0,0.0,0.0,0.0,0.0,0.0,0.0,0.0,0.0,0.07061767578125,0.00079345703125,0.0,1.909762087159728,5.555318926093598,-1.3868481078510089
85,82.14486666666667,54.27943342386281,147.35080416666668,50.15108700819271,26.05453333333333,26.535516707780328,884.8156647451221,20.20712148457863,0.0833808241544065,0.0092925430547814,0.81819351877916,140.6889239109282,49.32270058930708,9.753149387858146,0.2180125,147.00142993326978,51.32137196209385,2098,65.91779110744615,365.9030393325878,29.41165334455196,664.6083993951418,2377,51.42175833333334,60.51456666666667,3.167627484908609,4.193405777600807,0.0311603403703802,0.0103372321453735,155.8564477157233,90.76011674251048,6362,MDS138,0.0,0.0191650390625,0.08782958984375,0.0,0.0,0.41876220703125,0.0,0.0,0.0,0.0,Urban,0.414794921875,0.0,0.01007080078125,0.0,0.0,0.0,0.0,0.0,0.0,0.0,0.0,0.0,0.0,0.049072265625,0.0,0.0,0.0,0.0,0.0,0.0,0.0,0.0,0.9462467504970334,1.1573206047423141,-0.8876413200182794
86,58.41590833333333,44.9149981382418,146.53577708333333,67.04407812526752,45.799625,34.91627390190293,911.0515401505244,18.46152384113552,0.1385098871131162,0.0648471493841682,0.8971904655926419,136.0403663812013,66.54252794345533,9.345300135414384,0.2082020833333333,131.8717845659164,52.68200002580447,2488,70.75335733069524,321.1821221360915,24.250881834215168,204.9819681150242,2268,45.68765833333333,55.155058333333336,3.58627015239358,4.796833475096998,0.0269880549303005,0.0112138759870519,177.7516644927284,107.0835592252933,6283,MDS158,0.1103515625,0.00811767578125,6.103515625e-05,0.0,0.0,0.03814697265625,0.0,0.0,0.0,0.00775146484375,Urban,0.2142333984375,0.25787353515625,0.0001220703125,0.0,0.0006103515625,0.0,0.0,0.1463623046875,0.0,0.023193359375,0.0,0.0,0.0,0.04010009765625,0.0,0.11505126953125,0.0,0.0,0.0,0.0,0.0379638671875,0.0,2.504782006455964,-0.6366981589589173,-2.332359274208309
87,58.42289791666666,44.973897951316296,152.51003958333334,63.368426411529526,103.26669791666669,54.83092124253047,569.5919561850528,12.038990066787846,0.2414892876189462,0.0245859924803118,0.8924114610974174,119.05406933318405,51.509801299954844,8.83859829745268,0.10340625,125.63518385003604,41.85627383077095,1387,98.83598771901772,317.1455049783853,20.580865603644646,109.06600402033492,878,47.27538333333333,50.15184166666667,3.7675945925751866,4.862866016131625,0.0243570648971484,0.0109268685166357,178.19905371040122,104.66935201623916,3642,MDS159,0.22283935546875,0.13226318359375,0.00482177734375,0.0,0.0,0.02392578125,0.00048828125,0.0,0.0,0.00457763671875,Urban,0.51861572265625,0.0,0.0,0.00579833984375,0.00103759765625,0.0,0.0,0.08477783203125,0.0,0.0006103515625,0.0,0.0,0.0,6.103515625e-05,0.0,0.0,6.103515625e-05,0.0,0.0,0.0,0.0,0.0,1.4881035402731246,-0.4345520701278724,-0.3971538645328774
88,27.014554166666667,30.38095525724791,165.40635833333334,56.57964053354291,90.56898333333334,64.81074865560282,1167.4720948337858,18.38331835131807,0.1537993948045978,0.012779030744845,0.8150798716556722,144.7660942242974,56.24311321403746,9.558119026252086,0.1563520833333333,112.64701064701065,58.82864844997849,1221,63.87588244651546,416.4460108196719,22.029149159663863,299.2797407981657,1904,59.1184125,63.9846625,3.910131042036641,5.513469310222197,0.0347545490798858,0.0185786554805596,183.24244347602937,99.29786812952928,3178,MDS16,0.119873046875,0.01336669921875,0.03564453125,0.0,0.0,0.00384521484375,0.0,0.0,0.091796875,0.0,Urban,0.13104248046875,0.01824951171875,0.0089111328125,0.0,0.0,0.0,0.00054931640625,0.0,0.005615234375,0.0,0.005859375,0.09429931640625,0.0,0.1243896484375,0.00872802734375,0.0,0.0,0.0,0.0,0.32501220703125,0.0,0.0,2.4178936868879384,12.25708538630378,5.140262334855171
89,98.8527625,52.73526528284396,133.82898125,69.8204500880925,52.594575,33.71569419033281,1046.7576429897792,18.554447639921364,0.1857129745957838,0.0337461283816857,0.8796623682282327,117.30359077081624,66.11085494399575,9.211167391066237,0.1674041666666666,130.48524590163933,48.47438116480826,1830,77.52095439391093,309.61141229503994,24.149249249249248,207.48328368798025,1665,71.53420416666667,76.47534583333334,3.498504649396996,4.641184696312674,0.0310768494879962,0.0126984191137574,185.70217392214232,103.4856892928759,7058,MDS160,0.088623046875,0.01177978515625,0.0,0.0,0.0,0.0,0.0,0.0,0.0054931640625,0.0,Urban,0.1641845703125,0.2996826171875,0.2205810546875,0.0,0.001220703125,0.0,0.0,0.05712890625,0.0,0.0,0.0,0.0,0.01092529296875,0.10894775390625,0.0,0.03143310546875,0.0,0.0,0.0,0.0,0.0,0.0,-0.2232372652382945,1.035551327172481,-2.1020106076886433
90,38.44855416666667,38.69435266710418,143.75540625,59.64110059470282,119.26295416666666,81.33408908184131,1264.8913083971966,21.06673749682946,0.1213020204341525,0.0230657661224303,0.823798989873981,126.07965742503217,59.93329121816879,9.61815586996375,0.2185229166666666,121.86724313326552,52.24050508508852,1966,68.24564074335552,350.14600731293547,22.612554978008795,249.46958290980209,2501,63.93790833333333,68.17744166666667,3.591656021460888,4.093624150581869,0.0298403516131121,0.0156254019043748,178.25571592143595,102.52104638436724,6119,MDS164,0.0980224609375,0.0,0.08087158203125,0.00030517578125,0.0,0.0,0.0,0.0,0.01239013671875,0.0,Urban,0.204833984375,0.21826171875,0.00653076171875,0.0,0.000244140625,0.0,0.0,0.0262451171875,0.013916015625,0.0,0.0,0.0,6.103515625e-05,0.00341796875,0.0,0.0,0.0,0.0,0.0,0.17950439453125,0.0,0.0,0.3346935371367147,3.722479804821085,0.5610097556635047
91,64.85249791666666,58.867698586622296,120.64208125,60.22758736314336,43.24550833333333,49.99590321374607,1038.9969467743765,17.293183083696817,0.1976899829484645,0.0433242264652295,0.860785016680127,114.1926662019346,61.28274255796475,9.104249022639738,0.17089375,106.46073662265462,55.84258583790742,1439,68.97074207296828,223.33167383670525,19.202392578125,111.15584006433662,2048,52.00230833333333,69.27406666666667,3.960525020388765,5.087980278735275,0.0294080879308673,0.0161604637520421,190.8419941276329,103.54746587752469,3514,MDS17,0.10015869140625,0.0,0.0009765625,0.0,0.0,0.026123046875,0.0,0.0,0.0103759765625,0.00042724609375,Urban,0.3212890625,0.07952880859375,0.0,0.0,0.000732421875,0.05029296875,0.00177001953125,0.0,0.01116943359375,0.0,0.0,0.00018310546875,0.0,0.38671875,0.01019287109375,0.0,0.0,0.0,0.0,0.0,0.0,0.0,3.4303036417665074,6.22036522039464,0.9123157231085554
92,32.57236875,28.588289346584265,123.72602083333334,80.72973106039001,51.741677083333336,48.75983123624805,1407.5620841637492,22.78931352069881,0.1116538621506142,0.012186493022346,0.8875265629110318,118.14405460478028,79.02662133763667,9.85790677156799,0.2206020833333333,124.87685290763967,65.13442551120764,1754,48.372977687186,217.7167225354842,13.576739618406284,127.70445992908172,3564,79.3779375,102.55512916666666,3.604363253240799,4.148697140315656,0.0357407598497585,0.0173961337894497,179.3927852260691,104.55424133421702,4857,MDS171,0.0,0.0,0.107421875,0.0,0.0,0.0,0.13092041015625,0.0,0.0,0.00030517578125,Urban,0.1773681640625,0.26519775390625,0.069091796875,0.0020751953125,0.0,0.0,0.0,0.12890625,0.0,0.0,0.0,0.0,0.0,0.09173583984375,0.0,0.0,0.0,0.0,0.0,0.01190185546875,0.0,0.0,-0.8728973532968697,1.1995778303326499,-2.6118647071111596
93,26.3322125,13.084036769597413,157.00167083333332,66.92809675097833,93.70781458333332,72.33474779176986,1190.6755983005007,18.76548368189218,0.2731963584318073,0.0733089492252567,0.8832800490615155,142.45872702962083,71.44869820130937,8.754888140559565,0.1942020833333333,109.648868253047,46.50044817395897,1723,62.08827489429409,204.11389148712271,18.265724522292995,144.67123306416613,2512,41.77144583333333,100.8581125,3.6139458799456974,3.891677700336094,0.0329370845817899,0.0169770858709559,176.92599957885136,99.95126650901535,4024,MDS176,0.251708984375,0.14654541015625,0.0,0.0,0.0,0.00048828125,0.0595703125,0.0,0.06622314453125,0.0,Urban,0.03533935546875,0.15118408203125,0.120361328125,0.0,0.0001220703125,0.0,0.0,0.0,0.02264404296875,0.0,0.0,0.0,0.0,0.1204833984375,0.0,0.0,0.0,0.0,0.0,0.025146484375,0.0,0.0,0.11283290035296395,4.949203532821625,0.6047519719980406
94,35.20305208333333,42.13863015217099,148.13111875,51.26553611628445,38.79578125,42.928097259085234,1117.2931095564936,20.879559781221857,0.1196698560920666,0.0113829300439007,0.8074256568576988,140.6580907819133,53.958574981666885,9.718566496189045,0.2280083333333333,119.63115978098556,56.58825678594042,2009,53.34045942261731,577.9714789504144,28.58479920345171,831.6960327751285,3013,66.10453333333334,50.93833333333333,3.9761605525942025,5.017346259727495,0.0294231063409955,0.015231898472657,183.08486413120715,97.8988714886258,4226,MDS18,0.03955078125,0.00396728515625,0.03009033203125,0.0,0.0,0.0069580078125,0.0,0.0,0.00018310546875,0.0,Urban,0.26910400390625,0.0,0.16107177734375,0.0,0.0,0.0,0.00732421875,0.00146484375,0.0,0.0,0.00335693359375,0.0277099609375,0.0,0.2919921875,0.009765625,0.00091552734375,0.0,0.0,0.0,0.078857421875,0.0,0.0,1.6125624414798956,4.554863615666371,1.213346622718324
95,54.1358,33.37987311529709,96.65542916666666,65.11594630048374,40.223375,30.037714894934584,318.5266434193325,8.905020396264948,0.2236727078327121,0.0218733400710828,0.9605483519690128,91.73366614900858,63.47295965584779,8.565847402741117,0.0562375,128.32094175960347,56.40014452515892,807,64.4387266714279,125.71860996658498,10.513698630136986,27.126324549787597,730,59.94831666666666,48.559175,4.981696161996751,6.76643862019478,0.0286326147379383,0.0147406328719799,178.82896530877977,100.3457408876592,1575,MDS186,0.017333984375,0.01715087890625,0.0,0.0,0.0,0.0,0.0013427734375,0.0,0.0,0.0,Urban,0.33380126953125,0.21197509765625,0.0,0.0,0.04022216796875,0.0,0.0,0.0003662109375,0.0,0.0,0.0,0.0,0.0001220703125,0.139404296875,0.0,0.001953125,0.00177001953125,0.0,0.0,0.0,0.00128173828125,0.0,2.3949751235252466,-0.4650032726668518,-0.8548079325278689
96,40.1708875,54.0841529235907,121.01194375,61.78830661565478,67.77549375,32.79171451287217,873.9630997832357,16.668981109142155,0.1574788199466727,0.0321829680011857,0.887214475274763,108.99972811062143,62.29406996376886,9.062167027700337,0.1603520833333333,127.96320899335718,53.84586601772256,1957,63.80306509177756,151.3794752653917,26.55858310626703,140.4070288891555,1835,49.5814375,60.37459583333333,3.501932867118344,4.404318277104396,0.0307764135678617,0.0148494781026653,174.72285781944257,104.79254287917308,6365,MDS188,0.09381103515625,0.0001220703125,0.00537109375,0.0,0.0,6.103515625e-05,0.0,0.0,0.0,0.0,Urban,0.32025146484375,0.3287353515625,0.0,0.0,0.00433349609375,0.0,0.0,0.09686279296875,0.0,0.00384521484375,0.0,0.0,0.0,0.13287353515625,0.00048828125,0.0,0.0,0.0,0.0,0.0,0.0,0.000244140625,0.7384444119723426,0.40178836101468307,-1.013675823376996
97,62.94685625,45.17247109127235,143.63053125,54.12865298612901,37.00487291666666,26.70951623494299,906.5016093627064,20.40924735206699,0.0829406977182629,0.0090278168933854,0.8365625055114836,135.5023041163747,52.65218246750069,9.777043864251512,0.2636875,134.32361639205746,48.49384261300194,2367,70.54087439548613,473.589169010353,32.41361940298508,591.9696536169045,2680,52.52805416666666,55.2965375,2.9353327419660333,2.7654304103622525,0.0264768212415923,0.008984829551033,174.82665274220128,100.08986127412058,6944,MDS189,0.0,0.0006103515625,0.07611083984375,0.0,0.0,0.0,0.0009765625,0.0,0.09869384765625,0.0,Urban,0.35272216796875,0.12628173828125,0.03192138671875,0.0,0.0003662109375,0.0,0.0,0.0,0.0,0.0,0.0,0.0,0.0,0.31231689453125,0.0,0.0,0.0,0.0,0.0,0.0,0.0,0.0,1.1529742627350135,3.4785156646173596,0.17309646111122273
98,51.030289583333335,43.71566358821296,135.06208125,60.92140276346563,86.16512708333333,64.34048432075782,1420.0010000758236,23.56693563979085,0.125071767932629,0.0116026360242425,0.8058008400000247,122.64717649752356,60.4592128614535,9.925995599871433,0.2396854166666666,131.75316135558927,62.00118108238166,1977,50.7267507515318,229.15376552436564,18.104242764821574,188.14249801074308,3559,75.2777625,56.42337083333334,3.7162758702831846,4.4706725018127145,0.031917815231653,0.0150480285508315,178.8259459498751,102.2600118929012,5651,MDS196,0.00518798828125,0.07684326171875,0.0400390625,0.0,0.0,0.0,0.00885009765625,0.0,0.008056640625,0.0,Urban,0.423583984375,0.26470947265625,0.0,0.00103759765625,0.00067138671875,0.0,0.0,0.15863037109375,0.0,0.0,0.0,0.0,0.0001220703125,0.01226806640625,0.0,0.0,0.0,0.0,0.0,0.0,0.0,0.0,0.30561372458495845,0.6640383205571879,-1.4931846132914206
99,53.08274375,30.09734237528572,123.13387708333332,78.50919561221194,43.41393333333333,46.18310131092926,687.7368840566794,13.090991430082186,0.2066898095364334,0.0180101087536086,0.9402337801626904,118.2325737632397,75.8931255665552,9.033882647719103,0.1104604166666666,140.29681274900398,64.49937111556657,1004,54.48855680070012,219.46033510943263,20.57915567282322,145.38935193205788,1516,49.98229583333333,113.54802083333334,4.046396933563877,4.995964468617763,0.0332922679491324,0.0159548455947004,178.8601986833353,104.88903967958532,2305,MDS197,0.0281982421875,0.03863525390625,0.0498046875,0.0,0.0,0.0,0.0,0.0,0.0,0.0,Urban,0.3759765625,0.06292724609375,0.0,0.0,0.00091552734375,0.0030517578125,0.0,0.05657958984375,0.0,0.0,0.0,0.0003662109375,0.0,0.30352783203125,6.103515625e-05,0.00067138671875,0.0,0.0,0.0,0.0,6.103515625e-05,0.0,1.2821964187305768,1.0748690700104753,-0.4847316583861153
100,71.13544583333334,52.438729566923136,137.06382083333332,48.598895754614624,117.82624583333332,67.49179188604764,691.6329139302089,13.328777272155731,0.2223703998562058,0.0297428960261766,0.8289290634475122,99.73922731772544,44.90354354903609,8.777600159586735,0.1133645833333333,112.00537634408602,50.312125843947584,1116,67.27398729259149,439.59403902269145,30.1078125,338.5124993328752,1280,52.640175,47.554775,3.7994040119710393,6.59591483096767,0.0316806082722664,0.0146122659996495,183.02798963084064,105.54748109046731,2865,MDS47,0.3907470703125,0.04486083984375,0.0548095703125,0.0,0.0,0.0,0.000244140625,0.0,0.00213623046875,0.0,Urban,0.39862060546875,0.0,0.0,0.0,0.00042724609375,0.0,0.0001220703125,0.0,0.0,0.0,0.012451171875,0.0006103515625,0.0,0.08612060546875,0.0,0.00018310546875,0.0,0.0,0.0,0.0,0.0,0.0,0.8590950071415008,-0.3150229843170752,0.967132466925963
101,66.34672083333334,44.326289853356016,153.91389583333333,65.93784218417991,58.358608333333336,35.520843998933884,721.1368422086507,12.473021692302076,0.3431379766003245,0.0361283701373034,0.902505856687664,138.2385098061165,60.682776248199296,8.513263985067454,0.1210458333333333,122.20039100684262,58.48374062708093,1023,54.98435172874628,205.60054285367397,17.87320711417097,129.19509519022708,1743,66.54836666666667,64.96061666666667,3.64449127450122,4.834165954970537,0.0306167783945,0.0142886209985063,184.16469817465924,101.52381419091212,2444,MDS48,0.379150390625,0.00848388671875,0.1009521484375,0.0,0.0,0.0001220703125,0.0001220703125,0.0,0.0,0.0,Urban,0.18609619140625,0.0318603515625,0.081298828125,0.0,0.00201416015625,0.0,0.0,0.010498046875,0.0,0.0,6.103515625e-05,0.0,0.0,0.17169189453125,0.0118408203125,0.0048828125,0.0,0.0,0.0,0.0,0.0068359375,0.0,1.1435246285437393,1.7832019233554954,1.3860089850809556
102,60.130320833333336,50.225864599962165,194.88645,60.37231855796302,83.52745,66.47948590728947,851.610497136991,14.656507627512957,0.1836748894150584,0.018154524942568,0.8902440348164384,161.13242617002624,62.26713015797127,9.107220006470932,0.1059,119.32004429678848,56.22859634324113,903,92.058705100983,384.1015596149356,69.34556962025316,663.6927439935884,790,41.01900416666667,44.8322875,3.787246556700887,6.514229618436629,0.0311044670621145,0.0142737708758345,176.40598629330017,104.70835215528726,2664,MDS49,0.28485107421875,0.0225830078125,0.04205322265625,0.0,0.0,0.0,0.0032958984375,0.0,0.0,0.0,Urban,0.33587646484375,0.0,0.0,0.0,0.0,0.0,0.000244140625,0.0,0.00714111328125,0.00323486328125,0.0018310546875,0.00408935546875,0.0,0.28607177734375,0.00286865234375,0.0,0.0,0.0,0.0,0.004150390625,0.0,0.0,1.6452525676462433,1.8244891601611526,0.9624289358979934
103,47.38456875,43.089648754581305,135.78952708333333,75.9641393130207,61.57817708333334,38.14472895010495,1048.4487349521016,19.26435819576723,0.1821680341634548,0.0213733393415093,0.8705777394915997,120.21990189682128,63.64194980855364,9.434119497398708,0.21704375,111.42615384615384,56.905602744094,1950,58.161219420268615,192.13857382982692,16.946379310344827,96.00861924665529,2900,54.37462083333333,73.0653625,3.5337577966216407,4.669737362516069,0.0299942656210114,0.0143154119463651,180.770631058385,105.18435430906192,6451,MDS79,0.19525146484375,0.0997314453125,0.263916015625,0.0,0.0,0.0098876953125,0.0545654296875,0.0,0.00103759765625,0.0,Urban,0.15899658203125,0.21038818359375,0.00128173828125,0.0025634765625,0.0,0.0,0.0,0.001953125,6.103515625e-05,0.0,0.00030517578125,0.0,0.0,6.103515625e-05,0.0,0.0,0.0,0.0,0.0,0.0,0.0,0.0,-1.0317783304756662,-0.05210230121209333,-0.4824327392902492
104,59.43226666666666,38.50251517362932,153.8397375,55.46097516210019,53.065922916666665,37.975578802949904,824.8732718000988,14.223672683430555,0.2369369358189546,0.0335427740859934,0.8549524599342981,141.11084205989707,53.30400340516048,8.600873374108456,0.101725,103.4113924050633,54.33060770416844,632,151.55377886048677,568.7237418226468,35.273275862068964,489.7833158050536,580,34.506825,63.3902,4.24558663445093,5.729474872752602,0.0332735181965778,0.0183940853960563,181.1279024086224,104.6617009386442,1861,MDS81,0.10260009765625,0.17919921875,0.0023193359375,0.02569580078125,0.0,0.0009765625,0.0,0.04425048828125,0.0,0.0,Urban,0.00604248046875,0.05889892578125,0.0,0.0,0.00042724609375,0.0,0.0,0.0,0.0,0.0,0.0,0.0,0.0,0.45147705078125,0.0,0.01544189453125,0.0,0.0,0.0,0.0,6.103515625e-05,0.0,0.5934931252290222,1.1094247753969726,0.314166068483587
105,51.67961458333333,31.91318224654906,152.72642083333332,67.74920814621795,67.66188541666666,53.69670906066035,1194.511078845759,20.950455252512903,0.1588651534985272,0.0181743722143907,0.8590803636466148,141.68410707473674,65.07447486107698,9.629078226195176,0.2172666666666666,143.847295864263,57.26034024346989,1886,51.90685742202891,306.2908078590753,20.05708279430789,229.8426480103304,3092,58.5842125,55.62047916666667,3.608953492991494,4.098118483100906,0.0326031036380493,0.0147594195453337,177.76194201136482,102.23194004752912,5408,MDS97,0.1392822265625,0.01171875,0.247802734375,0.0,0.0,0.00048828125,0.0,0.0,0.008056640625,0.0,Urban,0.11480712890625,0.2108154296875,0.02117919921875,0.0,0.001220703125,0.0,0.0,6.103515625e-05,0.00146484375,0.003662109375,0.0,0.0,0.00408935546875,0.1981201171875,0.0010986328125,0.03515625,0.0,0.0,0.0,0.0,0.0,0.00054931640625,0.18609949879122123,1.0194144089670034,-0.5984967704313132
106,30.10041875,33.779769547141406,142.52074583333334,56.68825865741864,81.77700625,55.52268230976232,929.2604571959188,18.619349496904498,0.1177954391658608,0.0127616819614301,0.8313391660536423,128.6018464140584,52.47000281293106,9.592085494341667,0.1980125,124.6882640586797,52.738392358194325,1636,57.75700442737308,242.47948852357956,18.441463414634143,154.7396437938923,2665,47.646879166666665,62.73862916666667,3.6298985567156703,3.993312238090473,0.0271301947783811,0.0130553209955751,179.5519893565745,100.46155085148646,3886,MDS98,0.0172119140625,0.01666259765625,0.0416259765625,0.0,0.0,0.0047607421875,0.0,0.0,0.0206298828125,0.0,Urban,0.16900634765625,0.3013916015625,6.103515625e-05,0.0,0.000732421875,0.0,0.0,0.0,0.00616455078125,0.0008544921875,0.0,0.0,0.0,0.0413818359375,0.0120849609375,0.3671875,0.0,0.0,0.0,0.0,0.000244140625,0.0,1.7073432066121152,2.611509655848545,0.36946488435558505
107,97.3895375,55.01008197475648,139.68289375,59.54824490032888,72.74487916666666,42.59872500079941,536.1435189550664,12.474499548133767,0.2145892166432304,0.0319560190741699,0.9218844902556224,119.02548228770524,58.87177886225102,8.829685630911502,0.0932354166666666,130.43549648162627,55.54859974743988,1279,66.24588591236817,103.44213265801754,17.848684210526315,37.19387503842482,1140,49.03523333333333,71.38970833333333,4.270531917308604,4.307739677510981,0.0274002430887662,0.0162878252152589,194.0622817443943,104.43915964702646,3834,Urban1,0.10711669921875,0.0,0.0,0.0,0.0,0.03472900390625,0.0,0.0,0.0,0.009033203125,Urban,0.515869140625,0.0,0.0,0.0,0.0,0.0,0.0,0.0,0.0,0.0,0.0,0.0,0.0,0.01251220703125,0.0001220703125,0.17578125,0.00140380859375,0.0,0.0,0.0,0.1434326171875,0.0,3.4432535290323116,-1.4994368797038333,-0.9395517890932207
108,73.47265833333333,35.76513733045907,134.10085208333334,55.75809628900501,40.23828125,28.406681050342687,792.6112172377591,17.034081403213477,0.1417292059031642,0.0129893621368248,0.8463006691660968,123.75148891378646,50.77731989219029,9.522434831474428,0.20273125,131.12514551804423,50.02445323874749,1718,81.28881202840036,430.3893034501652,33.21021505376344,345.24560550636863,1860,42.98425833333334,54.40720833333334,3.3450308753067954,3.817544344165829,0.0272230340101112,0.0117209550604684,173.91037503130295,104.28177684633036,5440,Urban10,0.148193359375,0.0006103515625,0.02618408203125,0.0,0.0,0.0,0.0,0.0,0.0,0.0,Urban,0.35882568359375,0.186767578125,0.00079345703125,0.0,0.00054931640625,0.00701904296875,0.0,0.0,0.0,0.0,0.0003662109375,0.0,0.0,0.06756591796875,0.0,0.194091796875,0.0,0.0,0.0,0.0,0.009033203125,0.0,1.1937165616985597,-0.24520546920954628,-0.06391544039703764
109,97.4503,23.86734329043208,149.42816875,76.72571281479365,45.43452083333333,22.30435747737945,320.89613263117946,9.324623775354318,0.2961193037168131,0.0292288613326528,0.9681698137982198,135.3372300338544,71.01926299723202,8.554795936767988,0.1095645833333333,136.400871459695,60.046155806406695,918,91.025507039451,490.2965673904836,33.317640692640694,374.4887236444615,924,33.20914166666667,103.30433333333332,3.582041772133293,5.185075453249848,0.023969141427343,0.0092449820747751,197.70213145395735,100.87120739983918,2601,Urban11,0.2735595703125,0.01641845703125,0.0003662109375,0.0,0.0,0.0,0.0,0.0,0.0,0.0,Urban,0.1693115234375,0.1829833984375,0.0,0.0,0.0001220703125,0.0,0.0,0.0,0.0,0.0,0.00177001953125,0.0,0.0,0.046875,0.0,0.2926025390625,0.0006103515625,0.0,0.0,0.0,0.015380859375,0.0,1.0415468662387206,-0.9322009340166766,0.4017198583148818
110,84.7979875,33.88607997319613,142.87818541666667,65.60021389668346,45.98260833333333,31.279086490762435,461.87187759084543,12.22243759061464,0.1993333448956856,0.0166095387465343,0.9292605622878476,129.03678125461906,57.25763166556342,9.179241652576998,0.1518104166666666,137.77153846153846,49.83086120470292,1300,85.68611861881512,307.8008550510432,30.498543335761106,193.6926387557039,1373,48.603316666666665,77.38584166666666,3.6064975542328734,5.074558575361679,0.0241876980456958,0.0100805986884533,183.38264287735677,106.87457921807167,3789,Urban12,0.2078857421875,0.0587158203125,0.00213623046875,0.0,0.0,0.02490234375,0.0,0.0,0.0,0.0,Urban,0.2740478515625,0.12969970703125,0.00048828125,0.0,0.00482177734375,0.0,0.0,0.00018310546875,0.0,0.0,0.0,0.0,0.0,0.02069091796875,0.0,0.212890625,0.0,0.0,0.0,0.0,0.06353759765625,0.0,1.506804796466534,-1.0078009755166115,0.15966799550420618
111,73.43897291666667,42.53982850257431,151.39676041666667,71.38571974320284,61.995122916666666,47.8726508906431,665.5159628864164,14.986184765439472,0.2526034647195982,0.1239527950330255,0.9409711722801744,137.67479735138974,75.15332714893708,8.537229760755032,0.18961875,129.79375368296994,55.30554660112463,1697,82.31874809747347,399.9066772669105,36.530545670225386,280.3640973660377,1686,36.91922083333333,102.38582916666668,3.211586199883669,4.606727209900302,0.0255326400937703,0.0096512880694489,182.4619259483244,105.80107257460728,5216,Urban13,0.293212890625,0.0023193359375,0.1953125,0.0,0.0,0.02215576171875,0.0,0.0,0.0,0.009521484375,Urban,0.265869140625,0.09796142578125,0.0076904296875,0.0,0.0,0.0,0.0,0.0,0.0,0.002685546875,0.0,0.0,0.0,0.00537109375,0.0,0.03131103515625,0.0,0.0,0.0,0.0,0.06658935546875,0.0,1.612806859198192,-1.2068856362890539,-0.6172347015986267
112,94.08526041666669,50.61830453085145,150.79306666666668,53.94485011190184,40.450433333333336,31.44972326023801,539.018023441341,12.997958211687244,0.2094057768839405,0.0698545367757374,0.9168075101416294,138.24756880898906,57.01581002219357,8.860614243964164,0.1315416666666666,133.90389784946237,47.52808491591589,1488,90.74566725211746,248.735002560292,29.140358361774744,185.406107303586,1172,59.4038125,51.96447083333333,3.714797551419021,4.996276870057282,0.0255014883757774,0.0111885492833012,178.6308466388173,106.411893576979,3841,Urban14,0.11627197265625,0.039306640625,0.0,0.0,0.0,0.0,0.0,0.0,0.0,0.01416015625,Urban,0.49652099609375,0.0166015625,0.0,0.0,0.00048828125,0.0,0.0,0.0,0.0,0.03460693359375,0.0,0.0,0.0,0.0943603515625,0.0,0.1112060546875,0.0,0.0,0.0,0.0,0.0545654296875,0.02191162109375,6.2818836388828965,-2.596065696248707,-2.8760614735425087
113,101.50795833333332,32.48104144468889,108.97211458333334,78.04642421546424,50.89345,32.944261912066466,526.5906387215592,10.41130178179142,0.2964901465982966,0.0577042743181766,0.95722726362081,99.71693206437676,78.54154857165523,8.24182586120834,0.0852520833333333,138.0857843137255,71.05367685062255,816,70.91326097065115,216.9304305276642,22.715508021390374,100.7936332189151,935,47.57598333333333,83.02303333333333,3.8405130370013945,5.458408446098838,0.0342544607256324,0.0178805803930304,181.82585634908423,108.85780716424038,2291,Urban15,0.185302734375,0.0029296875,0.02130126953125,0.0,0.0,0.03228759765625,0.0,0.0,0.0,0.00146484375,Urban,0.2357177734375,0.1112060546875,0.0,0.0,0.00042724609375,0.0,0.0,0.04742431640625,0.0,0.0,0.0,0.0,0.0,0.2181396484375,0.0,0.0994873046875,0.0,0.0,0.0,0.0,0.0443115234375,0.0,1.5231927370278628,0.10309970226985411,-0.22694629327879143
114,101.5767875,14.90884369582398,151.22296666666668,79.65671340214973,69.28781458333333,34.08963360048947,266.0069843088612,6.56100997639343,0.4275016483868143,0.0421472481089859,0.9795291240079784,133.32605722274553,80.54560600736252,7.647577320525462,0.0506,91.58765432098764,59.268465128559896,405,185.12985502249373,434.4968332180536,55.39159292035398,185.9130612551206,226,36.36120416666667,123.13217916666666,4.247464280176273,7.194184875215536,0.0239532502280489,0.0106400928862134,197.29183763490792,100.43455706897248,1297,Urban16,0.36297607421875,0.0,0.0,0.0,0.0,0.0,0.0,0.0,0.0,0.0,Urban,0.2279052734375,0.0,0.0,0.0,0.00067138671875,0.001220703125,0.0,0.0,0.0,0.0,0.0,0.0,0.0,0.0194091796875,0.0,0.334716796875,0.0,0.0,0.0,0.0,0.0531005859375,0.0,1.8554982429980764,-1.3755306281586193,0.8384450700876577
115,97.13833958333332,25.72150514147678,138.82817708333334,78.69290220938169,70.79868958333333,37.31635093404509,306.181194044416,7.8922395031991375,0.3492646636467809,0.027906906884698,0.965628568501774,117.1906375252558,66.67951104872827,8.386399465699036,0.0673770833333333,99.17336683417084,52.08342837966799,796,85.47053288039449,222.650623692508,39.8051948051948,268.23467090276137,616,38.39234166666667,105.39321666666666,4.357885350556341,6.653654389178402,0.0256435823354026,0.0107733807395991,193.8015026642474,105.53914663640757,1748,Urban17,0.38623046875,0.06201171875,0.009521484375,0.0,0.0,0.0,0.0,0.0,0.0,0.00201416015625,Urban,0.20404052734375,0.04986572265625,0.0,0.0,0.0076904296875,0.0,0.0,0.0,0.0,6.103515625e-05,0.0,0.0,0.0,0.10260009765625,0.0,0.08612060546875,0.0,0.0,0.0,0.0,0.08984375,0.0,1.8765891408183462,-1.117966933443081,0.6723043587736747
116,91.26892708333334,28.3155501501769,130.93360208333334,91.595975357727,57.6336875,39.64982679851633,596.1451681642683,10.882822054597744,0.2983995410904681,0.0300232758205152,0.9629666560102332,120.36824673131716,89.71619998876243,8.37803819379118,0.0872958333333333,137.7939262472885,70.11136822536513,922,62.3257169487525,228.7113157019658,30.855102040816327,248.2190285764541,980,56.69762083333333,143.1269125,3.5121668519860854,4.048863585127289,0.0367694196497654,0.0165596255436699,184.85349885896096,104.10600288739536,2703,Urban18,0.29217529296875,0.208984375,0.0,0.0,0.0,0.05126953125,0.0,0.0,0.0,0.0,Urban,0.138916015625,0.19671630859375,0.0,0.0,0.000244140625,0.0,0.0,0.0,0.0,0.0,0.0,0.0,0.0,0.0694580078125,0.0,0.0078125,0.0,0.0,0.0,0.0,0.034423828125,0.0,0.13496584039321605,-0.32252019497146794,0.6017516251696249
117,96.87408958333332,25.79310531874054,137.44422291666666,89.01791618217636,53.36308541666666,33.66371464297333,217.98615162202455,5.637388652088191,0.3946590634328899,0.0627742350172349,0.98674539958271,127.16918703291071,90.5594045006132,7.542514420557268,0.02909375,109.95769230769233,64.41179223783438,260,113.7040723374298,228.47604630702256,19.96846846846847,57.80887581401006,222,56.7422375,130.5999125,5.164794147889727,9.973885171530524,0.031042248560617,0.0172087040000155,213.3035931486096,97.09223661787604,613,Urban19,0.35296630859375,0.01092529296875,0.0,0.0,0.0,0.0,0.0,0.0,0.0,0.0,Urban,0.2498779296875,0.0,0.0,0.0,0.00445556640625,0.0,0.00018310546875,0.0,0.0,0.01031494140625,0.0,0.0,0.0,0.0220947265625,0.0,0.30621337890625,0.0,0.0,0.0,0.0,0.0421142578125,0.0,2.259654569838378,-1.548016410001301,0.5385457698636411
118,98.66917291666668,56.41498860105885,141.88331458333334,72.26068207605621,81.49509791666667,41.45268513783209,594.80232046225,12.418409568061936,0.2399497067121397,0.0298221646925954,0.9314350929751372,117.84326268529904,66.01651412778138,8.731096600243447,0.0873125,115.93812838360402,58.93456627077288,1293,61.03220761254443,90.18984354851663,22.32316534040672,131.40823208547596,1131,35.8166875,73.78014583333334,4.213519709794376,4.059120113397947,0.0284926172494287,0.0179350145367978,192.79147033383612,103.70361722633356,3966,Urban2,0.1937255859375,0.0,0.0,0.0,0.0,0.00323486328125,0.0,0.0,0.0,0.0,Urban,0.575927734375,0.0037841796875,0.0,0.0,0.0020751953125,0.0,0.0,0.00567626953125,0.0,0.0,0.0,0.0,0.0,0.02301025390625,0.0,0.01495361328125,0.0,0.0,0.0,0.0,0.1776123046875,0.0,2.332256265711626,-1.1614183777522786,0.0550747858515657
119,96.466,37.06535773468266,135.7997875,61.75079927246431,42.88768125,26.22043436422056,346.15607946688067,9.405565507853796,0.2911334366015058,0.0950414498688152,0.957922991425426,124.71464652394124,64.26177731617214,8.280520263544492,0.0853958333333333,122.04366347177849,53.429391760882574,939,104.445756120181,218.87293842316112,67.81191222570533,385.8517212996279,638,60.6636125,62.54267083333333,4.329131063577291,6.453992678180987,0.025492770042647,0.0123939798814065,193.38641157331648,107.80218288622386,1998,Urban20,0.14178466796875,0.0,0.0,0.0,0.0,0.0,0.0,0.0,0.0,0.002197265625,Urban,0.46502685546875,0.00390625,0.0,0.0,0.0,0.0,0.0,0.0,0.0,0.0,0.0,0.0,0.0,0.06744384765625,0.0,0.287841796875,0.0,0.0,0.0,0.0,0.015625,0.01544189453125,3.377764392191132,-1.4867536731508464,-0.6743046201791801
120,101.8913125,44.697680816354186,132.20220416666666,64.77912910530404,43.37138541666667,26.4668758379656,172.8074045659281,6.708658700329942,0.3619839477126884,0.1246741902384646,0.9808696925721584,120.53411175054693,67.30902797041696,7.795315675528332,0.0569041666666666,103.34164070612668,41.26947886743044,963,143.32440286782503,223.576577523158,119.79876160990712,661.5535518141905,323,70.83349583333333,68.8615375,4.639617710949009,8.819594090980978,0.0210395314213302,0.0066451237478061,176.87606581989516,104.23813320145454,1170,Urban21,0.1341552734375,0.0,0.0,0.0,0.0,0.0,0.0,0.0,0.0,0.0,Urban,0.58343505859375,0.0,0.0,0.0,0.0,0.0,0.0,0.0,0.0,0.0,0.0,0.0,0.0,0.06304931640625,0.0,0.2193603515625,0.0,0.0,0.0,0.0,0.0,0.0,1.815375975128144,-0.6097720105085226,0.08385773117064407
121,83.8513875,45.77018695968855,148.81285416666665,60.408585184037086,50.44584375,30.45421755850224,368.6040829353652,8.785360806432767,0.3084449026482138,0.0287222941325174,0.9280143370442692,131.67241429777414,50.6366964259518,8.295080777132405,0.0702458333333333,112.48979591836736,47.03910189152288,735,99.8965146767993,241.4794620449342,26.707563025210085,123.30904071734795,595,47.35574166666667,55.151325,4.229461234690818,5.432377448990939,0.0265503719786294,0.0132427510604424,187.4237308013716,104.61781343599624,1679,Urban22,0.21429443359375,0.0,0.0,0.0,0.0,0.0,0.0,0.0,0.0,0.0,Urban,0.45294189453125,0.0,0.0,0.0,0.006591796875,0.02374267578125,0.0,0.0,0.0,0.0,0.0,0.0,0.0,0.02679443359375,0.0,0.18988037109375,0.0,0.0,0.0,0.0,0.08575439453125,0.0,2.838299263192847,-0.2556274559722772,0.2731115870569453
122,92.52964791666666,46.95829031528267,146.10823541666667,71.61145360330227,36.672975,30.978880717074144,315.05053029805185,8.04844727158973,0.3538396813492442,0.1704625126952046,0.9725690339088174,135.9231065870809,75.93595312302114,7.725759428297935,0.0590520833333333,126.5450516986706,54.89237322247828,677,109.04979301829424,189.26955450546595,31.440848214285715,94.58903924248436,448,47.95885,68.010525,4.591738431456678,5.949680706154368,0.0248319229797374,0.0135294389257637,180.29555708392897,102.70350150802356,1604,Urban23,0.19158935546875,0.0,0.0,0.0,0.0,0.0,0.0,0.0,0.0,0.0,Urban,0.5018310546875,0.0,0.0,0.0,0.002197265625,0.0,0.0,0.0,0.0,0.00592041015625,0.0,0.0,0.0,0.00775146484375,0.0,0.172119140625,0.0,0.0,0.0,0.0,0.10174560546875,0.016845703125,3.6950954902254174,-1.9797964754753026,-0.6419163690851485
123,76.27997083333334,41.64508378947608,160.42390833333334,67.96890439182414,28.798479166666667,31.367435306174876,532.381444339141,10.832977338011062,0.3280365225047973,0.1600609450652916,0.9470173460595864,153.12852433273324,70.93054696879342,8.036297394513017,0.0923541666666666,144.942538593482,59.905708857849056,1166,80.67119219782109,212.59097610350707,29.91638608305275,189.3277715334132,891,39.51725,72.42341666666667,3.775362734845145,4.86626046443548,0.0303576583699929,0.0140201566570597,180.6568193660239,100.26735498686908,2548,Urban24,0.27801513671875,0.0,0.00018310546875,0.0,0.0,6.103515625e-05,0.0,0.0,0.0,0.0062255859375,Urban,0.24871826171875,0.052978515625,0.0,0.0,0.0015869140625,0.00054931640625,0.0,0.0,0.0,0.0,0.0,0.0,0.0,0.1114501953125,0.0,0.26904296875,0.0,0.0,0.0,0.0,0.03118896484375,0.0,2.396849849872491,-1.0919303834524583,0.00110378925678788
124,98.79609375,49.66147915461786,93.75879791666668,64.10942438106633,61.20042083333333,33.3499834181303,695.4863554238418,14.037659046301393,0.2092628760393833,0.0191108759750528,0.897783089590318,81.22591706197551,58.34725379827124,9.042998195173729,0.1358708333333333,113.39901129943505,50.76475571448448,1416,72.85459287792592,282.1443563816717,25.09164897381458,157.64169505828008,1413,60.024791666666665,62.83026666666667,3.3770225272386747,4.281269701551096,0.0282456368566591,0.0135378965221006,183.69021395452515,103.28722517157344,6393,Urban25,0.0985107421875,0.0712890625,0.01385498046875,0.0,0.0,0.0,0.0,0.0,0.0,0.0,Urban,0.0401611328125,0.37713623046875,0.0,0.0,0.0,0.0,0.0,0.0,0.0,0.0,0.0,0.0,0.0,0.0162353515625,0.0,0.26263427734375,0.0,0.0,0.0,0.0,0.03289794921875,0.0,0.23133231092363132,-0.7081238086811078,-0.32251290639054564
125,119.27786458333334,44.37914024843198,109.60488541666666,63.859935528592864,62.25931875,36.081482289431584,537.4058221481616,12.321430355795744,0.2556580899358076,0.029006457717775,0.9376806893506984,95.4588029625145,65.80238044306378,8.734321710090034,0.1034270833333333,97.46715927750412,44.12007040774249,1218,110.76022992018478,192.04537510090003,31.72083879423329,86.76785087705753,763,52.1715,60.60635833333333,4.209558052979088,3.87769724087896,0.0256307704315483,0.0110908779700483,183.1385373036511,107.79734243981162,3934,Urban26,0.11273193359375,0.0,0.0,0.0,0.0,0.0,0.0,0.0,0.0,0.0,Urban,0.72100830078125,0.0,0.0,0.0,0.000244140625,0.0,0.0,0.0,0.0,0.00384521484375,0.0,0.0,0.0,0.02789306640625,0.0,0.0692138671875,0.0362548828125,0.0,0.0,0.0,0.00372314453125,0.0,2.635309485841203,-1.007068981251858,-0.34246762901546957
126,92.56544375,62.60285873090982,146.01417083333334,71.33341312704832,61.04111875,43.821474554892205,590.1054308312816,11.158470412317708,0.2559020388982455,0.0304307948445607,0.949397800596691,129.92373316844163,76.47784631243067,8.611171389601832,0.0720770833333333,110.01445347786812,53.38719983632278,1107,75.86428075627497,164.53968273463525,15.851620947630924,88.83300510859912,802,39.69481666666667,99.512,4.065904515702762,6.148916911530449,0.0272626050830248,0.0128757289974599,188.04484783946128,101.87040748124583,2885,Urban27,0.23699951171875,0.03460693359375,6.103515625e-05,0.0,0.0,0.0,0.0,0.0,0.0,0.0,Urban,0.193603515625,0.1982421875,0.0,0.0,0.0,0.0,0.0,0.0,0.0,0.0,0.0,0.0,0.0,0.0777587890625,0.0,0.25872802734375,0.0,0.0,0.0,0.0,0.0,0.0,0.8796555117318183,-0.6702256467507964,0.31104033677373444
127,117.6490625,20.855876598801284,119.11945833333333,85.1092333203235,60.930620833333336,34.23026236433534,432.9885053258968,7.656478429409106,0.4215027891652063,0.036843982630813,0.9703701940399838,105.97970035376386,85.4593054270891,7.888108170937842,0.0484333333333333,114.22718446601942,57.0686933954088,515,110.07860053702164,252.02119572604,32.62396694214876,145.0524785958441,363,48.708875,118.01093333333333,3.934967582598003,4.06894293933002,0.0318775243358686,0.0154516573229015,193.29511420903768,102.2384282077967,1832,Urban28,0.337646484375,0.0,0.0,0.0,0.0,0.0,0.0,0.0,0.0,0.0008544921875,Urban,0.3187255859375,0.0,0.0,0.0,0.00701904296875,0.0,0.0,0.0,0.0,0.0091552734375,0.0,0.0,0.0,0.096923828125,0.0,0.1593017578125,0.0003662109375,0.0,0.0,0.0,0.06915283203125,0.0008544921875,2.5574807963090147,-1.2704011163180355,0.35730864852338123
128,114.63914166666666,54.27014389849417,120.46983958333334,52.794387670622086,61.99105208333334,24.64263406547253,419.4319841722229,10.039753038050428,0.2378975843903739,0.0237404366894038,0.9077828809744072,102.54709036105046,47.81624488781858,8.56152233521238,0.0864916666666666,103.16126042632068,46.692434593543176,1079,99.26946008307304,239.8593466277715,27.40954415954416,107.87538319386128,702,34.74657916666666,59.842445833333336,3.494639599588182,4.9232474227527225,0.0253312309075284,0.012160010954623,187.83638265426072,102.54836468676918,3375,Urban29,0.21728515625,0.04962158203125,0.0,0.0,0.0,0.0,0.0,0.0,0.0,0.0003662109375,Urban,0.21875,0.14324951171875,0.0,0.0,0.00469970703125,0.0,0.0,0.0,0.0,0.00274658203125,0.0,0.0,0.0,0.03009033203125,0.0,0.30535888671875,0.0,0.0,0.0,0.0,0.02783203125,0.0,1.5841472492705784,-1.1295300290895163,0.1487517681644699
129,84.1608375,54.928079625075135,163.22583333333333,81.29512200498597,87.03746041666666,46.70781549127708,417.8878693614566,7.6326334691662785,0.3580134842079572,0.04950555948308,0.9645990802180716,136.6051344957582,76.85285791020792,8.035489154808676,0.0138291666666666,136.54883720930232,43.08829427233202,215,79.7700502127409,147.1807925297119,58.34191176470589,145.92968570470703,136,62.0055125,81.08879583333334,14.924377798100364,13.801173966940985,0.0419788678801635,0.0297428532341308,178.34969758115923,104.59550865469429,383,Urban3,0.35662841796875,0.0,0.0,0.0,0.0,0.0,0.0,0.0,0.0,0.0,Urban,0.56671142578125,0.0,0.0,0.0,0.0006103515625,0.0,0.0,0.0,0.0,0.0,0.0,0.0,0.0,0.0,0.00225830078125,0.000244140625,0.0,0.0,0.0,0.0,0.0,0.0,1.1354975490264805,-0.41877322801195416,0.8935798139128932
130,107.33392083333334,44.2819982823389,150.8104875,57.15587963349886,38.07557083333333,32.54420502510111,888.3347171908731,17.01327415200744,0.1660287749935793,0.0124616413600182,0.8809265751093072,138.962539162028,61.19101232089267,9.575168201051122,0.1425916666666666,128.05811481218993,55.96435811816836,1411,111.08003891240187,238.88855030623475,23.93634686346864,70.44230391427111,1084,58.79727916666667,57.8103125,3.778056273714127,4.700606282790826,0.0282081643072701,0.0123323682590242,181.133173523562,108.88481439672444,4980,Urban31,0.0003662109375,0.0,0.0,0.0,0.0,0.0,0.0,0.0,0.0,0.0,Urban,0.7186279296875,0.0,0.0,0.0,0.00372314453125,0.0,0.0,0.0,0.0,0.03558349609375,0.0,0.0,0.0,0.09051513671875,0.0,0.14166259765625,0.0,0.0,0.0,0.0,0.0089111328125,0.0,3.3855826090444285,-0.894607349498327,-1.2510665591770087
131,85.15122083333333,58.1097114926547,184.93828333333332,67.63325666947972,53.4796375,20.29987299718713,1009.2680304989,14.366919186092414,0.2706502658157953,0.0271876696941514,0.8635152587607253,164.375496258518,60.69632571077994,8.699966782793148,0.0844,128.9265402843602,54.69024629391547,844,90.92216405125365,176.32324055829466,41.5394922425952,165.37463514557066,709,42.9271875,73.33092916666666,3.835855569990102,4.192159066560551,0.0369812371506175,0.0168761239460801,170.5956920301332,106.8676839367956,3419,Urban32,0.3319091796875,0.0,0.0,0.0,0.0,0.0,0.0,0.0,0.0,0.0,Urban,0.4193115234375,0.0,0.0,0.0,0.0,0.0,0.0,0.0,0.0,0.0,0.0,0.0,0.0,0.0360107421875,0.0,0.18157958984375,0.0,0.0,0.0,0.0,0.03118896484375,0.0,1.5710708150401522,-1.0139161702324766,0.7127452263758267
132,103.99170416666666,54.86446278796943,168.06992708333334,68.24464020311791,46.018875,41.3908670228233,635.0422836022801,12.047039365183611,0.2821085568374747,0.0323502296084324,0.9372436291606808,153.66721963166918,71.21492450998127,8.701888858478762,0.09199375,130.04886561954623,56.00546332990158,1146,78.24586140587289,191.06148410825767,22.855235042735043,82.11292993915525,936,66.84514166666666,82.88265833333334,3.557920011759093,5.173138250518273,0.0299524690739657,0.0136820632439462,190.46700159001375,104.84979264507056,4135,Urban33,0.32354736328125,0.01287841796875,0.0,0.0,0.0,0.0,0.0,0.0,0.0,0.00042724609375,Urban,0.23065185546875,0.158935546875,0.0,0.0,0.00640869140625,0.0,0.0,0.0,0.0,0.0,0.0,0.0,0.0,0.05419921875,0.0,0.21246337890625,0.0,0.0,0.0,0.0,0.00048828125,0.0,1.2200470516620983,-0.9488945179062519,0.48811976997634887
133,118.03010208333332,33.33095777123592,125.90844791666666,85.67474613015224,49.443158333333336,29.297379331462352,592.2067534598875,9.91965581745248,0.3630671039474957,0.044270514409814,0.9584023331563,113.15607876552252,84.37864095107358,8.044800249531994,0.0647291666666666,127.44632768361582,58.38263808716524,708,93.72090497776252,171.472368563539,17.755993150684933,47.27896443219516,584,51.39906666666667,127.50514166666666,4.274236233625896,5.497407985683422,0.0333112962823026,0.017677071271008,196.4727817951466,104.36572902525351,2503,Urban34,0.208984375,0.0,0.0,0.0,0.0,0.0,0.0,0.0,0.0,0.0,Urban,0.28363037109375,0.010009765625,0.0,0.0,0.00518798828125,0.0,0.0,0.0,0.0,0.0001220703125,0.0,0.0,0.0,0.0474853515625,0.0,0.3013916015625,0.03875732421875,0.03656005859375,0.0,0.0,0.06402587890625,0.00384521484375,3.3834353797728256,-1.8729080314554039,0.0002987506866747001
134,73.66278958333334,61.08399558164336,156.29853125,63.69556602445815,53.09931875,52.87371566953249,496.6670484142752,10.62583023227024,0.2481574875075519,0.0265827177590934,0.944078356858772,145.8215239278314,66.67305816267378,8.69604889171607,0.0676854166666666,116.70193861066237,56.23458694126805,1238,102.05923133205889,268.5628335065984,34.00091407678245,196.99218495037508,547,44.27099583333333,99.5348125,3.853216276041149,5.197007087947588,0.0264671254703586,0.0124442371108744,188.69700245381696,99.26703630180003,2577,Urban35,0.201904296875,0.18841552734375,0.0,0.0,0.0,0.0115966796875,0.0,0.0,0.0,0.0,Urban,0.315673828125,0.03533935546875,0.0,0.0,0.0020751953125,0.0,0.0,0.0,0.0,0.0003662109375,0.0,0.0,0.0,0.10467529296875,0.0,0.12066650390625,0.0,0.0,0.0,0.0,0.019287109375,0.0,1.1612008907890192,-0.41988662555615563,0.49924373300742453
135,118.86386875,35.13818417381259,156.07510833333333,64.37141508132004,38.50779583333333,29.636921329511427,854.0653669893921,15.327312081883829,0.2453762624783789,0.0446557443353664,0.9027157797053064,144.2345535702256,66.30798529844475,9.058208800752816,0.1158791666666666,123.31600831600832,51.33514612954075,1443,91.60013950230548,177.9032414397793,26.56614785992218,111.54020537162329,1028,52.8149875,69.91992083333334,3.847377335411016,3.986817978886516,0.0294240331576919,0.0133237727550954,181.3782956256726,108.10568947613513,4755,Urban36,0.150634765625,0.0,0.0,0.0,0.0,0.0,0.0,0.0,0.0,0.0,Urban,0.67840576171875,0.0,0.0,0.0,0.0,0.0,0.0,0.0,0.0,0.00323486328125,0.0,0.0,0.0,0.01141357421875,0.0,0.110595703125,0.00299072265625,0.0,0.0,0.0,0.02667236328125,0.004638671875,2.2610179390687897,-1.012856611588623,-0.21045602211351697
136,122.33922916666668,25.361552648431232,127.0641125,82.88901660003378,67.33968125,35.909579472591965,716.5913512346712,11.50864481264474,0.3163221944319076,0.0332226814837318,0.9418415460250492,107.82861692816611,78.45231128544994,8.3569988531354,0.0722395833333333,125.43945578231292,60.50671583327191,735,110.92946147459362,305.95805754962987,27.711926605504587,104.2454695953286,545,44.561395833333336,126.1182875,4.074170111097507,5.281215459953418,0.0345667087281845,0.0167759714252399,193.06300985991064,108.721739567664,2680,Urban37,0.1993408203125,0.0,0.0,0.0,0.0,0.0,0.0,0.0,0.0,0.00030517578125,Urban,0.24774169921875,0.005615234375,0.0,0.0,0.00531005859375,0.0,0.0,0.0,0.0,0.04217529296875,0.0,0.0,0.0,0.05682373046875,0.0,0.3765869140625,0.0001220703125,0.0,0.0,0.0,0.06597900390625,0.0,3.9047116517684395,-1.9623760194292468,-0.7569367165111001
137,109.28338333333332,31.4964893898731,163.22143541666668,64.28881137833845,53.31362708333333,42.6296415670591,693.7200922076081,12.563260502496682,0.3219848263224094,0.0383428151202386,0.9291613248009802,145.80163389520214,70.07972898882346,8.736840626356713,0.0931291666666666,115.0695931477516,51.37805958676186,934,131.39035388448963,322.1667764363045,41.49217391304348,164.71951239862057,575,52.418525,90.1614,4.45754425456054,7.652994188763987,0.0306582491773513,0.013483872342587,180.9217924828077,103.39638414464574,3288,Urban38,0.25811767578125,0.0,0.0,0.0,0.0,0.0,0.0,0.0,0.0,0.0023193359375,Urban,0.4521484375,0.0,0.0,0.0,0.00445556640625,0.0,0.0,0.0,0.0,0.042724609375,0.0,0.0,0.0,0.016845703125,0.0,0.17950439453125,0.00152587890625,0.0,0.0,0.0,0.0367431640625,0.005615234375,4.098092126886949,-2.1107967983555866,-1.027746426435078
138,75.18712916666667,63.100105349951534,116.03949583333332,59.30795367609488,77.34508333333333,27.64460949551869,558.6597595019587,9.048696419721155,0.3360573929393219,0.0355071994376994,0.8873106343812727,95.7781454094118,49.78194058452669,8.035143769893885,0.0448520833333333,94.26717557251908,47.49802316938789,524,98.89158493847256,200.3396617608486,45.95244956772334,127.32087451655192,347,30.268166666666666,65.46431666666666,4.042308186899051,4.052390828755589,0.0359884752501907,0.0195372433850421,182.41854596009435,104.12278892549014,1669,Urban39,0.29998779296875,0.27978515625,0.0,0.0,0.0,0.00439453125,0.0001220703125,0.0,0.0,0.0,Urban,0.19403076171875,0.0,0.0,0.0,0.0,0.0,0.0,0.0,0.0,0.0,0.0,0.0,0.0,0.05316162109375,0.0,0.152099609375,0.0,0.0,0.0,0.0,0.01641845703125,0.0,0.7757536007155666,-0.717368713582888,1.0094701195940678
139,72.98169375,55.31063083740061,135.75409791666667,79.64664847572315,86.15664166666667,50.81070249847235,388.71917763915616,8.693328915981802,0.2906959700121275,0.0302712772916873,0.96113468419095,113.27486922437085,70.78429926833383,8.155830516160538,0.0538145833333333,116.08183079056866,56.50944923602499,721,61.131196297158944,128.64633437843676,16.602639296187682,27.80984644000251,682,47.63915,95.87601666666669,3.971062241245012,5.606777816361269,0.0312151159359062,0.0186805030196792,185.48748868372573,96.81900888011413,2501,Urban4,0.3070068359375,0.0,0.00567626953125,0.0,0.0,0.00128173828125,0.0,0.0,0.0,0.0,Urban,0.3031005859375,0.0,0.0,0.0,0.00469970703125,0.0,0.0,0.00048828125,0.0,0.0,0.0,0.0,0.0,0.02911376953125,0.0,0.2076416015625,0.00067138671875,0.0,0.0,0.0,0.00018310546875,0.0,1.4194745505031119,-0.9759569073613853,0.629760070910446
140,116.81144791666668,27.35286799761963,125.72576875,64.13269163854622,46.11188125,28.00920409143927,596.6913013624545,12.960265041277385,0.2595634637544738,0.0252795922279502,0.931319646360898,112.76930466227296,65.99450826747685,8.941164745754799,0.1134875,108.44376098418276,40.49811665111521,1138,111.69756598322542,226.79581518867013,28.463286713286717,125.91123151212189,858,52.73535,66.901475,3.838524609560272,3.97958318302336,0.0272971370571942,0.0132677251928187,182.7244056414465,113.6541458966822,3666,Urban41,0.138916015625,0.0,0.0,0.0,0.0,0.0,0.0,0.0,0.0,0.0,Urban,0.60052490234375,0.0,0.0,0.0,0.0,0.0,0.0,0.0,0.0,0.0001220703125,0.0,0.0,0.0,0.0020751953125,0.0,0.14239501953125,0.0,0.0,0.0,0.0,0.11041259765625,0.0006103515625,2.2205432477358267,-1.1261040732890675,-0.04332954655179852
141,120.3929125,17.47846767503787,85.74123958333334,73.19963302023288,74.23698541666667,39.886453663229496,274.29915925098663,7.3439339533603505,0.3554692525284323,0.0370687378409412,0.9722086458925608,70.21602621579041,70.47518536338845,7.831570864088128,0.0495416666666666,76.29814814814814,41.5374217300262,540,143.57857986450196,196.13996477642692,29.111666666666668,81.26733679994415,300,68.23200416666667,67.88977916666667,4.901867385132453,5.52333392563603,0.0231514052188835,0.0115382713918948,183.8462466335224,105.49004067500252,1311,Urban42,0.12274169921875,0.0,0.0,0.0,0.0,0.0,0.0,0.0,0.0,0.0,Urban,0.4688720703125,0.0,0.0,0.0,0.0,0.0,0.0,0.0,0.0,0.00128173828125,0.0,0.0,0.0,0.0,0.0,0.02880859375,0.0,0.0,0.0,0.0,0.35870361328125,0.0,3.2037292848950982,-1.823842261346073,-0.2577724645947435
142,109.66078333333331,44.94062771650008,151.44121041666668,73.51797536737682,46.496597916666666,36.11769864059026,665.126420353145,12.252675361610674,0.2912154633791494,0.0323317576786157,0.9450779611675671,138.76499398854577,77.89904561416901,8.805529196448678,0.0875104166666666,120.828373015873,57.13156034133378,1008,115.78285838847852,235.3752957029365,23.299236641221373,93.86982499833913,655,59.765683333333335,95.62568333333331,4.001951097297964,4.498599897285484,0.0287593627876195,0.013894840330938,187.25995274121547,109.10078061207624,3230,Urban43,0.216552734375,0.0,0.0,0.0,0.0,0.0,0.0,0.0,0.0,0.00103759765625,Urban,0.6240234375,0.0,0.0,0.0,0.0035400390625,0.0,0.0,0.0,0.0,0.0,0.0,0.0,0.0,0.03656005859375,0.0,0.099853515625,0.006591796875,0.0,0.0,0.0,0.0118408203125,0.0,2.013512463750124,-0.8649962209768641,0.14781268869368575
143,113.20282291666666,14.439840804101967,159.242,64.45695471397947,48.313725,25.946879018314355,697.8025047138365,14.458612716472231,0.2269587498682328,0.0353904248432612,0.9207644314902252,143.43109180033724,66.37226285327681,9.104851993749984,0.1142708333333333,119.38321456848772,41.52609882625994,1263,103.22254791228048,236.8461666065408,34.58536585365854,118.72890605895878,902,51.826366666666665,84.263475,4.529785263865937,4.735663250995139,0.0273131740999406,0.0118563480377335,177.69689922082097,109.95756557806476,4185,Urban44,0.1026611328125,0.0,0.0029296875,0.0,0.0,0.0,0.0,0.0,0.0,0.0,Urban,0.66082763671875,0.0382080078125,0.0,0.0,0.0062255859375,0.00091552734375,0.0,0.03704833984375,0.0,0.0,0.0,0.00341796875,0.0,0.05059814453125,0.0,0.060302734375,0.0,0.0,0.0,0.0,0.036865234375,0.0,2.001440219818682,-0.2755847103933016,-0.3002825974785608
144,118.17017708333331,36.19434296512336,101.29904791666668,68.32067480463147,58.16913125,31.103192508223444,303.3700519552151,7.881192054490899,0.3207621355977428,0.0328189760100922,0.9686070447366406,89.2753671773574,69.59900773589034,8.24002366957885,0.05193125,100.60032362459548,51.74070715205095,618,140.00471574973457,357.9564533637735,35.63924050632912,204.746337917342,316,63.19863333333333,51.28046666666667,4.207826345375267,5.055240908955642,0.0249077362453865,0.01327550988702,182.74690924388935,108.02528705058602,1407,Urban45,0.11761474609375,0.0,0.0,0.0,0.0,0.0,0.0,0.0,0.0,0.0,Urban,0.63787841796875,0.0,0.0,0.0,0.0,0.0,0.0,0.0,0.0,0.000244140625,0.0,0.0,0.0,0.07489013671875,0.0,0.1588134765625,0.0,0.0,0.0,0.0,0.01055908203125,0.0,1.8322706151869246,-0.5016212466698409,0.006298995003304375
145,123.55914583333332,52.856476717021785,107.20175833333332,77.67640011767794,62.18691666666667,39.77242323092374,435.2803689307159,9.206094759604213,0.3242226818752778,0.0478615394199536,0.9658671950427404,96.12068884815508,80.01042521318413,8.033885130503787,0.06766875,118.05813953488372,57.48123144672262,860,55.74581685284401,130.86550717218813,19.10143329658214,67.32023445498878,907,36.91139166666667,90.58395,3.3712771935342367,4.84839377760193,0.0328332193688873,0.0153232153636597,194.2982597246217,102.00479839807164,3638,Urban46,0.19073486328125,0.0753173828125,0.0,0.0,0.0,0.0,0.0,0.0,0.0,0.0,Urban,0.03094482421875,0.3592529296875,0.0,0.0,0.0,0.0,0.0,0.0,0.0,0.0,0.0,0.0,0.0,0.001953125,0.0,0.3388671875,0.0,0.0,0.0,0.0,0.0029296875,0.0,0.3160156553498606,-0.9185748104007356,0.027593074280822492
146,116.2290125,31.995672414794537,124.57390625,56.546986365613485,61.31656458333333,38.027915642519496,562.185140503225,13.329232885307242,0.1984579550228405,0.0199527986681041,0.9195035039260544,106.85027614468264,59.26621843584617,9.141130778798011,0.1135375,99.74351978171896,45.92295555405671,1466,125.96794088148488,301.32374115165635,44.59891598915989,223.6673248240495,738,72.26772916666667,58.944520833333335,4.369146159263054,5.049903795216437,0.024547794742828,0.0099441473011883,179.70066652929955,108.49478642357732,4014,Urban47,0.05963134765625,0.0,0.0,0.0,0.0,0.0,0.0,0.0,0.0,0.0,Urban,0.70556640625,0.0,0.0,0.0,0.00347900390625,0.0,0.0,0.0,0.0,0.00079345703125,0.0,0.0,0.0,0.03094482421875,0.0,0.10858154296875,0.001708984375,0.0,0.0,0.0,0.00128173828125,0.0166015625,3.14710618277905,-1.210781091007489,-0.9167714588641428
147,119.14922291666667,20.845147647301715,158.1906,78.4014731524436,63.80728333333333,23.66844334311804,708.2522081434854,10.810734502148494,0.396402915300345,0.0631806592341646,0.932052037085864,135.95106764620635,72.10381529213457,7.719854035203657,0.0682354166666666,128.025069637883,53.436859738906776,718,85.37733954803262,223.57461061994425,28.97472353870458,141.8816625013588,633,40.65894166666666,109.894875,3.6421890229193914,3.688758553695083,0.0364568021471523,0.0168676134745864,186.2365395054443,106.1418918676946,3021,Urban49,0.4691162109375,0.0,0.0,0.0,0.0,0.0,0.0,0.0,0.0,0.000244140625,Urban,0.2025146484375,0.00543212890625,0.0,0.0,0.00213623046875,0.0,0.0,0.0,0.0,0.002685546875,0.0,0.0,0.0,0.0025634765625,0.0,0.2574462890625,0.0,0.0,0.0,0.0,0.057861328125,0.0,1.739399058588635,-1.6007268219216388,1.0580817246419842
148,93.68365208333331,47.61259340845607,152.01903125,73.84656383268525,75.0198,42.59416792582447,482.01338612569634,10.019624246326252,0.3357267207446344,0.0657271646826517,0.9557471757092948,131.81466011728008,73.90105179450472,8.124793991838269,0.0711125,131.27829560585886,56.00426600902431,751,82.39070953234382,166.71245240901015,23.88768115942029,62.28440548874772,690,48.53856666666667,102.272475,3.7132894290486655,5.429015169804684,0.0282603292225951,0.0161236930940356,187.18237808802704,96.49317872713466,3157,Urban5,0.2850341796875,0.0,0.0,0.0,0.0,0.0,0.0,0.0,0.0,0.0,Urban,0.36932373046875,0.0,0.0,0.0,0.00048828125,0.0,0.0,0.0,0.0,0.0,0.0,0.0,0.0,0.0181884765625,0.0,0.198974609375,0.0003662109375,0.0,0.0,0.0,0.004150390625,0.0,1.308353143371481,-0.9207489877906515,0.5860943109555916
149,120.94376458333332,26.67838993757392,129.80601458333334,77.71237042823225,55.21715416666667,27.467036272009757,628.5975316563695,13.638126072905036,0.226526510946508,0.0253572928919019,0.9450315643066564,114.44605102522353,75.71515816840322,9.089640063367325,0.1079729166666666,116.40838404327248,56.724982935252086,1479,119.98925565874372,215.5825453970532,27.892904073587385,74.48400265396663,761,78.94205833333334,91.7734,4.457566025381616,4.941033837653474,0.0249657316554882,0.0113735472069376,183.2376232984686,111.0695690965797,3849,Urban50,0.09124755859375,0.0,0.0,0.0,0.0,0.0,0.0,0.0,0.0,0.0,Urban,0.802978515625,0.0,0.0,0.0,0.0,0.0,0.0,0.0,0.0,0.0006103515625,0.0,0.0,0.0,0.0166015625,0.0,0.05352783203125,0.0330810546875,0.0,0.0,0.0,0.001953125,0.0,2.4891300226464628,-0.8979726224911607,-0.3376365606149807
150,98.90928333333332,61.46762521566175,130.66125,74.04214761497333,94.86330833333334,50.21561011002054,477.3355462446208,9.06707250916952,0.3068635684563914,0.0319660162308192,0.9476411193086552,105.35582775378468,67.53557343485329,8.169875683903136,0.0509833333333333,133.80555555555554,55.55765968237608,648,48.15323361173654,111.8887643093876,17.858974358974358,51.3260815787657,780,42.41413333333333,90.695325,3.8281855901598414,6.740449887419096,0.0356099371866875,0.021433796058719,187.9330470031474,101.54448790109504,2310,Urban6,0.374267578125,0.0,0.0,0.0,0.0,0.0,0.0,0.0,0.0,0.0,Urban,0.3040771484375,0.0,0.0,0.0,0.0001220703125,0.0,0.0,0.0,0.0,0.0,0.0,0.0,0.0,0.0,0.0,0.0,0.0,0.0,0.0,0.0,0.00933837890625,0.0008544921875,0.5782333312112646,-0.797157291443053,0.83764023813684
151,91.68138333333332,41.67621059133202,124.26399166666668,62.368831692867744,79.66064166666666,26.01590720286848,160.33957214114213,5.726250446710297,0.3398343557354999,0.0335950011716076,0.9678825628289492,101.69096725146336,49.92727189171284,7.718113272346745,0.0290416666666666,69.0018115942029,44.566490754460375,552,67.64898982374635,133.13754078739527,11.13835616438356,18.99771168726905,365,43.74229166666667,63.95621666666667,4.354590862769392,7.580768783437282,0.0228237061172271,0.0127928752014894,191.50770065645588,118.13756755090265,1219,Urban7,0.5474853515625,0.0,0.0,0.0,0.0,0.0,0.0,0.0,0.0,0.0,Urban,0.3148193359375,0.0,0.0,0.0,6.103515625e-05,0.0,0.0,0.0,0.0,0.0,0.0,0.0,0.0,0.0,0.0,0.0,0.0,0.0,0.0,0.0,0.0,0.0,0.5460621315596711,-1.000715171794799,1.4208310985930346
152,70.01456458333334,41.493039807373066,160.51785416666667,50.545520964394726,46.0912625,32.92820384800989,393.8517711345742,9.902482059154574,0.2856998499410731,0.0279531047439174,0.8916152455263278,144.7261730231296,42.65540727310077,8.512864361450639,0.1046125,134.94582881906825,50.01530958943615,923,92.34678746627692,253.72396825429183,25.07119386637459,104.17754545695335,913,38.428175,41.853883333333336,3.575030210120225,4.343581348234352,0.0271109275695684,0.0122297733941375,179.41919884400798,106.65740273112726,2733,Urban8,0.29180908203125,0.02197265625,0.0009765625,0.0,0.0,0.0,0.0,0.0,0.0,0.0,Urban,0.24310302734375,0.04986572265625,0.0,0.0,0.00128173828125,6.103515625e-05,0.0,0.0003662109375,0.0,0.000244140625,0.001953125,0.0,0.0,0.1533203125,0.0,0.23089599609375,0.0,0.0,0.0,0.0,0.004150390625,0.0,1.4754293266387928,-0.5292241063955169,0.6431555387384372
153,54.20341875,45.3013389470497,165.39975,48.34936224092482,46.7958625,32.81108912468101,397.6148449658052,10.082271593302568,0.2791384665225582,0.0273170268523686,0.8881527176130843,149.98273298090083,42.18965164158082,8.53996897993327,0.1085479166666666,139.5121212121212,49.81597807188005,990,88.62524258821989,356.01121917870466,25.583930399181167,169.73224780350122,977,37.234145833333336,39.3358875,3.5156967099008343,4.6832120676974505,0.0270092519159456,0.012255512523682,183.3944343447061,106.08336313838028,2865,Urban9,0.27130126953125,0.03192138671875,0.0,0.0,0.0,0.0,0.0,0.0,0.0,0.0,Urban,0.24615478515625,0.05499267578125,0.0,0.0,0.0,0.00030517578125,0.0,0.0,0.0,0.0,0.00164794921875,0.0,0.0,0.17022705078125,0.0,0.22076416015625,0.0,0.0,0.0,0.0,0.002685546875,0.0,1.3946956063841738,-0.38922185030831014,0.6118183604737056
