participant_id,best_nll,best_initial_guess,best_parameters,best_EV,exploitation,AIC,BIC
200,137.42032528631398,"[0.07419664068710885, 0.42105263541122595]",[1.00000000e-04 6.95425729e-01],[  -8.87603557  -60.01114703 -205.66560606  -30.44374478],"['exploitation', 'exploration', 'exploration', 'exploration', 'exploration', 'exploration', 'exploration', 'exploration', 'exploration', 'exploration', 'exploration', 'exploration', 'exploration', 'exploration', 'exploitation', 'exploration', 'exploration', 'exploitation', 'exploration', 'exploration', 'exploration', 'exploration', 'exploration', 'exploration', 'exploitation', 'exploration', 'exploration', 'exploration', 'exploitation', 'exploration', 'exploration', 'exploitation', 'exploration', 'exploration', 'exploration', 'exploration', 'exploration', 'exploration', 'exploration', 'exploration', 'exploration', 'exploration', 'exploration', 'exploration', 'exploration', 'exploration', 'exploration', 'exploration', 'exploration', 'exploration', 'exploration', 'exploration', 'exploration', 'exploitation', 'exploration', 'exploitation', 'exploration', 'exploration', 'exploration', 'exploration', 'exploration', 'exploration', 'exploration', 'exploitation', 'exploration', 'exploration', 'exploration', 'exploration', 'exploration', 'exploration', 'exploration', 'exploration', 'exploration', 'exploration', 'exploration', 'exploitation', 'exploration', 'exploration', 'exploration', 'exploration', 'exploration', 'exploration', 'exploration', 'exploration', 'exploration', 'exploration', 'exploration', 'exploration', 'exploration', 'exploration', 'exploration', 'exploration', 'exploration', 'exploration', 'exploration', 'exploitation', 'exploitation', 'exploitation', 'exploration']",278.84065057262796,284.0308902728971
201,137.7233843600168,"[2.677863933744607, 0.8429724177106926]",[0.0001 0.0001],[ -50.28774059 -447.05462968 1147.88249655 1642.12436684],"['exploration', 'exploration', 'exploration', 'exploration', 'exploration', 'exploration', 'exploitation', 'exploitation', 'exploitation', 'exploitation', 'exploitation', 'exploitation', 'exploitation', 'exploration', 'exploration', 'exploration', 'exploration', 'exploration', 'exploration', 'exploration', 'exploration', 'exploration', 'exploration', 'exploration', 'exploration', 'exploration', 'exploration', 'exploration', 'exploration', 'exploitation', 'exploitation', 'exploitation', 'exploitation', 'exploration', 'exploration', 'exploration', 'exploration', 'exploration', 'exploration', 'exploration', 'exploration', 'exploration', 'exploration', 'exploration', 'exploration', 'exploration', 'exploration', 'exploitation', 'exploitation', 'exploitation', 'exploitation', 'exploration', 'exploration', 'exploration', 'exploration', 'exploration', 'exploration', 'exploration', 'exploration', 'exploration', 'exploration', 'exploration', 'exploration', 'exploration', 'exploitation', 'exploitation', 'exploitation', 'exploitation', 'exploration', 'exploration', 'exploration', 'exploration', 'exploration', 'exploration', 'exploration', 'exploration', 'exploration', 'exploitation', 'exploitation', 'exploitation', 'exploitation', 'exploitation', 'exploitation', 'exploitation', 'exploitation', 'exploitation', 'exploitation', 'exploration', 'exploration', 'exploration', 'exploration', 'exploration', 'exploration', 'exploration', 'exploration', 'exploration', 'exploration', 'exploitation', 'exploitation']",279.4467687200336,284.6370084203028
202,137.26091528455294,"[1.289820964929299, 0.8961901279207295]",[1.00000000e-04 6.98313346e-01],[   1.6602834  -193.27432618 -200.49985109   -9.13105697],"['exploration', 'exploration', 'exploration', 'exploration', 'exploration', 'exploration', 'exploration', 'exploration', 'exploration', 'exploration', 'exploration', 'exploration', 'exploration', 'exploitation', 'exploitation', 'exploration', 'exploration', 'exploration', 'exploration', 'exploration', 'exploration', 'exploration', 'exploration', 'exploration', 'exploration', 'exploration', 'exploitation', 'exploration', 'exploitation', 'exploration', 'exploitation', 'exploration', 'exploration', 'exploration', 'exploration', 'exploration', 'exploration', 'exploration', 'exploration', 'exploration', 'exploration', 'exploration', 'exploration', 'exploration', 'exploration', 'exploration', 'exploration', 'exploration', 'exploration', 'exploration', 'exploration', 'exploitation', 'exploration', 'exploration', 'exploration', 'exploration', 'exploration', 'exploration', 'exploration', 'exploration', 'exploration', 'exploration', 'exploration', 'exploration', 'exploration', 'exploration', 'exploitation', 'exploration', 'exploration', 'exploitation', 'exploration', 'exploration', 'exploration', 'exploration', 'exploration', 'exploration', 'exploration', 'exploitation', 'exploration', 'exploration', 'exploration', 'exploitation', 'exploitation', 'exploration', 'exploration', 'exploration', 'exploration', 'exploitation', 'exploration', 'exploration', 'exploration', 'exploration', 'exploration', 'exploration', 'exploration', 'exploration', 'exploitation', 'exploration', 'exploration']",278.5218305691059,283.71207026937503
203,137.66821432087417,"[0.9511269453878957, 0.8056418101967455]",[1.000e-04 9.999e-01],[1.99894992e+02 1.00050011e-18 1.05126069e-45 6.50185016e-10],"['exploration', 'exploitation', 'exploitation', 'exploitation', 'exploitation', 'exploration', 'exploration', 'exploitation', 'exploration', 'exploitation', 'exploitation', 'exploitation', 'exploration', 'exploitation', 'exploitation', 'exploitation', 'exploitation', 'exploration', 'exploitation', 'exploitation', 'exploitation', 'exploration', 'exploration', 'exploration', 'exploration', 'exploration', 'exploration', 'exploration', 'exploration', 'exploitation', 'exploitation', 'exploitation', 'exploration', 'exploration', 'exploitation', 'exploitation', 'exploitation', 'exploration', 'exploration', 'exploration', 'exploration', 'exploration', 'exploration', 'exploitation', 'exploitation', 'exploitation', 'exploration', 'exploitation', 'exploration', 'exploration', 'exploration', 'exploration', 'exploitation', 'exploration', 'exploitation', 'exploration', 'exploitation', 'exploration', 'exploration', 'exploration', 'exploitation', 'exploration', 'exploitation', 'exploration', 'exploitation', 'exploration', 'exploitation', 'exploration', 'exploration', 'exploration', 'exploitation', 'exploitation', 'exploitation', 'exploration', 'exploitation', 'exploitation', 'exploitation', 'exploration', 'exploitation', 'exploration', 'exploration', 'exploration', 'exploitation', 'exploration', 'exploitation', 'exploration', 'exploration', 'exploration', 'exploration', 'exploration', 'exploitation', 'exploration', 'exploitation', 'exploration', 'exploration', 'exploration', 'exploitation', 'exploration', 'exploitation']",279.33642864174834,284.5266683420175
204,93.04695209325831,"[0.520077046425514, 0.6874554196208436]",[0.00186873 0.0001    ],[ 149.5436781  -148.43263876 2641.73383888  547.18486329],"['exploration', 'exploration', 'exploitation', 'exploitation', 'exploration', 'exploration', 'exploitation', 'exploitation', 'exploitation', 'exploitation', 'exploitation', 'exploitation', 'exploitation', 'exploration', 'exploration', 'exploration', 'exploration', 'exploration', 'exploration', 'exploration', 'exploration', 'exploration', 'exploration', 'exploration', 'exploration', 'exploration', 'exploration', 'exploration', 'exploration', 'exploration', 'exploitation', 'exploration', 'exploration', 'exploration', 'exploration', 'exploration', 'exploration', 'exploration', 'exploration', 'exploration', 'exploration', 'exploration', 'exploration', 'exploration', 'exploration', 'exploitation', 'exploration', 'exploration', 'exploration', 'exploration', 'exploitation', 'exploitation', 'exploitation', 'exploration', 'exploration', 'exploitation', 'exploitation', 'exploitation', 'exploitation', 'exploration', 'exploitation', 'exploitation', 'exploitation', 'exploitation', 'exploitation', 'exploitation', 'exploitation', 'exploitation', 'exploitation', 'exploitation', 'exploitation', 'exploitation', 'exploitation', 'exploitation', 'exploitation', 'exploitation', 'exploitation', 'exploitation', 'exploitation', 'exploitation', 'exploitation', 'exploitation', 'exploitation', 'exploitation', 'exploitation', 'exploitation', 'exploitation', 'exploitation', 'exploitation', 'exploitation', 'exploitation', 'exploitation', 'exploitation', 'exploitation', 'exploitation', 'exploitation', 'exploitation', 'exploitation', 'exploitation']",190.09390418651662,195.2841438867858
205,136.42667564643833,"[1.2911646666460699, 0.7770476383865826]",[7.48518423e-04 9.99900000e-01],[ 2.00040006e-02  1.00070023e-22 -2.00260158e-46 -1.00000000e+02],"['exploitation', 'exploration', 'exploration', 'exploitation', 'exploitation', 'exploration', 'exploration', 'exploration', 'exploration', 'exploitation', 'exploitation', 'exploration', 'exploitation', 'exploration', 'exploration', 'exploitation', 'exploitation', 'exploitation', 'exploitation', 'exploitation', 'exploration', 'exploitation', 'exploration', 'exploration', 'exploitation', 'exploitation', 'exploitation', 'exploitation', 'exploration', 'exploitation', 'exploitation', 'exploration', 'exploitation', 'exploitation', 'exploration', 'exploitation', 'exploitation', 'exploration', 'exploitation', 'exploration', 'exploration', 'exploration', 'exploitation', 'exploitation', 'exploration', 'exploration', 'exploitation', 'exploitation', 'exploitation', 'exploitation', 'exploration', 'exploitation', 'exploitation', 'exploration', 'exploration', 'exploitation', 'exploration', 'exploitation', 'exploitation', 'exploration', 'exploration', 'exploitation', 'exploitation', 'exploration', 'exploration', 'exploitation', 'exploration', 'exploitation', 'exploitation', 'exploitation', 'exploration', 'exploitation', 'exploration', 'exploitation', 'exploitation', 'exploitation', 'exploration', 'exploration', 'exploitation', 'exploitation', 'exploration', 'exploitation', 'exploitation', 'exploitation', 'exploration', 'exploration', 'exploitation', 'exploitation', 'exploration', 'exploitation', 'exploitation', 'exploitation', 'exploration', 'exploration', 'exploitation', 'exploitation', 'exploitation', 'exploration', 'exploration']",276.85335129287665,282.0435909931458
206,137.32549097383782,"[1.4482811319984252, 0.1593200993012719]",[1.000e-04 9.999e-01],[-1.05000000e+03 -6.50780429e-46  1.05008499e-01 -1.00190171e-74],"['exploration', 'exploitation', 'exploitation', 'exploitation', 'exploration', 'exploration', 'exploitation', 'exploitation', 'exploitation', 'exploitation', 'exploitation', 'exploration', 'exploitation', 'exploitation', 'exploitation', 'exploration', 'exploitation', 'exploitation', 'exploitation', 'exploration', 'exploration', 'exploitation', 'exploitation', 'exploration', 'exploitation', 'exploitation', 'exploration', 'exploitation', 'exploitation', 'exploitation', 'exploitation', 'exploration', 'exploitation', 'exploitation', 'exploitation', 'exploration', 'exploitation', 'exploration', 'exploration', 'exploitation', 'exploitation', 'exploitation', 'exploitation', 'exploration', 'exploitation', 'exploitation', 'exploitation', 'exploitation', 'exploration', 'exploitation', 'exploitation', 'exploitation', 'exploration', 'exploitation', 'exploration', 'exploitation', 'exploitation', 'exploitation', 'exploration', 'exploration', 'exploration', 'exploration', 'exploitation', 'exploration', 'exploitation', 'exploration', 'exploitation', 'exploitation', 'exploitation', 'exploitation', 'exploration', 'exploitation', 'exploitation', 'exploitation', 'exploration', 'exploitation', 'exploitation', 'exploitation', 'exploration', 'exploration', 'exploration', 'exploration', 'exploitation', 'exploitation', 'exploitation', 'exploration', 'exploitation', 'exploration', 'exploitation', 'exploitation', 'exploitation', 'exploration', 'exploitation', 'exploration', 'exploration', 'exploration', 'exploration', 'exploration', 'exploitation']",278.65098194767563,283.8412216479448
207,136.62298871591702,"[0.811402008563417, 0.33471488991092857]",[0.00019098 0.0001    ],[-1147.56304979  -848.49250229   300.21413644  1744.57239245],"['exploration', 'exploration', 'exploration', 'exploitation', 'exploration', 'exploration', 'exploration', 'exploitation', 'exploration', 'exploitation', 'exploitation', 'exploration', 'exploration', 'exploitation', 'exploitation', 'exploitation', 'exploitation', 'exploitation', 'exploration', 'exploration', 'exploration', 'exploration', 'exploration', 'exploration', 'exploration', 'exploration', 'exploitation', 'exploitation', 'exploitation', 'exploitation', 'exploration', 'exploration', 'exploration', 'exploration', 'exploitation', 'exploration', 'exploration', 'exploration', 'exploration', 'exploration', 'exploitation', 'exploration', 'exploitation', 'exploration', 'exploration', 'exploitation', 'exploitation', 'exploration', 'exploration', 'exploration', 'exploitation', 'exploration', 'exploitation', 'exploration', 'exploitation', 'exploration', 'exploitation', 'exploration', 'exploration', 'exploration', 'exploration', 'exploration', 'exploration', 'exploration', 'exploration', 'exploration', 'exploration', 'exploitation', 'exploration', 'exploration', 'exploration', 'exploration', 'exploration', 'exploration', 'exploitation', 'exploration', 'exploration', 'exploration', 'exploitation', 'exploration', 'exploration', 'exploitation', 'exploration', 'exploration', 'exploitation', 'exploitation', 'exploration', 'exploitation', 'exploitation', 'exploration', 'exploration', 'exploration', 'exploitation', 'exploration', 'exploration', 'exploration', 'exploration', 'exploitation', 'exploration']",277.24597743183404,282.4362171321032
208,131.00801589020276,"[0.4669475333554051, 0.6472086783828629]",[0.00213835 0.75738049],[ 9.01185342e-01 -1.50388076e+02 -1.99999957e+02  3.06738101e-02],"['exploration', 'exploitation', 'exploitation', 'exploitation', 'exploitation', 'exploitation', 'exploration', 'exploitation', 'exploitation', 'exploitation', 'exploitation', 'exploitation', 'exploration', 'exploitation', 'exploitation', 'exploitation', 'exploitation', 'exploitation', 'exploitation', 'exploitation', 'exploitation', 'exploitation', 'exploitation', 'exploitation', 'exploration', 'exploitation', 'exploitation', 'exploitation', 'exploitation', 'exploration', 'exploitation', 'exploitation', 'exploitation', 'exploration', 'exploitation', 'exploitation', 'exploitation', 'exploitation', 'exploitation', 'exploitation', 'exploration', 'exploitation', 'exploitation', 'exploitation', 'exploitation', 'exploration', 'exploration', 'exploitation', 'exploitation', 'exploitation', 'exploration', 'exploration', 'exploitation', 'exploitation', 'exploration', 'exploration', 'exploration', 'exploration', 'exploitation', 'exploitation', 'exploitation', 'exploration', 'exploration', 'exploitation', 'exploitation', 'exploration', 'exploitation', 'exploration', 'exploration', 'exploration', 'exploitation', 'exploitation', 'exploration', 'exploitation', 'exploitation', 'exploration', 'exploitation', 'exploration', 'exploitation', 'exploitation', 'exploitation', 'exploration', 'exploration', 'exploration', 'exploration', 'exploration', 'exploration', 'exploration', 'exploration', 'exploration', 'exploration', 'exploration', 'exploitation', 'exploitation', 'exploration', 'exploitation', 'exploitation', 'exploration', 'exploration']",266.0160317804055,271.2062714806747
209,137.3547437750968,"[1.0090756938787449, 0.13008119129861379]",[0.0001 0.0001],[-1640.00964545  -945.00471044  1252.4941439    302.62680505],"['exploration', 'exploitation', 'exploration', 'exploitation', 'exploration', 'exploitation', 'exploitation', 'exploration', 'exploitation', 'exploration', 'exploration', 'exploration', 'exploration', 'exploration', 'exploration', 'exploitation', 'exploitation', 'exploitation', 'exploration', 'exploration', 'exploration', 'exploration', 'exploration', 'exploitation', 'exploration', 'exploration', 'exploitation', 'exploration', 'exploration', 'exploration', 'exploration', 'exploration', 'exploration', 'exploration', 'exploration', 'exploration', 'exploitation', 'exploitation', 'exploration', 'exploration', 'exploration', 'exploration', 'exploration', 'exploration', 'exploration', 'exploration', 'exploration', 'exploration', 'exploration', 'exploration', 'exploration', 'exploration', 'exploration', 'exploration', 'exploration', 'exploration', 'exploration', 'exploration', 'exploration', 'exploration', 'exploration', 'exploration', 'exploration', 'exploitation', 'exploration', 'exploration', 'exploration', 'exploration', 'exploration', 'exploration', 'exploitation', 'exploitation', 'exploitation', 'exploitation', 'exploitation', 'exploration', 'exploration', 'exploration', 'exploration', 'exploration', 'exploration', 'exploration', 'exploration', 'exploitation', 'exploration', 'exploration', 'exploration', 'exploration', 'exploitation', 'exploitation', 'exploitation', 'exploration', 'exploration', 'exploitation', 'exploitation', 'exploitation', 'exploitation', 'exploration', 'exploration']",278.7094875501936,283.8997272504628
210,136.9188509630121,"[0.4510306595642474, 0.5822933284003758]",[0.00015277 0.0001    ],[-895.04384049  -49.27915031  547.99897777 1798.11204402],"['exploitation', 'exploration', 'exploration', 'exploration', 'exploration', 'exploration', 'exploitation', 'exploitation', 'exploitation', 'exploitation', 'exploration', 'exploration', 'exploitation', 'exploitation', 'exploitation', 'exploration', 'exploration', 'exploration', 'exploration', 'exploration', 'exploration', 'exploration', 'exploration', 'exploration', 'exploration', 'exploration', 'exploration', 'exploration', 'exploration', 'exploration', 'exploration', 'exploration', 'exploration', 'exploration', 'exploration', 'exploration', 'exploration', 'exploitation', 'exploration', 'exploration', 'exploration', 'exploration', 'exploration', 'exploration', 'exploration', 'exploration', 'exploration', 'exploitation', 'exploration', 'exploration', 'exploration', 'exploration', 'exploration', 'exploration', 'exploration', 'exploration', 'exploration', 'exploitation', 'exploration', 'exploration', 'exploration', 'exploration', 'exploration', 'exploration', 'exploration', 'exploration', 'exploration', 'exploration', 'exploration', 'exploration', 'exploration', 'exploration', 'exploration', 'exploitation', 'exploration', 'exploration', 'exploration', 'exploration', 'exploitation', 'exploitation', 'exploitation', 'exploration', 'exploration', 'exploitation', 'exploitation', 'exploitation', 'exploitation', 'exploitation', 'exploitation', 'exploitation', 'exploitation', 'exploitation', 'exploitation', 'exploitation', 'exploitation', 'exploitation', 'exploitation', 'exploitation', 'exploitation']",277.8377019260242,283.02794162629334
211,137.28878639031836,"[0.11257993638520378, 0.6587988242160912]",[1.00000000e-04 6.33156868e-01],[-1.02124845e+03  1.08868282e-14 -8.69203592e+01 -2.60858438e-35],"['exploitation', 'exploration', 'exploration', 'exploitation', 'exploration', 'exploration', 'exploration', 'exploration', 'exploration', 'exploration', 'exploitation', 'exploitation', 'exploration', 'exploitation', 'exploitation', 'exploitation', 'exploration', 'exploitation', 'exploitation', 'exploitation', 'exploration', 'exploitation', 'exploration', 'exploration', 'exploration', 'exploration', 'exploration', 'exploitation', 'exploitation', 'exploration', 'exploration', 'exploration', 'exploration', 'exploitation', 'exploration', 'exploitation', 'exploration', 'exploration', 'exploration', 'exploration', 'exploration', 'exploitation', 'exploration', 'exploitation', 'exploration', 'exploitation', 'exploitation', 'exploitation', 'exploitation', 'exploration', 'exploration', 'exploitation', 'exploitation', 'exploitation', 'exploration', 'exploration', 'exploitation', 'exploration', 'exploration', 'exploration', 'exploitation', 'exploration', 'exploration', 'exploration', 'exploitation', 'exploitation', 'exploitation', 'exploration', 'exploration', 'exploration', 'exploration', 'exploitation', 'exploitation', 'exploitation', 'exploration', 'exploitation', 'exploration', 'exploration', 'exploration', 'exploitation', 'exploration', 'exploitation', 'exploration', 'exploitation', 'exploration', 'exploitation', 'exploration', 'exploitation', 'exploration', 'exploration', 'exploitation', 'exploitation', 'exploitation', 'exploration', 'exploration', 'exploitation', 'exploration', 'exploitation', 'exploration']",278.57757278063673,283.7678124809059
212,130.07799215998494,"[0.6315683351364612, 0.4429359787553396]",[0.00222076 0.44898495],[ -2.13473647 158.06404756 -33.45979231  -9.2184253 ],"['exploitation', 'exploration', 'exploration', 'exploitation', 'exploration', 'exploitation', 'exploration', 'exploration', 'exploration', 'exploitation', 'exploitation', 'exploration', 'exploitation', 'exploration', 'exploration', 'exploitation', 'exploitation', 'exploitation', 'exploration', 'exploration', 'exploitation', 'exploitation', 'exploitation', 'exploitation', 'exploitation', 'exploration', 'exploration', 'exploration', 'exploration', 'exploration', 'exploitation', 'exploration', 'exploration', 'exploration', 'exploration', 'exploration', 'exploitation', 'exploration', 'exploration', 'exploration', 'exploration', 'exploration', 'exploration', 'exploration', 'exploitation', 'exploration', 'exploration', 'exploration', 'exploitation', 'exploration', 'exploration', 'exploitation', 'exploitation', 'exploration', 'exploration', 'exploitation', 'exploration', 'exploration', 'exploration', 'exploitation', 'exploration', 'exploration', 'exploration', 'exploitation', 'exploration', 'exploration', 'exploration', 'exploration', 'exploitation', 'exploration', 'exploitation', 'exploration', 'exploitation', 'exploitation', 'exploitation', 'exploration', 'exploitation', 'exploitation', 'exploration', 'exploration', 'exploration', 'exploration', 'exploitation', 'exploration', 'exploitation', 'exploitation', 'exploitation', 'exploitation', 'exploration', 'exploitation', 'exploitation', 'exploitation', 'exploitation', 'exploitation', 'exploitation', 'exploration', 'exploitation', 'exploitation', 'exploitation']",264.1559843199699,269.34622402023905
213,138.05833081495135,"[0.03585874914226124, 0.15029518691228425]",[1.000e-04 9.999e-01],[ 2.00060010e-06  1.00130080e-46 -2.00020002e+02  6.50445128e-26],"['exploration', 'exploitation', 'exploration', 'exploitation', 'exploration', 'exploration', 'exploration', 'exploration', 'exploration', 'exploitation', 'exploration', 'exploitation', 'exploitation', 'exploitation', 'exploitation', 'exploration', 'exploration', 'exploration', 'exploitation', 'exploration', 'exploration', 'exploitation', 'exploration', 'exploration', 'exploration', 'exploration', 'exploitation', 'exploration', 'exploitation', 'exploitation', 'exploration', 'exploration', 'exploitation', 'exploitation', 'exploration', 'exploitation', 'exploration', 'exploitation', 'exploitation', 'exploitation', 'exploration', 'exploitation', 'exploration', 'exploitation', 'exploitation', 'exploration', 'exploration', 'exploration', 'exploration', 'exploration', 'exploitation', 'exploitation', 'exploitation', 'exploration', 'exploitation', 'exploration', 'exploitation', 'exploitation', 'exploration', 'exploration', 'exploration', 'exploration', 'exploration', 'exploitation', 'exploitation', 'exploitation', 'exploration', 'exploitation', 'exploration', 'exploitation', 'exploitation', 'exploration', 'exploration', 'exploration', 'exploration', 'exploration', 'exploration', 'exploration', 'exploitation', 'exploitation', 'exploitation', 'exploration', 'exploitation', 'exploration', 'exploitation', 'exploitation', 'exploration', 'exploration', 'exploration', 'exploration', 'exploration', 'exploration', 'exploration', 'exploitation', 'exploitation', 'exploitation', 'exploration', 'exploration', 'exploration']",280.1166616299027,285.30690133017185
214,132.61770796355998,"[1.3572402240826287, 0.3173549587470118]",[0.00191357 0.64508228],[ 9.09383069e-04  1.28012443e-03  6.16427373e-08 -6.00102495e+01],"['exploration', 'exploration', 'exploration', 'exploration', 'exploitation', 'exploration', 'exploration', 'exploration', 'exploration', 'exploration', 'exploitation', 'exploration', 'exploration', 'exploration', 'exploitation', 'exploration', 'exploitation', 'exploration', 'exploration', 'exploration', 'exploration', 'exploitation', 'exploration', 'exploration', 'exploration', 'exploitation', 'exploitation', 'exploitation', 'exploitation', 'exploitation', 'exploration', 'exploration', 'exploitation', 'exploration', 'exploration', 'exploitation', 'exploration', 'exploration', 'exploration', 'exploration', 'exploration', 'exploitation', 'exploration', 'exploration', 'exploration', 'exploration', 'exploitation', 'exploration', 'exploration', 'exploitation', 'exploration', 'exploration', 'exploration', 'exploration', 'exploitation', 'exploration', 'exploitation', 'exploration', 'exploration', 'exploration', 'exploration', 'exploration', 'exploration', 'exploration', 'exploration', 'exploration', 'exploitation', 'exploration', 'exploration', 'exploitation', 'exploitation', 'exploration', 'exploration', 'exploration', 'exploitation', 'exploration', 'exploitation', 'exploration', 'exploration', 'exploration', 'exploitation', 'exploration', 'exploration', 'exploration', 'exploration', 'exploration', 'exploration', 'exploration', 'exploration', 'exploration', 'exploration', 'exploitation', 'exploitation', 'exploration', 'exploration', 'exploration', 'exploitation', 'exploitation', 'exploration']",269.23541592711996,274.4256556273891
215,120.62661406170825,"[0.5660185020741759, 0.7951468696072017]",[0.00389451 0.51597471],[-47.90008331 147.5390243  -22.7112524  -23.46311652],"['exploration', 'exploration', 'exploitation', 'exploitation', 'exploration', 'exploitation', 'exploration', 'exploitation', 'exploration', 'exploration', 'exploration', 'exploration', 'exploitation', 'exploration', 'exploitation', 'exploitation', 'exploitation', 'exploitation', 'exploration', 'exploration', 'exploitation', 'exploration', 'exploration', 'exploration', 'exploitation', 'exploration', 'exploitation', 'exploitation', 'exploitation', 'exploration', 'exploitation', 'exploration', 'exploitation', 'exploitation', 'exploitation', 'exploitation', 'exploration', 'exploration', 'exploration', 'exploitation', 'exploration', 'exploitation', 'exploitation', 'exploration', 'exploration', 'exploitation', 'exploitation', 'exploitation', 'exploration', 'exploration', 'exploitation', 'exploitation', 'exploitation', 'exploitation', 'exploitation', 'exploitation', 'exploration', 'exploitation', 'exploitation', 'exploitation', 'exploitation', 'exploration', 'exploration', 'exploitation', 'exploration', 'exploration', 'exploration', 'exploitation', 'exploitation', 'exploration', 'exploitation', 'exploration', 'exploration', 'exploitation', 'exploration', 'exploitation', 'exploitation', 'exploitation', 'exploitation', 'exploration', 'exploitation', 'exploration', 'exploration', 'exploitation', 'exploitation', 'exploration', 'exploration', 'exploitation', 'exploitation', 'exploitation', 'exploitation', 'exploitation', 'exploitation', 'exploitation', 'exploitation', 'exploitation', 'exploitation', 'exploitation', 'exploitation']",245.2532281234165,250.4434678236857
216,82.15500561394418,"[0.3333781218274654, 0.023973072629420545]",[0.00215863 0.00166195],[ -82.95924079 -683.45656666 2922.14044271 -345.75464115],"['exploration', 'exploitation', 'exploitation', 'exploitation', 'exploitation', 'exploration', 'exploration', 'exploration', 'exploitation', 'exploration', 'exploitation', 'exploration', 'exploration', 'exploration', 'exploration', 'exploration', 'exploration', 'exploration', 'exploration', 'exploration', 'exploration', 'exploration', 'exploitation', 'exploitation', 'exploitation', 'exploitation', 'exploitation', 'exploration', 'exploitation', 'exploitation', 'exploration', 'exploitation', 'exploitation', 'exploration', 'exploration', 'exploitation', 'exploration', 'exploration', 'exploration', 'exploration', 'exploration', 'exploration', 'exploration', 'exploitation', 'exploitation', 'exploration', 'exploration', 'exploration', 'exploitation', 'exploitation', 'exploitation', 'exploitation', 'exploration', 'exploitation', 'exploitation', 'exploitation', 'exploitation', 'exploitation', 'exploitation', 'exploitation', 'exploitation', 'exploitation', 'exploitation', 'exploitation', 'exploitation', 'exploitation', 'exploitation', 'exploitation', 'exploitation', 'exploitation', 'exploitation', 'exploitation', 'exploitation', 'exploitation', 'exploitation', 'exploitation', 'exploitation', 'exploitation', 'exploitation', 'exploitation', 'exploitation', 'exploitation', 'exploitation', 'exploitation', 'exploitation', 'exploitation', 'exploitation', 'exploitation', 'exploitation', 'exploitation', 'exploitation', 'exploitation', 'exploitation', 'exploitation', 'exploitation', 'exploitation', 'exploitation', 'exploitation', 'exploitation']",168.31001122788837,173.50025092815756
217,133.18227908309387,"[1.2939821752130163, 0.7292872562683257]",[0.00195249 0.95157115],[ 3.49812311e-14  1.19358644e-02 -2.09685768e+02 -2.34535253e-01],"['exploration', 'exploration', 'exploitation', 'exploration', 'exploration', 'exploitation', 'exploitation', 'exploitation', 'exploration', 'exploration', 'exploitation', 'exploitation', 'exploitation', 'exploration', 'exploration', 'exploration', 'exploitation', 'exploitation', 'exploration', 'exploration', 'exploitation', 'exploitation', 'exploration', 'exploitation', 'exploration', 'exploration', 'exploration', 'exploitation', 'exploitation', 'exploitation', 'exploitation', 'exploration', 'exploitation', 'exploitation', 'exploration', 'exploration', 'exploitation', 'exploitation', 'exploration', 'exploration', 'exploitation', 'exploration', 'exploration', 'exploration', 'exploration', 'exploration', 'exploitation', 'exploration', 'exploration', 'exploration', 'exploitation', 'exploitation', 'exploitation', 'exploitation', 'exploration', 'exploitation', 'exploration', 'exploitation', 'exploitation', 'exploitation', 'exploitation', 'exploitation', 'exploitation', 'exploitation', 'exploration', 'exploration', 'exploitation', 'exploitation', 'exploitation', 'exploitation', 'exploration', 'exploration', 'exploitation', 'exploitation', 'exploitation', 'exploration', 'exploration', 'exploitation', 'exploitation', 'exploration', 'exploration', 'exploitation', 'exploration', 'exploitation', 'exploitation', 'exploitation', 'exploration', 'exploitation', 'exploitation', 'exploitation', 'exploitation', 'exploration', 'exploitation', 'exploitation', 'exploitation', 'exploration', 'exploration', 'exploration', 'exploration']",270.36455816618775,275.5547978664569
218,129.9153748272562,"[0.4437882098133657, 0.6883233388221451]",[0.00208364 0.77281913],[-7.05362569e-03  9.71745964e-08  1.70590749e-02 -9.06097216e+01],"['exploitation', 'exploration', 'exploration', 'exploration', 'exploration', 'exploration', 'exploration', 'exploitation', 'exploration', 'exploration', 'exploration', 'exploration', 'exploitation', 'exploration', 'exploration', 'exploitation', 'exploitation', 'exploitation', 'exploitation', 'exploration', 'exploration', 'exploration', 'exploitation', 'exploitation', 'exploration', 'exploration', 'exploitation', 'exploration', 'exploitation', 'exploitation', 'exploration', 'exploitation', 'exploration', 'exploration', 'exploitation', 'exploration', 'exploration', 'exploration', 'exploration', 'exploration', 'exploration', 'exploration', 'exploitation', 'exploitation', 'exploitation', 'exploration', 'exploration', 'exploration', 'exploration', 'exploitation', 'exploration', 'exploration', 'exploitation', 'exploration', 'exploitation', 'exploration', 'exploitation', 'exploitation', 'exploration', 'exploration', 'exploration', 'exploitation', 'exploitation', 'exploration', 'exploitation', 'exploitation', 'exploration', 'exploration', 'exploration', 'exploration', 'exploitation', 'exploitation', 'exploitation', 'exploration', 'exploration', 'exploration', 'exploration', 'exploration', 'exploration', 'exploration', 'exploitation', 'exploitation', 'exploration', 'exploration', 'exploration', 'exploration', 'exploration', 'exploitation', 'exploitation', 'exploitation', 'exploration', 'exploration', 'exploitation', 'exploration', 'exploration', 'exploration', 'exploitation', 'exploitation', 'exploration']",263.8307496545124,269.02098935478153
219,116.29927607588186,"[2.912746703194278, 0.055684854938043635]",[0.00588135 0.77454545],[ 2.45233669e+02  6.48638451e+00  3.10852219e-02 -6.67534655e-04],"['exploration', 'exploitation', 'exploitation', 'exploitation', 'exploitation', 'exploration', 'exploitation', 'exploitation', 'exploitation', 'exploitation', 'exploitation', 'exploitation', 'exploitation', 'exploitation', 'exploitation', 'exploration', 'exploitation', 'exploitation', 'exploration', 'exploitation', 'exploration', 'exploitation', 'exploitation', 'exploration', 'exploitation', 'exploitation', 'exploration', 'exploitation', 'exploitation', 'exploration', 'exploration', 'exploitation', 'exploitation', 'exploitation', 'exploration', 'exploitation', 'exploitation', 'exploration', 'exploitation', 'exploration', 'exploration', 'exploitation', 'exploitation', 'exploitation', 'exploitation', 'exploitation', 'exploration', 'exploitation', 'exploitation', 'exploitation', 'exploitation', 'exploration', 'exploitation', 'exploitation', 'exploration', 'exploitation', 'exploitation', 'exploration', 'exploitation', 'exploitation', 'exploitation', 'exploitation', 'exploration', 'exploitation', 'exploitation', 'exploitation', 'exploration', 'exploitation', 'exploitation', 'exploration', 'exploration', 'exploration', 'exploitation', 'exploitation', 'exploration', 'exploitation', 'exploration', 'exploitation', 'exploitation', 'exploration', 'exploration', 'exploitation', 'exploration', 'exploitation', 'exploration', 'exploration', 'exploitation', 'exploitation', 'exploitation', 'exploitation', 'exploitation', 'exploration', 'exploration', 'exploration', 'exploitation', 'exploitation', 'exploration', 'exploitation', 'exploitation']",236.59855215176373,241.78879185203292
220,133.54260944650494,"[1.8969912813890395, 0.6995287157152361]",[0.00130479 0.40973466],[-1.94618960e+02 -2.08487139e+02  9.31589091e+02 -1.05588587e-01],"['exploration', 'exploration', 'exploration', 'exploration', 'exploitation', 'exploration', 'exploration', 'exploitation', 'exploration', 'exploitation', 'exploitation', 'exploration', 'exploration', 'exploration', 'exploration', 'exploitation', 'exploitation', 'exploration', 'exploitation', 'exploitation', 'exploration', 'exploitation', 'exploration', 'exploitation', 'exploration', 'exploration', 'exploration', 'exploitation', 'exploration', 'exploitation', 'exploration', 'exploitation', 'exploitation', 'exploitation', 'exploitation', 'exploitation', 'exploration', 'exploitation', 'exploration', 'exploration', 'exploitation', 'exploration', 'exploitation', 'exploration', 'exploitation', 'exploration', 'exploration', 'exploitation', 'exploitation', 'exploitation', 'exploration', 'exploration', 'exploitation', 'exploration', 'exploitation', 'exploration', 'exploitation', 'exploration', 'exploration', 'exploration', 'exploitation', 'exploration', 'exploration', 'exploration', 'exploration', 'exploitation', 'exploration', 'exploitation', 'exploration', 'exploration', 'exploitation', 'exploration', 'exploitation', 'exploitation', 'exploration', 'exploration', 'exploration', 'exploration', 'exploitation', 'exploration', 'exploitation', 'exploration', 'exploitation', 'exploitation', 'exploitation', 'exploitation', 'exploration', 'exploration', 'exploitation', 'exploration', 'exploitation', 'exploration', 'exploitation', 'exploration', 'exploitation', 'exploitation', 'exploration', 'exploration', 'exploration']",271.0852188930099,276.27545859327904
221,136.45222588439069,"[0.23136363832282372, 0.17445359572588628]",[6.98524383e-04 9.99900000e-01],[ 2.00040006e-02 -6.50325064e-18 -2.00320240e-62 -1.00000000e+02],"['exploitation', 'exploration', 'exploitation', 'exploitation', 'exploration', 'exploration', 'exploitation', 'exploration', 'exploitation', 'exploration', 'exploration', 'exploration', 'exploration', 'exploration', 'exploration', 'exploration', 'exploitation', 'exploration', 'exploitation', 'exploitation', 'exploitation', 'exploration', 'exploitation', 'exploration', 'exploration', 'exploration', 'exploration', 'exploitation', 'exploitation', 'exploration', 'exploitation', 'exploration', 'exploitation', 'exploitation', 'exploitation', 'exploitation', 'exploration', 'exploration', 'exploitation', 'exploration', 'exploration', 'exploitation', 'exploration', 'exploration', 'exploration', 'exploitation', 'exploration', 'exploitation', 'exploitation', 'exploitation', 'exploitation', 'exploration', 'exploitation', 'exploration', 'exploitation', 'exploration', 'exploitation', 'exploitation', 'exploration', 'exploitation', 'exploration', 'exploration', 'exploitation', 'exploration', 'exploitation', 'exploitation', 'exploration', 'exploration', 'exploration', 'exploitation', 'exploitation', 'exploration', 'exploitation', 'exploration', 'exploitation', 'exploitation', 'exploitation', 'exploration', 'exploitation', 'exploitation', 'exploitation', 'exploration', 'exploitation', 'exploration', 'exploitation', 'exploitation', 'exploration', 'exploitation', 'exploitation', 'exploitation', 'exploration', 'exploration', 'exploitation', 'exploration', 'exploitation', 'exploitation', 'exploitation', 'exploration', 'exploitation']",276.90445176878137,282.09469146905053
223,79.47742618652876,"[1.8516534621714438, 0.9723476730548106]",[0.0132945  0.77022166],[ 2.45809881e+02  6.83575245e+00 -7.73606731e-12 -8.88790401e-13],"['exploration', 'exploitation', 'exploitation', 'exploitation', 'exploration', 'exploration', 'exploration', 'exploitation', 'exploitation', 'exploitation', 'exploitation', 'exploration', 'exploitation', 'exploitation', 'exploitation', 'exploitation', 'exploitation', 'exploitation', 'exploitation', 'exploration', 'exploration', 'exploitation', 'exploitation', 'exploitation', 'exploitation', 'exploitation', 'exploration', 'exploitation', 'exploration', 'exploitation', 'exploitation', 'exploitation', 'exploitation', 'exploitation', 'exploration', 'exploitation', 'exploitation', 'exploration', 'exploration', 'exploration', 'exploitation', 'exploitation', 'exploitation', 'exploitation', 'exploitation', 'exploitation', 'exploration', 'exploitation', 'exploitation', 'exploitation', 'exploitation', 'exploitation', 'exploitation', 'exploitation', 'exploration', 'exploitation', 'exploitation', 'exploitation', 'exploitation', 'exploration', 'exploitation', 'exploitation', 'exploitation', 'exploitation', 'exploration', 'exploration', 'exploration', 'exploitation', 'exploitation', 'exploitation', 'exploration', 'exploitation', 'exploitation', 'exploitation', 'exploitation', 'exploration', 'exploitation', 'exploitation', 'exploitation', 'exploitation', 'exploitation', 'exploitation', 'exploration', 'exploitation', 'exploitation', 'exploitation', 'exploitation', 'exploration', 'exploitation', 'exploitation', 'exploitation', 'exploitation', 'exploration', 'exploitation', 'exploitation', 'exploitation', 'exploration', 'exploitation', 'exploitation']",162.95485237305752,168.1450920733267
224,136.26043143876194,"[0.8562834412106796, 0.7499696191798244]",[6.98730048e-04 9.99900000e-01],[ 2.00000002e+02  1.00050010e-18 -2.00020002e-02 -1.00100039e-38],"['exploration', 'exploration', 'exploration', 'exploration', 'exploration', 'exploration', 'exploration', 'exploration', 'exploitation', 'exploration', 'exploitation', 'exploration', 'exploration', 'exploration', 'exploration', 'exploration', 'exploitation', 'exploration', 'exploitation', 'exploration', 'exploration', 'exploitation', 'exploration', 'exploration', 'exploitation', 'exploration', 'exploration', 'exploration', 'exploration', 'exploitation', 'exploration', 'exploration', 'exploration', 'exploration', 'exploration', 'exploration', 'exploration', 'exploitation', 'exploration', 'exploration', 'exploration', 'exploration', 'exploration', 'exploration', 'exploration', 'exploitation', 'exploitation', 'exploration', 'exploration', 'exploration', 'exploration', 'exploration', 'exploration', 'exploration', 'exploration', 'exploration', 'exploitation', 'exploration', 'exploration', 'exploration', 'exploitation', 'exploration', 'exploration', 'exploration', 'exploitation', 'exploration', 'exploration', 'exploration', 'exploration', 'exploitation', 'exploitation', 'exploration', 'exploration', 'exploration', 'exploration', 'exploration', 'exploration', 'exploration', 'exploration', 'exploration', 'exploration', 'exploration', 'exploration', 'exploration', 'exploration', 'exploration', 'exploration', 'exploration', 'exploration', 'exploitation', 'exploration', 'exploitation', 'exploitation', 'exploration', 'exploitation', 'exploration', 'exploration', 'exploitation', 'exploration']",276.5208628775239,281.71110257779304
225,137.31217449880515,"[1.3747768177363073, 0.9867901082834827]",[1.000e-04 9.999e-01],[ 2.00340276e-62 -6.49989999e+02 -2.00200094e-34 -1.00030004e-06],"['exploitation', 'exploitation', 'exploitation', 'exploitation', 'exploration', 'exploration', 'exploration', 'exploration', 'exploitation', 'exploration', 'exploitation', 'exploitation', 'exploitation', 'exploration', 'exploitation', 'exploitation', 'exploitation', 'exploration', 'exploitation', 'exploitation', 'exploitation', 'exploitation', 'exploration', 'exploitation', 'exploitation', 'exploitation', 'exploitation', 'exploration', 'exploitation', 'exploitation', 'exploitation', 'exploration', 'exploitation', 'exploitation', 'exploitation', 'exploration', 'exploitation', 'exploration', 'exploration', 'exploration', 'exploitation', 'exploitation', 'exploitation', 'exploitation', 'exploration', 'exploitation', 'exploitation', 'exploitation', 'exploration', 'exploration', 'exploration', 'exploration', 'exploitation', 'exploitation', 'exploitation', 'exploration', 'exploitation', 'exploitation', 'exploration', 'exploitation', 'exploitation', 'exploitation', 'exploration', 'exploration', 'exploration', 'exploration', 'exploitation', 'exploitation', 'exploration', 'exploitation', 'exploitation', 'exploration', 'exploration', 'exploitation', 'exploitation', 'exploration', 'exploration', 'exploration', 'exploration', 'exploitation', 'exploitation', 'exploitation', 'exploration', 'exploration', 'exploitation', 'exploitation', 'exploration', 'exploration', 'exploration', 'exploitation', 'exploitation', 'exploration', 'exploitation', 'exploitation', 'exploration', 'exploration', 'exploitation', 'exploitation', 'exploration']",278.6243489976103,283.81458869787946
226,137.13624421875116,"[0.15394754564718047, 0.2087355190360398]",[2.17525518e-04 5.49138426e-01],[221.27942421  53.17676984   0.53200962  -0.3787118 ],"['exploration', 'exploration', 'exploration', 'exploration', 'exploration', 'exploration', 'exploration', 'exploration', 'exploration', 'exploration', 'exploration', 'exploration', 'exploration', 'exploration', 'exploration', 'exploitation', 'exploration', 'exploration', 'exploitation', 'exploration', 'exploration', 'exploitation', 'exploration', 'exploration', 'exploration', 'exploration', 'exploration', 'exploration', 'exploration', 'exploration', 'exploration', 'exploration', 'exploration', 'exploration', 'exploitation', 'exploration', 'exploitation', 'exploration', 'exploration', 'exploration', 'exploration', 'exploitation', 'exploration', 'exploration', 'exploration', 'exploitation', 'exploitation', 'exploration', 'exploitation', 'exploration', 'exploration', 'exploitation', 'exploitation', 'exploration', 'exploitation', 'exploration', 'exploration', 'exploration', 'exploration', 'exploration', 'exploration', 'exploitation', 'exploration', 'exploration', 'exploration', 'exploration', 'exploration', 'exploration', 'exploration', 'exploration', 'exploration', 'exploration', 'exploration', 'exploration', 'exploration', 'exploration', 'exploration', 'exploitation', 'exploitation', 'exploration', 'exploitation', 'exploration', 'exploration', 'exploration', 'exploration', 'exploration', 'exploration', 'exploration', 'exploration', 'exploration', 'exploration', 'exploration', 'exploration', 'exploitation', 'exploration', 'exploration', 'exploration', 'exploration', 'exploration']",278.2724884375023,283.4627281377715
227,137.42026546131643,"[1.1789685125710458, 0.6637954224333854]",[1.000e-04 9.999e-01],[ 2.00040006e-002  1.00531380e-210 -2.00000000e+002 -1.00561544e-222],"['exploration', 'exploration', 'exploration', 'exploration', 'exploration', 'exploration', 'exploration', 'exploration', 'exploration', 'exploration', 'exploration', 'exploration', 'exploitation', 'exploitation', 'exploitation', 'exploitation', 'exploration', 'exploration', 'exploration', 'exploration', 'exploration', 'exploitation', 'exploration', 'exploitation', 'exploitation', 'exploration', 'exploration', 'exploration', 'exploration', 'exploration', 'exploration', 'exploration', 'exploration', 'exploration', 'exploration', 'exploration', 'exploitation', 'exploration', 'exploration', 'exploration', 'exploration', 'exploration', 'exploration', 'exploration', 'exploration', 'exploration', 'exploitation', 'exploration', 'exploration', 'exploration', 'exploration', 'exploration', 'exploration', 'exploitation', 'exploitation', 'exploitation', 'exploration', 'exploration', 'exploration', 'exploration', 'exploration', 'exploitation', 'exploitation', 'exploitation', 'exploration', 'exploration', 'exploration', 'exploration', 'exploration', 'exploitation', 'exploitation', 'exploration', 'exploitation', 'exploration', 'exploitation', 'exploitation', 'exploration', 'exploration', 'exploration', 'exploration', 'exploration', 'exploitation', 'exploitation', 'exploitation', 'exploitation', 'exploration', 'exploitation', 'exploitation', 'exploitation', 'exploration', 'exploration', 'exploitation', 'exploration', 'exploration', 'exploitation', 'exploitation', 'exploitation', 'exploration', 'exploration']",278.84053092263287,284.030770622902
228,130.7020281286924,"[0.0712452720220334, 0.6652671574401282]",[0.00203095 0.57756662],[-443.53327768    8.73379705 1049.91383769  -17.83612799],"['exploration', 'exploration', 'exploration', 'exploration', 'exploitation', 'exploitation', 'exploration', 'exploitation', 'exploitation', 'exploitation', 'exploitation', 'exploitation', 'exploitation', 'exploration', 'exploration', 'exploitation', 'exploration', 'exploration', 'exploitation', 'exploration', 'exploration', 'exploitation', 'exploration', 'exploration', 'exploitation', 'exploration', 'exploration', 'exploitation', 'exploration', 'exploration', 'exploration', 'exploration', 'exploration', 'exploration', 'exploration', 'exploration', 'exploration', 'exploration', 'exploitation', 'exploitation', 'exploration', 'exploitation', 'exploration', 'exploration', 'exploration', 'exploration', 'exploitation', 'exploitation', 'exploitation', 'exploration', 'exploitation', 'exploration', 'exploitation', 'exploitation', 'exploitation', 'exploration', 'exploration', 'exploration', 'exploration', 'exploitation', 'exploitation', 'exploitation', 'exploration', 'exploitation', 'exploration', 'exploration', 'exploitation', 'exploitation', 'exploitation', 'exploitation', 'exploration', 'exploitation', 'exploitation', 'exploitation', 'exploration', 'exploration', 'exploration', 'exploitation', 'exploration', 'exploration', 'exploitation', 'exploitation', 'exploration', 'exploration', 'exploration', 'exploration', 'exploration', 'exploration', 'exploration', 'exploration', 'exploitation', 'exploitation', 'exploration', 'exploration', 'exploitation', 'exploration', 'exploration', 'exploration', 'exploitation']",265.4040562573848,270.59429595765397
229,81.48699896378855,"[0.4071329565613495, 0.44482531988065693]",[0.00202002 0.01158279],[ 270.96427482 -192.90461014 2604.09031848  -23.06489996],"['exploration', 'exploitation', 'exploitation', 'exploitation', 'exploration', 'exploration', 'exploration', 'exploration', 'exploration', 'exploration', 'exploitation', 'exploration', 'exploration', 'exploration', 'exploration', 'exploration', 'exploration', 'exploration', 'exploration', 'exploration', 'exploration', 'exploration', 'exploration', 'exploration', 'exploitation', 'exploration', 'exploration', 'exploration', 'exploitation', 'exploration', 'exploration', 'exploration', 'exploration', 'exploration', 'exploration', 'exploration', 'exploration', 'exploitation', 'exploitation', 'exploration', 'exploration', 'exploration', 'exploitation', 'exploitation', 'exploitation', 'exploration', 'exploration', 'exploitation', 'exploitation', 'exploitation', 'exploitation', 'exploration', 'exploitation', 'exploitation', 'exploitation', 'exploitation', 'exploitation', 'exploitation', 'exploitation', 'exploitation', 'exploitation', 'exploitation', 'exploitation', 'exploitation', 'exploitation', 'exploitation', 'exploitation', 'exploitation', 'exploitation', 'exploitation', 'exploitation', 'exploitation', 'exploitation', 'exploitation', 'exploitation', 'exploitation', 'exploitation', 'exploitation', 'exploitation', 'exploitation', 'exploitation', 'exploitation', 'exploitation', 'exploitation', 'exploitation', 'exploitation', 'exploitation', 'exploitation', 'exploitation', 'exploitation', 'exploitation', 'exploitation', 'exploitation', 'exploitation', 'exploitation', 'exploitation', 'exploitation', 'exploitation', 'exploitation']",166.9739979275771,172.1642376278463
230,136.55870644421333,"[0.2396583073529316, 0.6487496801726755]",[6.06568018e-04 7.79035652e-01],[ 2.97964417e-02 -6.21703828e+02  2.90748698e-04  3.42392536e-01],"['exploration', 'exploration', 'exploration', 'exploitation', 'exploitation', 'exploitation', 'exploitation', 'exploitation', 'exploration', 'exploration', 'exploitation', 'exploitation', 'exploration', 'exploitation', 'exploration', 'exploitation', 'exploration', 'exploration', 'exploration', 'exploration', 'exploitation', 'exploitation', 'exploitation', 'exploration', 'exploration', 'exploitation', 'exploitation', 'exploitation', 'exploration', 'exploration', 'exploitation', 'exploitation', 'exploration', 'exploration', 'exploration', 'exploitation', 'exploitation', 'exploitation', 'exploration', 'exploration', 'exploration', 'exploitation', 'exploitation', 'exploration', 'exploration', 'exploration', 'exploration', 'exploration', 'exploration', 'exploration', 'exploitation', 'exploitation', 'exploitation', 'exploitation', 'exploration', 'exploration', 'exploitation', 'exploitation', 'exploration', 'exploration', 'exploitation', 'exploitation', 'exploitation', 'exploration', 'exploration', 'exploration', 'exploitation', 'exploration', 'exploration', 'exploitation', 'exploration', 'exploitation', 'exploration', 'exploration', 'exploitation', 'exploration', 'exploitation', 'exploration', 'exploration', 'exploitation', 'exploration', 'exploitation', 'exploitation', 'exploitation', 'exploration', 'exploitation', 'exploitation', 'exploration', 'exploration', 'exploration', 'exploitation', 'exploitation', 'exploration', 'exploration', 'exploration', 'exploitation', 'exploitation', 'exploitation', 'exploration']",277.11741288842666,282.3076525886958
231,96.80963237134524,"[0.6483917008122627, 0.5492508684041812]",[0.00108149 0.0001    ],[ 597.10592632  -48.86033045 2935.95755723 -148.7433227 ],"['exploration', 'exploration', 'exploration', 'exploration', 'exploitation', 'exploitation', 'exploitation', 'exploration', 'exploration', 'exploitation', 'exploitation', 'exploitation', 'exploitation', 'exploration', 'exploration', 'exploration', 'exploitation', 'exploitation', 'exploration', 'exploration', 'exploitation', 'exploitation', 'exploration', 'exploitation', 'exploitation', 'exploitation', 'exploration', 'exploitation', 'exploration', 'exploitation', 'exploration', 'exploration', 'exploration', 'exploitation', 'exploitation', 'exploration', 'exploitation', 'exploration', 'exploitation', 'exploitation', 'exploration', 'exploitation', 'exploitation', 'exploitation', 'exploitation', 'exploration', 'exploitation', 'exploitation', 'exploitation', 'exploitation', 'exploitation', 'exploitation', 'exploration', 'exploitation', 'exploitation', 'exploitation', 'exploration', 'exploitation', 'exploitation', 'exploitation', 'exploitation', 'exploitation', 'exploitation', 'exploration', 'exploitation', 'exploration', 'exploitation', 'exploitation', 'exploitation', 'exploitation', 'exploitation', 'exploration', 'exploitation', 'exploitation', 'exploitation', 'exploitation', 'exploitation', 'exploitation', 'exploitation', 'exploitation', 'exploitation', 'exploitation', 'exploitation', 'exploitation', 'exploitation', 'exploitation', 'exploration', 'exploitation', 'exploitation', 'exploitation', 'exploitation', 'exploitation', 'exploitation', 'exploitation', 'exploitation', 'exploitation', 'exploitation', 'exploration', 'exploration']",197.6192647426905,202.80950444295968
232,137.60229101418003,"[1.3027194250091951, 0.2421053335851075]",[1.000e-04 9.999e-01],[ 2.00220114e-038 -6.50520182e-030 -1.99894992e+002 -1.00712492e-278],"['exploration', 'exploration', 'exploitation', 'exploitation', 'exploitation', 'exploitation', 'exploration', 'exploitation', 'exploitation', 'exploration', 'exploration', 'exploration', 'exploitation', 'exploitation', 'exploitation', 'exploitation', 'exploration', 'exploitation', 'exploitation', 'exploration', 'exploitation', 'exploitation', 'exploitation', 'exploration', 'exploitation', 'exploitation', 'exploration', 'exploration', 'exploration', 'exploration', 'exploitation', 'exploitation', 'exploration', 'exploitation', 'exploitation', 'exploitation', 'exploitation', 'exploration', 'exploitation', 'exploitation', 'exploitation', 'exploration', 'exploitation', 'exploration', 'exploration', 'exploitation', 'exploitation', 'exploitation', 'exploration', 'exploitation', 'exploration', 'exploration', 'exploitation', 'exploitation', 'exploitation', 'exploration', 'exploration', 'exploitation', 'exploration', 'exploration', 'exploitation', 'exploitation', 'exploitation', 'exploration', 'exploitation', 'exploitation', 'exploration', 'exploitation', 'exploitation', 'exploitation', 'exploration', 'exploration', 'exploitation', 'exploitation', 'exploitation', 'exploration', 'exploration', 'exploration', 'exploitation', 'exploitation', 'exploitation', 'exploration', 'exploration', 'exploitation', 'exploration', 'exploitation', 'exploitation', 'exploitation', 'exploration', 'exploration', 'exploration', 'exploration', 'exploitation', 'exploration', 'exploration', 'exploration', 'exploration', 'exploitation', 'exploration']",279.20458202836005,284.3948217286292
233,91.03978954989272,"[1.4351653515908205, 0.348285341170683]",[0.01241127 0.9999    ],[ 2.00020004e+02  1.00090036e-34 -2.00060006e-10 -1.00100045e-38],"['exploration', 'exploration', 'exploration', 'exploitation', 'exploitation', 'exploration', 'exploration', 'exploitation', 'exploitation', 'exploitation', 'exploitation', 'exploitation', 'exploration', 'exploration', 'exploitation', 'exploration', 'exploitation', 'exploitation', 'exploration', 'exploration', 'exploration', 'exploitation', 'exploration', 'exploration', 'exploitation', 'exploration', 'exploitation', 'exploitation', 'exploitation', 'exploitation', 'exploration', 'exploration', 'exploitation', 'exploitation', 'exploitation', 'exploration', 'exploitation', 'exploration', 'exploration', 'exploitation', 'exploitation', 'exploitation', 'exploitation', 'exploitation', 'exploration', 'exploitation', 'exploitation', 'exploitation', 'exploration', 'exploitation', 'exploitation', 'exploitation', 'exploitation', 'exploitation', 'exploitation', 'exploitation', 'exploration', 'exploitation', 'exploitation', 'exploitation', 'exploration', 'exploitation', 'exploitation', 'exploitation', 'exploitation', 'exploitation', 'exploration', 'exploitation', 'exploitation', 'exploration', 'exploitation', 'exploitation', 'exploitation', 'exploration', 'exploitation', 'exploitation', 'exploration', 'exploration', 'exploitation', 'exploration', 'exploitation', 'exploitation', 'exploitation', 'exploration', 'exploitation', 'exploitation', 'exploration', 'exploitation', 'exploitation', 'exploration', 'exploitation', 'exploitation', 'exploitation', 'exploitation', 'exploration', 'exploration', 'exploitation', 'exploitation', 'exploitation']",186.07957909978543,191.26981880005462
234,130.54968777807306,"[1.1056217895206377, 0.5076543591332398]",[0.00262724 0.9999    ],[ 2.00200094e-34  1.00010002e+02 -2.00080012e-14 -1.00060017e-18],"['exploitation', 'exploration', 'exploration', 'exploitation', 'exploitation', 'exploitation', 'exploitation', 'exploitation', 'exploitation', 'exploration', 'exploitation', 'exploitation', 'exploitation', 'exploitation', 'exploitation', 'exploitation', 'exploitation', 'exploitation', 'exploration', 'exploration', 'exploitation', 'exploitation', 'exploitation', 'exploitation', 'exploitation', 'exploitation', 'exploration', 'exploration', 'exploitation', 'exploitation', 'exploitation', 'exploration', 'exploitation', 'exploitation', 'exploitation', 'exploration', 'exploitation', 'exploitation', 'exploitation', 'exploration', 'exploration', 'exploration', 'exploitation', 'exploitation', 'exploitation', 'exploration', 'exploitation', 'exploration', 'exploitation', 'exploitation', 'exploitation', 'exploration', 'exploitation', 'exploitation', 'exploitation', 'exploitation', 'exploration', 'exploration', 'exploration', 'exploitation', 'exploitation', 'exploitation', 'exploration', 'exploration', 'exploration', 'exploration', 'exploitation', 'exploration', 'exploitation', 'exploration', 'exploration', 'exploration', 'exploitation', 'exploration', 'exploration', 'exploitation', 'exploitation', 'exploitation', 'exploration', 'exploitation', 'exploitation', 'exploitation', 'exploitation', 'exploration', 'exploitation', 'exploration', 'exploitation', 'exploitation', 'exploitation', 'exploration', 'exploration', 'exploration', 'exploration', 'exploration', 'exploration', 'exploitation', 'exploitation', 'exploitation', 'exploration']",265.09937555614613,270.2896152564153
235,135.5159429648985,"[0.8589391867802133, 0.8958118317746221]",[0.00054985 0.0672448 ],[ 464.37180582 -656.9546226   209.34191764  479.10691672],"['exploration', 'exploitation', 'exploration', 'exploration', 'exploration', 'exploitation', 'exploitation', 'exploration', 'exploitation', 'exploration', 'exploration', 'exploration', 'exploration', 'exploitation', 'exploitation', 'exploration', 'exploration', 'exploration', 'exploration', 'exploration', 'exploration', 'exploitation', 'exploitation', 'exploration', 'exploration', 'exploration', 'exploration', 'exploration', 'exploration', 'exploration', 'exploitation', 'exploitation', 'exploration', 'exploitation', 'exploration', 'exploration', 'exploration', 'exploitation', 'exploitation', 'exploitation', 'exploration', 'exploration', 'exploration', 'exploration', 'exploration', 'exploration', 'exploration', 'exploitation', 'exploration', 'exploitation', 'exploration', 'exploration', 'exploitation', 'exploration', 'exploitation', 'exploration', 'exploration', 'exploitation', 'exploitation', 'exploitation', 'exploitation', 'exploration', 'exploitation', 'exploitation', 'exploitation', 'exploitation', 'exploitation', 'exploration', 'exploration', 'exploration', 'exploration', 'exploitation', 'exploitation', 'exploitation', 'exploitation', 'exploitation', 'exploration', 'exploration', 'exploration', 'exploration', 'exploration', 'exploration', 'exploration', 'exploration', 'exploration', 'exploration', 'exploration', 'exploration', 'exploration', 'exploration', 'exploration', 'exploration', 'exploration', 'exploration', 'exploration', 'exploration', 'exploration', 'exploration', 'exploitation']",275.031885929797,280.22212563006616
236,137.70013365593098,"[3.719991454769232, 0.48559455547668545]",[1.000e-04 9.999e-01],[2.00020002e+02 1.00020001e-06 1.05187157e-69 6.51551769e-94],"['exploration', 'exploration', 'exploration', 'exploitation', 'exploration', 'exploitation', 'exploration', 'exploitation', 'exploitation', 'exploration', 'exploitation', 'exploitation', 'exploration', 'exploration', 'exploitation', 'exploitation', 'exploitation', 'exploitation', 'exploration', 'exploration', 'exploration', 'exploitation', 'exploration', 'exploration', 'exploration', 'exploitation', 'exploration', 'exploration', 'exploration', 'exploration', 'exploitation', 'exploration', 'exploration', 'exploration', 'exploration', 'exploration', 'exploration', 'exploration', 'exploration', 'exploitation', 'exploration', 'exploitation', 'exploitation', 'exploration', 'exploration', 'exploration', 'exploration', 'exploration', 'exploration', 'exploration', 'exploitation', 'exploitation', 'exploitation', 'exploitation', 'exploration', 'exploitation', 'exploitation', 'exploitation', 'exploration', 'exploitation', 'exploitation', 'exploration', 'exploration', 'exploitation', 'exploitation', 'exploitation', 'exploration', 'exploitation', 'exploration', 'exploration', 'exploration', 'exploration', 'exploration', 'exploration', 'exploration', 'exploration', 'exploration', 'exploration', 'exploration', 'exploration', 'exploration', 'exploitation', 'exploitation', 'exploitation', 'exploitation', 'exploration', 'exploitation', 'exploitation', 'exploitation', 'exploitation', 'exploration', 'exploitation', 'exploitation', 'exploitation', 'exploitation', 'exploration', 'exploration', 'exploitation', 'exploitation']",279.40026731186197,284.5905070121311
237,137.58128188707653,"[1.606548446481744, 0.41172956405221717]",[1.000e-04 9.999e-01],[ 2.00100024e-14  1.00010002e+02  1.05124067e-45 -1.00110055e-42],"['exploration', 'exploitation', 'exploration', 'exploration', 'exploitation', 'exploration', 'exploration', 'exploration', 'exploration', 'exploration', 'exploration', 'exploration', 'exploitation', 'exploration', 'exploration', 'exploration', 'exploration', 'exploration', 'exploitation', 'exploration', 'exploration', 'exploration', 'exploration', 'exploration', 'exploration', 'exploration', 'exploration', 'exploration', 'exploration', 'exploitation', 'exploitation', 'exploration', 'exploitation', 'exploration', 'exploration', 'exploitation', 'exploitation', 'exploration', 'exploration', 'exploration', 'exploration', 'exploitation', 'exploration', 'exploitation', 'exploitation', 'exploration', 'exploration', 'exploration', 'exploration', 'exploitation', 'exploration', 'exploitation', 'exploitation', 'exploitation', 'exploration', 'exploration', 'exploitation', 'exploration', 'exploration', 'exploration', 'exploration', 'exploration', 'exploitation', 'exploitation', 'exploitation', 'exploration', 'exploration', 'exploration', 'exploitation', 'exploitation', 'exploitation', 'exploration', 'exploitation', 'exploration', 'exploitation', 'exploitation', 'exploitation', 'exploration', 'exploitation', 'exploitation', 'exploration', 'exploration', 'exploration', 'exploration', 'exploration', 'exploration', 'exploration', 'exploration', 'exploitation', 'exploration', 'exploration', 'exploitation', 'exploitation', 'exploitation', 'exploration', 'exploitation', 'exploitation', 'exploitation', 'exploration']",279.16256377415306,284.3528034744222
238,136.59302947590533,"[0.9734409018206751, 0.1395152032331022]",[0.00018688 0.0001    ],[ -901.2921376  -1245.10629456   298.55434077  1594.5474872 ],"['exploration', 'exploitation', 'exploration', 'exploration', 'exploitation', 'exploration', 'exploration', 'exploration', 'exploration', 'exploitation', 'exploitation', 'exploitation', 'exploration', 'exploitation', 'exploration', 'exploration', 'exploitation', 'exploration', 'exploration', 'exploration', 'exploration', 'exploitation', 'exploration', 'exploration', 'exploration', 'exploration', 'exploration', 'exploration', 'exploration', 'exploration', 'exploitation', 'exploration', 'exploration', 'exploration', 'exploration', 'exploration', 'exploration', 'exploration', 'exploration', 'exploration', 'exploration', 'exploration', 'exploration', 'exploitation', 'exploration', 'exploration', 'exploration', 'exploration', 'exploration', 'exploitation', 'exploitation', 'exploitation', 'exploration', 'exploration', 'exploration', 'exploitation', 'exploitation', 'exploitation', 'exploitation', 'exploration', 'exploration', 'exploitation', 'exploration', 'exploration', 'exploration', 'exploration', 'exploration', 'exploration', 'exploration', 'exploration', 'exploration', 'exploration', 'exploration', 'exploration', 'exploration', 'exploration', 'exploration', 'exploration', 'exploitation', 'exploration', 'exploitation', 'exploration', 'exploration', 'exploitation', 'exploitation', 'exploitation', 'exploitation', 'exploitation', 'exploitation', 'exploitation', 'exploitation', 'exploitation', 'exploration', 'exploration', 'exploration', 'exploration', 'exploration', 'exploration', 'exploration']",277.18605895181065,282.3762986520798
239,137.2511327614079,"[1.1060141699614978, 0.696800125144359]",[1.00000000e-04 3.92345015e-01],[ 200.74065321   45.42798717 -122.99748337   88.09041116],"['exploration', 'exploration', 'exploration', 'exploration', 'exploitation', 'exploration', 'exploitation', 'exploitation', 'exploitation', 'exploitation', 'exploration', 'exploration', 'exploration', 'exploration', 'exploitation', 'exploitation', 'exploitation', 'exploitation', 'exploration', 'exploration', 'exploration', 'exploration', 'exploitation', 'exploration', 'exploitation', 'exploitation', 'exploitation', 'exploration', 'exploration', 'exploration', 'exploitation', 'exploitation', 'exploration', 'exploration', 'exploitation', 'exploration', 'exploration', 'exploration', 'exploitation', 'exploration', 'exploration', 'exploitation', 'exploration', 'exploration', 'exploration', 'exploration', 'exploration', 'exploitation', 'exploration', 'exploration', 'exploration', 'exploration', 'exploitation', 'exploitation', 'exploration', 'exploration', 'exploration', 'exploitation', 'exploration', 'exploration', 'exploitation', 'exploitation', 'exploration', 'exploration', 'exploitation', 'exploration', 'exploration', 'exploration', 'exploitation', 'exploration', 'exploration', 'exploration', 'exploration', 'exploration', 'exploitation', 'exploration', 'exploitation', 'exploration', 'exploitation', 'exploration', 'exploration', 'exploration', 'exploration', 'exploration', 'exploitation', 'exploration', 'exploration', 'exploration', 'exploitation', 'exploration', 'exploitation', 'exploitation', 'exploitation', 'exploration', 'exploration', 'exploration', 'exploration', 'exploration', 'exploration']",278.5022655228158,283.69250522308494
240,136.50495966135398,"[1.0339070149437897, 0.11514401200593234]",[0.00053397 0.31490733],[-8.93406275e+02  3.95573331e+01  6.79363391e+02  1.04621797e-03],"['exploration', 'exploitation', 'exploration', 'exploration', 'exploration', 'exploration', 'exploitation', 'exploration', 'exploitation', 'exploration', 'exploration', 'exploration', 'exploitation', 'exploitation', 'exploration', 'exploration', 'exploitation', 'exploitation', 'exploitation', 'exploitation', 'exploration', 'exploitation', 'exploitation', 'exploration', 'exploration', 'exploration', 'exploration', 'exploitation', 'exploration', 'exploitation', 'exploitation', 'exploration', 'exploitation', 'exploration', 'exploitation', 'exploration', 'exploration', 'exploration', 'exploitation', 'exploitation', 'exploitation', 'exploration', 'exploration', 'exploration', 'exploration', 'exploration', 'exploration', 'exploration', 'exploration', 'exploitation', 'exploitation', 'exploitation', 'exploitation', 'exploration', 'exploration', 'exploitation', 'exploitation', 'exploration', 'exploration', 'exploration', 'exploration', 'exploitation', 'exploration', 'exploration', 'exploration', 'exploration', 'exploration', 'exploration', 'exploitation', 'exploration', 'exploration', 'exploration', 'exploration', 'exploration', 'exploration', 'exploration', 'exploitation', 'exploration', 'exploration', 'exploitation', 'exploration', 'exploration', 'exploration', 'exploration', 'exploitation', 'exploitation', 'exploration', 'exploration', 'exploration', 'exploration', 'exploitation', 'exploitation', 'exploration', 'exploitation', 'exploration', 'exploitation', 'exploration', 'exploration', 'exploration']",277.00991932270796,282.2001590229771
241,137.5528190586843,"[1.4027414192180525, 0.2682478800396394]",[1.000e-04 9.999e-01],[2.00000002e+02 1.00100046e-34 1.05010500e-01 6.50705346e-42],"['exploitation', 'exploitation', 'exploitation', 'exploitation', 'exploration', 'exploration', 'exploration', 'exploitation', 'exploitation', 'exploitation', 'exploitation', 'exploration', 'exploitation', 'exploitation', 'exploration', 'exploration', 'exploration', 'exploitation', 'exploitation', 'exploitation', 'exploration', 'exploration', 'exploration', 'exploration', 'exploration', 'exploitation', 'exploitation', 'exploitation', 'exploration', 'exploitation', 'exploitation', 'exploitation', 'exploitation', 'exploitation', 'exploration', 'exploration', 'exploration', 'exploration', 'exploration', 'exploration', 'exploration', 'exploration', 'exploration', 'exploration', 'exploitation', 'exploration', 'exploitation', 'exploration', 'exploration', 'exploration', 'exploration', 'exploration', 'exploration', 'exploration', 'exploration', 'exploration', 'exploration', 'exploration', 'exploration', 'exploration', 'exploration', 'exploration', 'exploration', 'exploration', 'exploration', 'exploitation', 'exploration', 'exploration', 'exploitation', 'exploration', 'exploitation', 'exploration', 'exploitation', 'exploration', 'exploitation', 'exploration', 'exploration', 'exploitation', 'exploitation', 'exploration', 'exploration', 'exploration', 'exploration', 'exploitation', 'exploitation', 'exploration', 'exploration', 'exploration', 'exploitation', 'exploration', 'exploration', 'exploration', 'exploration', 'exploration', 'exploitation', 'exploration', 'exploration', 'exploration', 'exploitation']",279.1056381173686,284.29587781763775
242,137.0621105963994,"[0.9746056610145859, 0.64354140252199]",[3.09093890e-04 5.22958677e-01],[187.83414273  32.34331065 217.22826262  -5.43721106],"['exploration', 'exploitation', 'exploration', 'exploration', 'exploration', 'exploration', 'exploration', 'exploration', 'exploration', 'exploitation', 'exploitation', 'exploitation', 'exploration', 'exploration', 'exploration', 'exploration', 'exploration', 'exploration', 'exploration', 'exploration', 'exploration', 'exploration', 'exploration', 'exploration', 'exploration', 'exploration', 'exploration', 'exploration', 'exploration', 'exploration', 'exploration', 'exploitation', 'exploitation', 'exploration', 'exploration', 'exploration', 'exploration', 'exploration', 'exploration', 'exploration', 'exploration', 'exploration', 'exploration', 'exploration', 'exploitation', 'exploitation', 'exploration', 'exploitation', 'exploration', 'exploration', 'exploitation', 'exploration', 'exploration', 'exploration', 'exploration', 'exploration', 'exploration', 'exploration', 'exploitation', 'exploration', 'exploration', 'exploration', 'exploration', 'exploration', 'exploration', 'exploration', 'exploration', 'exploration', 'exploitation', 'exploitation', 'exploration', 'exploitation', 'exploration', 'exploration', 'exploration', 'exploration', 'exploration', 'exploitation', 'exploitation', 'exploitation', 'exploration', 'exploration', 'exploration', 'exploration', 'exploration', 'exploration', 'exploitation', 'exploitation', 'exploration', 'exploration', 'exploration', 'exploration', 'exploitation', 'exploration', 'exploitation', 'exploration', 'exploration', 'exploration', 'exploration']",278.1242211927988,283.314460893068
243,130.3993964569429,"[1.037018734136096, 0.6384059278731835]",[0.00072625 0.00895125],[  13.98097137 -506.18541379  -41.66152338 1876.17119727],"['exploitation', 'exploration', 'exploration', 'exploration', 'exploitation', 'exploitation', 'exploitation', 'exploration', 'exploration', 'exploration', 'exploration', 'exploration', 'exploration', 'exploitation', 'exploration', 'exploration', 'exploration', 'exploration', 'exploration', 'exploration', 'exploration', 'exploitation', 'exploration', 'exploration', 'exploration', 'exploration', 'exploration', 'exploration', 'exploration', 'exploration', 'exploration', 'exploitation', 'exploitation', 'exploration', 'exploration', 'exploration', 'exploration', 'exploration', 'exploration', 'exploration', 'exploration', 'exploration', 'exploration', 'exploration', 'exploration', 'exploration', 'exploration', 'exploration', 'exploration', 'exploration', 'exploration', 'exploration', 'exploration', 'exploration', 'exploration', 'exploration', 'exploration', 'exploration', 'exploration', 'exploration', 'exploration', 'exploration', 'exploitation', 'exploitation', 'exploration', 'exploration', 'exploration', 'exploitation', 'exploitation', 'exploitation', 'exploitation', 'exploitation', 'exploitation', 'exploitation', 'exploitation', 'exploitation', 'exploitation', 'exploitation', 'exploitation', 'exploitation', 'exploitation', 'exploitation', 'exploitation', 'exploitation', 'exploitation', 'exploitation', 'exploitation', 'exploitation', 'exploration', 'exploration', 'exploration', 'exploration', 'exploration', 'exploitation', 'exploitation', 'exploitation', 'exploitation', 'exploitation', 'exploitation']",264.7987929138858,269.98903261415495
244,121.59739556106274,"[1.0230066030931202, 0.6406029396616386]",[0.00137697 0.03634851],[ -5.99944512   6.43778236 839.59353672 753.1964412 ],"['exploration', 'exploration', 'exploitation', 'exploitation', 'exploitation', 'exploration', 'exploration', 'exploration', 'exploration', 'exploration', 'exploitation', 'exploitation', 'exploration', 'exploration', 'exploitation', 'exploitation', 'exploration', 'exploration', 'exploration', 'exploration', 'exploration', 'exploration', 'exploration', 'exploration', 'exploitation', 'exploration', 'exploration', 'exploration', 'exploration', 'exploitation', 'exploitation', 'exploitation', 'exploitation', 'exploration', 'exploitation', 'exploitation', 'exploitation', 'exploitation', 'exploitation', 'exploration', 'exploration', 'exploration', 'exploration', 'exploration', 'exploitation', 'exploitation', 'exploitation', 'exploitation', 'exploitation', 'exploitation', 'exploitation', 'exploitation', 'exploitation', 'exploitation', 'exploitation', 'exploitation', 'exploitation', 'exploitation', 'exploitation', 'exploitation', 'exploitation', 'exploitation', 'exploitation', 'exploitation', 'exploitation', 'exploitation', 'exploitation', 'exploitation', 'exploitation', 'exploitation', 'exploitation', 'exploitation', 'exploitation', 'exploitation', 'exploration', 'exploration', 'exploration', 'exploration', 'exploration', 'exploration', 'exploration', 'exploration', 'exploitation', 'exploitation', 'exploration', 'exploration', 'exploration', 'exploration', 'exploration', 'exploration', 'exploration', 'exploration', 'exploration', 'exploration', 'exploration', 'exploration', 'exploration', 'exploitation', 'exploitation']",247.19479112212548,252.38503082239467
245,68.32089445001074,"[1.7651267588539654, 0.587551167140582]",[0.00186564 0.00875514],[-453.07423243 -123.1480991  2074.5150242  -279.07591093],"['exploration', 'exploration', 'exploration', 'exploitation', 'exploration', 'exploration', 'exploration', 'exploitation', 'exploration', 'exploitation', 'exploration', 'exploration', 'exploration', 'exploitation', 'exploitation', 'exploration', 'exploration', 'exploration', 'exploitation', 'exploitation', 'exploration', 'exploitation', 'exploitation', 'exploration', 'exploitation', 'exploitation', 'exploitation', 'exploration', 'exploitation', 'exploitation', 'exploitation', 'exploitation', 'exploitation', 'exploitation', 'exploitation', 'exploitation', 'exploitation', 'exploitation', 'exploitation', 'exploration', 'exploitation', 'exploration', 'exploitation', 'exploration', 'exploitation', 'exploitation', 'exploration', 'exploration', 'exploitation', 'exploration', 'exploration', 'exploitation', 'exploitation', 'exploration', 'exploitation', 'exploration', 'exploitation', 'exploitation', 'exploitation', 'exploitation', 'exploitation', 'exploitation', 'exploitation', 'exploitation', 'exploitation', 'exploitation', 'exploitation', 'exploitation', 'exploitation', 'exploitation', 'exploitation', 'exploitation', 'exploitation', 'exploitation', 'exploitation', 'exploitation', 'exploitation', 'exploitation', 'exploitation', 'exploitation', 'exploitation', 'exploitation', 'exploitation', 'exploitation', 'exploitation', 'exploitation', 'exploitation', 'exploitation', 'exploitation', 'exploitation', 'exploitation', 'exploitation', 'exploitation', 'exploitation', 'exploitation', 'exploitation', 'exploitation', 'exploitation', 'exploitation']",140.64178890002148,145.83202860029067
246,136.79575590293894,"[1.0252021347379459, 0.2717242755104094]",[5.09090515e-04 8.80838094e-01],[ 2.64653955e+01  1.69238739e-01 -2.00000001e+02 -2.86302037e-04],"['exploitation', 'exploration', 'exploration', 'exploitation', 'exploration', 'exploration', 'exploitation', 'exploration', 'exploration', 'exploration', 'exploration', 'exploration', 'exploration', 'exploitation', 'exploitation', 'exploration', 'exploration', 'exploitation', 'exploration', 'exploration', 'exploration', 'exploration', 'exploration', 'exploration', 'exploration', 'exploration', 'exploration', 'exploration', 'exploration', 'exploitation', 'exploration', 'exploration', 'exploration', 'exploration', 'exploration', 'exploitation', 'exploitation', 'exploration', 'exploration', 'exploration', 'exploration', 'exploration', 'exploitation', 'exploration', 'exploration', 'exploration', 'exploration', 'exploration', 'exploitation', 'exploration', 'exploration', 'exploration', 'exploitation', 'exploitation', 'exploration', 'exploitation', 'exploration', 'exploitation', 'exploration', 'exploration', 'exploration', 'exploration', 'exploration', 'exploration', 'exploration', 'exploitation', 'exploration', 'exploration', 'exploration', 'exploration', 'exploitation', 'exploitation', 'exploration', 'exploration', 'exploitation', 'exploration', 'exploration', 'exploration', 'exploration', 'exploration', 'exploration', 'exploration', 'exploitation', 'exploitation', 'exploration', 'exploration', 'exploration', 'exploration', 'exploration', 'exploitation', 'exploration', 'exploration', 'exploration', 'exploitation', 'exploitation', 'exploration', 'exploitation', 'exploration', 'exploration']",277.5915118058779,282.78175150614703
248,135.28808196313548,"[0.08302759805010639, 0.7494110449383234]",[0.00029873 0.01057957],[-1534.03984853    63.97793049  -285.93165417  1350.63805509],"['exploitation', 'exploitation', 'exploration', 'exploration', 'exploration', 'exploration', 'exploration', 'exploration', 'exploration', 'exploration', 'exploration', 'exploration', 'exploration', 'exploration', 'exploitation', 'exploration', 'exploration', 'exploration', 'exploration', 'exploration', 'exploration', 'exploration', 'exploitation', 'exploitation', 'exploitation', 'exploration', 'exploration', 'exploration', 'exploitation', 'exploration', 'exploration', 'exploitation', 'exploitation', 'exploitation', 'exploration', 'exploration', 'exploration', 'exploitation', 'exploitation', 'exploration', 'exploitation', 'exploration', 'exploration', 'exploration', 'exploration', 'exploration', 'exploration', 'exploration', 'exploitation', 'exploitation', 'exploitation', 'exploitation', 'exploitation', 'exploitation', 'exploitation', 'exploration', 'exploitation', 'exploitation', 'exploitation', 'exploitation', 'exploration', 'exploitation', 'exploration', 'exploration', 'exploration', 'exploration', 'exploration', 'exploitation', 'exploration', 'exploration', 'exploitation', 'exploitation', 'exploitation', 'exploration', 'exploration', 'exploitation', 'exploitation', 'exploration', 'exploration', 'exploration', 'exploration', 'exploration', 'exploration', 'exploration', 'exploration', 'exploration', 'exploration', 'exploitation', 'exploration', 'exploration', 'exploitation', 'exploration', 'exploitation', 'exploration', 'exploration', 'exploration', 'exploitation', 'exploration', 'exploration']",274.57616392627097,279.7664036265401
249,135.29975113231143,"[0.23714081695204908, 0.5741914350364963]",[0.00103238 0.9999    ],[-1.05094538e-33  1.00010000e-02 -1.99934970e-06  6.50000000e+02],"['exploration', 'exploration', 'exploitation', 'exploration', 'exploration', 'exploration', 'exploration', 'exploitation', 'exploitation', 'exploration', 'exploration', 'exploitation', 'exploration', 'exploration', 'exploration', 'exploitation', 'exploration', 'exploitation', 'exploitation', 'exploitation', 'exploration', 'exploration', 'exploration', 'exploration', 'exploitation', 'exploration', 'exploitation', 'exploration', 'exploration', 'exploration', 'exploration', 'exploration', 'exploitation', 'exploration', 'exploration', 'exploitation', 'exploitation', 'exploration', 'exploitation', 'exploration', 'exploitation', 'exploration', 'exploitation', 'exploitation', 'exploitation', 'exploitation', 'exploration', 'exploitation', 'exploitation', 'exploitation', 'exploration', 'exploitation', 'exploration', 'exploitation', 'exploitation', 'exploitation', 'exploration', 'exploration', 'exploration', 'exploitation', 'exploration', 'exploration', 'exploration', 'exploration', 'exploration', 'exploration', 'exploration', 'exploitation', 'exploration', 'exploration', 'exploration', 'exploration', 'exploration', 'exploitation', 'exploration', 'exploration', 'exploration', 'exploration', 'exploration', 'exploration', 'exploration', 'exploration', 'exploration', 'exploration', 'exploration', 'exploration', 'exploitation', 'exploration', 'exploitation', 'exploration', 'exploration', 'exploration', 'exploration', 'exploitation', 'exploration', 'exploitation', 'exploitation', 'exploration', 'exploration']",274.59950226462286,279.789741964892
250,132.45272665210706,"[0.15220434638431607, 0.04974930612959708]",[0.0003723 0.0001   ],[-1497.701285    -498.76642199  -398.28622899  1889.87987428],"['exploration', 'exploration', 'exploration', 'exploration', 'exploration', 'exploration', 'exploration', 'exploitation', 'exploration', 'exploitation', 'exploration', 'exploration', 'exploitation', 'exploration', 'exploration', 'exploration', 'exploration', 'exploitation', 'exploration', 'exploitation', 'exploitation', 'exploitation', 'exploitation', 'exploitation', 'exploration', 'exploitation', 'exploitation', 'exploration', 'exploration', 'exploration', 'exploitation', 'exploitation', 'exploitation', 'exploitation', 'exploitation', 'exploration', 'exploration', 'exploration', 'exploration', 'exploration', 'exploitation', 'exploitation', 'exploitation', 'exploration', 'exploration', 'exploration', 'exploitation', 'exploitation', 'exploration', 'exploration', 'exploration', 'exploitation', 'exploitation', 'exploitation', 'exploitation', 'exploitation', 'exploration', 'exploration', 'exploration', 'exploration', 'exploitation', 'exploitation', 'exploration', 'exploitation', 'exploitation', 'exploitation', 'exploration', 'exploration', 'exploration', 'exploration', 'exploration', 'exploitation', 'exploitation', 'exploitation', 'exploitation', 'exploitation', 'exploration', 'exploration', 'exploration', 'exploration', 'exploration', 'exploration', 'exploration', 'exploration', 'exploration', 'exploration', 'exploitation', 'exploitation', 'exploitation', 'exploitation', 'exploitation', 'exploration', 'exploration', 'exploitation', 'exploration', 'exploration', 'exploitation', 'exploitation', 'exploitation']",268.9054533042141,274.0956930044833
251,137.32562419453916,"[0.31252547543362547, 0.3211881027308594]",[1.000e-04 9.999e-01],[-1.04998000e+03  1.00105020e-66 -2.00260146e-50 -1.00230253e-90],"['exploitation', 'exploitation', 'exploitation', 'exploitation', 'exploration', 'exploitation', 'exploration', 'exploitation', 'exploitation', 'exploration', 'exploration', 'exploration', 'exploitation', 'exploitation', 'exploration', 'exploration', 'exploitation', 'exploration', 'exploitation', 'exploitation', 'exploitation', 'exploration', 'exploration', 'exploration', 'exploration', 'exploration', 'exploitation', 'exploitation', 'exploitation', 'exploration', 'exploration', 'exploration', 'exploitation', 'exploration', 'exploitation', 'exploitation', 'exploitation', 'exploration', 'exploration', 'exploitation', 'exploitation', 'exploration', 'exploration', 'exploration', 'exploration', 'exploration', 'exploitation', 'exploitation', 'exploration', 'exploration', 'exploitation', 'exploitation', 'exploration', 'exploration', 'exploration', 'exploration', 'exploration', 'exploration', 'exploration', 'exploration', 'exploitation', 'exploration', 'exploration', 'exploitation', 'exploitation', 'exploration', 'exploration', 'exploration', 'exploration', 'exploration', 'exploration', 'exploitation', 'exploration', 'exploration', 'exploration', 'exploration', 'exploration', 'exploration', 'exploitation', 'exploitation', 'exploration', 'exploration', 'exploration', 'exploration', 'exploration', 'exploitation', 'exploitation', 'exploitation', 'exploration', 'exploitation', 'exploitation', 'exploitation', 'exploitation', 'exploration', 'exploitation', 'exploitation', 'exploitation', 'exploitation', 'exploration']",278.6512483890783,283.8414880893475
252,137.40185372862305,"[1.1182203765532241, 0.6723569318254933]",[0.0001 0.0001],[-1246.85737104 -1740.99055831  1100.45729577   149.56185812],"['exploration', 'exploitation', 'exploitation', 'exploitation', 'exploration', 'exploration', 'exploration', 'exploration', 'exploration', 'exploitation', 'exploration', 'exploration', 'exploration', 'exploration', 'exploration', 'exploration', 'exploration', 'exploration', 'exploration', 'exploration', 'exploration', 'exploration', 'exploration', 'exploration', 'exploration', 'exploitation', 'exploitation', 'exploitation', 'exploitation', 'exploitation', 'exploration', 'exploitation', 'exploitation', 'exploitation', 'exploration', 'exploitation', 'exploration', 'exploration', 'exploration', 'exploitation', 'exploration', 'exploration', 'exploitation', 'exploration', 'exploration', 'exploration', 'exploration', 'exploration', 'exploration', 'exploration', 'exploitation', 'exploration', 'exploration', 'exploration', 'exploration', 'exploration', 'exploitation', 'exploration', 'exploration', 'exploration', 'exploration', 'exploration', 'exploration', 'exploration', 'exploration', 'exploration', 'exploration', 'exploitation', 'exploitation', 'exploitation', 'exploration', 'exploration', 'exploration', 'exploration', 'exploitation', 'exploration', 'exploration', 'exploration', 'exploitation', 'exploitation', 'exploration', 'exploration', 'exploration', 'exploration', 'exploration', 'exploration', 'exploration', 'exploitation', 'exploration', 'exploration', 'exploitation', 'exploitation', 'exploitation', 'exploration', 'exploration', 'exploration', 'exploration', 'exploration', 'exploration']",278.8037074572461,283.99394715751527
253,137.21417947256612,"[3.0279305426497145, 0.12499636827507811]",[1.18411066e-04 9.99900000e-01],[ 2.00019991e+002 -6.50185015e-010 -2.00580815e-110 -1.00310466e-118],"['exploration', 'exploration', 'exploration', 'exploration', 'exploitation', 'exploitation', 'exploitation', 'exploration', 'exploitation', 'exploitation', 'exploitation', 'exploration', 'exploration', 'exploration', 'exploitation', 'exploitation', 'exploitation', 'exploitation', 'exploration', 'exploitation', 'exploitation', 'exploitation', 'exploration', 'exploitation', 'exploration', 'exploitation', 'exploration', 'exploitation', 'exploitation', 'exploitation', 'exploration', 'exploitation', 'exploration', 'exploration', 'exploitation', 'exploitation', 'exploration', 'exploitation', 'exploitation', 'exploitation', 'exploitation', 'exploitation', 'exploration', 'exploitation', 'exploitation', 'exploration', 'exploitation', 'exploitation', 'exploration', 'exploitation', 'exploration', 'exploitation', 'exploitation', 'exploitation', 'exploitation', 'exploration', 'exploitation', 'exploitation', 'exploitation', 'exploration', 'exploitation', 'exploitation', 'exploration', 'exploitation', 'exploitation', 'exploitation', 'exploration', 'exploration', 'exploration', 'exploration', 'exploitation', 'exploration', 'exploitation', 'exploitation', 'exploitation', 'exploration', 'exploitation', 'exploitation', 'exploitation', 'exploration', 'exploitation', 'exploration', 'exploitation', 'exploitation', 'exploitation', 'exploration', 'exploitation', 'exploration', 'exploration', 'exploitation', 'exploitation', 'exploitation', 'exploration', 'exploitation', 'exploitation', 'exploitation', 'exploration', 'exploitation', 'exploitation']",278.42835894513223,283.6185986454014
254,135.82416606605858,"[0.09990109583655202, 0.9695034577921058]",[0.00042126 0.0272299 ],[ 125.0156596    49.84105829 1082.98119358  285.76408409],"['exploration', 'exploration', 'exploration', 'exploration', 'exploitation', 'exploitation', 'exploitation', 'exploitation', 'exploration', 'exploration', 'exploitation', 'exploitation', 'exploration', 'exploitation', 'exploration', 'exploration', 'exploration', 'exploration', 'exploitation', 'exploration', 'exploration', 'exploration', 'exploration', 'exploitation', 'exploitation', 'exploitation', 'exploration', 'exploration', 'exploration', 'exploration', 'exploration', 'exploration', 'exploration', 'exploration', 'exploration', 'exploration', 'exploration', 'exploration', 'exploitation', 'exploration', 'exploration', 'exploration', 'exploration', 'exploration', 'exploration', 'exploration', 'exploration', 'exploration', 'exploration', 'exploration', 'exploration', 'exploration', 'exploration', 'exploration', 'exploration', 'exploration', 'exploration', 'exploitation', 'exploration', 'exploration', 'exploitation', 'exploitation', 'exploitation', 'exploitation', 'exploitation', 'exploitation', 'exploitation', 'exploration', 'exploration', 'exploration', 'exploration', 'exploration', 'exploration', 'exploration', 'exploitation', 'exploitation', 'exploration', 'exploration', 'exploration', 'exploitation', 'exploitation', 'exploitation', 'exploration', 'exploration', 'exploration', 'exploration', 'exploration', 'exploration', 'exploration', 'exploration', 'exploration', 'exploration', 'exploitation', 'exploitation', 'exploitation', 'exploitation', 'exploration', 'exploitation', 'exploitation']",275.64833213211716,280.8385718323863
255,137.61879063597516,"[0.04212709336336186, 0.4188886270114877]",[1.000e-04 9.999e-01],[-1.05105047e-37  1.00120068e-42  1.04998000e+03  0.00000000e+00],"['exploration', 'exploration', 'exploration', 'exploration', 'exploitation', 'exploitation', 'exploitation', 'exploitation', 'exploitation', 'exploitation', 'exploitation', 'exploitation', 'exploration', 'exploration', 'exploration', 'exploration', 'exploration', 'exploration', 'exploitation', 'exploitation', 'exploitation', 'exploitation', 'exploration', 'exploitation', 'exploitation', 'exploitation', 'exploitation', 'exploration', 'exploration', 'exploitation', 'exploitation', 'exploration', 'exploration', 'exploitation', 'exploration', 'exploitation', 'exploration', 'exploration', 'exploitation', 'exploitation', 'exploration', 'exploitation', 'exploration', 'exploration', 'exploitation', 'exploitation', 'exploration', 'exploitation', 'exploration', 'exploration', 'exploitation', 'exploitation', 'exploration', 'exploitation', 'exploitation', 'exploration', 'exploration', 'exploration', 'exploitation', 'exploitation', 'exploitation', 'exploitation', 'exploration', 'exploitation', 'exploitation', 'exploitation', 'exploration', 'exploration', 'exploration', 'exploration', 'exploration', 'exploration', 'exploration', 'exploration', 'exploration', 'exploitation', 'exploitation', 'exploitation', 'exploration', 'exploration', 'exploration', 'exploration', 'exploration', 'exploration', 'exploration', 'exploitation', 'exploitation', 'exploration', 'exploration', 'exploration', 'exploration', 'exploration', 'exploration', 'exploitation', 'exploration', 'exploration', 'exploration', 'exploration', 'exploration']",279.2375812719503,284.4278209722195
256,136.6647909771283,"[0.4956072163299105, 0.8791165911701092]",[0.00053899 0.53608921],[ 4.66144098e+01 -6.37367278e+02  2.25881529e+02 -2.10772101e-12],"['exploitation', 'exploration', 'exploration', 'exploration', 'exploration', 'exploration', 'exploration', 'exploration', 'exploration', 'exploration', 'exploitation', 'exploitation', 'exploitation', 'exploration', 'exploration', 'exploitation', 'exploration', 'exploration', 'exploration', 'exploration', 'exploration', 'exploration', 'exploitation', 'exploitation', 'exploration', 'exploration', 'exploitation', 'exploration', 'exploration', 'exploration', 'exploration', 'exploration', 'exploration', 'exploration', 'exploitation', 'exploration', 'exploration', 'exploitation', 'exploration', 'exploitation', 'exploration', 'exploration', 'exploitation', 'exploitation', 'exploration', 'exploration', 'exploitation', 'exploration', 'exploitation', 'exploration', 'exploration', 'exploration', 'exploration', 'exploration', 'exploitation', 'exploration', 'exploitation', 'exploitation', 'exploitation', 'exploration', 'exploration', 'exploration', 'exploration', 'exploration', 'exploration', 'exploration', 'exploration', 'exploration', 'exploration', 'exploitation', 'exploitation', 'exploration', 'exploitation', 'exploration', 'exploitation', 'exploration', 'exploration', 'exploration', 'exploitation', 'exploration', 'exploitation', 'exploration', 'exploration', 'exploitation', 'exploration', 'exploitation', 'exploration', 'exploration', 'exploration', 'exploitation', 'exploration', 'exploration', 'exploration', 'exploration', 'exploitation', 'exploration', 'exploration', 'exploration', 'exploration']",277.3295819542566,282.51982165452574
257,108.51585939387508,"[1.5279892845770382, 0.6589391411505485]",[0.00700318 0.68476906],[ 2.82826801e+02 -1.89332597e+01 -1.91352243e-05 -3.33671282e-05],"['exploration', 'exploration', 'exploration', 'exploration', 'exploitation', 'exploitation', 'exploration', 'exploitation', 'exploration', 'exploration', 'exploration', 'exploitation', 'exploitation', 'exploration', 'exploration', 'exploitation', 'exploration', 'exploitation', 'exploration', 'exploitation', 'exploitation', 'exploration', 'exploration', 'exploitation', 'exploitation', 'exploration', 'exploitation', 'exploitation', 'exploitation', 'exploitation', 'exploitation', 'exploration', 'exploitation', 'exploration', 'exploration', 'exploitation', 'exploitation', 'exploitation', 'exploitation', 'exploitation', 'exploitation', 'exploitation', 'exploration', 'exploration', 'exploration', 'exploitation', 'exploitation', 'exploitation', 'exploration', 'exploitation', 'exploitation', 'exploitation', 'exploitation', 'exploration', 'exploitation', 'exploitation', 'exploration', 'exploration', 'exploration', 'exploration', 'exploitation', 'exploitation', 'exploitation', 'exploitation', 'exploration', 'exploitation', 'exploration', 'exploration', 'exploitation', 'exploitation', 'exploitation', 'exploitation', 'exploration', 'exploitation', 'exploitation', 'exploitation', 'exploration', 'exploitation', 'exploitation', 'exploration', 'exploitation', 'exploitation', 'exploitation', 'exploitation', 'exploration', 'exploitation', 'exploitation', 'exploitation', 'exploitation', 'exploitation', 'exploitation', 'exploitation', 'exploitation', 'exploitation', 'exploitation', 'exploration', 'exploitation', 'exploitation', 'exploitation']",221.03171878775015,226.22195848801934
258,136.05738435133793,"[1.0581267183313345, 0.725575434610145]",[0.00083204 0.41418204],[  55.73799174   91.50206045 -200.           38.34904993],"['exploration', 'exploration', 'exploitation', 'exploitation', 'exploration', 'exploitation', 'exploitation', 'exploration', 'exploitation', 'exploitation', 'exploration', 'exploration', 'exploitation', 'exploration', 'exploration', 'exploitation', 'exploration', 'exploitation', 'exploration', 'exploitation', 'exploitation', 'exploitation', 'exploitation', 'exploitation', 'exploration', 'exploitation', 'exploration', 'exploration', 'exploration', 'exploration', 'exploitation', 'exploitation', 'exploration', 'exploration', 'exploitation', 'exploitation', 'exploitation', 'exploration', 'exploitation', 'exploration', 'exploration', 'exploration', 'exploration', 'exploration', 'exploration', 'exploration', 'exploitation', 'exploration', 'exploration', 'exploitation', 'exploitation', 'exploitation', 'exploitation', 'exploration', 'exploitation', 'exploration', 'exploration', 'exploitation', 'exploration', 'exploration', 'exploitation', 'exploration', 'exploration', 'exploration', 'exploitation', 'exploration', 'exploration', 'exploitation', 'exploration', 'exploration', 'exploitation', 'exploration', 'exploration', 'exploitation', 'exploitation', 'exploitation', 'exploration', 'exploration', 'exploration', 'exploitation', 'exploration', 'exploitation', 'exploration', 'exploitation', 'exploration', 'exploitation', 'exploration', 'exploration', 'exploitation', 'exploration', 'exploration', 'exploration', 'exploration', 'exploration', 'exploration', 'exploration', 'exploration', 'exploration', 'exploration']",276.11476870267586,281.305008402945
259,115.61438883789393,"[1.2172366684474019, 0.3922534688060064]",[0.0062923  0.84107079],[-2.65208074e+01  1.58929196e+01 -2.00132971e+02  3.35008352e-04],"['exploitation', 'exploitation', 'exploitation', 'exploitation', 'exploitation', 'exploitation', 'exploitation', 'exploitation', 'exploitation', 'exploration', 'exploitation', 'exploitation', 'exploitation', 'exploitation', 'exploration', 'exploitation', 'exploitation', 'exploration', 'exploitation', 'exploitation', 'exploitation', 'exploration', 'exploitation', 'exploitation', 'exploitation', 'exploitation', 'exploitation', 'exploitation', 'exploitation', 'exploitation', 'exploitation', 'exploitation', 'exploitation', 'exploitation', 'exploitation', 'exploitation', 'exploration', 'exploitation', 'exploitation', 'exploration', 'exploitation', 'exploitation', 'exploitation', 'exploration', 'exploitation', 'exploitation', 'exploitation', 'exploitation', 'exploration', 'exploitation', 'exploitation', 'exploitation', 'exploration', 'exploitation', 'exploitation', 'exploration', 'exploration', 'exploitation', 'exploitation', 'exploitation', 'exploration', 'exploration', 'exploration', 'exploitation', 'exploitation', 'exploitation', 'exploration', 'exploration', 'exploration', 'exploration', 'exploitation', 'exploitation', 'exploitation', 'exploration', 'exploitation', 'exploitation', 'exploitation', 'exploitation', 'exploitation', 'exploitation', 'exploitation', 'exploration', 'exploitation', 'exploitation', 'exploitation', 'exploitation', 'exploitation', 'exploration', 'exploitation', 'exploitation', 'exploitation', 'exploration', 'exploitation', 'exploration', 'exploitation', 'exploitation', 'exploration', 'exploration', 'exploration']",235.22877767578785,240.41901737605704
260,134.07039021462043,"[0.1978506824456968, 0.6989058339354711]",[0.00079864 0.06475327],[ 58.25626976  -6.54792947 381.9855024   51.27506574],"['exploitation', 'exploitation', 'exploration', 'exploration', 'exploitation', 'exploitation', 'exploitation', 'exploitation', 'exploitation', 'exploration', 'exploration', 'exploitation', 'exploitation', 'exploration', 'exploitation', 'exploitation', 'exploitation', 'exploitation', 'exploitation', 'exploration', 'exploitation', 'exploitation', 'exploitation', 'exploration', 'exploration', 'exploitation', 'exploration', 'exploration', 'exploration', 'exploration', 'exploration', 'exploitation', 'exploration', 'exploitation', 'exploration', 'exploration', 'exploitation', 'exploration', 'exploration', 'exploitation', 'exploitation', 'exploitation', 'exploitation', 'exploitation', 'exploitation', 'exploitation', 'exploitation', 'exploration', 'exploration', 'exploration', 'exploration', 'exploitation', 'exploration', 'exploration', 'exploration', 'exploration', 'exploration', 'exploration', 'exploration', 'exploration', 'exploration', 'exploration', 'exploration', 'exploration', 'exploration', 'exploitation', 'exploitation', 'exploitation', 'exploration', 'exploitation', 'exploitation', 'exploitation', 'exploitation', 'exploration', 'exploration', 'exploration', 'exploration', 'exploration', 'exploration', 'exploration', 'exploration', 'exploitation', 'exploitation', 'exploration', 'exploration', 'exploration', 'exploration', 'exploration', 'exploration', 'exploration', 'exploration', 'exploration', 'exploration', 'exploration', 'exploitation', 'exploration', 'exploration', 'exploration', 'exploration']",272.14078042924086,277.33102012951
261,137.15227872674586,"[0.7717546485577428, 0.46356517068775394]",[2.30331666e-04 9.99900000e-01],[ 2.00160060e-26  1.00010002e+02 -2.00060006e-10 -1.00040006e-14],"['exploration', 'exploitation', 'exploration', 'exploitation', 'exploration', 'exploration', 'exploration', 'exploitation', 'exploration', 'exploration', 'exploitation', 'exploitation', 'exploitation', 'exploration', 'exploration', 'exploitation', 'exploitation', 'exploitation', 'exploration', 'exploration', 'exploitation', 'exploration', 'exploitation', 'exploration', 'exploitation', 'exploitation', 'exploration', 'exploitation', 'exploitation', 'exploration', 'exploration', 'exploitation', 'exploration', 'exploitation', 'exploitation', 'exploration', 'exploration', 'exploitation', 'exploration', 'exploration', 'exploitation', 'exploration', 'exploration', 'exploitation', 'exploration', 'exploration', 'exploitation', 'exploration', 'exploration', 'exploration', 'exploitation', 'exploration', 'exploration', 'exploitation', 'exploration', 'exploration', 'exploration', 'exploration', 'exploration', 'exploration', 'exploration', 'exploitation', 'exploitation', 'exploration', 'exploration', 'exploration', 'exploration', 'exploration', 'exploration', 'exploitation', 'exploitation', 'exploitation', 'exploitation', 'exploration', 'exploitation', 'exploitation', 'exploration', 'exploration', 'exploitation', 'exploitation', 'exploitation', 'exploration', 'exploitation', 'exploration', 'exploitation', 'exploitation', 'exploration', 'exploitation', 'exploration', 'exploitation', 'exploitation', 'exploration', 'exploitation', 'exploration', 'exploration', 'exploration', 'exploitation', 'exploitation', 'exploration']",278.3045574534917,283.4947971537609
262,135.47054938453232,"[1.3657028258350767, 0.8409154293386257]",[0.00099443 0.41139142],[ 2.24203832e+02 -3.00681595e+00  5.58612907e-01  1.15527432e-01],"['exploration', 'exploration', 'exploitation', 'exploration', 'exploration', 'exploration', 'exploration', 'exploration', 'exploitation', 'exploitation', 'exploitation', 'exploitation', 'exploitation', 'exploitation', 'exploration', 'exploitation', 'exploration', 'exploitation', 'exploitation', 'exploitation', 'exploration', 'exploitation', 'exploitation', 'exploitation', 'exploitation', 'exploitation', 'exploitation', 'exploitation', 'exploration', 'exploration', 'exploration', 'exploration', 'exploration', 'exploitation', 'exploitation', 'exploration', 'exploration', 'exploration', 'exploitation', 'exploration', 'exploitation', 'exploitation', 'exploitation', 'exploitation', 'exploration', 'exploration', 'exploitation', 'exploitation', 'exploration', 'exploration', 'exploration', 'exploration', 'exploration', 'exploitation', 'exploitation', 'exploration', 'exploration', 'exploration', 'exploration', 'exploration', 'exploration', 'exploitation', 'exploitation', 'exploitation', 'exploration', 'exploration', 'exploration', 'exploitation', 'exploitation', 'exploitation', 'exploration', 'exploration', 'exploration', 'exploitation', 'exploitation', 'exploration', 'exploitation', 'exploitation', 'exploitation', 'exploitation', 'exploration', 'exploration', 'exploration', 'exploration', 'exploration', 'exploration', 'exploration', 'exploitation', 'exploitation', 'exploration', 'exploration', 'exploitation', 'exploitation', 'exploitation', 'exploitation', 'exploration', 'exploration', 'exploitation', 'exploitation']",274.94109876906464,280.1313384693338
263,132.8542505523042,"[0.5022648142610473, 0.1929587431194677]",[0.00139503 0.3655139 ],[-1015.01586053   -60.26800143  -131.37173013   121.3570911 ],"['exploration', 'exploration', 'exploration', 'exploitation', 'exploitation', 'exploitation', 'exploitation', 'exploitation', 'exploitation', 'exploitation', 'exploitation', 'exploitation', 'exploration', 'exploration', 'exploitation', 'exploration', 'exploration', 'exploration', 'exploitation', 'exploration', 'exploration', 'exploration', 'exploration', 'exploration', 'exploration', 'exploration', 'exploration', 'exploitation', 'exploitation', 'exploration', 'exploration', 'exploration', 'exploration', 'exploration', 'exploitation', 'exploitation', 'exploitation', 'exploration', 'exploration', 'exploration', 'exploration', 'exploitation', 'exploration', 'exploration', 'exploitation', 'exploitation', 'exploitation', 'exploitation', 'exploitation', 'exploration', 'exploration', 'exploration', 'exploration', 'exploration', 'exploitation', 'exploitation', 'exploration', 'exploration', 'exploration', 'exploration', 'exploration', 'exploitation', 'exploration', 'exploitation', 'exploitation', 'exploration', 'exploration', 'exploration', 'exploitation', 'exploration', 'exploration', 'exploitation', 'exploration', 'exploration', 'exploration', 'exploration', 'exploration', 'exploitation', 'exploration', 'exploration', 'exploration', 'exploitation', 'exploration', 'exploitation', 'exploration', 'exploration', 'exploration', 'exploration', 'exploration', 'exploration', 'exploration', 'exploration', 'exploitation', 'exploitation', 'exploration', 'exploitation', 'exploration', 'exploration', 'exploration']",269.7085011046084,274.89874080487755
264,137.46134308586878,"[0.09389819872387306, 0.4870764675916399]",[1.000e-04 9.999e-01],[ 2.00180076e-30 -6.50845506e-50 -2.00140042e-26 -9.99349945e+01],"['exploration', 'exploitation', 'exploitation', 'exploitation', 'exploration', 'exploitation', 'exploration', 'exploration', 'exploration', 'exploration', 'exploitation', 'exploitation', 'exploitation', 'exploitation', 'exploration', 'exploitation', 'exploitation', 'exploitation', 'exploitation', 'exploration', 'exploitation', 'exploitation', 'exploitation', 'exploitation', 'exploration', 'exploitation', 'exploitation', 'exploitation', 'exploration', 'exploration', 'exploitation', 'exploitation', 'exploration', 'exploitation', 'exploitation', 'exploitation', 'exploration', 'exploitation', 'exploration', 'exploration', 'exploitation', 'exploitation', 'exploitation', 'exploration', 'exploration', 'exploration', 'exploitation', 'exploitation', 'exploration', 'exploitation', 'exploitation', 'exploitation', 'exploration', 'exploration', 'exploitation', 'exploration', 'exploitation', 'exploitation', 'exploitation', 'exploration', 'exploration', 'exploitation', 'exploitation', 'exploitation', 'exploration', 'exploration', 'exploration', 'exploration', 'exploration', 'exploration', 'exploration', 'exploration', 'exploration', 'exploration', 'exploration', 'exploitation', 'exploration', 'exploration', 'exploration', 'exploration', 'exploration', 'exploration', 'exploration', 'exploration', 'exploration', 'exploitation', 'exploration', 'exploitation', 'exploitation', 'exploitation', 'exploration', 'exploration', 'exploitation', 'exploration', 'exploration', 'exploration', 'exploration', 'exploitation', 'exploration']",278.92268617173755,284.1129258720067
265,104.6701368822663,"[0.7636582375098621, 0.6843555959427657]",[0.00745613 0.67615138],[ 2.32324618e+02 -7.29130322e-02 -2.09756123e+01 -4.31130624e-05],"['exploration', 'exploration', 'exploration', 'exploitation', 'exploitation', 'exploitation', 'exploitation', 'exploitation', 'exploitation', 'exploitation', 'exploitation', 'exploitation', 'exploitation', 'exploitation', 'exploitation', 'exploitation', 'exploitation', 'exploitation', 'exploration', 'exploitation', 'exploitation', 'exploration', 'exploitation', 'exploitation', 'exploitation', 'exploration', 'exploitation', 'exploitation', 'exploitation', 'exploitation', 'exploitation', 'exploitation', 'exploitation', 'exploration', 'exploitation', 'exploitation', 'exploitation', 'exploration', 'exploitation', 'exploitation', 'exploitation', 'exploitation', 'exploitation', 'exploitation', 'exploitation', 'exploitation', 'exploitation', 'exploitation', 'exploitation', 'exploration', 'exploitation', 'exploration', 'exploitation', 'exploitation', 'exploitation', 'exploration', 'exploitation', 'exploitation', 'exploitation', 'exploration', 'exploration', 'exploitation', 'exploitation', 'exploitation', 'exploitation', 'exploitation', 'exploration', 'exploration', 'exploration', 'exploration', 'exploration', 'exploration', 'exploitation', 'exploitation', 'exploitation', 'exploration', 'exploration', 'exploration', 'exploitation', 'exploration', 'exploitation', 'exploitation', 'exploitation', 'exploitation', 'exploitation', 'exploitation', 'exploitation', 'exploitation', 'exploitation', 'exploitation', 'exploration', 'exploitation', 'exploitation', 'exploitation', 'exploitation', 'exploitation', 'exploration', 'exploitation', 'exploitation']",213.3402737645326,218.5305134648018
266,36.121523709686585,"[0.10775910526053037, 0.2498626889575911]",[0.00528689 0.04721942],[   3.67179541    2.80722697 -157.30713016  719.10349163],"['exploration', 'exploitation', 'exploration', 'exploration', 'exploration', 'exploration', 'exploration', 'exploration', 'exploitation', 'exploitation', 'exploration', 'exploration', 'exploration', 'exploitation', 'exploitation', 'exploitation', 'exploitation', 'exploration', 'exploitation', 'exploitation', 'exploitation', 'exploitation', 'exploitation', 'exploitation', 'exploitation', 'exploitation', 'exploitation', 'exploitation', 'exploitation', 'exploitation', 'exploitation', 'exploitation', 'exploitation', 'exploitation', 'exploitation', 'exploitation', 'exploitation', 'exploitation', 'exploitation', 'exploitation', 'exploitation', 'exploitation', 'exploitation', 'exploitation', 'exploitation', 'exploitation', 'exploitation', 'exploitation', 'exploitation', 'exploitation', 'exploitation', 'exploitation', 'exploitation', 'exploitation', 'exploitation', 'exploitation', 'exploitation', 'exploitation', 'exploitation', 'exploitation', 'exploitation', 'exploitation', 'exploitation', 'exploitation', 'exploitation', 'exploitation', 'exploitation', 'exploitation', 'exploitation', 'exploitation', 'exploitation', 'exploitation', 'exploitation', 'exploitation', 'exploitation', 'exploitation', 'exploitation', 'exploitation', 'exploitation', 'exploitation', 'exploitation', 'exploitation', 'exploitation', 'exploitation', 'exploitation', 'exploitation', 'exploitation', 'exploitation', 'exploitation', 'exploitation', 'exploitation', 'exploitation', 'exploration', 'exploitation', 'exploitation', 'exploitation', 'exploitation', 'exploitation', 'exploitation']",76.24304741937317,81.43328711964234
267,137.66836302770201,"[0.019732366485588522, 0.08443138896952404]",[1.000e-04 9.999e-01],[ 2.00020004e+02 -6.50315058e-18  1.05113555e-41  6.51030762e-62],"['exploitation', 'exploitation', 'exploitation', 'exploitation', 'exploration', 'exploitation', 'exploitation', 'exploitation', 'exploitation', 'exploration', 'exploitation', 'exploitation', 'exploitation', 'exploitation', 'exploration', 'exploitation', 'exploitation', 'exploitation', 'exploration', 'exploitation', 'exploration', 'exploitation', 'exploitation', 'exploitation', 'exploration', 'exploration', 'exploitation', 'exploitation', 'exploitation', 'exploitation', 'exploration', 'exploitation', 'exploitation', 'exploitation', 'exploration', 'exploration', 'exploration', 'exploration', 'exploration', 'exploration', 'exploration', 'exploration', 'exploration', 'exploration', 'exploitation', 'exploitation', 'exploitation', 'exploration', 'exploration', 'exploration', 'exploration', 'exploration', 'exploitation', 'exploration', 'exploration', 'exploration', 'exploration', 'exploitation', 'exploration', 'exploration', 'exploration', 'exploration', 'exploitation', 'exploration', 'exploration', 'exploration', 'exploration', 'exploitation', 'exploration', 'exploration', 'exploration', 'exploration', 'exploitation', 'exploration', 'exploration', 'exploration', 'exploration', 'exploration', 'exploration', 'exploration', 'exploration', 'exploration', 'exploration', 'exploration', 'exploration', 'exploration', 'exploration', 'exploration', 'exploration', 'exploitation', 'exploitation', 'exploitation', 'exploitation', 'exploration', 'exploration', 'exploitation', 'exploitation', 'exploitation', 'exploitation']",279.33672605540403,284.5269657556732
268,128.06562092274908,"[4.062545900438147, 0.763445294208062]",[0.00229168 0.38902594],[ 2.47440534e+02 -2.00988541e+02 -1.54157675e+00 -4.60987608e-13],"['exploitation', 'exploration', 'exploitation', 'exploration', 'exploration', 'exploration', 'exploration', 'exploitation', 'exploration', 'exploitation', 'exploration', 'exploitation', 'exploration', 'exploration', 'exploration', 'exploitation', 'exploitation', 'exploitation', 'exploitation', 'exploration', 'exploration', 'exploitation', 'exploration', 'exploration', 'exploitation', 'exploitation', 'exploitation', 'exploitation', 'exploration', 'exploration', 'exploration', 'exploration', 'exploitation', 'exploitation', 'exploitation', 'exploitation', 'exploitation', 'exploitation', 'exploitation', 'exploration', 'exploitation', 'exploitation', 'exploration', 'exploration', 'exploitation', 'exploration', 'exploration', 'exploitation', 'exploitation', 'exploration', 'exploration', 'exploration', 'exploitation', 'exploitation', 'exploitation', 'exploration', 'exploitation', 'exploration', 'exploration', 'exploitation', 'exploitation', 'exploitation', 'exploration', 'exploitation', 'exploitation', 'exploration', 'exploration', 'exploration', 'exploration', 'exploitation', 'exploitation', 'exploitation', 'exploration', 'exploration', 'exploitation', 'exploration', 'exploration', 'exploitation', 'exploration', 'exploitation', 'exploitation', 'exploitation', 'exploitation', 'exploration', 'exploration', 'exploration', 'exploration', 'exploitation', 'exploitation', 'exploration', 'exploration', 'exploration', 'exploitation', 'exploitation', 'exploitation', 'exploitation', 'exploration', 'exploitation', 'exploration']",260.13124184549815,265.3214815457673
269,125.05216136408617,"[0.7887088439676799, 0.9441443496161608]",[0.00431052 0.72662921],[-7.28848139e+01  9.99999978e+01 -5.47032136e+01 -1.30175533e-06],"['exploration', 'exploration', 'exploration', 'exploitation', 'exploitation', 'exploitation', 'exploitation', 'exploration', 'exploration', 'exploitation', 'exploitation', 'exploration', 'exploration', 'exploration', 'exploration', 'exploration', 'exploration', 'exploitation', 'exploration', 'exploitation', 'exploitation', 'exploitation', 'exploration', 'exploitation', 'exploration', 'exploration', 'exploration', 'exploration', 'exploration', 'exploration', 'exploration', 'exploration', 'exploitation', 'exploration', 'exploitation', 'exploration', 'exploration', 'exploration', 'exploitation', 'exploitation', 'exploration', 'exploration', 'exploration', 'exploration', 'exploitation', 'exploitation', 'exploration', 'exploitation', 'exploitation', 'exploitation', 'exploitation', 'exploitation', 'exploitation', 'exploration', 'exploitation', 'exploitation', 'exploitation', 'exploitation', 'exploration', 'exploration', 'exploitation', 'exploration', 'exploitation', 'exploitation', 'exploitation', 'exploitation', 'exploration', 'exploration', 'exploitation', 'exploitation', 'exploration', 'exploration', 'exploitation', 'exploration', 'exploitation', 'exploitation', 'exploitation', 'exploitation', 'exploration', 'exploration', 'exploitation', 'exploitation', 'exploitation', 'exploration', 'exploration', 'exploitation', 'exploitation', 'exploitation', 'exploitation', 'exploitation', 'exploration', 'exploration', 'exploitation', 'exploitation', 'exploitation', 'exploitation', 'exploration', 'exploration', 'exploitation']",254.10432272817235,259.2945624284415
270,121.46153781775745,"[0.8624583071875117, 0.6985698598044582]",[0.00444829 0.83055895],[-3.01457788e+01 -9.07016490e-02  1.04983041e+03 -1.74309745e+01],"['exploitation', 'exploration', 'exploration', 'exploration', 'exploitation', 'exploitation', 'exploitation', 'exploitation', 'exploitation', 'exploitation', 'exploitation', 'exploitation', 'exploration', 'exploration', 'exploitation', 'exploration', 'exploration', 'exploitation', 'exploitation', 'exploitation', 'exploration', 'exploitation', 'exploitation', 'exploration', 'exploitation', 'exploitation', 'exploitation', 'exploration', 'exploitation', 'exploitation', 'exploitation', 'exploration', 'exploitation', 'exploitation', 'exploitation', 'exploration', 'exploitation', 'exploration', 'exploitation', 'exploitation', 'exploitation', 'exploration', 'exploitation', 'exploitation', 'exploitation', 'exploration', 'exploration', 'exploitation', 'exploitation', 'exploitation', 'exploration', 'exploitation', 'exploration', 'exploitation', 'exploration', 'exploitation', 'exploration', 'exploitation', 'exploitation', 'exploitation', 'exploration', 'exploitation', 'exploitation', 'exploitation', 'exploration', 'exploration', 'exploration', 'exploration', 'exploration', 'exploration', 'exploitation', 'exploitation', 'exploitation', 'exploration', 'exploitation', 'exploitation', 'exploitation', 'exploration', 'exploration', 'exploitation', 'exploitation', 'exploration', 'exploitation', 'exploitation', 'exploitation', 'exploration', 'exploration', 'exploitation', 'exploitation', 'exploitation', 'exploration', 'exploration', 'exploitation', 'exploration', 'exploration', 'exploitation', 'exploration', 'exploration', 'exploration']",246.9230756355149,252.11331533578408
271,136.80326620063906,"[0.17317094510705033, 0.4822475435409839]",[0.00040972 0.38073772],[135.5170456   65.48946936 -19.21006234 -10.0436367 ],"['exploration', 'exploration', 'exploration', 'exploration', 'exploration', 'exploration', 'exploitation', 'exploitation', 'exploitation', 'exploitation', 'exploration', 'exploration', 'exploration', 'exploration', 'exploration', 'exploration', 'exploration', 'exploration', 'exploration', 'exploitation', 'exploration', 'exploration', 'exploitation', 'exploration', 'exploration', 'exploitation', 'exploration', 'exploration', 'exploration', 'exploration', 'exploration', 'exploration', 'exploitation', 'exploration', 'exploration', 'exploration', 'exploitation', 'exploration', 'exploration', 'exploration', 'exploration', 'exploitation', 'exploration', 'exploration', 'exploration', 'exploration', 'exploration', 'exploration', 'exploration', 'exploitation', 'exploration', 'exploration', 'exploration', 'exploration', 'exploration', 'exploitation', 'exploration', 'exploration', 'exploration', 'exploitation', 'exploitation', 'exploration', 'exploration', 'exploration', 'exploitation', 'exploitation', 'exploration', 'exploration', 'exploration', 'exploration', 'exploration', 'exploration', 'exploration', 'exploitation', 'exploration', 'exploration', 'exploitation', 'exploration', 'exploitation', 'exploration', 'exploration', 'exploration', 'exploitation', 'exploitation', 'exploration', 'exploration', 'exploration', 'exploitation', 'exploration', 'exploration', 'exploration', 'exploration', 'exploration', 'exploration', 'exploitation', 'exploration', 'exploitation', 'exploration', 'exploration']",277.6065324012781,282.7967721015473
272,136.54955032029372,"[0.282626779892323, 0.7454371660264572]",[0.00065097 0.51170091],[ 7.10171356e-08 -1.81254566e+02 -9.15392351e-08  2.09874719e-18],"['exploration', 'exploration', 'exploration', 'exploration', 'exploration', 'exploration', 'exploration', 'exploitation', 'exploitation', 'exploitation', 'exploration', 'exploration', 'exploitation', 'exploitation', 'exploitation', 'exploitation', 'exploitation', 'exploitation', 'exploitation', 'exploration', 'exploration', 'exploitation', 'exploitation', 'exploitation', 'exploitation', 'exploitation', 'exploitation', 'exploration', 'exploration', 'exploration', 'exploration', 'exploration', 'exploration', 'exploitation', 'exploration', 'exploitation', 'exploitation', 'exploitation', 'exploitation', 'exploration', 'exploration', 'exploitation', 'exploitation', 'exploration', 'exploration', 'exploration', 'exploitation', 'exploitation', 'exploration', 'exploitation', 'exploitation', 'exploitation', 'exploitation', 'exploration', 'exploration', 'exploitation', 'exploitation', 'exploitation', 'exploration', 'exploration', 'exploitation', 'exploitation', 'exploitation', 'exploration', 'exploration', 'exploitation', 'exploitation', 'exploration', 'exploration', 'exploitation', 'exploitation', 'exploitation', 'exploration', 'exploration', 'exploitation', 'exploitation', 'exploitation', 'exploration', 'exploration', 'exploitation', 'exploitation', 'exploitation', 'exploration', 'exploration', 'exploitation', 'exploitation', 'exploitation', 'exploration', 'exploration', 'exploitation', 'exploitation', 'exploitation', 'exploration', 'exploration', 'exploitation', 'exploitation', 'exploitation', 'exploration', 'exploitation']",277.09910064058744,282.2893403408566
273,136.05937982715685,"[0.2876290954344816, 0.2996932431947606]",[8.60602882e-04 9.63946815e-01],[ 2.07421396e+02 -1.09821516e-03 -2.75372616e-14 -6.09140671e-06],"['exploration', 'exploitation', 'exploitation', 'exploration', 'exploration', 'exploration', 'exploitation', 'exploitation', 'exploitation', 'exploitation', 'exploitation', 'exploration', 'exploitation', 'exploitation', 'exploration', 'exploitation', 'exploitation', 'exploration', 'exploitation', 'exploitation', 'exploration', 'exploitation', 'exploitation', 'exploration', 'exploitation', 'exploitation', 'exploitation', 'exploration', 'exploration', 'exploitation', 'exploration', 'exploitation', 'exploitation', 'exploitation', 'exploitation', 'exploration', 'exploitation', 'exploitation', 'exploitation', 'exploration', 'exploitation', 'exploitation', 'exploration', 'exploitation', 'exploration', 'exploitation', 'exploitation', 'exploitation', 'exploration', 'exploration', 'exploitation', 'exploitation', 'exploitation', 'exploration', 'exploration', 'exploitation', 'exploitation', 'exploitation', 'exploration', 'exploitation', 'exploration', 'exploitation', 'exploitation', 'exploitation', 'exploration', 'exploitation', 'exploration', 'exploitation', 'exploitation', 'exploitation', 'exploration', 'exploration', 'exploitation', 'exploration', 'exploitation', 'exploration', 'exploitation', 'exploitation', 'exploitation', 'exploration', 'exploitation', 'exploitation', 'exploitation', 'exploration', 'exploration', 'exploitation', 'exploration', 'exploration', 'exploration', 'exploitation', 'exploitation', 'exploitation', 'exploration', 'exploration', 'exploitation', 'exploration', 'exploitation', 'exploitation', 'exploitation']",276.1187596543137,281.30899935458285
274,137.37270241485922,"[0.33584219750709887, 0.2815306379657998]",[0.0001     0.00622443],[-753.3264449  -230.19019023  221.45367066 1364.19961864],"['exploration', 'exploration', 'exploration', 'exploration', 'exploration', 'exploration', 'exploration', 'exploration', 'exploration', 'exploration', 'exploitation', 'exploration', 'exploration', 'exploitation', 'exploration', 'exploration', 'exploration', 'exploration', 'exploration', 'exploration', 'exploitation', 'exploration', 'exploitation', 'exploration', 'exploration', 'exploitation', 'exploration', 'exploitation', 'exploration', 'exploration', 'exploitation', 'exploitation', 'exploitation', 'exploration', 'exploration', 'exploration', 'exploration', 'exploration', 'exploration', 'exploration', 'exploration', 'exploration', 'exploration', 'exploration', 'exploration', 'exploration', 'exploration', 'exploration', 'exploitation', 'exploitation', 'exploration', 'exploration', 'exploitation', 'exploitation', 'exploration', 'exploration', 'exploration', 'exploration', 'exploitation', 'exploration', 'exploration', 'exploration', 'exploitation', 'exploration', 'exploration', 'exploration', 'exploration', 'exploitation', 'exploration', 'exploration', 'exploration', 'exploitation', 'exploration', 'exploration', 'exploration', 'exploration', 'exploration', 'exploitation', 'exploitation', 'exploration', 'exploration', 'exploitation', 'exploration', 'exploration', 'exploration', 'exploration', 'exploration', 'exploration', 'exploration', 'exploration', 'exploration', 'exploitation', 'exploitation', 'exploration', 'exploration', 'exploitation', 'exploration', 'exploration', 'exploration']",278.74540482971844,283.9356445299876
275,137.3861871548362,"[1.067834068683251, 0.7591441392866671]",[1.000e-04 9.999e-01],[ 2.00000000e+02  1.00080030e-26 -2.00040006e-02  6.50705345e-42],"['exploration', 'exploration', 'exploration', 'exploitation', 'exploration', 'exploration', 'exploration', 'exploration', 'exploration', 'exploration', 'exploration', 'exploration', 'exploitation', 'exploration', 'exploration', 'exploration', 'exploitation', 'exploration', 'exploitation', 'exploration', 'exploitation', 'exploitation', 'exploitation', 'exploration', 'exploitation', 'exploitation', 'exploitation', 'exploration', 'exploitation', 'exploration', 'exploitation', 'exploitation', 'exploitation', 'exploitation', 'exploration', 'exploitation', 'exploitation', 'exploitation', 'exploration', 'exploration', 'exploitation', 'exploitation', 'exploitation', 'exploration', 'exploration', 'exploration', 'exploitation', 'exploitation', 'exploitation', 'exploration', 'exploration', 'exploitation', 'exploitation', 'exploitation', 'exploitation', 'exploitation', 'exploration', 'exploitation', 'exploitation', 'exploration', 'exploitation', 'exploration', 'exploration', 'exploitation', 'exploration', 'exploitation', 'exploration', 'exploration', 'exploration', 'exploitation', 'exploitation', 'exploration', 'exploration', 'exploration', 'exploration', 'exploitation', 'exploration', 'exploitation', 'exploration', 'exploitation', 'exploitation', 'exploration', 'exploration', 'exploration', 'exploration', 'exploration', 'exploration', 'exploration', 'exploitation', 'exploitation', 'exploitation', 'exploration', 'exploitation', 'exploration', 'exploration', 'exploration', 'exploration', 'exploration', 'exploitation']",278.7723743096724,283.96261400994155
276,137.2337882162742,"[0.3512880062243037, 0.5177452845362399]",[1.00000000e-04 7.87721245e-01],[ 9.48313447e-08  1.25424847e+02 -5.29026539e-24 -5.86995050e-23],"['exploration', 'exploration', 'exploitation', 'exploration', 'exploitation', 'exploitation', 'exploration', 'exploration', 'exploration', 'exploration', 'exploration', 'exploration', 'exploration', 'exploration', 'exploration', 'exploration', 'exploration', 'exploitation', 'exploration', 'exploration', 'exploration', 'exploitation', 'exploration', 'exploitation', 'exploitation', 'exploration', 'exploitation', 'exploration', 'exploration', 'exploration', 'exploitation', 'exploitation', 'exploration', 'exploitation', 'exploration', 'exploration', 'exploitation', 'exploration', 'exploitation', 'exploration', 'exploitation', 'exploitation', 'exploration', 'exploration', 'exploration', 'exploitation', 'exploitation', 'exploitation', 'exploration', 'exploration', 'exploration', 'exploration', 'exploitation', 'exploration', 'exploitation', 'exploration', 'exploitation', 'exploitation', 'exploration', 'exploration', 'exploration', 'exploration', 'exploration', 'exploitation', 'exploration', 'exploration', 'exploration', 'exploration', 'exploitation', 'exploitation', 'exploration', 'exploration', 'exploration', 'exploration', 'exploration', 'exploration', 'exploration', 'exploration', 'exploitation', 'exploitation', 'exploration', 'exploration', 'exploitation', 'exploitation', 'exploration', 'exploitation', 'exploitation', 'exploitation', 'exploitation', 'exploration', 'exploration', 'exploitation', 'exploitation', 'exploitation', 'exploration', 'exploration', 'exploitation', 'exploitation', 'exploitation']",278.4675764325484,283.6578161328176
277,136.63998421570636,"[2.1171174234142205, 0.7942230512556631]",[0.00060908 0.50591887],[ 8.99798333e+01 -6.09090489e+02 -1.48978118e-19 -1.08454110e-21],"['exploration', 'exploration', 'exploitation', 'exploration', 'exploitation', 'exploration', 'exploration', 'exploration', 'exploitation', 'exploration', 'exploration', 'exploitation', 'exploitation', 'exploitation', 'exploitation', 'exploitation', 'exploitation', 'exploitation', 'exploration', 'exploitation', 'exploitation', 'exploration', 'exploration', 'exploitation', 'exploitation', 'exploration', 'exploitation', 'exploitation', 'exploration', 'exploitation', 'exploitation', 'exploration', 'exploitation', 'exploration', 'exploration', 'exploration', 'exploitation', 'exploration', 'exploration', 'exploration', 'exploration', 'exploitation', 'exploration', 'exploration', 'exploration', 'exploitation', 'exploration', 'exploitation', 'exploration', 'exploitation', 'exploitation', 'exploration', 'exploration', 'exploration', 'exploration', 'exploitation', 'exploration', 'exploration', 'exploration', 'exploitation', 'exploitation', 'exploration', 'exploration', 'exploitation', 'exploration', 'exploration', 'exploration', 'exploration', 'exploration', 'exploration', 'exploitation', 'exploration', 'exploration', 'exploration', 'exploitation', 'exploration', 'exploration', 'exploration', 'exploration', 'exploitation', 'exploitation', 'exploration', 'exploitation', 'exploration', 'exploitation', 'exploration', 'exploration', 'exploration', 'exploitation', 'exploration', 'exploration', 'exploitation', 'exploration', 'exploration', 'exploitation', 'exploitation', 'exploration', 'exploration', 'exploration']",277.2799684314127,282.4702081316819
278,137.2991776754906,"[0.5866466118316211, 0.8545497880132162]",[1.00000000e-04 6.81425547e-01],[  26.71962269   32.86583484 -198.90239492   -0.32932028],"['exploration', 'exploration', 'exploration', 'exploration', 'exploration', 'exploration', 'exploitation', 'exploitation', 'exploration', 'exploration', 'exploration', 'exploration', 'exploration', 'exploitation', 'exploration', 'exploitation', 'exploration', 'exploration', 'exploration', 'exploration', 'exploration', 'exploration', 'exploration', 'exploration', 'exploration', 'exploitation', 'exploitation', 'exploration', 'exploration', 'exploitation', 'exploration', 'exploration', 'exploration', 'exploration', 'exploration', 'exploration', 'exploration', 'exploration', 'exploration', 'exploration', 'exploration', 'exploration', 'exploration', 'exploitation', 'exploration', 'exploration', 'exploration', 'exploitation', 'exploration', 'exploration', 'exploitation', 'exploitation', 'exploration', 'exploration', 'exploration', 'exploration', 'exploration', 'exploration', 'exploration', 'exploitation', 'exploration', 'exploration', 'exploration', 'exploitation', 'exploration', 'exploration', 'exploration', 'exploration', 'exploration', 'exploitation', 'exploitation', 'exploitation', 'exploration', 'exploration', 'exploitation', 'exploration', 'exploration', 'exploration', 'exploration', 'exploitation', 'exploration', 'exploration', 'exploration', 'exploration', 'exploitation', 'exploration', 'exploration', 'exploration', 'exploitation', 'exploitation', 'exploration', 'exploitation', 'exploration', 'exploration', 'exploration', 'exploitation', 'exploration', 'exploration', 'exploration']",278.5983553509812,283.78859505125035
279,132.5993519502061,"[0.35631819101287154, 0.6738213950858792]",[0.00158765 0.61633502],[278.4003092   19.59004296   0.47679872  -2.48608207],"['exploration', 'exploration', 'exploitation', 'exploitation', 'exploitation', 'exploitation', 'exploration', 'exploitation', 'exploration', 'exploitation', 'exploitation', 'exploration', 'exploration', 'exploration', 'exploration', 'exploitation', 'exploration', 'exploration', 'exploitation', 'exploration', 'exploration', 'exploitation', 'exploration', 'exploration', 'exploration', 'exploitation', 'exploration', 'exploration', 'exploration', 'exploration', 'exploration', 'exploration', 'exploitation', 'exploration', 'exploration', 'exploration', 'exploitation', 'exploration', 'exploitation', 'exploitation', 'exploitation', 'exploration', 'exploration', 'exploration', 'exploration', 'exploration', 'exploitation', 'exploitation', 'exploration', 'exploitation', 'exploration', 'exploitation', 'exploitation', 'exploration', 'exploration', 'exploration', 'exploitation', 'exploration', 'exploitation', 'exploitation', 'exploration', 'exploitation', 'exploration', 'exploration', 'exploitation', 'exploration', 'exploitation', 'exploitation', 'exploration', 'exploration', 'exploration', 'exploration', 'exploration', 'exploration', 'exploration', 'exploration', 'exploitation', 'exploitation', 'exploitation', 'exploration', 'exploration', 'exploitation', 'exploration', 'exploration', 'exploration', 'exploration', 'exploration', 'exploration', 'exploration', 'exploration', 'exploration', 'exploration', 'exploration', 'exploration', 'exploration', 'exploitation', 'exploration', 'exploitation', 'exploitation']",269.1987039004122,274.3889436006814
280,132.5615593973297,"[0.8492246190969625, 0.348339793164192]",[0.00218997 0.85602903],[ 2.04080837e+02  1.46953965e+01 -7.65764079e-02 -2.70207421e-22],"['exploitation', 'exploration', 'exploration', 'exploration', 'exploration', 'exploitation', 'exploration', 'exploitation', 'exploration', 'exploration', 'exploitation', 'exploitation', 'exploration', 'exploration', 'exploitation', 'exploitation', 'exploration', 'exploitation', 'exploration', 'exploitation', 'exploitation', 'exploitation', 'exploitation', 'exploration', 'exploitation', 'exploitation', 'exploration', 'exploitation', 'exploration', 'exploitation', 'exploitation', 'exploration', 'exploitation', 'exploitation', 'exploration', 'exploitation', 'exploitation', 'exploration', 'exploitation', 'exploration', 'exploration', 'exploration', 'exploitation', 'exploration', 'exploration', 'exploitation', 'exploitation', 'exploration', 'exploration', 'exploitation', 'exploitation', 'exploitation', 'exploitation', 'exploration', 'exploitation', 'exploration', 'exploration', 'exploitation', 'exploration', 'exploitation', 'exploitation', 'exploration', 'exploitation', 'exploitation', 'exploration', 'exploitation', 'exploitation', 'exploration', 'exploitation', 'exploration', 'exploitation', 'exploitation', 'exploration', 'exploitation', 'exploration', 'exploitation', 'exploitation', 'exploitation', 'exploration', 'exploitation', 'exploration', 'exploration', 'exploitation', 'exploitation', 'exploration', 'exploration', 'exploitation', 'exploitation', 'exploration', 'exploitation', 'exploitation', 'exploration', 'exploration', 'exploitation', 'exploration', 'exploration', 'exploration', 'exploration', 'exploration']",269.1231187946594,274.31335849492854
281,123.23350675733536,"[1.301795101808297, 0.18164428083016895]",[0.00109329 0.0001    ],[-199.32337891 -149.68273492  750.24140884 2194.51791256],"['exploitation', 'exploitation', 'exploration', 'exploitation', 'exploitation', 'exploration', 'exploration', 'exploration', 'exploration', 'exploration', 'exploration', 'exploration', 'exploitation', 'exploitation', 'exploitation', 'exploration', 'exploration', 'exploration', 'exploration', 'exploration', 'exploration', 'exploitation', 'exploitation', 'exploration', 'exploration', 'exploration', 'exploitation', 'exploitation', 'exploitation', 'exploitation', 'exploration', 'exploration', 'exploration', 'exploration', 'exploration', 'exploration', 'exploration', 'exploration', 'exploration', 'exploration', 'exploration', 'exploitation', 'exploration', 'exploration', 'exploration', 'exploration', 'exploration', 'exploration', 'exploration', 'exploration', 'exploration', 'exploration', 'exploitation', 'exploitation', 'exploitation', 'exploitation', 'exploitation', 'exploitation', 'exploitation', 'exploitation', 'exploitation', 'exploration', 'exploration', 'exploration', 'exploration', 'exploration', 'exploration', 'exploration', 'exploration', 'exploration', 'exploration', 'exploration', 'exploration', 'exploration', 'exploration', 'exploration', 'exploration', 'exploitation', 'exploitation', 'exploitation', 'exploration', 'exploration', 'exploitation', 'exploitation', 'exploitation', 'exploitation', 'exploitation', 'exploitation', 'exploitation', 'exploitation', 'exploitation', 'exploitation', 'exploitation', 'exploitation', 'exploitation', 'exploitation', 'exploitation', 'exploration', 'exploration']",250.46701351467073,255.6572532149399
282,117.90934544210167,"[0.379162897801584, 0.20314040063234673]",[0.00107345 0.0001    ],[  48.82125525   98.86626703 2742.79537114  696.4415448 ],"['exploitation', 'exploitation', 'exploitation', 'exploitation', 'exploitation', 'exploitation', 'exploitation', 'exploration', 'exploration', 'exploration', 'exploitation', 'exploitation', 'exploration', 'exploration', 'exploration', 'exploration', 'exploration', 'exploitation', 'exploitation', 'exploitation', 'exploration', 'exploration', 'exploration', 'exploitation', 'exploration', 'exploration', 'exploration', 'exploitation', 'exploration', 'exploration', 'exploration', 'exploration', 'exploration', 'exploration', 'exploration', 'exploration', 'exploration', 'exploitation', 'exploration', 'exploration', 'exploration', 'exploration', 'exploitation', 'exploitation', 'exploration', 'exploration', 'exploration', 'exploitation', 'exploitation', 'exploitation', 'exploration', 'exploration', 'exploitation', 'exploitation', 'exploitation', 'exploitation', 'exploration', 'exploitation', 'exploitation', 'exploitation', 'exploitation', 'exploitation', 'exploration', 'exploration', 'exploration', 'exploration', 'exploration', 'exploitation', 'exploitation', 'exploitation', 'exploitation', 'exploitation', 'exploration', 'exploration', 'exploration', 'exploration', 'exploration', 'exploitation', 'exploitation', 'exploitation', 'exploitation', 'exploitation', 'exploitation', 'exploitation', 'exploitation', 'exploitation', 'exploitation', 'exploitation', 'exploitation', 'exploitation', 'exploitation', 'exploitation', 'exploitation', 'exploitation', 'exploitation', 'exploitation', 'exploitation', 'exploitation', 'exploitation']",239.81869088420333,245.00893058447252
283,134.7837388888631,"[1.652853715225914, 0.6268696179446004]",[0.0012952 0.9999   ],[-1.05052511e-17  1.00070023e-22  1.05103045e-37  6.49989998e+02],"['exploration', 'exploration', 'exploration', 'exploration', 'exploration', 'exploitation', 'exploitation', 'exploitation', 'exploitation', 'exploration', 'exploration', 'exploration', 'exploitation', 'exploitation', 'exploration', 'exploitation', 'exploration', 'exploitation', 'exploitation', 'exploitation', 'exploration', 'exploration', 'exploitation', 'exploitation', 'exploration', 'exploration', 'exploration', 'exploitation', 'exploration', 'exploitation', 'exploration', 'exploitation', 'exploitation', 'exploration', 'exploitation', 'exploitation', 'exploration', 'exploration', 'exploitation', 'exploitation', 'exploitation', 'exploration', 'exploitation', 'exploitation', 'exploration', 'exploration', 'exploitation', 'exploration', 'exploitation', 'exploitation', 'exploitation', 'exploration', 'exploitation', 'exploitation', 'exploitation', 'exploration', 'exploration', 'exploration', 'exploitation', 'exploration', 'exploitation', 'exploitation', 'exploitation', 'exploration', 'exploration', 'exploration', 'exploitation', 'exploitation', 'exploitation', 'exploration', 'exploration', 'exploration', 'exploration', 'exploitation', 'exploitation', 'exploitation', 'exploration', 'exploration', 'exploitation', 'exploitation', 'exploitation', 'exploration', 'exploration', 'exploration', 'exploration', 'exploration', 'exploration', 'exploration', 'exploration', 'exploitation', 'exploitation', 'exploitation', 'exploration', 'exploration', 'exploration', 'exploration', 'exploration', 'exploration', 'exploration']",273.5674777777262,278.75771747799536
284,129.58023565512696,"[0.4079143304002049, 0.5783815321332029]",[0.00223123 0.53100178],[200.04304479  68.99131759 -18.17447696  -0.68912975],"['exploration', 'exploitation', 'exploration', 'exploration', 'exploration', 'exploration', 'exploration', 'exploration', 'exploration', 'exploitation', 'exploration', 'exploitation', 'exploitation', 'exploitation', 'exploration', 'exploitation', 'exploration', 'exploitation', 'exploitation', 'exploitation', 'exploitation', 'exploitation', 'exploitation', 'exploration', 'exploration', 'exploration', 'exploitation', 'exploration', 'exploration', 'exploration', 'exploitation', 'exploration', 'exploitation', 'exploration', 'exploration', 'exploration', 'exploitation', 'exploration', 'exploitation', 'exploitation', 'exploration', 'exploration', 'exploitation', 'exploitation', 'exploitation', 'exploration', 'exploitation', 'exploitation', 'exploitation', 'exploitation', 'exploration', 'exploration', 'exploitation', 'exploration', 'exploration', 'exploitation', 'exploitation', 'exploitation', 'exploration', 'exploration', 'exploitation', 'exploitation', 'exploitation', 'exploration', 'exploration', 'exploration', 'exploitation', 'exploitation', 'exploitation', 'exploitation', 'exploration', 'exploration', 'exploitation', 'exploitation', 'exploitation', 'exploration', 'exploration', 'exploitation', 'exploration', 'exploration', 'exploration', 'exploitation', 'exploitation', 'exploitation', 'exploitation', 'exploitation', 'exploration', 'exploration', 'exploration', 'exploration', 'exploration', 'exploration', 'exploitation', 'exploitation', 'exploitation', 'exploitation', 'exploitation', 'exploration', 'exploitation']",263.1604713102539,268.35071101052307
285,134.1556994145589,"[0.4778301184466909, 0.3207174710602028]",[0.00135846 0.61136489],[ 4.64270567e+01 -6.11136214e+02  8.23955956e+00  1.80121282e-03],"['exploration', 'exploitation', 'exploration', 'exploitation', 'exploration', 'exploitation', 'exploitation', 'exploration', 'exploration', 'exploitation', 'exploration', 'exploitation', 'exploitation', 'exploration', 'exploitation', 'exploration', 'exploitation', 'exploitation', 'exploration', 'exploration', 'exploration', 'exploitation', 'exploitation', 'exploration', 'exploration', 'exploration', 'exploitation', 'exploitation', 'exploration', 'exploitation', 'exploration', 'exploration', 'exploitation', 'exploitation', 'exploration', 'exploitation', 'exploitation', 'exploitation', 'exploitation', 'exploitation', 'exploitation', 'exploration', 'exploration', 'exploitation', 'exploitation', 'exploration', 'exploration', 'exploration', 'exploitation', 'exploitation', 'exploitation', 'exploration', 'exploitation', 'exploitation', 'exploitation', 'exploration', 'exploration', 'exploitation', 'exploration', 'exploration', 'exploration', 'exploitation', 'exploitation', 'exploitation', 'exploration', 'exploration', 'exploitation', 'exploitation', 'exploration', 'exploration', 'exploration', 'exploitation', 'exploration', 'exploitation', 'exploitation', 'exploitation', 'exploration', 'exploitation', 'exploitation', 'exploitation', 'exploration', 'exploration', 'exploitation', 'exploitation', 'exploration', 'exploitation', 'exploration', 'exploration', 'exploitation', 'exploration', 'exploration', 'exploration', 'exploration', 'exploration', 'exploration', 'exploitation', 'exploration', 'exploration', 'exploration']",272.3113988291178,277.501638529387
286,137.22210257339748,"[0.015218876596811004, 0.12945232306970267]",[1.000e-04 9.999e-01],[ 1.99894992e+02 -6.50325065e-18 -2.00160056e-30 -1.00060015e-22],"['exploration', 'exploration', 'exploration', 'exploration', 'exploration', 'exploration', 'exploration', 'exploration', 'exploration', 'exploration', 'exploration', 'exploitation', 'exploitation', 'exploitation', 'exploitation', 'exploration', 'exploitation', 'exploitation', 'exploitation', 'exploration', 'exploration', 'exploitation', 'exploration', 'exploitation', 'exploitation', 'exploitation', 'exploitation', 'exploration', 'exploration', 'exploitation', 'exploitation', 'exploitation', 'exploitation', 'exploration', 'exploitation', 'exploitation', 'exploitation', 'exploitation', 'exploitation', 'exploration', 'exploitation', 'exploitation', 'exploration', 'exploration', 'exploration', 'exploitation', 'exploration', 'exploitation', 'exploration', 'exploration', 'exploitation', 'exploration', 'exploration', 'exploitation', 'exploitation', 'exploitation', 'exploration', 'exploration', 'exploration', 'exploration', 'exploitation', 'exploration', 'exploitation', 'exploitation', 'exploration', 'exploration', 'exploitation', 'exploration', 'exploration', 'exploration', 'exploitation', 'exploitation', 'exploration', 'exploitation', 'exploitation', 'exploitation', 'exploration', 'exploration', 'exploration', 'exploitation', 'exploitation', 'exploration', 'exploration', 'exploration', 'exploration', 'exploration', 'exploration', 'exploitation', 'exploration', 'exploration', 'exploration', 'exploration', 'exploration', 'exploitation', 'exploitation', 'exploitation', 'exploitation', 'exploration', 'exploration']",278.44420514679496,283.6344448470641
287,77.8759716349511,"[0.7070380534359859, 0.45408606667565654]",[0.01666724 0.92696384],[-2.94614428e-02  9.99999928e+01 -1.46072297e+01 -2.80206203e-01],"['exploitation', 'exploitation', 'exploitation', 'exploitation', 'exploration', 'exploitation', 'exploitation', 'exploitation', 'exploitation', 'exploration', 'exploitation', 'exploitation', 'exploitation', 'exploitation', 'exploitation', 'exploitation', 'exploitation', 'exploitation', 'exploitation', 'exploitation', 'exploration', 'exploitation', 'exploration', 'exploitation', 'exploitation', 'exploitation', 'exploration', 'exploitation', 'exploitation', 'exploration', 'exploitation', 'exploitation', 'exploitation', 'exploration', 'exploitation', 'exploitation', 'exploitation', 'exploitation', 'exploitation', 'exploitation', 'exploitation', 'exploitation', 'exploitation', 'exploitation', 'exploration', 'exploitation', 'exploitation', 'exploitation', 'exploration', 'exploitation', 'exploration', 'exploitation', 'exploitation', 'exploitation', 'exploitation', 'exploitation', 'exploration', 'exploitation', 'exploration', 'exploitation', 'exploitation', 'exploration', 'exploitation', 'exploration', 'exploitation', 'exploitation', 'exploitation', 'exploitation', 'exploitation', 'exploitation', 'exploration', 'exploitation', 'exploitation', 'exploitation', 'exploitation', 'exploitation', 'exploitation', 'exploration', 'exploitation', 'exploitation', 'exploitation', 'exploitation', 'exploitation', 'exploitation', 'exploitation', 'exploitation', 'exploitation', 'exploration', 'exploitation', 'exploitation', 'exploration', 'exploration', 'exploitation', 'exploitation', 'exploration', 'exploitation', 'exploitation', 'exploitation', 'exploitation']",159.7519432699022,164.9421829701714
288,87.08969877854308,"[0.006345056623893296, 0.638782735829324]",[0.01249974 0.94251382],[-1.13335960e-02 -6.43901920e+02 -4.70594635e-79 -3.14263238e-63],"['exploitation', 'exploitation', 'exploitation', 'exploitation', 'exploration', 'exploration', 'exploration', 'exploitation', 'exploitation', 'exploitation', 'exploitation', 'exploitation', 'exploitation', 'exploitation', 'exploitation', 'exploitation', 'exploration', 'exploitation', 'exploitation', 'exploitation', 'exploitation', 'exploration', 'exploitation', 'exploitation', 'exploitation', 'exploitation', 'exploration', 'exploitation', 'exploitation', 'exploitation', 'exploitation', 'exploration', 'exploration', 'exploitation', 'exploitation', 'exploration', 'exploitation', 'exploitation', 'exploration', 'exploitation', 'exploitation', 'exploitation', 'exploration', 'exploitation', 'exploitation', 'exploration', 'exploitation', 'exploration', 'exploitation', 'exploitation', 'exploitation', 'exploitation', 'exploitation', 'exploration', 'exploitation', 'exploitation', 'exploitation', 'exploitation', 'exploration', 'exploitation', 'exploitation', 'exploitation', 'exploitation', 'exploration', 'exploitation', 'exploitation', 'exploitation', 'exploitation', 'exploration', 'exploitation', 'exploitation', 'exploitation', 'exploitation', 'exploration', 'exploitation', 'exploitation', 'exploitation', 'exploitation', 'exploration', 'exploration', 'exploration', 'exploration', 'exploration', 'exploration', 'exploration', 'exploration', 'exploration', 'exploitation', 'exploration', 'exploration', 'exploitation', 'exploitation', 'exploitation', 'exploitation', 'exploitation', 'exploitation', 'exploitation', 'exploitation', 'exploration']",178.17939755708616,183.36963725735535
289,99.62253327394143,"[0.9980885926096947, 0.37063637683343786]",[0.00865353 0.74447694],[ 2.67499664e+02 -1.11994758e-02 -8.52609864e-01  6.48799963e-02],"['exploration', 'exploration', 'exploitation', 'exploitation', 'exploitation', 'exploration', 'exploitation', 'exploitation', 'exploitation', 'exploitation', 'exploitation', 'exploration', 'exploration', 'exploration', 'exploration', 'exploitation', 'exploration', 'exploitation', 'exploitation', 'exploitation', 'exploration', 'exploitation', 'exploration', 'exploitation', 'exploitation', 'exploitation', 'exploitation', 'exploitation', 'exploration', 'exploitation', 'exploration', 'exploitation', 'exploration', 'exploitation', 'exploitation', 'exploration', 'exploitation', 'exploitation', 'exploitation', 'exploitation', 'exploitation', 'exploration', 'exploitation', 'exploitation', 'exploration', 'exploration', 'exploitation', 'exploitation', 'exploitation', 'exploitation', 'exploitation', 'exploitation', 'exploitation', 'exploitation', 'exploration', 'exploitation', 'exploitation', 'exploitation', 'exploitation', 'exploration', 'exploitation', 'exploitation', 'exploitation', 'exploitation', 'exploration', 'exploration', 'exploration', 'exploitation', 'exploration', 'exploitation', 'exploitation', 'exploration', 'exploration', 'exploration', 'exploitation', 'exploitation', 'exploitation', 'exploitation', 'exploration', 'exploration', 'exploration', 'exploration', 'exploitation', 'exploitation', 'exploitation', 'exploitation', 'exploitation', 'exploitation', 'exploitation', 'exploitation', 'exploitation', 'exploration', 'exploitation', 'exploration', 'exploration', 'exploitation', 'exploitation', 'exploitation', 'exploitation']",203.24506654788286,208.43530624815205
290,100.94038607987751,"[0.2879170350453921, 0.08948398679093673]",[0.00722768 0.5350032 ],[  1.57962082 177.90808508 -13.69533332  -1.01110252],"['exploitation', 'exploration', 'exploration', 'exploration', 'exploration', 'exploration', 'exploration', 'exploration', 'exploration', 'exploration', 'exploitation', 'exploitation', 'exploitation', 'exploration', 'exploration', 'exploration', 'exploration', 'exploration', 'exploration', 'exploration', 'exploration', 'exploration', 'exploration', 'exploration', 'exploitation', 'exploitation', 'exploitation', 'exploitation', 'exploitation', 'exploration', 'exploration', 'exploration', 'exploration', 'exploitation', 'exploration', 'exploration', 'exploration', 'exploration', 'exploration', 'exploration', 'exploration', 'exploitation', 'exploration', 'exploitation', 'exploitation', 'exploitation', 'exploitation', 'exploitation', 'exploitation', 'exploitation', 'exploration', 'exploitation', 'exploitation', 'exploitation', 'exploitation', 'exploration', 'exploitation', 'exploration', 'exploration', 'exploitation', 'exploitation', 'exploitation', 'exploitation', 'exploration', 'exploitation', 'exploitation', 'exploitation', 'exploitation', 'exploitation', 'exploitation', 'exploitation', 'exploitation', 'exploitation', 'exploitation', 'exploitation', 'exploration', 'exploitation', 'exploitation', 'exploitation', 'exploitation', 'exploitation', 'exploitation', 'exploitation', 'exploration', 'exploration', 'exploitation', 'exploitation', 'exploitation', 'exploration', 'exploitation', 'exploitation', 'exploration', 'exploration', 'exploration', 'exploration', 'exploitation', 'exploitation', 'exploitation', 'exploitation']",205.88077215975503,211.0710118600242
291,133.79310213193577,"[1.2185320509719448, 0.681787509203119]",[0.00104822 0.17709444],[ 154.96441907 -192.86379964  -47.46551411  -50.63668108],"['exploitation', 'exploitation', 'exploitation', 'exploitation', 'exploitation', 'exploration', 'exploration', 'exploration', 'exploration', 'exploitation', 'exploitation', 'exploitation', 'exploration', 'exploitation', 'exploration', 'exploitation', 'exploitation', 'exploitation', 'exploration', 'exploration', 'exploitation', 'exploration', 'exploration', 'exploration', 'exploration', 'exploitation', 'exploration', 'exploitation', 'exploration', 'exploration', 'exploration', 'exploration', 'exploration', 'exploration', 'exploitation', 'exploitation', 'exploration', 'exploration', 'exploitation', 'exploration', 'exploitation', 'exploitation', 'exploration', 'exploration', 'exploration', 'exploration', 'exploitation', 'exploration', 'exploration', 'exploration', 'exploitation', 'exploration', 'exploration', 'exploration', 'exploitation', 'exploitation', 'exploration', 'exploration', 'exploration', 'exploration', 'exploitation', 'exploration', 'exploration', 'exploration', 'exploitation', 'exploitation', 'exploration', 'exploitation', 'exploration', 'exploration', 'exploration', 'exploration', 'exploration', 'exploration', 'exploitation', 'exploration', 'exploration', 'exploitation', 'exploitation', 'exploration', 'exploration', 'exploration', 'exploitation', 'exploration', 'exploration', 'exploration', 'exploration', 'exploitation', 'exploration', 'exploitation', 'exploitation', 'exploration', 'exploration', 'exploration', 'exploitation', 'exploration', 'exploration', 'exploitation', 'exploitation']",271.58620426387154,276.7764439641407
292,136.20461344217867,"[0.8199410488220712, 0.5700055869088807]",[0.00069327 0.53348761],[ -10.45087342   21.74835629  -31.17941499 -148.86580255],"['exploration', 'exploration', 'exploration', 'exploitation', 'exploration', 'exploitation', 'exploitation', 'exploitation', 'exploitation', 'exploitation', 'exploration', 'exploitation', 'exploitation', 'exploration', 'exploration', 'exploration', 'exploration', 'exploitation', 'exploitation', 'exploration', 'exploitation', 'exploitation', 'exploitation', 'exploration', 'exploration', 'exploitation', 'exploitation', 'exploitation', 'exploration', 'exploration', 'exploitation', 'exploitation', 'exploitation', 'exploration', 'exploration', 'exploitation', 'exploration', 'exploitation', 'exploitation', 'exploitation', 'exploitation', 'exploration', 'exploration', 'exploration', 'exploration', 'exploration', 'exploitation', 'exploration', 'exploration', 'exploitation', 'exploration', 'exploitation', 'exploration', 'exploration', 'exploitation', 'exploration', 'exploration', 'exploration', 'exploration', 'exploration', 'exploitation', 'exploitation', 'exploitation', 'exploration', 'exploration', 'exploration', 'exploration', 'exploration', 'exploration', 'exploration', 'exploration', 'exploration', 'exploration', 'exploration', 'exploration', 'exploration', 'exploration', 'exploration', 'exploration', 'exploitation', 'exploration', 'exploration', 'exploration', 'exploration', 'exploration', 'exploration', 'exploitation', 'exploitation', 'exploitation', 'exploration', 'exploration', 'exploitation', 'exploitation', 'exploration', 'exploration', 'exploitation', 'exploration', 'exploration', 'exploration']",276.40922688435734,281.5994665846265
293,137.391744356837,"[0.28754247136917044, 0.8963428040214572]",[1.000e-04 9.999e-01],[ 2.00681127e-130  9.99349945e+001  1.05082028e-029 -1.00070021e-026],"['exploitation', 'exploitation', 'exploitation', 'exploitation', 'exploration', 'exploitation', 'exploitation', 'exploitation', 'exploration', 'exploitation', 'exploitation', 'exploitation', 'exploration', 'exploration', 'exploration', 'exploitation', 'exploration', 'exploitation', 'exploitation', 'exploitation', 'exploration', 'exploitation', 'exploitation', 'exploitation', 'exploration', 'exploration', 'exploitation', 'exploitation', 'exploitation', 'exploration', 'exploration', 'exploration', 'exploration', 'exploration', 'exploitation', 'exploitation', 'exploitation', 'exploration', 'exploitation', 'exploitation', 'exploitation', 'exploration', 'exploitation', 'exploitation', 'exploitation', 'exploration', 'exploration', 'exploration', 'exploitation', 'exploitation', 'exploitation', 'exploration', 'exploration', 'exploitation', 'exploitation', 'exploitation', 'exploration', 'exploration', 'exploration', 'exploration', 'exploration', 'exploration', 'exploitation', 'exploitation', 'exploitation', 'exploration', 'exploration', 'exploration', 'exploitation', 'exploitation', 'exploitation', 'exploration', 'exploration', 'exploration', 'exploration', 'exploitation', 'exploitation', 'exploitation', 'exploration', 'exploration', 'exploration', 'exploration', 'exploration', 'exploitation', 'exploration', 'exploitation', 'exploitation', 'exploitation', 'exploration', 'exploration', 'exploration', 'exploration', 'exploration', 'exploitation', 'exploitation', 'exploitation', 'exploitation', 'exploration', 'exploitation']",278.783488713674,283.97372841394315
294,136.9431945749342,"[1.54952275766786, 0.876012347135362]",[3.63844292e-04 6.86538600e-01],[-2.91359661e+00  2.82093344e-05  9.59566091e+02 -2.87085621e-04],"['exploration', 'exploration', 'exploration', 'exploration', 'exploration', 'exploration', 'exploration', 'exploitation', 'exploitation', 'exploration', 'exploration', 'exploration', 'exploration', 'exploration', 'exploration', 'exploitation', 'exploration', 'exploration', 'exploration', 'exploration', 'exploration', 'exploration', 'exploration', 'exploration', 'exploration', 'exploration', 'exploration', 'exploration', 'exploitation', 'exploitation', 'exploitation', 'exploration', 'exploration', 'exploration', 'exploration', 'exploration', 'exploration', 'exploration', 'exploration', 'exploitation', 'exploration', 'exploitation', 'exploration', 'exploration', 'exploration', 'exploitation', 'exploitation', 'exploration', 'exploration', 'exploration', 'exploitation', 'exploration', 'exploration', 'exploration', 'exploration', 'exploitation', 'exploration', 'exploitation', 'exploration', 'exploitation', 'exploitation', 'exploration', 'exploration', 'exploitation', 'exploitation', 'exploration', 'exploration', 'exploitation', 'exploitation', 'exploitation', 'exploration', 'exploration', 'exploration', 'exploitation', 'exploitation', 'exploration', 'exploration', 'exploitation', 'exploration', 'exploration', 'exploration', 'exploitation', 'exploitation', 'exploration', 'exploration', 'exploration', 'exploration', 'exploration', 'exploration', 'exploration', 'exploitation', 'exploitation', 'exploitation', 'exploitation', 'exploration', 'exploration', 'exploration', 'exploration', 'exploration']",277.8863891498684,283.0766288501376
295,137.67104450888706,"[0.17347187282967177, 0.03604223343183135]",[1.000e-04 9.999e-01],[2.00140042e-26 1.00009994e+02 1.05052511e-17 6.50195020e-10],"['exploration', 'exploration', 'exploration', 'exploitation', 'exploration', 'exploration', 'exploitation', 'exploration', 'exploration', 'exploration', 'exploration', 'exploration', 'exploration', 'exploitation', 'exploration', 'exploration', 'exploration', 'exploitation', 'exploration', 'exploitation', 'exploration', 'exploitation', 'exploitation', 'exploration', 'exploitation', 'exploration', 'exploitation', 'exploration', 'exploration', 'exploration', 'exploration', 'exploration', 'exploration', 'exploitation', 'exploration', 'exploration', 'exploration', 'exploration', 'exploration', 'exploitation', 'exploitation', 'exploration', 'exploration', 'exploration', 'exploration', 'exploitation', 'exploration', 'exploration', 'exploration', 'exploration', 'exploration', 'exploration', 'exploration', 'exploration', 'exploration', 'exploration', 'exploitation', 'exploration', 'exploration', 'exploration', 'exploitation', 'exploration', 'exploration', 'exploration', 'exploration', 'exploration', 'exploitation', 'exploitation', 'exploration', 'exploration', 'exploration', 'exploitation', 'exploration', 'exploitation', 'exploration', 'exploration', 'exploration', 'exploitation', 'exploration', 'exploitation', 'exploration', 'exploitation', 'exploration', 'exploitation', 'exploitation', 'exploration', 'exploration', 'exploration', 'exploration', 'exploitation', 'exploration', 'exploration', 'exploration', 'exploration', 'exploration', 'exploration', 'exploration', 'exploitation', 'exploration']",279.34208901777413,284.5323287180433
296,135.49487310320345,"[0.3269069674875679, 0.011867687810003264]",[0.00034491 0.0001    ],[-250.45870065  199.4195723  2392.34748188  946.27199961],"['exploration', 'exploration', 'exploration', 'exploration', 'exploitation', 'exploration', 'exploration', 'exploration', 'exploration', 'exploitation', 'exploration', 'exploration', 'exploration', 'exploration', 'exploration', 'exploitation', 'exploration', 'exploration', 'exploitation', 'exploration', 'exploration', 'exploration', 'exploration', 'exploration', 'exploration', 'exploitation', 'exploitation', 'exploration', 'exploration', 'exploration', 'exploration', 'exploration', 'exploration', 'exploration', 'exploitation', 'exploitation', 'exploration', 'exploration', 'exploration', 'exploitation', 'exploration', 'exploration', 'exploration', 'exploitation', 'exploration', 'exploration', 'exploitation', 'exploration', 'exploitation', 'exploration', 'exploitation', 'exploitation', 'exploration', 'exploration', 'exploitation', 'exploration', 'exploration', 'exploitation', 'exploration', 'exploration', 'exploitation', 'exploration', 'exploration', 'exploration', 'exploitation', 'exploration', 'exploration', 'exploitation', 'exploration', 'exploitation', 'exploration', 'exploitation', 'exploration', 'exploitation', 'exploration', 'exploitation', 'exploration', 'exploitation', 'exploration', 'exploration', 'exploitation', 'exploration', 'exploitation', 'exploration', 'exploitation', 'exploration', 'exploitation', 'exploration', 'exploitation', 'exploration', 'exploration', 'exploitation', 'exploration', 'exploitation', 'exploration', 'exploitation', 'exploration', 'exploration', 'exploration']",274.9897462064069,280.17998590667605
297,89.71437984380862,"[0.8994300763177874, 0.336938632745959]",[0.00162021 0.0001    ],[-198.48813285 -445.97023078  597.39753802 3092.07375903],"['exploitation', 'exploration', 'exploration', 'exploitation', 'exploitation', 'exploration', 'exploitation', 'exploitation', 'exploration', 'exploitation', 'exploitation', 'exploitation', 'exploration', 'exploitation', 'exploration', 'exploration', 'exploitation', 'exploitation', 'exploration', 'exploration', 'exploration', 'exploitation', 'exploration', 'exploration', 'exploration', 'exploitation', 'exploration', 'exploration', 'exploitation', 'exploration', 'exploration', 'exploitation', 'exploitation', 'exploitation', 'exploration', 'exploration', 'exploration', 'exploration', 'exploration', 'exploration', 'exploration', 'exploration', 'exploration', 'exploration', 'exploration', 'exploration', 'exploration', 'exploration', 'exploration', 'exploitation', 'exploitation', 'exploitation', 'exploration', 'exploration', 'exploration', 'exploration', 'exploration', 'exploitation', 'exploitation', 'exploitation', 'exploitation', 'exploitation', 'exploitation', 'exploitation', 'exploitation', 'exploitation', 'exploitation', 'exploration', 'exploitation', 'exploitation', 'exploitation', 'exploitation', 'exploitation', 'exploitation', 'exploitation', 'exploitation', 'exploitation', 'exploitation', 'exploitation', 'exploitation', 'exploitation', 'exploitation', 'exploitation', 'exploitation', 'exploitation', 'exploitation', 'exploitation', 'exploitation', 'exploitation', 'exploitation', 'exploitation', 'exploitation', 'exploitation', 'exploitation', 'exploitation', 'exploitation', 'exploitation', 'exploitation', 'exploitation']",183.42875968761723,188.61899938788642
298,134.57949727475943,"[0.29166784029319476, 0.730450582749419]",[0.00139305 0.80767231],[ 1.75923938e+00 -6.09564347e-03 -2.45863525e+02 -9.47513149e-09],"['exploration', 'exploration', 'exploration', 'exploration', 'exploration', 'exploitation', 'exploitation', 'exploitation', 'exploitation', 'exploration', 'exploration', 'exploration', 'exploitation', 'exploitation', 'exploitation', 'exploitation', 'exploration', 'exploration', 'exploration', 'exploration', 'exploration', 'exploration', 'exploitation', 'exploitation', 'exploitation', 'exploitation', 'exploitation', 'exploration', 'exploitation', 'exploration', 'exploration', 'exploration', 'exploration', 'exploration', 'exploitation', 'exploitation', 'exploitation', 'exploration', 'exploitation', 'exploitation', 'exploration', 'exploration', 'exploration', 'exploration', 'exploration', 'exploration', 'exploration', 'exploration', 'exploration', 'exploration', 'exploitation', 'exploitation', 'exploitation', 'exploitation', 'exploration', 'exploration', 'exploration', 'exploration', 'exploration', 'exploration', 'exploration', 'exploitation', 'exploitation', 'exploration', 'exploration', 'exploitation', 'exploitation', 'exploitation', 'exploration', 'exploitation', 'exploration', 'exploration', 'exploitation', 'exploitation', 'exploitation', 'exploitation', 'exploitation', 'exploitation', 'exploitation', 'exploitation', 'exploration', 'exploitation', 'exploitation', 'exploration', 'exploitation', 'exploitation', 'exploration', 'exploitation', 'exploitation', 'exploitation', 'exploitation', 'exploration', 'exploitation', 'exploitation', 'exploitation', 'exploration', 'exploration', 'exploration', 'exploration']",273.15899454951887,278.349234249788
299,134.1034758940924,"[0.204787757653776, 0.8163061916657446]",[0.00150967 0.82752763],[ 4.16468620e+01  9.99971274e+01 -3.05501718e-02  1.71088252e-02],"['exploration', 'exploitation', 'exploitation', 'exploitation', 'exploitation', 'exploitation', 'exploitation', 'exploration', 'exploitation', 'exploitation', 'exploration', 'exploitation', 'exploitation', 'exploration', 'exploitation', 'exploitation', 'exploitation', 'exploitation', 'exploration', 'exploitation', 'exploration', 'exploitation', 'exploitation', 'exploitation', 'exploration', 'exploitation', 'exploitation', 'exploitation', 'exploration', 'exploitation', 'exploitation', 'exploitation', 'exploration', 'exploration', 'exploration', 'exploitation', 'exploration', 'exploration', 'exploitation', 'exploitation', 'exploration', 'exploitation', 'exploitation', 'exploitation', 'exploitation', 'exploration', 'exploitation', 'exploitation', 'exploitation', 'exploration', 'exploration', 'exploration', 'exploitation', 'exploration', 'exploration', 'exploitation', 'exploration', 'exploitation', 'exploitation', 'exploitation', 'exploration', 'exploration', 'exploitation', 'exploration', 'exploration', 'exploration', 'exploitation', 'exploitation', 'exploitation', 'exploration', 'exploration', 'exploration', 'exploitation', 'exploitation', 'exploitation', 'exploration', 'exploration', 'exploitation', 'exploitation', 'exploration', 'exploration', 'exploitation', 'exploration', 'exploration', 'exploitation', 'exploration', 'exploration', 'exploration', 'exploration', 'exploitation', 'exploitation', 'exploitation', 'exploration', 'exploration', 'exploitation', 'exploitation', 'exploitation', 'exploration', 'exploitation']",272.2069517881848,277.397191488454
300,132.23135335606307,"[1.1298398185373415, 0.4614195150091844]",[0.00171043 0.62814589],[ 1.03152201e+02 -7.39500705e-23 -3.75620160e-12 -1.00637008e+02],"['exploitation', 'exploitation', 'exploitation', 'exploration', 'exploration', 'exploration', 'exploration', 'exploration', 'exploitation', 'exploration', 'exploration', 'exploitation', 'exploration', 'exploration', 'exploitation', 'exploitation', 'exploration', 'exploitation', 'exploration', 'exploration', 'exploration', 'exploitation', 'exploration', 'exploration', 'exploitation', 'exploration', 'exploration', 'exploitation', 'exploitation', 'exploitation', 'exploitation', 'exploration', 'exploration', 'exploration', 'exploitation', 'exploitation', 'exploitation', 'exploration', 'exploration', 'exploitation', 'exploitation', 'exploration', 'exploration', 'exploration', 'exploitation', 'exploitation', 'exploration', 'exploitation', 'exploration', 'exploitation', 'exploitation', 'exploration', 'exploration', 'exploration', 'exploitation', 'exploration', 'exploration', 'exploitation', 'exploration', 'exploration', 'exploitation', 'exploration', 'exploration', 'exploitation', 'exploration', 'exploration', 'exploitation', 'exploration', 'exploration', 'exploitation', 'exploration', 'exploitation', 'exploration', 'exploitation', 'exploitation', 'exploration', 'exploration', 'exploitation', 'exploitation', 'exploitation', 'exploitation', 'exploration', 'exploration', 'exploration', 'exploitation', 'exploration', 'exploitation', 'exploration', 'exploration', 'exploitation', 'exploration', 'exploitation', 'exploration', 'exploration', 'exploitation', 'exploitation', 'exploitation', 'exploration', 'exploitation']",268.46270671212613,273.6529464123953
301,133.21069819359482,"[1.590138618078464, 0.09278336840197567]",[0.00185375 0.93701714],[ 8.43336301e-01  1.06297641e+02 -7.86296520e-07 -1.57982404e-03],"['exploitation', 'exploration', 'exploration', 'exploration', 'exploration', 'exploration', 'exploration', 'exploration', 'exploration', 'exploration', 'exploration', 'exploration', 'exploration', 'exploration', 'exploration', 'exploration', 'exploitation', 'exploration', 'exploration', 'exploration', 'exploration', 'exploitation', 'exploitation', 'exploitation', 'exploitation', 'exploration', 'exploration', 'exploration', 'exploitation', 'exploration', 'exploitation', 'exploration', 'exploitation', 'exploitation', 'exploration', 'exploration', 'exploration', 'exploration', 'exploitation', 'exploration', 'exploration', 'exploitation', 'exploration', 'exploitation', 'exploration', 'exploration', 'exploitation', 'exploitation', 'exploitation', 'exploitation', 'exploration', 'exploitation', 'exploration', 'exploration', 'exploration', 'exploitation', 'exploration', 'exploitation', 'exploration', 'exploration', 'exploration', 'exploitation', 'exploitation', 'exploration', 'exploitation', 'exploitation', 'exploration', 'exploitation', 'exploration', 'exploration', 'exploitation', 'exploitation', 'exploitation', 'exploration', 'exploitation', 'exploration', 'exploitation', 'exploitation', 'exploration', 'exploitation', 'exploration', 'exploration', 'exploration', 'exploitation', 'exploration', 'exploitation', 'exploration', 'exploitation', 'exploitation', 'exploration', 'exploration', 'exploration', 'exploitation', 'exploration', 'exploitation', 'exploitation', 'exploration', 'exploitation', 'exploration']",270.42139638718965,275.6116360874588
302,137.68562424767697,"[0.31065905702728486, 0.14473046903567266]",[1.000e-04 9.999e-01],[ 2.00120030e-22 -6.49989998e+02  1.05071520e-25  6.50780429e-46],"['exploitation', 'exploration', 'exploration', 'exploration', 'exploitation', 'exploitation', 'exploitation', 'exploitation', 'exploration', 'exploitation', 'exploitation', 'exploitation', 'exploration', 'exploitation', 'exploitation', 'exploration', 'exploration', 'exploitation', 'exploitation', 'exploration', 'exploration', 'exploitation', 'exploration', 'exploration', 'exploitation', 'exploration', 'exploitation', 'exploration', 'exploitation', 'exploration', 'exploitation', 'exploration', 'exploitation', 'exploration', 'exploitation', 'exploitation', 'exploration', 'exploration', 'exploitation', 'exploration', 'exploration', 'exploitation', 'exploitation', 'exploration', 'exploitation', 'exploitation', 'exploration', 'exploration', 'exploitation', 'exploration', 'exploitation', 'exploitation', 'exploration', 'exploitation', 'exploration', 'exploitation', 'exploration', 'exploration', 'exploitation', 'exploration', 'exploration', 'exploration', 'exploration', 'exploration', 'exploitation', 'exploration', 'exploration', 'exploration', 'exploration', 'exploration', 'exploitation', 'exploration', 'exploration', 'exploration', 'exploration', 'exploration', 'exploration', 'exploration', 'exploration', 'exploration', 'exploration', 'exploration', 'exploitation', 'exploration', 'exploration', 'exploration', 'exploration', 'exploration', 'exploration', 'exploration', 'exploration', 'exploration', 'exploration', 'exploration', 'exploitation', 'exploitation', 'exploitation', 'exploitation', 'exploration']",279.37124849535394,284.5614881956231
303,134.68487732377733,"[2.9316680150224217, 0.5738788905379595]",[0.00143376 0.81121947],[-1.00351833e+03  2.93572773e-02 -2.37053148e-35 -2.41292499e-23],"['exploitation', 'exploration', 'exploration', 'exploration', 'exploration', 'exploration', 'exploration', 'exploration', 'exploration', 'exploration', 'exploration', 'exploration', 'exploitation', 'exploitation', 'exploration', 'exploration', 'exploration', 'exploitation', 'exploitation', 'exploration', 'exploitation', 'exploitation', 'exploitation', 'exploration', 'exploitation', 'exploration', 'exploration', 'exploration', 'exploitation', 'exploitation', 'exploitation', 'exploitation', 'exploitation', 'exploitation', 'exploitation', 'exploitation', 'exploration', 'exploitation', 'exploitation', 'exploitation', 'exploration', 'exploitation', 'exploitation', 'exploration', 'exploration', 'exploitation', 'exploration', 'exploitation', 'exploration', 'exploitation', 'exploitation', 'exploitation', 'exploration', 'exploration', 'exploration', 'exploitation', 'exploitation', 'exploration', 'exploration', 'exploration', 'exploitation', 'exploitation', 'exploration', 'exploration', 'exploitation', 'exploration', 'exploitation', 'exploitation', 'exploration', 'exploitation', 'exploitation', 'exploration', 'exploitation', 'exploration', 'exploitation', 'exploitation', 'exploitation', 'exploration', 'exploitation', 'exploitation', 'exploration', 'exploitation', 'exploitation', 'exploitation', 'exploitation', 'exploration', 'exploitation', 'exploitation', 'exploitation', 'exploitation', 'exploration', 'exploitation', 'exploitation', 'exploration', 'exploitation', 'exploitation', 'exploitation', 'exploitation', 'exploitation']",273.36975464755466,278.5599943478238
304,123.80818657661975,"[0.9928557858962496, 0.522598047585204]",[0.00118077 0.0216229 ],[ 177.10781758  -65.79627195  447.77379    1087.33962583],"['exploration', 'exploration', 'exploration', 'exploration', 'exploration', 'exploration', 'exploration', 'exploration', 'exploration', 'exploration', 'exploration', 'exploration', 'exploration', 'exploitation', 'exploration', 'exploration', 'exploration', 'exploitation', 'exploration', 'exploration', 'exploration', 'exploration', 'exploration', 'exploration', 'exploration', 'exploitation', 'exploration', 'exploration', 'exploitation', 'exploration', 'exploration', 'exploration', 'exploration', 'exploitation', 'exploration', 'exploration', 'exploration', 'exploitation', 'exploitation', 'exploration', 'exploration', 'exploration', 'exploitation', 'exploitation', 'exploitation', 'exploitation', 'exploration', 'exploration', 'exploitation', 'exploitation', 'exploitation', 'exploitation', 'exploration', 'exploitation', 'exploration', 'exploration', 'exploration', 'exploration', 'exploration', 'exploration', 'exploration', 'exploitation', 'exploitation', 'exploitation', 'exploitation', 'exploration', 'exploitation', 'exploitation', 'exploitation', 'exploitation', 'exploitation', 'exploitation', 'exploitation', 'exploitation', 'exploration', 'exploration', 'exploration', 'exploitation', 'exploration', 'exploration', 'exploration', 'exploitation', 'exploitation', 'exploitation', 'exploitation', 'exploration', 'exploitation', 'exploitation', 'exploitation', 'exploitation', 'exploitation', 'exploitation', 'exploitation', 'exploration', 'exploration', 'exploration', 'exploitation', 'exploration', 'exploration']",251.6163731532395,256.8066128535087
305,133.76404859326962,"[1.6241950977900776, 0.917910379427066]",[0.00142554 0.52772688],[-2.16291876e+02  5.80912440e+01 -2.00110527e+02  5.39570678e-02],"['exploration', 'exploitation', 'exploration', 'exploration', 'exploitation', 'exploration', 'exploitation', 'exploration', 'exploration', 'exploration', 'exploration', 'exploitation', 'exploitation', 'exploration', 'exploration', 'exploration', 'exploration', 'exploration', 'exploration', 'exploration', 'exploitation', 'exploration', 'exploitation', 'exploration', 'exploitation', 'exploration', 'exploration', 'exploitation', 'exploration', 'exploitation', 'exploration', 'exploitation', 'exploration', 'exploitation', 'exploration', 'exploration', 'exploration', 'exploration', 'exploration', 'exploration', 'exploration', 'exploration', 'exploration', 'exploitation', 'exploration', 'exploration', 'exploration', 'exploitation', 'exploration', 'exploitation', 'exploration', 'exploration', 'exploitation', 'exploitation', 'exploration', 'exploration', 'exploitation', 'exploration', 'exploration', 'exploitation', 'exploration', 'exploration', 'exploration', 'exploitation', 'exploration', 'exploitation', 'exploitation', 'exploitation', 'exploration', 'exploration', 'exploitation', 'exploration', 'exploration', 'exploration', 'exploration', 'exploration', 'exploration', 'exploitation', 'exploration', 'exploration', 'exploration', 'exploitation', 'exploration', 'exploitation', 'exploitation', 'exploitation', 'exploitation', 'exploration', 'exploration', 'exploitation', 'exploration', 'exploitation', 'exploitation', 'exploitation', 'exploration', 'exploitation', 'exploitation', 'exploration', 'exploration']",271.52809718653924,276.7183368868084
306,137.28098889859814,"[0.17118166274563323, 0.8339739717975528]",[1.00000000e-04 8.58150687e-01],[  4.10545343 100.00574266  -0.57246561 -14.18482408],"['exploration', 'exploration', 'exploration', 'exploration', 'exploration', 'exploration', 'exploration', 'exploration', 'exploration', 'exploration', 'exploration', 'exploration', 'exploration', 'exploration', 'exploration', 'exploration', 'exploration', 'exploration', 'exploration', 'exploration', 'exploitation', 'exploration', 'exploration', 'exploitation', 'exploration', 'exploration', 'exploration', 'exploration', 'exploration', 'exploration', 'exploration', 'exploration', 'exploitation', 'exploration', 'exploration', 'exploration', 'exploration', 'exploration', 'exploration', 'exploration', 'exploration', 'exploration', 'exploration', 'exploration', 'exploration', 'exploration', 'exploration', 'exploration', 'exploration', 'exploration', 'exploration', 'exploration', 'exploration', 'exploration', 'exploitation', 'exploration', 'exploitation', 'exploitation', 'exploration', 'exploration', 'exploration', 'exploration', 'exploration', 'exploration', 'exploration', 'exploitation', 'exploration', 'exploration', 'exploration', 'exploration', 'exploration', 'exploration', 'exploitation', 'exploration', 'exploration', 'exploration', 'exploration', 'exploration', 'exploration', 'exploitation', 'exploration', 'exploration', 'exploitation', 'exploration', 'exploration', 'exploration', 'exploration', 'exploration', 'exploration', 'exploration', 'exploration', 'exploration', 'exploration', 'exploration', 'exploration', 'exploitation', 'exploration', 'exploration', 'exploration']",278.5619777971963,283.75221749746544
307,130.55970451694236,"[1.5407775578133356, 0.4133140100366607]",[0.00079593 0.0001    ],[ 148.13028336 -347.61746681 1347.87066015 1746.01056626],"['exploration', 'exploration', 'exploration', 'exploitation', 'exploitation', 'exploitation', 'exploitation', 'exploration', 'exploration', 'exploration', 'exploration', 'exploration', 'exploration', 'exploitation', 'exploitation', 'exploitation', 'exploitation', 'exploration', 'exploration', 'exploitation', 'exploitation', 'exploration', 'exploration', 'exploration', 'exploration', 'exploration', 'exploitation', 'exploration', 'exploration', 'exploitation', 'exploitation', 'exploration', 'exploration', 'exploration', 'exploration', 'exploration', 'exploration', 'exploitation', 'exploration', 'exploration', 'exploration', 'exploitation', 'exploration', 'exploration', 'exploration', 'exploitation', 'exploration', 'exploration', 'exploitation', 'exploration', 'exploration', 'exploration', 'exploration', 'exploration', 'exploration', 'exploration', 'exploration', 'exploration', 'exploitation', 'exploration', 'exploration', 'exploration', 'exploration', 'exploration', 'exploration', 'exploration', 'exploration', 'exploration', 'exploration', 'exploration', 'exploration', 'exploration', 'exploitation', 'exploitation', 'exploitation', 'exploration', 'exploration', 'exploration', 'exploration', 'exploration', 'exploration', 'exploration', 'exploration', 'exploration', 'exploration', 'exploration', 'exploration', 'exploration', 'exploration', 'exploration', 'exploration', 'exploration', 'exploitation', 'exploitation', 'exploitation', 'exploration', 'exploration', 'exploitation', 'exploitation']",265.1194090338847,270.3096487341539
308,135.70746272819363,"[2.840847235792071, 0.8433200504562927]",[0.00039159 0.01402433],[  10.82673359 -449.46962198 1355.97430768  609.12259739],"['exploration', 'exploitation', 'exploitation', 'exploitation', 'exploration', 'exploration', 'exploration', 'exploration', 'exploration', 'exploration', 'exploration', 'exploration', 'exploration', 'exploration', 'exploitation', 'exploitation', 'exploitation', 'exploration', 'exploration', 'exploration', 'exploration', 'exploration', 'exploitation', 'exploration', 'exploitation', 'exploitation', 'exploitation', 'exploitation', 'exploration', 'exploration', 'exploration', 'exploitation', 'exploration', 'exploration', 'exploration', 'exploration', 'exploration', 'exploration', 'exploration', 'exploration', 'exploration', 'exploration', 'exploration', 'exploration', 'exploration', 'exploration', 'exploration', 'exploration', 'exploitation', 'exploration', 'exploration', 'exploration', 'exploration', 'exploration', 'exploration', 'exploration', 'exploration', 'exploration', 'exploration', 'exploitation', 'exploitation', 'exploitation', 'exploitation', 'exploitation', 'exploitation', 'exploitation', 'exploitation', 'exploitation', 'exploitation', 'exploration', 'exploration', 'exploration', 'exploration', 'exploration', 'exploration', 'exploration', 'exploration', 'exploration', 'exploration', 'exploration', 'exploration', 'exploration', 'exploitation', 'exploitation', 'exploration', 'exploration', 'exploration', 'exploitation', 'exploitation', 'exploitation', 'exploration', 'exploration', 'exploitation', 'exploitation', 'exploitation', 'exploitation', 'exploration', 'exploitation', 'exploitation']",275.41492545638727,280.6051651566564
309,119.3756801835558,"[1.0826864994854453, 0.7631113259511947]",[0.00322301 0.32031374],[319.76045767 -52.62232121 -63.0066816  -84.65435717],"['exploration', 'exploration', 'exploration', 'exploration', 'exploitation', 'exploration', 'exploration', 'exploitation', 'exploration', 'exploitation', 'exploration', 'exploitation', 'exploration', 'exploitation', 'exploitation', 'exploration', 'exploration', 'exploitation', 'exploitation', 'exploration', 'exploitation', 'exploitation', 'exploitation', 'exploitation', 'exploitation', 'exploitation', 'exploitation', 'exploration', 'exploration', 'exploration', 'exploitation', 'exploration', 'exploration', 'exploration', 'exploration', 'exploration', 'exploitation', 'exploration', 'exploitation', 'exploration', 'exploitation', 'exploitation', 'exploitation', 'exploitation', 'exploration', 'exploitation', 'exploitation', 'exploitation', 'exploitation', 'exploitation', 'exploration', 'exploitation', 'exploitation', 'exploration', 'exploration', 'exploitation', 'exploitation', 'exploitation', 'exploitation', 'exploration', 'exploitation', 'exploitation', 'exploitation', 'exploitation', 'exploitation', 'exploration', 'exploration', 'exploration', 'exploitation', 'exploitation', 'exploitation', 'exploitation', 'exploration', 'exploration', 'exploration', 'exploitation', 'exploitation', 'exploration', 'exploration', 'exploitation', 'exploration', 'exploration', 'exploration', 'exploration', 'exploration', 'exploitation', 'exploitation', 'exploitation', 'exploitation', 'exploitation', 'exploitation', 'exploitation', 'exploration', 'exploration', 'exploration', 'exploitation', 'exploration', 'exploitation', 'exploration']",242.7513603671116,247.9416000673808
310,137.51461810806808,"[0.4203009751221416, 0.06467182600805185]",[1.00000000e-04 6.25223931e-01],[-9.60142188e+02 -9.10192066e+01 -7.80561199e-02  1.33147707e-02],"['exploration', 'exploration', 'exploitation', 'exploration', 'exploration', 'exploration', 'exploration', 'exploration', 'exploration', 'exploration', 'exploration', 'exploitation', 'exploration', 'exploitation', 'exploration', 'exploration', 'exploration', 'exploration', 'exploration', 'exploration', 'exploration', 'exploration', 'exploration', 'exploration', 'exploration', 'exploration', 'exploration', 'exploration', 'exploration', 'exploration', 'exploration', 'exploration', 'exploration', 'exploration', 'exploration', 'exploration', 'exploration', 'exploration', 'exploration', 'exploration', 'exploration', 'exploration', 'exploration', 'exploration', 'exploration', 'exploration', 'exploitation', 'exploitation', 'exploration', 'exploration', 'exploration', 'exploitation', 'exploration', 'exploration', 'exploration', 'exploration', 'exploration', 'exploration', 'exploration', 'exploitation', 'exploitation', 'exploration', 'exploitation', 'exploration', 'exploration', 'exploration', 'exploration', 'exploration', 'exploration', 'exploration', 'exploitation', 'exploration', 'exploitation', 'exploration', 'exploration', 'exploration', 'exploration', 'exploration', 'exploitation', 'exploration', 'exploitation', 'exploration', 'exploitation', 'exploration', 'exploration', 'exploration', 'exploration', 'exploration', 'exploration', 'exploration', 'exploitation', 'exploration', 'exploration', 'exploitation', 'exploitation', 'exploration', 'exploitation', 'exploitation', 'exploration']",279.02923621613616,284.2194759164053
311,129.38729723835692,"[0.38054086826450306, 0.13037737412367875]",[0.00284687 0.6969901 ],[-9.07767719e+01 -1.95781201e+02 -2.58001883e-09  6.50000000e+02],"['exploitation', 'exploration', 'exploration', 'exploitation', 'exploitation', 'exploitation', 'exploitation', 'exploitation', 'exploitation', 'exploitation', 'exploitation', 'exploration', 'exploration', 'exploitation', 'exploration', 'exploitation', 'exploitation', 'exploration', 'exploration', 'exploration', 'exploitation', 'exploitation', 'exploitation', 'exploitation', 'exploration', 'exploitation', 'exploitation', 'exploration', 'exploration', 'exploitation', 'exploitation', 'exploration', 'exploration', 'exploration', 'exploitation', 'exploration', 'exploration', 'exploration', 'exploitation', 'exploitation', 'exploration', 'exploitation', 'exploitation', 'exploitation', 'exploitation', 'exploration', 'exploitation', 'exploitation', 'exploration', 'exploitation', 'exploration', 'exploitation', 'exploitation', 'exploitation', 'exploration', 'exploitation', 'exploitation', 'exploration', 'exploitation', 'exploitation', 'exploitation', 'exploration', 'exploitation', 'exploitation', 'exploitation', 'exploration', 'exploration', 'exploration', 'exploration', 'exploration', 'exploration', 'exploration', 'exploration', 'exploitation', 'exploitation', 'exploration', 'exploitation', 'exploitation', 'exploitation', 'exploration', 'exploitation', 'exploration', 'exploitation', 'exploration', 'exploitation', 'exploration', 'exploitation', 'exploration', 'exploration', 'exploitation', 'exploitation', 'exploration', 'exploitation', 'exploitation', 'exploration', 'exploitation', 'exploitation', 'exploitation', 'exploration']",262.77459447671384,267.964834176983
312,134.9294264084185,"[2.1366814624685517, 0.8637907872477958]",[0.00124383 0.9999    ],[ 2.00040002e-06 -6.50000000e+02 -2.00020000e-02 -1.00040006e-14],"['exploration', 'exploitation', 'exploration', 'exploitation', 'exploitation', 'exploration', 'exploitation', 'exploitation', 'exploitation', 'exploration', 'exploitation', 'exploration', 'exploration', 'exploitation', 'exploitation', 'exploitation', 'exploration', 'exploitation', 'exploration', 'exploitation', 'exploitation', 'exploitation', 'exploration', 'exploration', 'exploration', 'exploitation', 'exploitation', 'exploration', 'exploration', 'exploitation', 'exploitation', 'exploitation', 'exploitation', 'exploration', 'exploitation', 'exploitation', 'exploitation', 'exploration', 'exploration', 'exploration', 'exploitation', 'exploitation', 'exploitation', 'exploration', 'exploitation', 'exploitation', 'exploration', 'exploration', 'exploration', 'exploration', 'exploitation', 'exploration', 'exploitation', 'exploitation', 'exploitation', 'exploitation', 'exploitation', 'exploration', 'exploitation', 'exploitation', 'exploitation', 'exploration', 'exploration', 'exploration', 'exploration', 'exploitation', 'exploitation', 'exploration', 'exploitation', 'exploration', 'exploration', 'exploitation', 'exploitation', 'exploration', 'exploitation', 'exploitation', 'exploitation', 'exploitation', 'exploitation', 'exploration', 'exploitation', 'exploitation', 'exploitation', 'exploration', 'exploration', 'exploitation', 'exploitation', 'exploration', 'exploitation', 'exploration', 'exploration', 'exploitation', 'exploitation', 'exploration', 'exploration', 'exploration', 'exploration', 'exploration', 'exploration']",273.858852816837,279.04909251710615
313,135.29044382067224,"[1.3865925715818594, 0.8418927271327895]",[0.00104876 0.59296375],[-1.02853231e+03 -2.47444971e+02  2.70933386e-04 -5.42144876e-10],"['exploitation', 'exploitation', 'exploitation', 'exploitation', 'exploration', 'exploration', 'exploitation', 'exploitation', 'exploration', 'exploitation', 'exploration', 'exploration', 'exploitation', 'exploitation', 'exploration', 'exploitation', 'exploration', 'exploration', 'exploitation', 'exploitation', 'exploration', 'exploration', 'exploitation', 'exploration', 'exploration', 'exploitation', 'exploitation', 'exploitation', 'exploitation', 'exploitation', 'exploitation', 'exploitation', 'exploitation', 'exploration', 'exploitation', 'exploitation', 'exploitation', 'exploration', 'exploration', 'exploitation', 'exploration', 'exploration', 'exploration', 'exploitation', 'exploitation', 'exploitation', 'exploration', 'exploration', 'exploration', 'exploitation', 'exploration', 'exploitation', 'exploitation', 'exploitation', 'exploration', 'exploration', 'exploitation', 'exploitation', 'exploration', 'exploitation', 'exploration', 'exploration', 'exploitation', 'exploitation', 'exploitation', 'exploration', 'exploitation', 'exploitation', 'exploration', 'exploitation', 'exploration', 'exploitation', 'exploitation', 'exploitation', 'exploration', 'exploration', 'exploration', 'exploitation', 'exploitation', 'exploitation', 'exploitation', 'exploration', 'exploitation', 'exploration', 'exploitation', 'exploitation', 'exploitation', 'exploitation', 'exploration', 'exploitation', 'exploration', 'exploration', 'exploration', 'exploitation', 'exploitation', 'exploration', 'exploration', 'exploitation', 'exploration']",274.5808876413445,279.77112734161364
314,90.92268573462792,"[1.3463707873746213, 0.8568340929574924]",[0.00350468 0.08565755],[-2.88207589e-02 -3.76457817e+00  2.84011961e+00  4.17134008e+02],"['exploration', 'exploration', 'exploration', 'exploration', 'exploration', 'exploration', 'exploitation', 'exploitation', 'exploitation', 'exploration', 'exploitation', 'exploration', 'exploitation', 'exploitation', 'exploitation', 'exploration', 'exploration', 'exploitation', 'exploitation', 'exploitation', 'exploitation', 'exploration', 'exploitation', 'exploitation', 'exploitation', 'exploitation', 'exploration', 'exploitation', 'exploitation', 'exploitation', 'exploitation', 'exploitation', 'exploration', 'exploration', 'exploration', 'exploration', 'exploration', 'exploration', 'exploration', 'exploration', 'exploration', 'exploration', 'exploration', 'exploration', 'exploration', 'exploitation', 'exploitation', 'exploration', 'exploration', 'exploration', 'exploitation', 'exploitation', 'exploitation', 'exploitation', 'exploration', 'exploitation', 'exploitation', 'exploitation', 'exploitation', 'exploitation', 'exploitation', 'exploitation', 'exploitation', 'exploitation', 'exploitation', 'exploitation', 'exploitation', 'exploitation', 'exploitation', 'exploitation', 'exploitation', 'exploitation', 'exploitation', 'exploitation', 'exploitation', 'exploitation', 'exploitation', 'exploitation', 'exploitation', 'exploitation', 'exploitation', 'exploitation', 'exploitation', 'exploitation', 'exploitation', 'exploitation', 'exploitation', 'exploitation', 'exploitation', 'exploitation', 'exploitation', 'exploitation', 'exploitation', 'exploitation', 'exploitation', 'exploitation', 'exploitation', 'exploitation', 'exploitation']",185.84537146925584,191.03561116952503
315,136.41984574067845,"[0.3596829172576796, 0.8014441942325298]",[5.96265902e-04 6.18254778e-01],[-399.17623556    5.67891866  152.37873155 -101.83151376],"['exploration', 'exploration', 'exploration', 'exploration', 'exploitation', 'exploitation', 'exploration', 'exploration', 'exploration', 'exploration', 'exploitation', 'exploration', 'exploration', 'exploitation', 'exploration', 'exploration', 'exploration', 'exploration', 'exploration', 'exploration', 'exploration', 'exploration', 'exploitation', 'exploration', 'exploration', 'exploitation', 'exploration', 'exploitation', 'exploration', 'exploration', 'exploration', 'exploration', 'exploration', 'exploration', 'exploitation', 'exploration', 'exploration', 'exploration', 'exploration', 'exploration', 'exploration', 'exploration', 'exploration', 'exploration', 'exploration', 'exploitation', 'exploration', 'exploration', 'exploration', 'exploitation', 'exploitation', 'exploration', 'exploration', 'exploration', 'exploration', 'exploration', 'exploration', 'exploration', 'exploration', 'exploration', 'exploration', 'exploitation', 'exploration', 'exploration', 'exploitation', 'exploration', 'exploration', 'exploration', 'exploitation', 'exploration', 'exploration', 'exploration', 'exploration', 'exploration', 'exploration', 'exploitation', 'exploration', 'exploration', 'exploration', 'exploration', 'exploration', 'exploitation', 'exploration', 'exploitation', 'exploration', 'exploration', 'exploration', 'exploration', 'exploitation', 'exploration', 'exploration', 'exploration', 'exploration', 'exploration', 'exploration', 'exploration', 'exploration', 'exploration', 'exploration']",276.8396914813569,282.02993118162607
316,137.5327578166746,"[1.5381842956519405, 0.036788116336071146]",[1.000e-04 9.999e-01],[ 2.00180076e-30  1.00050012e-14 -2.00020004e+02 -1.00130078e-50],"['exploration', 'exploration', 'exploitation', 'exploration', 'exploration', 'exploitation', 'exploration', 'exploration', 'exploration', 'exploration', 'exploration', 'exploration', 'exploitation', 'exploitation', 'exploitation', 'exploitation', 'exploitation', 'exploitation', 'exploration', 'exploration', 'exploration', 'exploitation', 'exploitation', 'exploitation', 'exploitation', 'exploitation', 'exploration', 'exploration', 'exploration', 'exploration', 'exploration', 'exploration', 'exploration', 'exploration', 'exploration', 'exploitation', 'exploration', 'exploration', 'exploration', 'exploitation', 'exploration', 'exploitation', 'exploitation', 'exploitation', 'exploration', 'exploitation', 'exploitation', 'exploration', 'exploitation', 'exploitation', 'exploitation', 'exploration', 'exploration', 'exploitation', 'exploitation', 'exploitation', 'exploitation', 'exploration', 'exploitation', 'exploitation', 'exploitation', 'exploration', 'exploitation', 'exploration', 'exploitation', 'exploitation', 'exploitation', 'exploitation', 'exploration', 'exploitation', 'exploitation', 'exploitation', 'exploration', 'exploration', 'exploration', 'exploration', 'exploitation', 'exploitation', 'exploitation', 'exploration', 'exploitation', 'exploitation', 'exploitation', 'exploration', 'exploration', 'exploration', 'exploration', 'exploitation', 'exploitation', 'exploitation', 'exploration', 'exploitation', 'exploitation', 'exploitation', 'exploration', 'exploration', 'exploration', 'exploration', 'exploration']",279.0655156333492,284.25575533361837
317,127.19693296836878,"[0.6357030271273431, 0.546066766209427]",[0.00281608 0.80812976],[-1.41306950e+00  1.23573603e+02 -1.84363964e-03 -2.60391117e-02],"['exploitation', 'exploitation', 'exploitation', 'exploration', 'exploitation', 'exploitation', 'exploration', 'exploitation', 'exploitation', 'exploitation', 'exploration', 'exploration', 'exploration', 'exploration', 'exploration', 'exploitation', 'exploitation', 'exploitation', 'exploration', 'exploration', 'exploration', 'exploitation', 'exploration', 'exploitation', 'exploration', 'exploitation', 'exploitation', 'exploration', 'exploitation', 'exploration', 'exploitation', 'exploration', 'exploitation', 'exploitation', 'exploration', 'exploitation', 'exploitation', 'exploitation', 'exploration', 'exploitation', 'exploration', 'exploration', 'exploration', 'exploration', 'exploration', 'exploitation', 'exploration', 'exploitation', 'exploitation', 'exploitation', 'exploitation', 'exploitation', 'exploration', 'exploration', 'exploration', 'exploitation', 'exploration', 'exploitation', 'exploration', 'exploration', 'exploration', 'exploration', 'exploitation', 'exploitation', 'exploration', 'exploration', 'exploitation', 'exploitation', 'exploration', 'exploration', 'exploitation', 'exploration', 'exploration', 'exploitation', 'exploration', 'exploration', 'exploration', 'exploration', 'exploration', 'exploration', 'exploration', 'exploration', 'exploration', 'exploration', 'exploitation', 'exploration', 'exploitation', 'exploration', 'exploration', 'exploration', 'exploitation', 'exploitation', 'exploration', 'exploitation', 'exploitation', 'exploitation', 'exploitation', 'exploitation', 'exploration']",258.3938659367376,263.58410563700676
318,123.89276000738013,"[0.005370985657879436, 0.5094804854921551]",[0.00444856 0.72877956],[ 5.85412105e+01  5.27696236e+01 -1.99848932e-15 -2.71015562e-16],"['exploration', 'exploitation', 'exploration', 'exploration', 'exploitation', 'exploration', 'exploitation', 'exploitation', 'exploitation', 'exploitation', 'exploitation', 'exploration', 'exploitation', 'exploitation', 'exploitation', 'exploitation', 'exploration', 'exploitation', 'exploitation', 'exploitation', 'exploitation', 'exploration', 'exploitation', 'exploitation', 'exploitation', 'exploitation', 'exploration', 'exploitation', 'exploitation', 'exploitation', 'exploitation', 'exploration', 'exploitation', 'exploitation', 'exploitation', 'exploitation', 'exploration', 'exploitation', 'exploitation', 'exploitation', 'exploration', 'exploitation', 'exploration', 'exploitation', 'exploration', 'exploitation', 'exploitation', 'exploitation', 'exploration', 'exploration', 'exploration', 'exploration', 'exploration', 'exploration', 'exploitation', 'exploration', 'exploitation', 'exploitation', 'exploration', 'exploration', 'exploration', 'exploitation', 'exploitation', 'exploration', 'exploitation', 'exploitation', 'exploitation', 'exploitation', 'exploitation', 'exploitation', 'exploration', 'exploration', 'exploration', 'exploration', 'exploration', 'exploration', 'exploitation', 'exploration', 'exploitation', 'exploitation', 'exploration', 'exploration', 'exploration', 'exploration', 'exploration', 'exploration', 'exploitation', 'exploration', 'exploitation', 'exploitation', 'exploration', 'exploration', 'exploration', 'exploration', 'exploration', 'exploration', 'exploitation', 'exploration', 'exploitation']",251.78552001476027,256.9757597150294
319,118.14368581519841,"[4.182275854388263, 0.3790540737358674]",[0.00195765 0.04170667],[ -11.04322894   24.39366959 1209.97130986  163.42349802],"['exploration', 'exploitation', 'exploitation', 'exploitation', 'exploration', 'exploitation', 'exploitation', 'exploration', 'exploration', 'exploration', 'exploitation', 'exploitation', 'exploration', 'exploration', 'exploration', 'exploration', 'exploitation', 'exploration', 'exploration', 'exploration', 'exploration', 'exploration', 'exploration', 'exploitation', 'exploitation', 'exploration', 'exploration', 'exploration', 'exploration', 'exploration', 'exploration', 'exploration', 'exploitation', 'exploitation', 'exploitation', 'exploration', 'exploration', 'exploration', 'exploration', 'exploration', 'exploitation', 'exploitation', 'exploitation', 'exploitation', 'exploitation', 'exploitation', 'exploitation', 'exploitation', 'exploitation', 'exploitation', 'exploration', 'exploration', 'exploration', 'exploration', 'exploitation', 'exploitation', 'exploitation', 'exploitation', 'exploitation', 'exploration', 'exploration', 'exploration', 'exploration', 'exploration', 'exploration', 'exploration', 'exploration', 'exploitation', 'exploitation', 'exploration', 'exploration', 'exploration', 'exploitation', 'exploitation', 'exploitation', 'exploration', 'exploration', 'exploitation', 'exploitation', 'exploitation', 'exploitation', 'exploration', 'exploitation', 'exploitation', 'exploitation', 'exploitation', 'exploitation', 'exploitation', 'exploitation', 'exploitation', 'exploitation', 'exploitation', 'exploitation', 'exploitation', 'exploitation', 'exploitation', 'exploitation', 'exploitation', 'exploitation']",240.28737163039682,245.477611330666
320,137.2196190335275,"[0.32636049876748024, 0.7810004234006018]",[1.00000000e-04 2.89477019e-01],[139.2686545    5.02194639  -0.34202526  -0.44927712],"['exploitation', 'exploration', 'exploration', 'exploitation', 'exploration', 'exploitation', 'exploration', 'exploitation', 'exploration', 'exploitation', 'exploration', 'exploration', 'exploitation', 'exploration', 'exploration', 'exploration', 'exploitation', 'exploration', 'exploration', 'exploration', 'exploitation', 'exploration', 'exploration', 'exploration', 'exploration', 'exploration', 'exploration', 'exploitation', 'exploration', 'exploration', 'exploration', 'exploration', 'exploration', 'exploration', 'exploitation', 'exploration', 'exploration', 'exploration', 'exploration', 'exploration', 'exploitation', 'exploration', 'exploitation', 'exploration', 'exploration', 'exploration', 'exploitation', 'exploitation', 'exploration', 'exploitation', 'exploration', 'exploitation', 'exploration', 'exploration', 'exploration', 'exploitation', 'exploration', 'exploration', 'exploitation', 'exploration', 'exploration', 'exploration', 'exploitation', 'exploration', 'exploitation', 'exploration', 'exploration', 'exploration', 'exploration', 'exploitation', 'exploration', 'exploitation', 'exploration', 'exploitation', 'exploration', 'exploration', 'exploration', 'exploration', 'exploration', 'exploitation', 'exploration', 'exploration', 'exploitation', 'exploitation', 'exploration', 'exploration', 'exploration', 'exploitation', 'exploration', 'exploitation', 'exploration', 'exploration', 'exploration', 'exploitation', 'exploitation', 'exploration', 'exploration', 'exploration', 'exploitation']",278.439238067055,283.62947776732415
321,137.78361093833354,"[0.13216319830387513, 0.4830141500910349]",[1.000e-04 9.999e-01],[ 1.99894992e+02  1.00060017e-18 -2.00200090e-38 -9.99649770e-11],"['exploitation', 'exploration', 'exploration', 'exploration', 'exploration', 'exploration', 'exploration', 'exploration', 'exploitation', 'exploitation', 'exploitation', 'exploration', 'exploration', 'exploitation', 'exploitation', 'exploration', 'exploration', 'exploration', 'exploitation', 'exploration', 'exploitation', 'exploitation', 'exploitation', 'exploration', 'exploration', 'exploitation', 'exploration', 'exploitation', 'exploitation', 'exploitation', 'exploitation', 'exploration', 'exploration', 'exploitation', 'exploitation', 'exploration', 'exploitation', 'exploration', 'exploitation', 'exploitation', 'exploration', 'exploitation', 'exploration', 'exploration', 'exploitation', 'exploration', 'exploitation', 'exploration', 'exploitation', 'exploration', 'exploitation', 'exploitation', 'exploration', 'exploitation', 'exploration', 'exploration', 'exploration', 'exploitation', 'exploration', 'exploration', 'exploration', 'exploitation', 'exploration', 'exploitation', 'exploration', 'exploitation', 'exploration', 'exploration', 'exploitation', 'exploitation', 'exploitation', 'exploration', 'exploitation', 'exploration', 'exploitation', 'exploitation', 'exploitation', 'exploitation', 'exploration', 'exploration', 'exploration', 'exploitation', 'exploration', 'exploitation', 'exploration', 'exploitation', 'exploitation', 'exploration', 'exploration', 'exploitation', 'exploration', 'exploitation', 'exploitation', 'exploration', 'exploitation', 'exploration', 'exploitation', 'exploration', 'exploitation']",279.5672218766671,284.75746157693624
322,132.5109544739773,"[0.1427256277373677, 0.5276716990449021]",[0.00164531 0.40426955],[-167.53634918   54.27089925  172.63315977   -1.56182062],"['exploitation', 'exploration', 'exploration', 'exploration', 'exploitation', 'exploration', 'exploration', 'exploitation', 'exploitation', 'exploitation', 'exploitation', 'exploitation', 'exploitation', 'exploitation', 'exploration', 'exploitation', 'exploitation', 'exploitation', 'exploitation', 'exploration', 'exploitation', 'exploration', 'exploitation', 'exploitation', 'exploitation', 'exploitation', 'exploration', 'exploration', 'exploitation', 'exploration', 'exploitation', 'exploitation', 'exploitation', 'exploitation', 'exploration', 'exploitation', 'exploration', 'exploitation', 'exploitation', 'exploitation', 'exploration', 'exploration', 'exploitation', 'exploitation', 'exploitation', 'exploration', 'exploration', 'exploitation', 'exploitation', 'exploitation', 'exploration', 'exploration', 'exploitation', 'exploitation', 'exploitation', 'exploration', 'exploration', 'exploitation', 'exploitation', 'exploitation', 'exploration', 'exploration', 'exploitation', 'exploitation', 'exploitation', 'exploration', 'exploration', 'exploitation', 'exploitation', 'exploitation', 'exploration', 'exploration', 'exploitation', 'exploitation', 'exploitation', 'exploration', 'exploration', 'exploration', 'exploration', 'exploitation', 'exploration', 'exploration', 'exploitation', 'exploitation', 'exploration', 'exploration', 'exploration', 'exploitation', 'exploitation', 'exploitation', 'exploitation', 'exploitation', 'exploitation', 'exploitation', 'exploitation', 'exploitation', 'exploration', 'exploitation', 'exploitation']",269.0219089479546,274.2121486482238
323,131.04716655276968,"[0.6378387730333933, 0.46697108451628627]",[0.00167793 0.32144688],[  64.68867962 -543.43883968  -26.26075271  -51.44712211],"['exploration', 'exploitation', 'exploitation', 'exploitation', 'exploitation', 'exploration', 'exploration', 'exploration', 'exploitation', 'exploration', 'exploitation', 'exploration', 'exploitation', 'exploration', 'exploitation', 'exploration', 'exploitation', 'exploration', 'exploitation', 'exploitation', 'exploitation', 'exploration', 'exploration', 'exploitation', 'exploitation', 'exploitation', 'exploitation', 'exploitation', 'exploitation', 'exploration', 'exploration', 'exploration', 'exploration', 'exploitation', 'exploitation', 'exploration', 'exploration', 'exploration', 'exploitation', 'exploitation', 'exploration', 'exploitation', 'exploitation', 'exploration', 'exploitation', 'exploration', 'exploitation', 'exploration', 'exploitation', 'exploration', 'exploration', 'exploitation', 'exploration', 'exploration', 'exploration', 'exploration', 'exploration', 'exploration', 'exploration', 'exploitation', 'exploration', 'exploration', 'exploration', 'exploration', 'exploitation', 'exploration', 'exploration', 'exploration', 'exploration', 'exploitation', 'exploration', 'exploitation', 'exploration', 'exploitation', 'exploration', 'exploration', 'exploration', 'exploitation', 'exploration', 'exploration', 'exploration', 'exploitation', 'exploitation', 'exploitation', 'exploration', 'exploration', 'exploration', 'exploitation', 'exploration', 'exploration', 'exploration', 'exploration', 'exploration', 'exploitation', 'exploration', 'exploration', 'exploration', 'exploitation', 'exploration']",266.09433310553936,271.2845728058085
324,125.72912944865587,"[0.15931704028369476, 0.23906189373964107]",[0.00282819 0.47363058],[-10.57199231 169.09438334  79.65618046 175.96544632],"['exploration', 'exploration', 'exploration', 'exploitation', 'exploration', 'exploitation', 'exploration', 'exploitation', 'exploration', 'exploitation', 'exploitation', 'exploitation', 'exploitation', 'exploration', 'exploration', 'exploration', 'exploration', 'exploration', 'exploration', 'exploration', 'exploration', 'exploration', 'exploitation', 'exploration', 'exploitation', 'exploration', 'exploitation', 'exploitation', 'exploration', 'exploration', 'exploration', 'exploration', 'exploitation', 'exploration', 'exploration', 'exploration', 'exploration', 'exploitation', 'exploitation', 'exploitation', 'exploitation', 'exploration', 'exploitation', 'exploitation', 'exploitation', 'exploration', 'exploitation', 'exploitation', 'exploitation', 'exploitation', 'exploration', 'exploration', 'exploitation', 'exploration', 'exploitation', 'exploitation', 'exploitation', 'exploitation', 'exploitation', 'exploitation', 'exploration', 'exploration', 'exploitation', 'exploitation', 'exploitation', 'exploitation', 'exploration', 'exploitation', 'exploitation', 'exploration', 'exploration', 'exploitation', 'exploration', 'exploration', 'exploration', 'exploitation', 'exploration', 'exploitation', 'exploration', 'exploration', 'exploitation', 'exploration', 'exploration', 'exploration', 'exploitation', 'exploitation', 'exploration', 'exploration', 'exploration', 'exploitation', 'exploitation', 'exploration', 'exploration', 'exploration', 'exploration', 'exploration', 'exploration', 'exploration', 'exploration']",255.45825889731174,260.6484985975809
325,137.35966176273052,"[0.811440338841001, 0.5008059181729378]",[0.0001     0.00011793],[  147.7972805  -1341.026503     651.87453478  1347.65388943],"['exploration', 'exploration', 'exploitation', 'exploration', 'exploitation', 'exploration', 'exploitation', 'exploration', 'exploitation', 'exploration', 'exploitation', 'exploration', 'exploration', 'exploration', 'exploitation', 'exploration', 'exploitation', 'exploration', 'exploitation', 'exploration', 'exploration', 'exploration', 'exploration', 'exploitation', 'exploration', 'exploration', 'exploration', 'exploration', 'exploitation', 'exploitation', 'exploitation', 'exploration', 'exploitation', 'exploitation', 'exploitation', 'exploration', 'exploration', 'exploration', 'exploration', 'exploration', 'exploration', 'exploration', 'exploration', 'exploration', 'exploration', 'exploration', 'exploration', 'exploration', 'exploration', 'exploration', 'exploration', 'exploration', 'exploration', 'exploration', 'exploitation', 'exploration', 'exploration', 'exploration', 'exploration', 'exploration', 'exploration', 'exploration', 'exploration', 'exploration', 'exploration', 'exploration', 'exploitation', 'exploration', 'exploration', 'exploration', 'exploration', 'exploration', 'exploration', 'exploitation', 'exploitation', 'exploitation', 'exploitation', 'exploitation', 'exploration', 'exploration', 'exploration', 'exploration', 'exploitation', 'exploitation', 'exploitation', 'exploration', 'exploration', 'exploration', 'exploration', 'exploration', 'exploration', 'exploration', 'exploitation', 'exploitation', 'exploitation', 'exploration', 'exploration', 'exploration', 'exploration']",278.71932352546105,283.9095632257302
326,124.38774582988967,"[0.43108946217443156, 0.09736859374413079]",[0.00081454 0.0001    ],[-1939.41943147  -397.35374586  -894.18033779  1649.58687198],"['exploitation', 'exploitation', 'exploitation', 'exploitation', 'exploitation', 'exploration', 'exploration', 'exploitation', 'exploitation', 'exploration', 'exploitation', 'exploration', 'exploration', 'exploration', 'exploration', 'exploitation', 'exploitation', 'exploration', 'exploration', 'exploration', 'exploration', 'exploration', 'exploitation', 'exploration', 'exploitation', 'exploration', 'exploration', 'exploration', 'exploration', 'exploitation', 'exploitation', 'exploration', 'exploration', 'exploration', 'exploration', 'exploration', 'exploration', 'exploitation', 'exploitation', 'exploitation', 'exploitation', 'exploration', 'exploration', 'exploration', 'exploration', 'exploration', 'exploration', 'exploration', 'exploration', 'exploration', 'exploration', 'exploration', 'exploration', 'exploration', 'exploration', 'exploration', 'exploration', 'exploration', 'exploration', 'exploration', 'exploration', 'exploration', 'exploration', 'exploration', 'exploration', 'exploitation', 'exploitation', 'exploration', 'exploitation', 'exploitation', 'exploitation', 'exploitation', 'exploitation', 'exploitation', 'exploitation', 'exploitation', 'exploitation', 'exploitation', 'exploitation', 'exploitation', 'exploitation', 'exploitation', 'exploitation', 'exploitation', 'exploitation', 'exploitation', 'exploitation', 'exploitation', 'exploitation', 'exploitation', 'exploitation', 'exploitation', 'exploitation', 'exploitation', 'exploitation', 'exploitation', 'exploitation', 'exploitation', 'exploitation']",252.77549165977933,257.9657313600485
327,132.51323095523824,"[0.13273772751027746, 0.4940016386762134]",[0.00136412 0.27570794],[-397.21675873  -70.28972494 -100.94137792 -140.28060833],"['exploration', 'exploitation', 'exploration', 'exploration', 'exploitation', 'exploration', 'exploration', 'exploitation', 'exploration', 'exploitation', 'exploration', 'exploration', 'exploration', 'exploration', 'exploitation', 'exploitation', 'exploitation', 'exploitation', 'exploitation', 'exploitation', 'exploration', 'exploitation', 'exploration', 'exploration', 'exploration', 'exploration', 'exploration', 'exploration', 'exploration', 'exploitation', 'exploitation', 'exploration', 'exploration', 'exploration', 'exploration', 'exploration', 'exploration', 'exploitation', 'exploitation', 'exploration', 'exploitation', 'exploration', 'exploitation', 'exploration', 'exploration', 'exploration', 'exploitation', 'exploitation', 'exploration', 'exploration', 'exploitation', 'exploration', 'exploration', 'exploration', 'exploration', 'exploitation', 'exploration', 'exploration', 'exploration', 'exploitation', 'exploration', 'exploration', 'exploitation', 'exploration', 'exploitation', 'exploitation', 'exploitation', 'exploration', 'exploitation', 'exploration', 'exploitation', 'exploitation', 'exploration', 'exploration', 'exploration', 'exploitation', 'exploitation', 'exploration', 'exploitation', 'exploration', 'exploration', 'exploitation', 'exploration', 'exploration', 'exploration', 'exploitation', 'exploration', 'exploration', 'exploration', 'exploration', 'exploitation', 'exploitation', 'exploration', 'exploration', 'exploration', 'exploitation', 'exploration', 'exploitation', 'exploration']",269.0264619104765,274.21670161074564
328,94.49488994772867,"[1.9830873742975517, 0.5100065876159302]",[0.01001641 0.79692205],[ 2.50538731e+02 -2.15793464e-01 -3.17936212e-08 -1.70079112e-01],"['exploitation', 'exploitation', 'exploitation', 'exploitation', 'exploitation', 'exploration', 'exploration', 'exploitation', 'exploitation', 'exploration', 'exploitation', 'exploitation', 'exploitation', 'exploitation', 'exploitation', 'exploitation', 'exploration', 'exploitation', 'exploitation', 'exploration', 'exploration', 'exploitation', 'exploitation', 'exploration', 'exploration', 'exploitation', 'exploitation', 'exploitation', 'exploitation', 'exploration', 'exploitation', 'exploration', 'exploitation', 'exploitation', 'exploitation', 'exploitation', 'exploration', 'exploitation', 'exploration', 'exploitation', 'exploitation', 'exploitation', 'exploitation', 'exploration', 'exploitation', 'exploitation', 'exploration', 'exploitation', 'exploitation', 'exploration', 'exploitation', 'exploitation', 'exploration', 'exploration', 'exploitation', 'exploitation', 'exploitation', 'exploitation', 'exploration', 'exploitation', 'exploitation', 'exploitation', 'exploitation', 'exploration', 'exploitation', 'exploitation', 'exploitation', 'exploitation', 'exploitation', 'exploitation', 'exploitation', 'exploitation', 'exploitation', 'exploitation', 'exploration', 'exploitation', 'exploitation', 'exploration', 'exploitation', 'exploitation', 'exploitation', 'exploitation', 'exploration', 'exploitation', 'exploitation', 'exploitation', 'exploitation', 'exploitation', 'exploration', 'exploration', 'exploitation', 'exploitation', 'exploitation', 'exploitation', 'exploitation', 'exploitation', 'exploitation', 'exploitation', 'exploitation']",192.98977989545733,198.18001959572652
329,135.17428153666566,"[0.29401018979389965, 0.6562248876292034]",[0.00029778 0.00673763],[ -78.36194347 -678.57548875  995.84640064 1031.4234853 ],"['exploration', 'exploration', 'exploration', 'exploration', 'exploration', 'exploration', 'exploration', 'exploitation', 'exploration', 'exploration', 'exploration', 'exploration', 'exploration', 'exploration', 'exploitation', 'exploration', 'exploration', 'exploration', 'exploration', 'exploration', 'exploration', 'exploitation', 'exploration', 'exploration', 'exploitation', 'exploration', 'exploitation', 'exploitation', 'exploitation', 'exploration', 'exploration', 'exploration', 'exploration', 'exploration', 'exploration', 'exploitation', 'exploitation', 'exploitation', 'exploitation', 'exploitation', 'exploitation', 'exploitation', 'exploitation', 'exploitation', 'exploitation', 'exploitation', 'exploration', 'exploration', 'exploration', 'exploration', 'exploration', 'exploitation', 'exploitation', 'exploitation', 'exploitation', 'exploration', 'exploration', 'exploitation', 'exploitation', 'exploitation', 'exploration', 'exploitation', 'exploitation', 'exploitation', 'exploration', 'exploration', 'exploration', 'exploitation', 'exploitation', 'exploitation', 'exploration', 'exploration', 'exploration', 'exploration', 'exploitation', 'exploration', 'exploration', 'exploration', 'exploration', 'exploration', 'exploration', 'exploration', 'exploration', 'exploration', 'exploration', 'exploration', 'exploration', 'exploration', 'exploration', 'exploration', 'exploration', 'exploration', 'exploration', 'exploration', 'exploitation', 'exploitation', 'exploitation', 'exploitation', 'exploration']",274.3485630733313,279.5388027736005
330,129.5724338961093,"[0.8425530345706105, 0.527387464248703]",[0.00171305 0.35609211],[ 114.3447092    62.49357526   21.00220491 -113.93004781],"['exploration', 'exploration', 'exploration', 'exploration', 'exploration', 'exploitation', 'exploration', 'exploitation', 'exploration', 'exploitation', 'exploration', 'exploration', 'exploitation', 'exploration', 'exploration', 'exploitation', 'exploitation', 'exploitation', 'exploitation', 'exploitation', 'exploration', 'exploitation', 'exploitation', 'exploration', 'exploration', 'exploitation', 'exploitation', 'exploration', 'exploration', 'exploration', 'exploitation', 'exploration', 'exploration', 'exploitation', 'exploration', 'exploration', 'exploitation', 'exploration', 'exploitation', 'exploration', 'exploration', 'exploration', 'exploration', 'exploration', 'exploration', 'exploration', 'exploration', 'exploration', 'exploration', 'exploration', 'exploitation', 'exploitation', 'exploration', 'exploitation', 'exploration', 'exploration', 'exploitation', 'exploration', 'exploitation', 'exploration', 'exploration', 'exploration', 'exploration', 'exploration', 'exploration', 'exploration', 'exploration', 'exploration', 'exploration', 'exploration', 'exploration', 'exploration', 'exploration', 'exploitation', 'exploration', 'exploration', 'exploration', 'exploration', 'exploration', 'exploration', 'exploitation', 'exploration', 'exploitation', 'exploration', 'exploration', 'exploitation', 'exploitation', 'exploitation', 'exploitation', 'exploitation', 'exploration', 'exploration', 'exploration', 'exploration', 'exploitation', 'exploitation', 'exploration', 'exploration', 'exploration']",263.1448677922186,268.33510749248774
331,135.11223913455578,"[0.9301289246637815, 0.9759908103149064]",[0.00112019 0.48996715],[-2.52140249e+02 -4.00176242e-04 -6.80621738e-19 -2.24253207e-08],"['exploitation', 'exploitation', 'exploitation', 'exploration', 'exploration', 'exploration', 'exploration', 'exploration', 'exploration', 'exploitation', 'exploration', 'exploitation', 'exploitation', 'exploitation', 'exploration', 'exploitation', 'exploitation', 'exploitation', 'exploitation', 'exploration', 'exploration', 'exploitation', 'exploration', 'exploration', 'exploration', 'exploitation', 'exploration', 'exploration', 'exploitation', 'exploitation', 'exploitation', 'exploration', 'exploitation', 'exploitation', 'exploitation', 'exploration', 'exploitation', 'exploitation', 'exploitation', 'exploitation', 'exploration', 'exploitation', 'exploration', 'exploitation', 'exploitation', 'exploitation', 'exploration', 'exploration', 'exploration', 'exploitation', 'exploration', 'exploration', 'exploitation', 'exploration', 'exploitation', 'exploration', 'exploration', 'exploitation', 'exploitation', 'exploration', 'exploitation', 'exploration', 'exploration', 'exploitation', 'exploration', 'exploitation', 'exploitation', 'exploration', 'exploration', 'exploitation', 'exploitation', 'exploitation', 'exploration', 'exploitation', 'exploitation', 'exploitation', 'exploitation', 'exploration', 'exploitation', 'exploitation', 'exploitation', 'exploitation', 'exploration', 'exploration', 'exploitation', 'exploitation', 'exploitation', 'exploration', 'exploration', 'exploitation', 'exploitation', 'exploitation', 'exploration', 'exploration', 'exploitation', 'exploitation', 'exploitation', 'exploration', 'exploration']",274.22447826911156,279.4147179693807
332,137.34452341757535,"[1.3374833600724487, 0.08887497421978732]",[1.00000000e-04 7.14945522e-01],[-2.28664497e+01  3.68189670e+01 -5.75682657e-05 -1.00000000e+02],"['exploitation', 'exploration', 'exploration', 'exploration', 'exploration', 'exploration', 'exploration', 'exploration', 'exploration', 'exploration', 'exploitation', 'exploitation', 'exploitation', 'exploitation', 'exploration', 'exploration', 'exploration', 'exploration', 'exploration', 'exploration', 'exploration', 'exploration', 'exploration', 'exploration', 'exploration', 'exploration', 'exploration', 'exploration', 'exploration', 'exploitation', 'exploration', 'exploration', 'exploration', 'exploration', 'exploration', 'exploration', 'exploration', 'exploration', 'exploration', 'exploitation', 'exploration', 'exploration', 'exploration', 'exploration', 'exploration', 'exploration', 'exploration', 'exploration', 'exploration', 'exploration', 'exploration', 'exploration', 'exploration', 'exploration', 'exploration', 'exploration', 'exploitation', 'exploration', 'exploration', 'exploitation', 'exploitation', 'exploration', 'exploration', 'exploitation', 'exploration', 'exploration', 'exploitation', 'exploration', 'exploitation', 'exploration', 'exploration', 'exploration', 'exploration', 'exploitation', 'exploitation', 'exploitation', 'exploitation', 'exploration', 'exploration', 'exploitation', 'exploration', 'exploration', 'exploration', 'exploration', 'exploration', 'exploration', 'exploitation', 'exploration', 'exploitation', 'exploration', 'exploration', 'exploitation', 'exploration', 'exploration', 'exploitation', 'exploitation', 'exploitation', 'exploration', 'exploitation']",278.6890468351507,283.87928653541985
333,137.5846167700774,"[0.5193104406397596, 0.818198472871879]",[1.000e-04 9.999e-01],[ 2.00020004e+002  1.00803226e-318 -2.01525714e-302 -1.00783011e-310],"['exploitation', 'exploitation', 'exploration', 'exploration', 'exploration', 'exploration', 'exploitation', 'exploration', 'exploration', 'exploitation', 'exploration', 'exploration', 'exploration', 'exploration', 'exploitation', 'exploration', 'exploration', 'exploitation', 'exploration', 'exploration', 'exploitation', 'exploration', 'exploitation', 'exploitation', 'exploitation', 'exploration', 'exploitation', 'exploitation', 'exploitation', 'exploitation', 'exploration', 'exploitation', 'exploitation', 'exploitation', 'exploitation', 'exploration', 'exploitation', 'exploitation', 'exploitation', 'exploitation', 'exploration', 'exploitation', 'exploitation', 'exploitation', 'exploitation', 'exploration', 'exploitation', 'exploitation', 'exploitation', 'exploitation', 'exploration', 'exploitation', 'exploitation', 'exploitation', 'exploitation', 'exploration', 'exploitation', 'exploitation', 'exploitation', 'exploitation', 'exploration', 'exploitation', 'exploitation', 'exploitation', 'exploitation', 'exploration', 'exploitation', 'exploitation', 'exploitation', 'exploitation', 'exploration', 'exploitation', 'exploitation', 'exploitation', 'exploitation', 'exploration', 'exploitation', 'exploitation', 'exploitation', 'exploitation', 'exploration', 'exploitation', 'exploitation', 'exploitation', 'exploitation', 'exploration', 'exploitation', 'exploitation', 'exploitation', 'exploitation', 'exploration', 'exploitation', 'exploitation', 'exploitation', 'exploitation', 'exploration', 'exploitation', 'exploitation', 'exploitation']",279.1692335401548,284.35947324042394
334,137.69205071350294,"[0.02453373832741162, 0.9190418411876365]",[1.00000000e-04 9.91080482e-01],[ 1.79995620e+00  2.86840725e-21 -2.00000000e+02  1.16795177e-28],"['exploration', 'exploration', 'exploration', 'exploitation', 'exploration', 'exploration', 'exploration', 'exploration', 'exploration', 'exploration', 'exploitation', 'exploitation', 'exploitation', 'exploitation', 'exploration', 'exploration', 'exploration', 'exploration', 'exploration', 'exploration', 'exploration', 'exploration', 'exploration', 'exploration', 'exploration', 'exploration', 'exploration', 'exploitation', 'exploitation', 'exploration', 'exploitation', 'exploration', 'exploration', 'exploitation', 'exploration', 'exploration', 'exploitation', 'exploration', 'exploration', 'exploration', 'exploration', 'exploration', 'exploration', 'exploration', 'exploration', 'exploitation', 'exploration', 'exploration', 'exploration', 'exploration', 'exploration', 'exploration', 'exploration', 'exploitation', 'exploration', 'exploration', 'exploration', 'exploration', 'exploration', 'exploitation', 'exploration', 'exploration', 'exploration', 'exploration', 'exploration', 'exploration', 'exploration', 'exploration', 'exploration', 'exploration', 'exploitation', 'exploration', 'exploitation', 'exploitation', 'exploitation', 'exploitation', 'exploitation', 'exploitation', 'exploration', 'exploration', 'exploration', 'exploration', 'exploration', 'exploration', 'exploitation', 'exploitation', 'exploitation', 'exploration', 'exploration', 'exploration', 'exploration', 'exploration', 'exploration', 'exploration', 'exploitation', 'exploitation', 'exploitation', 'exploration', 'exploration']",279.3841014270059,284.57434112727503
335,137.2553533872512,"[0.061251301831832056, 0.5134141097709051]",[1.000e-04 9.999e-01],[-1.05631862e-237  1.00000001e+002 -2.01505564e-298 -1.00010001e-002],"['exploration', 'exploration', 'exploration', 'exploitation', 'exploitation', 'exploitation', 'exploitation', 'exploitation', 'exploitation', 'exploitation', 'exploitation', 'exploitation', 'exploration', 'exploration', 'exploration', 'exploration', 'exploration', 'exploration', 'exploration', 'exploration', 'exploration', 'exploration', 'exploration', 'exploitation', 'exploration', 'exploration', 'exploration', 'exploration', 'exploration', 'exploration', 'exploration', 'exploration', 'exploration', 'exploration', 'exploitation', 'exploitation', 'exploitation', 'exploration', 'exploration', 'exploitation', 'exploration', 'exploitation', 'exploitation', 'exploitation', 'exploration', 'exploration', 'exploitation', 'exploration', 'exploration', 'exploration', 'exploration', 'exploration', 'exploration', 'exploitation', 'exploitation', 'exploitation', 'exploration', 'exploration', 'exploration', 'exploration', 'exploration', 'exploration', 'exploration', 'exploitation', 'exploitation', 'exploitation', 'exploitation', 'exploitation', 'exploration', 'exploration', 'exploration', 'exploration', 'exploration', 'exploitation', 'exploitation', 'exploitation', 'exploitation', 'exploration', 'exploitation', 'exploitation', 'exploitation', 'exploitation', 'exploitation', 'exploration', 'exploration', 'exploitation', 'exploration', 'exploitation', 'exploration', 'exploitation', 'exploration', 'exploration', 'exploitation', 'exploration', 'exploration', 'exploitation', 'exploration', 'exploitation', 'exploration']",278.5107067745024,283.70094647477157
336,133.51769305401012,"[1.9165983595829605, 0.5052681814414989]",[0.00165524 0.39967483],[-2.73423198e+02 -2.63631972e+01 -4.60875952e-09  1.29098200e-10],"['exploration', 'exploitation', 'exploitation', 'exploitation', 'exploitation', 'exploitation', 'exploration', 'exploration', 'exploration', 'exploitation', 'exploitation', 'exploitation', 'exploration', 'exploration', 'exploration', 'exploitation', 'exploitation', 'exploitation', 'exploitation', 'exploitation', 'exploration', 'exploration', 'exploration', 'exploration', 'exploitation', 'exploitation', 'exploitation', 'exploration', 'exploitation', 'exploitation', 'exploitation', 'exploitation', 'exploitation', 'exploration', 'exploitation', 'exploitation', 'exploitation', 'exploration', 'exploration', 'exploitation', 'exploitation', 'exploitation', 'exploration', 'exploration', 'exploitation', 'exploitation', 'exploration', 'exploitation', 'exploitation', 'exploration', 'exploration', 'exploitation', 'exploitation', 'exploitation', 'exploitation', 'exploration', 'exploration', 'exploitation', 'exploitation', 'exploitation', 'exploration', 'exploration', 'exploitation', 'exploitation', 'exploitation', 'exploration', 'exploration', 'exploitation', 'exploitation', 'exploitation', 'exploitation', 'exploitation', 'exploration', 'exploration', 'exploration', 'exploitation', 'exploitation', 'exploration', 'exploration', 'exploration', 'exploitation', 'exploitation', 'exploration', 'exploration', 'exploration', 'exploitation', 'exploitation', 'exploration', 'exploration', 'exploration', 'exploitation', 'exploitation', 'exploration', 'exploitation', 'exploitation', 'exploitation', 'exploitation', 'exploration', 'exploration']",271.03538610802025,276.2256258082894
337,117.41388261723878,"[0.2191075525521949, 0.6688308757287172]",[0.00123323 0.0001    ],[-546.97171435 -943.80047385  154.96914172 1649.42462882],"['exploration', 'exploration', 'exploitation', 'exploitation', 'exploitation', 'exploitation', 'exploitation', 'exploration', 'exploration', 'exploitation', 'exploration', 'exploration', 'exploration', 'exploration', 'exploitation', 'exploration', 'exploration', 'exploration', 'exploration', 'exploration', 'exploration', 'exploration', 'exploitation', 'exploitation', 'exploration', 'exploration', 'exploitation', 'exploration', 'exploration', 'exploration', 'exploration', 'exploration', 'exploration', 'exploration', 'exploration', 'exploration', 'exploration', 'exploration', 'exploitation', 'exploitation', 'exploration', 'exploration', 'exploration', 'exploitation', 'exploitation', 'exploration', 'exploration', 'exploration', 'exploration', 'exploration', 'exploitation', 'exploration', 'exploration', 'exploration', 'exploration', 'exploration', 'exploration', 'exploration', 'exploration', 'exploitation', 'exploration', 'exploration', 'exploration', 'exploration', 'exploration', 'exploitation', 'exploitation', 'exploitation', 'exploitation', 'exploitation', 'exploitation', 'exploitation', 'exploitation', 'exploitation', 'exploitation', 'exploitation', 'exploitation', 'exploitation', 'exploitation', 'exploitation', 'exploitation', 'exploitation', 'exploitation', 'exploitation', 'exploitation', 'exploitation', 'exploitation', 'exploitation', 'exploitation', 'exploitation', 'exploration', 'exploration', 'exploitation', 'exploitation', 'exploitation', 'exploitation', 'exploitation', 'exploitation', 'exploitation']",238.82776523447757,244.01800493474676
338,137.3323461714691,"[0.16053022762696348, 0.8570802665240747]",[1.00000000e-04 1.38747474e-01],[ 92.83893477   8.50757395 777.0269658  432.93319954],"['exploration', 'exploration', 'exploration', 'exploration', 'exploration', 'exploration', 'exploration', 'exploration', 'exploration', 'exploitation', 'exploration', 'exploration', 'exploration', 'exploitation', 'exploration', 'exploration', 'exploration', 'exploration', 'exploration', 'exploitation', 'exploration', 'exploration', 'exploration', 'exploration', 'exploration', 'exploitation', 'exploration', 'exploration', 'exploitation', 'exploration', 'exploration', 'exploration', 'exploration', 'exploration', 'exploration', 'exploration', 'exploitation', 'exploitation', 'exploration', 'exploration', 'exploration', 'exploration', 'exploration', 'exploration', 'exploitation', 'exploration', 'exploration', 'exploration', 'exploration', 'exploitation', 'exploration', 'exploration', 'exploration', 'exploitation', 'exploration', 'exploration', 'exploration', 'exploration', 'exploitation', 'exploration', 'exploration', 'exploration', 'exploration', 'exploration', 'exploration', 'exploitation', 'exploitation', 'exploration', 'exploitation', 'exploration', 'exploration', 'exploration', 'exploration', 'exploration', 'exploration', 'exploration', 'exploration', 'exploration', 'exploitation', 'exploration', 'exploration', 'exploration', 'exploration', 'exploration', 'exploration', 'exploration', 'exploration', 'exploitation', 'exploitation', 'exploitation', 'exploration', 'exploration', 'exploitation', 'exploration', 'exploration', 'exploration', 'exploration', 'exploration', 'exploitation']",278.6646923429382,283.8549320432074
339,136.97800749300524,"[1.4578708748579905, 0.6057446340928299]",[0.00013192 0.0001    ],[-348.77423207 -546.55950929 1296.8322266  1197.06652253],"['exploitation', 'exploration', 'exploration', 'exploration', 'exploration', 'exploitation', 'exploration', 'exploration', 'exploration', 'exploration', 'exploration', 'exploitation', 'exploration', 'exploration', 'exploration', 'exploration', 'exploration', 'exploitation', 'exploration', 'exploration', 'exploration', 'exploration', 'exploration', 'exploitation', 'exploration', 'exploration', 'exploitation', 'exploration', 'exploration', 'exploration', 'exploration', 'exploration', 'exploitation', 'exploitation', 'exploration', 'exploration', 'exploration', 'exploitation', 'exploration', 'exploration', 'exploration', 'exploration', 'exploration', 'exploration', 'exploration', 'exploration', 'exploration', 'exploration', 'exploration', 'exploitation', 'exploration', 'exploration', 'exploitation', 'exploration', 'exploitation', 'exploitation', 'exploration', 'exploitation', 'exploration', 'exploration', 'exploitation', 'exploration', 'exploration', 'exploitation', 'exploration', 'exploration', 'exploitation', 'exploitation', 'exploration', 'exploration', 'exploitation', 'exploration', 'exploitation', 'exploitation', 'exploration', 'exploration', 'exploration', 'exploration', 'exploration', 'exploration', 'exploitation', 'exploration', 'exploitation', 'exploration', 'exploration', 'exploitation', 'exploration', 'exploitation', 'exploration', 'exploration', 'exploration', 'exploration', 'exploration', 'exploration', 'exploitation', 'exploration', 'exploitation', 'exploration', 'exploitation']",277.9560149860105,283.14625468627963
340,98.17030669214289,"[0.03318638124120048, 0.3936559550612373]",[0.00796238 0.65621255],[-6.03439501e-01  7.91922487e-04 -6.68667313e-18 -1.21184002e+02],"['exploration', 'exploration', 'exploration', 'exploitation', 'exploitation', 'exploitation', 'exploitation', 'exploitation', 'exploitation', 'exploitation', 'exploration', 'exploration', 'exploitation', 'exploration', 'exploitation', 'exploitation', 'exploitation', 'exploitation', 'exploitation', 'exploration', 'exploitation', 'exploitation', 'exploitation', 'exploitation', 'exploration', 'exploitation', 'exploration', 'exploitation', 'exploitation', 'exploitation', 'exploration', 'exploitation', 'exploration', 'exploitation', 'exploitation', 'exploitation', 'exploration', 'exploitation', 'exploitation', 'exploitation', 'exploration', 'exploitation', 'exploration', 'exploration', 'exploitation', 'exploration', 'exploration', 'exploitation', 'exploitation', 'exploitation', 'exploration', 'exploration', 'exploration', 'exploration', 'exploitation', 'exploitation', 'exploration', 'exploitation', 'exploitation', 'exploitation', 'exploitation', 'exploration', 'exploitation', 'exploitation', 'exploitation', 'exploitation', 'exploitation', 'exploration', 'exploitation', 'exploration', 'exploitation', 'exploration', 'exploitation', 'exploitation', 'exploration', 'exploitation', 'exploitation', 'exploitation', 'exploitation', 'exploration', 'exploitation', 'exploitation', 'exploitation', 'exploration', 'exploitation', 'exploration', 'exploration', 'exploration', 'exploitation', 'exploitation', 'exploitation', 'exploitation', 'exploration', 'exploration', 'exploration', 'exploitation', 'exploitation', 'exploration', 'exploration']",200.34061338428577,205.53085308455496
341,137.54104368157113,"[0.7253940796920969, 0.4421829750857164]",[1.000e-04 9.999e-01],[ 1.99914979e-02  1.00000000e+02 -2.00140042e-26 -1.00060015e-22],"['exploration', 'exploration', 'exploration', 'exploration', 'exploration', 'exploration', 'exploration', 'exploration', 'exploration', 'exploration', 'exploration', 'exploration', 'exploration', 'exploration', 'exploration', 'exploration', 'exploration', 'exploration', 'exploration', 'exploration', 'exploration', 'exploitation', 'exploitation', 'exploration', 'exploration', 'exploration', 'exploitation', 'exploration', 'exploitation', 'exploration', 'exploration', 'exploration', 'exploration', 'exploration', 'exploration', 'exploration', 'exploration', 'exploration', 'exploration', 'exploration', 'exploration', 'exploration', 'exploration', 'exploration', 'exploitation', 'exploration', 'exploration', 'exploitation', 'exploration', 'exploration', 'exploration', 'exploration', 'exploitation', 'exploration', 'exploration', 'exploration', 'exploration', 'exploration', 'exploration', 'exploitation', 'exploration', 'exploitation', 'exploration', 'exploration', 'exploration', 'exploration', 'exploration', 'exploration', 'exploration', 'exploitation', 'exploitation', 'exploration', 'exploration', 'exploration', 'exploration', 'exploration', 'exploration', 'exploration', 'exploration', 'exploration', 'exploration', 'exploration', 'exploitation', 'exploration', 'exploration', 'exploration', 'exploration', 'exploitation', 'exploration', 'exploration', 'exploration', 'exploration', 'exploitation', 'exploration', 'exploitation', 'exploration', 'exploration', 'exploration', 'exploitation']",279.08208736314225,284.2723270634114
342,128.3254264426599,"[0.9642139769389021, 0.6159227070022262]",[0.00239275 0.44510919],[120.28597682 154.99231358  55.23633293  -1.38888853],"['exploration', 'exploitation', 'exploration', 'exploration', 'exploration', 'exploration', 'exploration', 'exploration', 'exploration', 'exploitation', 'exploration', 'exploration', 'exploration', 'exploration', 'exploitation', 'exploration', 'exploitation', 'exploitation', 'exploitation', 'exploitation', 'exploitation', 'exploitation', 'exploration', 'exploration', 'exploitation', 'exploration', 'exploration', 'exploration', 'exploitation', 'exploration', 'exploration', 'exploration', 'exploitation', 'exploitation', 'exploitation', 'exploitation', 'exploitation', 'exploitation', 'exploitation', 'exploitation', 'exploitation', 'exploitation', 'exploration', 'exploration', 'exploration', 'exploration', 'exploration', 'exploration', 'exploration', 'exploration', 'exploration', 'exploration', 'exploration', 'exploration', 'exploitation', 'exploitation', 'exploration', 'exploration', 'exploration', 'exploitation', 'exploitation', 'exploration', 'exploration', 'exploitation', 'exploration', 'exploitation', 'exploration', 'exploitation', 'exploitation', 'exploitation', 'exploitation', 'exploration', 'exploration', 'exploitation', 'exploration', 'exploration', 'exploration', 'exploitation', 'exploration', 'exploration', 'exploitation', 'exploration', 'exploration', 'exploitation', 'exploitation', 'exploitation', 'exploration', 'exploration', 'exploitation', 'exploitation', 'exploitation', 'exploration', 'exploration', 'exploration', 'exploration', 'exploitation', 'exploration', 'exploration', 'exploitation']",260.6508528853198,265.84109258558897
343,112.05868489311317,"[0.54439764396356, 0.3100797973681369]",[0.00742031 0.84965719],[ 2.30185836e+02  2.60144289e+00 -1.36254965e-11 -4.53147595e-11],"['exploration', 'exploitation', 'exploration', 'exploration', 'exploration', 'exploration', 'exploration', 'exploitation', 'exploration', 'exploitation', 'exploitation', 'exploration', 'exploitation', 'exploitation', 'exploitation', 'exploitation', 'exploration', 'exploitation', 'exploitation', 'exploration', 'exploitation', 'exploration', 'exploitation', 'exploitation', 'exploration', 'exploitation', 'exploration', 'exploitation', 'exploration', 'exploitation', 'exploration', 'exploration', 'exploration', 'exploitation', 'exploitation', 'exploration', 'exploitation', 'exploitation', 'exploitation', 'exploitation', 'exploration', 'exploitation', 'exploitation', 'exploitation', 'exploitation', 'exploitation', 'exploration', 'exploitation', 'exploration', 'exploitation', 'exploration', 'exploitation', 'exploitation', 'exploitation', 'exploitation', 'exploitation', 'exploration', 'exploitation', 'exploitation', 'exploitation', 'exploitation', 'exploitation', 'exploration', 'exploitation', 'exploration', 'exploration', 'exploration', 'exploration', 'exploitation', 'exploitation', 'exploitation', 'exploitation', 'exploration', 'exploitation', 'exploitation', 'exploration', 'exploration', 'exploration', 'exploration', 'exploration', 'exploration', 'exploration', 'exploration', 'exploitation', 'exploration', 'exploitation', 'exploration', 'exploitation', 'exploitation', 'exploitation', 'exploration', 'exploitation', 'exploration', 'exploitation', 'exploration', 'exploitation', 'exploration', 'exploitation', 'exploration']",228.11736978622633,233.30760948649552
344,101.14737908300981,"[0.840740803913403, 0.22422581359113083]",[0.00656616 0.51330182],[-1.00490311e+02  1.70592044e+02 -2.99364903e-16 -2.34623248e-04],"['exploitation', 'exploitation', 'exploration', 'exploitation', 'exploitation', 'exploration', 'exploitation', 'exploitation', 'exploration', 'exploitation', 'exploration', 'exploration', 'exploration', 'exploitation', 'exploitation', 'exploitation', 'exploration', 'exploration', 'exploration', 'exploitation', 'exploration', 'exploitation', 'exploitation', 'exploitation', 'exploitation', 'exploitation', 'exploitation', 'exploitation', 'exploitation', 'exploitation', 'exploration', 'exploration', 'exploration', 'exploration', 'exploitation', 'exploration', 'exploitation', 'exploration', 'exploration', 'exploration', 'exploration', 'exploration', 'exploitation', 'exploitation', 'exploitation', 'exploration', 'exploitation', 'exploitation', 'exploitation', 'exploitation', 'exploration', 'exploitation', 'exploitation', 'exploitation', 'exploitation', 'exploration', 'exploration', 'exploitation', 'exploitation', 'exploitation', 'exploitation', 'exploration', 'exploration', 'exploitation', 'exploitation', 'exploitation', 'exploration', 'exploration', 'exploitation', 'exploration', 'exploitation', 'exploration', 'exploitation', 'exploitation', 'exploration', 'exploitation', 'exploitation', 'exploitation', 'exploitation', 'exploitation', 'exploration', 'exploitation', 'exploitation', 'exploitation', 'exploitation', 'exploration', 'exploitation', 'exploitation', 'exploitation', 'exploitation', 'exploration', 'exploitation', 'exploitation', 'exploitation', 'exploitation', 'exploration', 'exploitation', 'exploitation', 'exploitation']",206.29475816601962,211.4849978662888
345,137.32871563568472,"[2.9498806998978964, 0.8401217457536241]",[1.000e-04 9.999e-01],[ 2.00120034e-18  1.00009994e+02 -2.00080014e-10 -1.00200191e-74],"['exploration', 'exploitation', 'exploitation', 'exploitation', 'exploration', 'exploitation', 'exploitation', 'exploitation', 'exploitation', 'exploration', 'exploitation', 'exploitation', 'exploitation', 'exploration', 'exploitation', 'exploration', 'exploitation', 'exploitation', 'exploitation', 'exploration', 'exploitation', 'exploitation', 'exploitation', 'exploration', 'exploitation', 'exploitation', 'exploration', 'exploitation', 'exploitation', 'exploitation', 'exploitation', 'exploration', 'exploitation', 'exploration', 'exploitation', 'exploitation', 'exploitation', 'exploitation', 'exploitation', 'exploitation', 'exploitation', 'exploration', 'exploitation', 'exploitation', 'exploitation', 'exploitation', 'exploration', 'exploitation', 'exploitation', 'exploration', 'exploitation', 'exploitation', 'exploration', 'exploitation', 'exploitation', 'exploitation', 'exploration', 'exploitation', 'exploitation', 'exploitation', 'exploration', 'exploitation', 'exploration', 'exploitation', 'exploitation', 'exploitation', 'exploitation', 'exploitation', 'exploration', 'exploitation', 'exploitation', 'exploitation', 'exploitation', 'exploration', 'exploitation', 'exploitation', 'exploitation', 'exploration', 'exploration', 'exploitation', 'exploration', 'exploitation', 'exploitation', 'exploitation', 'exploitation', 'exploration', 'exploitation', 'exploitation', 'exploitation', 'exploration', 'exploitation', 'exploitation', 'exploitation', 'exploration', 'exploration', 'exploration', 'exploration', 'exploitation', 'exploitation']",278.65743127136943,283.8476709716386
346,134.81273379465748,"[0.3048470280987956, 0.8075266829516966]",[0.0012723 0.9999   ],[ 2.00040004e-06  1.00010000e-02 -2.00060006e-10  6.50000000e+02],"['exploration', 'exploration', 'exploration', 'exploration', 'exploration', 'exploitation', 'exploitation', 'exploitation', 'exploitation', 'exploration', 'exploitation', 'exploration', 'exploration', 'exploration', 'exploration', 'exploration', 'exploitation', 'exploration', 'exploration', 'exploration', 'exploitation', 'exploration', 'exploration', 'exploration', 'exploration', 'exploration', 'exploration', 'exploitation', 'exploitation', 'exploration', 'exploitation', 'exploitation', 'exploration', 'exploration', 'exploration', 'exploration', 'exploration', 'exploration', 'exploitation', 'exploration', 'exploitation', 'exploitation', 'exploration', 'exploration', 'exploration', 'exploration', 'exploration', 'exploration', 'exploration', 'exploration', 'exploration', 'exploration', 'exploration', 'exploration', 'exploration', 'exploration', 'exploration', 'exploration', 'exploration', 'exploration', 'exploration', 'exploration', 'exploration', 'exploration', 'exploration', 'exploration', 'exploration', 'exploration', 'exploration', 'exploration', 'exploration', 'exploration', 'exploration', 'exploration', 'exploration', 'exploration', 'exploration', 'exploitation', 'exploitation', 'exploration', 'exploration', 'exploitation', 'exploration', 'exploration', 'exploitation', 'exploitation', 'exploration', 'exploration', 'exploration', 'exploration', 'exploitation', 'exploration', 'exploitation', 'exploration', 'exploration', 'exploitation', 'exploration', 'exploration', 'exploration']",273.62546758931495,278.8157072895841
347,129.29047864794845,"[0.3278876297369599, 0.12037981650845113]",[0.00200795 0.41255169],[-951.54787431   84.9641299     5.70414438   26.36762521],"['exploration', 'exploration', 'exploration', 'exploration', 'exploration', 'exploration', 'exploitation', 'exploration', 'exploration', 'exploration', 'exploration', 'exploitation', 'exploitation', 'exploitation', 'exploration', 'exploration', 'exploration', 'exploration', 'exploration', 'exploration', 'exploration', 'exploration', 'exploitation', 'exploitation', 'exploration', 'exploration', 'exploitation', 'exploration', 'exploration', 'exploitation', 'exploration', 'exploitation', 'exploration', 'exploitation', 'exploration', 'exploitation', 'exploitation', 'exploration', 'exploitation', 'exploration', 'exploration', 'exploration', 'exploitation', 'exploration', 'exploration', 'exploration', 'exploration', 'exploration', 'exploration', 'exploration', 'exploration', 'exploration', 'exploration', 'exploration', 'exploration', 'exploration', 'exploration', 'exploration', 'exploitation', 'exploration', 'exploration', 'exploitation', 'exploitation', 'exploitation', 'exploration', 'exploitation', 'exploitation', 'exploitation', 'exploration', 'exploration', 'exploitation', 'exploration', 'exploration', 'exploration', 'exploration', 'exploitation', 'exploitation', 'exploration', 'exploration', 'exploitation', 'exploration', 'exploitation', 'exploitation', 'exploration', 'exploration', 'exploitation', 'exploitation', 'exploitation', 'exploration', 'exploitation', 'exploration', 'exploration', 'exploration', 'exploration', 'exploration', 'exploitation', 'exploration', 'exploitation', 'exploration']",262.5809572958969,267.77119699616605
348,132.22619523504142,"[0.05402847146968169, 0.7727650313178576]",[0.00213688 0.92917804],[-1.03576454e+03  7.98637918e-15 -1.00314959e+00 -2.69394466e-03],"['exploration', 'exploitation', 'exploration', 'exploration', 'exploration', 'exploitation', 'exploration', 'exploration', 'exploration', 'exploitation', 'exploration', 'exploitation', 'exploration', 'exploration', 'exploration', 'exploration', 'exploitation', 'exploration', 'exploration', 'exploitation', 'exploitation', 'exploration', 'exploitation', 'exploitation', 'exploration', 'exploration', 'exploitation', 'exploration', 'exploitation', 'exploitation', 'exploitation', 'exploitation', 'exploitation', 'exploitation', 'exploitation', 'exploitation', 'exploration', 'exploitation', 'exploitation', 'exploration', 'exploration', 'exploration', 'exploitation', 'exploitation', 'exploitation', 'exploration', 'exploitation', 'exploration', 'exploration', 'exploitation', 'exploitation', 'exploration', 'exploration', 'exploration', 'exploration', 'exploration', 'exploration', 'exploitation', 'exploration', 'exploitation', 'exploitation', 'exploration', 'exploitation', 'exploitation', 'exploration', 'exploration', 'exploration', 'exploration', 'exploitation', 'exploitation', 'exploitation', 'exploitation', 'exploration', 'exploitation', 'exploitation', 'exploration', 'exploration', 'exploitation', 'exploration', 'exploration', 'exploitation', 'exploitation', 'exploitation', 'exploitation', 'exploration', 'exploration', 'exploitation', 'exploitation', 'exploitation', 'exploitation', 'exploration', 'exploitation', 'exploration', 'exploration', 'exploitation', 'exploration', 'exploitation', 'exploitation', 'exploration']",268.45239047008283,273.642630170352
349,137.23544236678308,"[0.3282043705034205, 0.7490198650286126]",[1.000e-04 9.999e-01],[ 2.00000002e+02 -6.50065000e-02 -2.00300212e-58 -1.00030004e-10],"['exploration', 'exploration', 'exploration', 'exploitation', 'exploration', 'exploration', 'exploitation', 'exploration', 'exploration', 'exploration', 'exploration', 'exploration', 'exploration', 'exploitation', 'exploration', 'exploitation', 'exploration', 'exploration', 'exploration', 'exploration', 'exploration', 'exploration', 'exploitation', 'exploration', 'exploitation', 'exploration', 'exploration', 'exploration', 'exploration', 'exploration', 'exploitation', 'exploration', 'exploration', 'exploration', 'exploration', 'exploration', 'exploitation', 'exploration', 'exploitation', 'exploitation', 'exploration', 'exploration', 'exploration', 'exploration', 'exploration', 'exploration', 'exploration', 'exploitation', 'exploration', 'exploration', 'exploration', 'exploration', 'exploration', 'exploration', 'exploitation', 'exploration', 'exploitation', 'exploration', 'exploration', 'exploration', 'exploitation', 'exploitation', 'exploration', 'exploration', 'exploration', 'exploration', 'exploration', 'exploration', 'exploration', 'exploration', 'exploration', 'exploration', 'exploitation', 'exploration', 'exploration', 'exploration', 'exploitation', 'exploration', 'exploration', 'exploitation', 'exploration', 'exploration', 'exploration', 'exploitation', 'exploration', 'exploration', 'exploration', 'exploration', 'exploration', 'exploration', 'exploitation', 'exploration', 'exploration', 'exploitation', 'exploration', 'exploration', 'exploration', 'exploitation', 'exploration']",278.47088473356615,283.6611244338353
350,133.39654565380872,"[1.6365455862281333, 0.7180796577682506]",[0.00155522 0.65974595],[ 1.01210332e+02 -6.49990859e+02  7.17219444e-01 -1.79653390e-02],"['exploration', 'exploration', 'exploration', 'exploration', 'exploration', 'exploration', 'exploration', 'exploration', 'exploration', 'exploration', 'exploration', 'exploration', 'exploitation', 'exploitation', 'exploration', 'exploration', 'exploration', 'exploration', 'exploration', 'exploration', 'exploration', 'exploration', 'exploration', 'exploration', 'exploitation', 'exploration', 'exploration', 'exploration', 'exploration', 'exploration', 'exploration', 'exploration', 'exploration', 'exploration', 'exploration', 'exploitation', 'exploitation', 'exploration', 'exploration', 'exploration', 'exploration', 'exploration', 'exploration', 'exploration', 'exploration', 'exploration', 'exploration', 'exploration', 'exploration', 'exploration', 'exploration', 'exploration', 'exploration', 'exploitation', 'exploitation', 'exploration', 'exploitation', 'exploration', 'exploration', 'exploration', 'exploration', 'exploration', 'exploration', 'exploration', 'exploration', 'exploration', 'exploration', 'exploration', 'exploration', 'exploration', 'exploration', 'exploitation', 'exploitation', 'exploitation', 'exploration', 'exploitation', 'exploitation', 'exploitation', 'exploitation', 'exploration', 'exploration', 'exploration', 'exploitation', 'exploitation', 'exploitation', 'exploration', 'exploration', 'exploitation', 'exploitation', 'exploration', 'exploration', 'exploration', 'exploitation', 'exploration', 'exploitation', 'exploitation', 'exploitation', 'exploration', 'exploitation']",270.79309130761743,275.9833310078866
351,41.24643795517422,"[3.1829888701595452, 0.034028511359862436]",[0.0045135  0.04132734],[212.08800367  -9.61260568  -7.37058995 807.48338294],"['exploration', 'exploration', 'exploration', 'exploitation', 'exploitation', 'exploitation', 'exploitation', 'exploitation', 'exploitation', 'exploitation', 'exploitation', 'exploitation', 'exploitation', 'exploitation', 'exploitation', 'exploitation', 'exploitation', 'exploitation', 'exploitation', 'exploitation', 'exploitation', 'exploitation', 'exploitation', 'exploitation', 'exploitation', 'exploitation', 'exploitation', 'exploitation', 'exploitation', 'exploitation', 'exploitation', 'exploitation', 'exploitation', 'exploitation', 'exploitation', 'exploitation', 'exploitation', 'exploitation', 'exploitation', 'exploitation', 'exploitation', 'exploitation', 'exploitation', 'exploitation', 'exploitation', 'exploitation', 'exploitation', 'exploitation', 'exploitation', 'exploitation', 'exploitation', 'exploitation', 'exploitation', 'exploitation', 'exploitation', 'exploitation', 'exploitation', 'exploitation', 'exploitation', 'exploitation', 'exploitation', 'exploitation', 'exploitation', 'exploitation', 'exploitation', 'exploration', 'exploration', 'exploration', 'exploration', 'exploitation', 'exploitation', 'exploitation', 'exploitation', 'exploitation', 'exploitation', 'exploitation', 'exploitation', 'exploitation', 'exploitation', 'exploitation', 'exploitation', 'exploitation', 'exploitation', 'exploitation', 'exploitation', 'exploitation', 'exploitation', 'exploitation', 'exploitation', 'exploitation', 'exploitation', 'exploitation', 'exploitation', 'exploitation', 'exploitation', 'exploitation', 'exploitation', 'exploitation', 'exploitation']",86.49287591034845,91.68311561061762
352,135.72329711837313,"[0.2539103743176246, 0.8975020464797193]",[0.00021974 0.0001    ],[-1247.11532441  -947.16442104  2040.94472822   102.51878239],"['exploration', 'exploration', 'exploration', 'exploration', 'exploration', 'exploration', 'exploration', 'exploration', 'exploration', 'exploration', 'exploitation', 'exploration', 'exploration', 'exploration', 'exploration', 'exploration', 'exploration', 'exploration', 'exploration', 'exploration', 'exploration', 'exploitation', 'exploration', 'exploration', 'exploration', 'exploration', 'exploration', 'exploration', 'exploitation', 'exploration', 'exploration', 'exploration', 'exploration', 'exploration', 'exploration', 'exploration', 'exploration', 'exploration', 'exploration', 'exploration', 'exploration', 'exploitation', 'exploration', 'exploration', 'exploitation', 'exploration', 'exploration', 'exploitation', 'exploitation', 'exploitation', 'exploration', 'exploration', 'exploration', 'exploitation', 'exploitation', 'exploitation', 'exploitation', 'exploitation', 'exploration', 'exploration', 'exploitation', 'exploration', 'exploration', 'exploration', 'exploration', 'exploration', 'exploitation', 'exploitation', 'exploitation', 'exploitation', 'exploration', 'exploration', 'exploration', 'exploration', 'exploration', 'exploration', 'exploration', 'exploitation', 'exploitation', 'exploitation', 'exploitation', 'exploitation', 'exploration', 'exploration', 'exploration', 'exploration', 'exploration', 'exploration', 'exploitation', 'exploitation', 'exploitation', 'exploitation', 'exploitation', 'exploration', 'exploration', 'exploitation', 'exploration', 'exploration', 'exploration']",275.44659423674625,280.6368339370154
353,117.21262508728567,"[0.7396200619487844, 0.6660750474442995]",[0.00626534 0.79667813],[-2.03458262e+02  1.00161573e+02 -1.24126879e-31 -4.99124583e-07],"['exploration', 'exploration', 'exploration', 'exploitation', 'exploitation', 'exploitation', 'exploration', 'exploration', 'exploitation', 'exploitation', 'exploitation', 'exploration', 'exploitation', 'exploitation', 'exploration', 'exploitation', 'exploitation', 'exploration', 'exploration', 'exploitation', 'exploitation', 'exploitation', 'exploration', 'exploitation', 'exploration', 'exploration', 'exploration', 'exploitation', 'exploitation', 'exploitation', 'exploitation', 'exploitation', 'exploitation', 'exploration', 'exploitation', 'exploitation', 'exploitation', 'exploitation', 'exploration', 'exploitation', 'exploitation', 'exploitation', 'exploration', 'exploitation', 'exploration', 'exploitation', 'exploitation', 'exploitation', 'exploitation', 'exploitation', 'exploration', 'exploitation', 'exploitation', 'exploitation', 'exploitation', 'exploration', 'exploitation', 'exploitation', 'exploration', 'exploitation', 'exploitation', 'exploitation', 'exploitation', 'exploration', 'exploration', 'exploitation', 'exploration', 'exploitation', 'exploitation', 'exploitation', 'exploration', 'exploration', 'exploitation', 'exploration', 'exploitation', 'exploration', 'exploration', 'exploration', 'exploitation', 'exploitation', 'exploration', 'exploitation', 'exploitation', 'exploration', 'exploitation', 'exploration', 'exploitation', 'exploration', 'exploration', 'exploitation', 'exploitation', 'exploration', 'exploitation', 'exploration', 'exploration', 'exploitation', 'exploitation', 'exploitation', 'exploitation']",238.42525017457135,243.61548987484053
354,136.27426338450667,"[1.147247096113917, 0.808398177296852]",[0.00030362 0.01282753],[-213.09670096 -436.98593571  525.25572458  883.91508038],"['exploration', 'exploration', 'exploration', 'exploration', 'exploration', 'exploration', 'exploration', 'exploration', 'exploration', 'exploration', 'exploitation', 'exploitation', 'exploration', 'exploration', 'exploitation', 'exploration', 'exploration', 'exploration', 'exploration', 'exploration', 'exploration', 'exploration', 'exploration', 'exploitation', 'exploration', 'exploration', 'exploration', 'exploitation', 'exploration', 'exploration', 'exploration', 'exploration', 'exploration', 'exploration', 'exploration', 'exploration', 'exploration', 'exploitation', 'exploration', 'exploration', 'exploration', 'exploitation', 'exploration', 'exploration', 'exploitation', 'exploration', 'exploitation', 'exploration', 'exploration', 'exploitation', 'exploration', 'exploitation', 'exploration', 'exploration', 'exploration', 'exploitation', 'exploration', 'exploration', 'exploration', 'exploitation', 'exploration', 'exploration', 'exploitation', 'exploration', 'exploration', 'exploration', 'exploration', 'exploration', 'exploitation', 'exploration', 'exploitation', 'exploration', 'exploration', 'exploration', 'exploration', 'exploitation', 'exploration', 'exploration', 'exploration', 'exploitation', 'exploration', 'exploration', 'exploration', 'exploration', 'exploitation', 'exploration', 'exploitation', 'exploration', 'exploitation', 'exploration', 'exploitation', 'exploration', 'exploration', 'exploration', 'exploitation', 'exploitation', 'exploitation', 'exploration', 'exploration']",276.54852676901334,281.7387664692825
355,137.30652970260877,"[0.5792143011857483, 0.8697004820334955]",[1.000e-04 9.999e-01],[-1.05105047e-37  1.00010002e+02  1.05250285e-93  6.50705345e-42],"['exploitation', 'exploration', 'exploration', 'exploitation', 'exploitation', 'exploitation', 'exploitation', 'exploration', 'exploitation', 'exploitation', 'exploitation', 'exploitation', 'exploration', 'exploitation', 'exploitation', 'exploitation', 'exploitation', 'exploitation', 'exploitation', 'exploitation', 'exploration', 'exploitation', 'exploitation', 'exploitation', 'exploration', 'exploitation', 'exploitation', 'exploitation', 'exploitation', 'exploration', 'exploration', 'exploration', 'exploration', 'exploitation', 'exploration', 'exploration', 'exploration', 'exploration', 'exploration', 'exploration', 'exploration', 'exploration', 'exploration', 'exploration', 'exploration', 'exploitation', 'exploitation', 'exploration', 'exploration', 'exploitation', 'exploitation', 'exploration', 'exploration', 'exploration', 'exploration', 'exploitation', 'exploitation', 'exploitation', 'exploration', 'exploitation', 'exploitation', 'exploration', 'exploitation', 'exploitation', 'exploitation', 'exploration', 'exploration', 'exploration', 'exploration', 'exploration', 'exploration', 'exploration', 'exploration', 'exploration', 'exploration', 'exploitation', 'exploitation', 'exploitation', 'exploration', 'exploitation', 'exploitation', 'exploitation', 'exploration', 'exploration', 'exploration', 'exploration', 'exploration', 'exploration', 'exploration', 'exploration', 'exploitation', 'exploitation', 'exploitation', 'exploitation', 'exploration', 'exploitation', 'exploitation', 'exploitation', 'exploitation']",278.61305940521754,283.8032991054867
356,136.93650969483147,"[0.6003796903830297, 0.3362783887555598]",[0.00012565 0.0001    ],[-1693.60295368 -1244.20643642  1249.17151584   350.8093972 ],"['exploration', 'exploration', 'exploration', 'exploitation', 'exploration', 'exploitation', 'exploitation', 'exploration', 'exploration', 'exploitation', 'exploration', 'exploitation', 'exploration', 'exploration', 'exploitation', 'exploration', 'exploration', 'exploration', 'exploitation', 'exploitation', 'exploitation', 'exploration', 'exploration', 'exploration', 'exploration', 'exploration', 'exploration', 'exploration', 'exploration', 'exploration', 'exploration', 'exploitation', 'exploration', 'exploitation', 'exploration', 'exploitation', 'exploration', 'exploration', 'exploration', 'exploitation', 'exploitation', 'exploration', 'exploration', 'exploration', 'exploitation', 'exploration', 'exploration', 'exploration', 'exploration', 'exploration', 'exploitation', 'exploitation', 'exploration', 'exploration', 'exploration', 'exploration', 'exploitation', 'exploration', 'exploration', 'exploration', 'exploration', 'exploration', 'exploitation', 'exploration', 'exploration', 'exploration', 'exploration', 'exploration', 'exploration', 'exploration', 'exploration', 'exploration', 'exploitation', 'exploitation', 'exploitation', 'exploitation', 'exploration', 'exploration', 'exploration', 'exploration', 'exploration', 'exploration', 'exploitation', 'exploration', 'exploration', 'exploration', 'exploration', 'exploration', 'exploration', 'exploration', 'exploration', 'exploration', 'exploration', 'exploitation', 'exploitation', 'exploitation', 'exploration', 'exploration', 'exploration']",277.87301938966294,283.0632590899321
357,136.9647761527034,"[0.1632099157596238, 0.8874751212404303]",[3.23902222e-04 3.37628952e-01],[211.63452221  45.46684807 415.73188897  -4.91201982],"['exploitation', 'exploration', 'exploitation', 'exploration', 'exploration', 'exploration', 'exploitation', 'exploration', 'exploitation', 'exploration', 'exploitation', 'exploration', 'exploitation', 'exploitation', 'exploration', 'exploration', 'exploration', 'exploitation', 'exploration', 'exploitation', 'exploration', 'exploration', 'exploration', 'exploration', 'exploration', 'exploitation', 'exploration', 'exploration', 'exploration', 'exploitation', 'exploration', 'exploration', 'exploration', 'exploitation', 'exploitation', 'exploration', 'exploration', 'exploitation', 'exploitation', 'exploration', 'exploitation', 'exploration', 'exploration', 'exploration', 'exploration', 'exploration', 'exploration', 'exploitation', 'exploration', 'exploration', 'exploitation', 'exploitation', 'exploration', 'exploration', 'exploration', 'exploration', 'exploration', 'exploration', 'exploration', 'exploration', 'exploration', 'exploration', 'exploration', 'exploration', 'exploration', 'exploration', 'exploitation', 'exploration', 'exploration', 'exploration', 'exploitation', 'exploration', 'exploration', 'exploration', 'exploration', 'exploration', 'exploration', 'exploration', 'exploration', 'exploration', 'exploration', 'exploitation', 'exploitation', 'exploration', 'exploitation', 'exploration', 'exploration', 'exploitation', 'exploration', 'exploration', 'exploration', 'exploitation', 'exploitation', 'exploration', 'exploitation', 'exploration', 'exploration', 'exploration', 'exploration']",277.9295523054068,283.11979200567595
358,116.34686664759614,"[0.6897758857330828, 0.19817352349315825]",[0.00126999 0.0001    ],[-396.60883381 -545.65194117 2047.74743128  301.60727467],"['exploration', 'exploration', 'exploration', 'exploitation', 'exploitation', 'exploitation', 'exploitation', 'exploitation', 'exploitation', 'exploitation', 'exploitation', 'exploration', 'exploration', 'exploitation', 'exploitation', 'exploration', 'exploitation', 'exploration', 'exploitation', 'exploration', 'exploitation', 'exploration', 'exploration', 'exploration', 'exploitation', 'exploitation', 'exploration', 'exploration', 'exploration', 'exploration', 'exploitation', 'exploitation', 'exploitation', 'exploration', 'exploration', 'exploration', 'exploration', 'exploration', 'exploration', 'exploration', 'exploration', 'exploitation', 'exploration', 'exploration', 'exploration', 'exploration', 'exploitation', 'exploration', 'exploitation', 'exploration', 'exploration', 'exploration', 'exploitation', 'exploration', 'exploration', 'exploration', 'exploration', 'exploitation', 'exploitation', 'exploitation', 'exploration', 'exploration', 'exploitation', 'exploitation', 'exploitation', 'exploitation', 'exploration', 'exploitation', 'exploitation', 'exploitation', 'exploitation', 'exploitation', 'exploitation', 'exploitation', 'exploitation', 'exploitation', 'exploitation', 'exploitation', 'exploitation', 'exploitation', 'exploitation', 'exploitation', 'exploitation', 'exploitation', 'exploitation', 'exploitation', 'exploitation', 'exploration', 'exploration', 'exploration', 'exploration', 'exploration', 'exploitation', 'exploitation', 'exploitation', 'exploitation', 'exploitation', 'exploitation', 'exploitation']",236.6937332951923,241.88397299546148
359,136.54700442369497,"[0.5430905796764982, 0.17992156976092058]",[0.00029526 0.03301617],[-829.5708141  -478.17002593  253.65729945  570.47160617],"['exploration', 'exploration', 'exploration', 'exploration', 'exploration', 'exploration', 'exploitation', 'exploration', 'exploitation', 'exploration', 'exploration', 'exploration', 'exploration', 'exploitation', 'exploration', 'exploration', 'exploration', 'exploitation', 'exploration', 'exploration', 'exploration', 'exploration', 'exploration', 'exploitation', 'exploration', 'exploration', 'exploitation', 'exploration', 'exploitation', 'exploitation', 'exploitation', 'exploitation', 'exploration', 'exploration', 'exploration', 'exploitation', 'exploration', 'exploration', 'exploitation', 'exploration', 'exploration', 'exploitation', 'exploration', 'exploration', 'exploration', 'exploration', 'exploration', 'exploration', 'exploration', 'exploitation', 'exploration', 'exploration', 'exploration', 'exploration', 'exploration', 'exploitation', 'exploitation', 'exploration', 'exploration', 'exploration', 'exploitation', 'exploration', 'exploration', 'exploration', 'exploration', 'exploitation', 'exploitation', 'exploration', 'exploration', 'exploration', 'exploitation', 'exploration', 'exploration', 'exploration', 'exploration', 'exploration', 'exploration', 'exploration', 'exploitation', 'exploration', 'exploitation', 'exploitation', 'exploration', 'exploration', 'exploitation', 'exploration', 'exploitation', 'exploration', 'exploration', 'exploitation', 'exploration', 'exploration', 'exploration', 'exploitation', 'exploration', 'exploration', 'exploitation', 'exploration', 'exploration']",277.09400884738994,282.2842485476591
360,128.05485396528485,"[1.2892493345115097, 0.738845940540118]",[0.0023375  0.60129852],[ 116.352298      1.40917277  -12.80300475 -100.16015569],"['exploration', 'exploration', 'exploration', 'exploration', 'exploration', 'exploration', 'exploration', 'exploration', 'exploration', 'exploration', 'exploration', 'exploration', 'exploration', 'exploration', 'exploration', 'exploration', 'exploration', 'exploitation', 'exploration', 'exploration', 'exploration', 'exploration', 'exploration', 'exploitation', 'exploration', 'exploitation', 'exploration', 'exploitation', 'exploration', 'exploration', 'exploration', 'exploration', 'exploration', 'exploration', 'exploitation', 'exploration', 'exploitation', 'exploration', 'exploration', 'exploration', 'exploration', 'exploitation', 'exploitation', 'exploration', 'exploration', 'exploitation', 'exploration', 'exploitation', 'exploitation', 'exploration', 'exploitation', 'exploration', 'exploitation', 'exploitation', 'exploitation', 'exploitation', 'exploitation', 'exploration', 'exploitation', 'exploitation', 'exploitation', 'exploitation', 'exploitation', 'exploitation', 'exploitation', 'exploration', 'exploration', 'exploitation', 'exploitation', 'exploration', 'exploration', 'exploitation', 'exploration', 'exploitation', 'exploitation', 'exploitation', 'exploration', 'exploration', 'exploitation', 'exploitation', 'exploration', 'exploration', 'exploration', 'exploitation', 'exploration', 'exploitation', 'exploitation', 'exploitation', 'exploitation', 'exploitation', 'exploration', 'exploitation', 'exploitation', 'exploration', 'exploration', 'exploitation', 'exploitation', 'exploration', 'exploration']",260.1097079305697,265.29994763083886
361,84.5927741468092,"[0.2793607061871776, 0.5262106244258211]",[0.01171021 0.76291083],[-1.31677334e+01  1.29323862e+02 -8.32659599e-38 -9.87072843e-39],"['exploration', 'exploitation', 'exploitation', 'exploitation', 'exploitation', 'exploitation', 'exploitation', 'exploitation', 'exploitation', 'exploitation', 'exploitation', 'exploration', 'exploitation', 'exploitation', 'exploitation', 'exploitation', 'exploitation', 'exploration', 'exploitation', 'exploitation', 'exploration', 'exploitation', 'exploitation', 'exploration', 'exploitation', 'exploitation', 'exploitation', 'exploitation', 'exploration', 'exploitation', 'exploitation', 'exploitation', 'exploitation', 'exploration', 'exploitation', 'exploitation', 'exploitation', 'exploitation', 'exploitation', 'exploration', 'exploitation', 'exploitation', 'exploration', 'exploitation', 'exploitation', 'exploration', 'exploitation', 'exploitation', 'exploitation', 'exploitation', 'exploration', 'exploitation', 'exploitation', 'exploitation', 'exploitation', 'exploration', 'exploitation', 'exploitation', 'exploitation', 'exploitation', 'exploration', 'exploitation', 'exploitation', 'exploitation', 'exploitation', 'exploration', 'exploitation', 'exploitation', 'exploitation', 'exploitation', 'exploration', 'exploitation', 'exploitation', 'exploitation', 'exploration', 'exploration', 'exploration', 'exploration', 'exploration', 'exploration', 'exploration', 'exploration', 'exploration', 'exploration', 'exploitation', 'exploration', 'exploitation', 'exploitation', 'exploitation', 'exploitation', 'exploration', 'exploitation', 'exploitation', 'exploitation', 'exploitation', 'exploration', 'exploitation', 'exploitation', 'exploitation']",173.1855482936184,178.3757879938876
362,134.62740579721032,"[0.6669145231081205, 0.7882360732385318]",[0.00135957 0.9999    ],[ 2.00000000e+02  1.00020003e-02 -2.00140042e-26 -1.00110055e-42],"['exploration', 'exploitation', 'exploration', 'exploration', 'exploration', 'exploration', 'exploration', 'exploitation', 'exploitation', 'exploitation', 'exploration', 'exploration', 'exploitation', 'exploration', 'exploitation', 'exploitation', 'exploitation', 'exploitation', 'exploitation', 'exploitation', 'exploration', 'exploration', 'exploitation', 'exploitation', 'exploration', 'exploitation', 'exploitation', 'exploration', 'exploitation', 'exploitation', 'exploitation', 'exploitation', 'exploration', 'exploitation', 'exploitation', 'exploitation', 'exploration', 'exploration', 'exploitation', 'exploration', 'exploration', 'exploitation', 'exploitation', 'exploitation', 'exploration', 'exploitation', 'exploration', 'exploitation', 'exploitation', 'exploration', 'exploitation', 'exploration', 'exploitation', 'exploitation', 'exploration', 'exploitation', 'exploitation', 'exploration', 'exploitation', 'exploitation', 'exploration', 'exploration', 'exploration', 'exploration', 'exploitation', 'exploration', 'exploration', 'exploitation', 'exploitation', 'exploration', 'exploitation', 'exploration', 'exploitation', 'exploration', 'exploration', 'exploitation', 'exploitation', 'exploration', 'exploration', 'exploitation', 'exploitation', 'exploration', 'exploitation', 'exploitation', 'exploitation', 'exploration', 'exploration', 'exploitation', 'exploitation', 'exploration', 'exploration', 'exploitation', 'exploitation', 'exploration', 'exploitation', 'exploitation', 'exploitation', 'exploration', 'exploitation']",273.25481159442063,278.4450512946898
363,134.91635824719935,"[0.16878563777404387, 0.9034191754663273]",[0.00110999 0.72127302],[ 5.83090013e+00  1.35641530e+02 -7.28554276e-03  6.21412426e-03],"['exploration', 'exploration', 'exploitation', 'exploration', 'exploration', 'exploration', 'exploration', 'exploration', 'exploitation', 'exploration', 'exploration', 'exploitation', 'exploration', 'exploration', 'exploration', 'exploitation', 'exploitation', 'exploration', 'exploration', 'exploitation', 'exploitation', 'exploitation', 'exploration', 'exploitation', 'exploitation', 'exploitation', 'exploitation', 'exploration', 'exploration', 'exploitation', 'exploration', 'exploitation', 'exploitation', 'exploitation', 'exploration', 'exploration', 'exploitation', 'exploration', 'exploration', 'exploration', 'exploration', 'exploration', 'exploration', 'exploitation', 'exploration', 'exploitation', 'exploration', 'exploitation', 'exploration', 'exploitation', 'exploitation', 'exploration', 'exploration', 'exploration', 'exploitation', 'exploitation', 'exploration', 'exploration', 'exploration', 'exploitation', 'exploration', 'exploitation', 'exploration', 'exploration', 'exploration', 'exploration', 'exploration', 'exploitation', 'exploration', 'exploitation', 'exploration', 'exploitation', 'exploration', 'exploitation', 'exploration', 'exploration', 'exploration', 'exploitation', 'exploitation', 'exploration', 'exploitation', 'exploitation', 'exploitation', 'exploration', 'exploitation', 'exploration', 'exploration', 'exploration', 'exploration', 'exploration', 'exploration', 'exploration', 'exploration', 'exploitation', 'exploitation', 'exploration', 'exploitation', 'exploitation', 'exploitation']",273.8327164943987,279.02295619466787
364,137.78247319313218,"[0.0028946351922692617, 0.7772550990901228]",[1.000e-04 9.999e-01],[ 2.00060010e-006 -6.50585234e-034 -2.00020002e+002 -1.00461038e-178],"['exploitation', 'exploitation', 'exploitation', 'exploration', 'exploration', 'exploration', 'exploration', 'exploitation', 'exploitation', 'exploitation', 'exploitation', 'exploration', 'exploitation', 'exploitation', 'exploitation', 'exploration', 'exploitation', 'exploration', 'exploration', 'exploitation', 'exploitation', 'exploitation', 'exploitation', 'exploration', 'exploitation', 'exploitation', 'exploration', 'exploitation', 'exploitation', 'exploitation', 'exploration', 'exploitation', 'exploitation', 'exploration', 'exploration', 'exploitation', 'exploration', 'exploitation', 'exploitation', 'exploration', 'exploration', 'exploitation', 'exploitation', 'exploration', 'exploitation', 'exploitation', 'exploration', 'exploration', 'exploration', 'exploration', 'exploration', 'exploration', 'exploration', 'exploration', 'exploitation', 'exploitation', 'exploitation', 'exploitation', 'exploration', 'exploitation', 'exploitation', 'exploitation', 'exploration', 'exploration', 'exploration', 'exploitation', 'exploitation', 'exploitation', 'exploration', 'exploration', 'exploitation', 'exploration', 'exploration', 'exploitation', 'exploitation', 'exploitation', 'exploration', 'exploitation', 'exploration', 'exploration', 'exploitation', 'exploitation', 'exploitation', 'exploitation', 'exploration', 'exploitation', 'exploitation', 'exploitation', 'exploration', 'exploitation', 'exploration', 'exploration', 'exploration', 'exploration', 'exploitation', 'exploitation', 'exploration', 'exploration', 'exploration']",279.56494638626435,284.7551860865335
365,135.23554655851433,"[1.8146575563943406, 0.8667938474940937]",[0.00097243 0.37652057],[  50.64968458    4.58271651 -128.62631061  -45.60666399],"['exploration', 'exploration', 'exploration', 'exploration', 'exploration', 'exploration', 'exploration', 'exploitation', 'exploration', 'exploitation', 'exploration', 'exploration', 'exploitation', 'exploitation', 'exploration', 'exploration', 'exploration', 'exploitation', 'exploration', 'exploitation', 'exploration', 'exploitation', 'exploration', 'exploitation', 'exploitation', 'exploration', 'exploration', 'exploration', 'exploration', 'exploration', 'exploitation', 'exploration', 'exploitation', 'exploration', 'exploitation', 'exploitation', 'exploitation', 'exploration', 'exploration', 'exploration', 'exploration', 'exploitation', 'exploration', 'exploitation', 'exploration', 'exploitation', 'exploitation', 'exploration', 'exploration', 'exploration', 'exploration', 'exploitation', 'exploration', 'exploitation', 'exploration', 'exploitation', 'exploration', 'exploration', 'exploration', 'exploitation', 'exploration', 'exploration', 'exploration', 'exploration', 'exploration', 'exploitation', 'exploration', 'exploitation', 'exploration', 'exploitation', 'exploration', 'exploration', 'exploitation', 'exploration', 'exploitation', 'exploration', 'exploration', 'exploration', 'exploration', 'exploitation', 'exploration', 'exploration', 'exploitation', 'exploration', 'exploitation', 'exploration', 'exploitation', 'exploration', 'exploration', 'exploration', 'exploration', 'exploration', 'exploitation', 'exploitation', 'exploitation', 'exploration', 'exploration', 'exploration', 'exploitation']",274.47109311702866,279.6613328172978
366,136.79564627484083,"[0.7895286636261525, 0.22283631028520245]",[5.33512699e-04 9.99900000e-01],[ 2.00080014e-010 -6.49989998e+002 -2.01485417e-290 -1.00682283e-270],"['exploration', 'exploitation', 'exploitation', 'exploration', 'exploitation', 'exploitation', 'exploration', 'exploration', 'exploration', 'exploitation', 'exploitation', 'exploration', 'exploration', 'exploitation', 'exploitation', 'exploitation', 'exploitation', 'exploration', 'exploration', 'exploitation', 'exploitation', 'exploitation', 'exploitation', 'exploitation', 'exploration', 'exploration', 'exploitation', 'exploitation', 'exploitation', 'exploration', 'exploitation', 'exploration', 'exploitation', 'exploitation', 'exploitation', 'exploitation', 'exploration', 'exploitation', 'exploitation', 'exploration', 'exploitation', 'exploration', 'exploitation', 'exploitation', 'exploitation', 'exploration', 'exploitation', 'exploration', 'exploration', 'exploitation', 'exploitation', 'exploration', 'exploitation', 'exploration', 'exploration', 'exploitation', 'exploration', 'exploitation', 'exploitation', 'exploitation', 'exploitation', 'exploration', 'exploitation', 'exploration', 'exploitation', 'exploitation', 'exploitation', 'exploitation', 'exploitation', 'exploration', 'exploitation', 'exploitation', 'exploitation', 'exploitation', 'exploration', 'exploitation', 'exploitation', 'exploitation', 'exploitation', 'exploration', 'exploitation', 'exploitation', 'exploitation', 'exploitation', 'exploration', 'exploitation', 'exploitation', 'exploitation', 'exploitation', 'exploitation', 'exploitation', 'exploration', 'exploitation', 'exploration', 'exploitation', 'exploration', 'exploitation', 'exploitation', 'exploitation']",277.59129254968167,282.7815322499508
367,117.10542109208792,"[0.35108905571773774, 0.23781821919042484]",[0.00105288 0.0001    ],[-149.85221665 -546.57716886  250.31168125 2444.91679569],"['exploration', 'exploration', 'exploration', 'exploitation', 'exploration', 'exploitation', 'exploration', 'exploitation', 'exploration', 'exploration', 'exploitation', 'exploration', 'exploration', 'exploitation', 'exploitation', 'exploration', 'exploration', 'exploration', 'exploration', 'exploration', 'exploration', 'exploration', 'exploration', 'exploitation', 'exploration', 'exploration', 'exploration', 'exploration', 'exploration', 'exploration', 'exploration', 'exploration', 'exploration', 'exploration', 'exploration', 'exploration', 'exploration', 'exploration', 'exploration', 'exploration', 'exploration', 'exploration', 'exploitation', 'exploration', 'exploration', 'exploration', 'exploration', 'exploitation', 'exploitation', 'exploitation', 'exploration', 'exploration', 'exploitation', 'exploitation', 'exploitation', 'exploitation', 'exploitation', 'exploration', 'exploration', 'exploration', 'exploration', 'exploration', 'exploitation', 'exploitation', 'exploitation', 'exploitation', 'exploitation', 'exploration', 'exploration', 'exploration', 'exploration', 'exploration', 'exploitation', 'exploitation', 'exploitation', 'exploitation', 'exploitation', 'exploitation', 'exploitation', 'exploitation', 'exploitation', 'exploitation', 'exploitation', 'exploitation', 'exploitation', 'exploitation', 'exploitation', 'exploitation', 'exploitation', 'exploitation', 'exploitation', 'exploitation', 'exploitation', 'exploitation', 'exploitation', 'exploitation', 'exploitation', 'exploitation', 'exploitation']",238.21084218417585,243.40108188444503
368,133.96760969719608,"[0.6109317417661712, 0.4448524346785039]",[0.00069588 0.05059656],[-351.81918376  -80.97785007   53.17265524  242.23420936],"['exploration', 'exploitation', 'exploitation', 'exploitation', 'exploitation', 'exploration', 'exploration', 'exploitation', 'exploitation', 'exploitation', 'exploitation', 'exploration', 'exploration', 'exploration', 'exploration', 'exploration', 'exploration', 'exploration', 'exploration', 'exploration', 'exploration', 'exploration', 'exploitation', 'exploration', 'exploitation', 'exploration', 'exploitation', 'exploitation', 'exploration', 'exploration', 'exploration', 'exploration', 'exploration', 'exploration', 'exploration', 'exploration', 'exploration', 'exploration', 'exploration', 'exploration', 'exploration', 'exploration', 'exploitation', 'exploration', 'exploration', 'exploration', 'exploitation', 'exploration', 'exploration', 'exploration', 'exploitation', 'exploitation', 'exploitation', 'exploration', 'exploration', 'exploitation', 'exploitation', 'exploitation', 'exploitation', 'exploration', 'exploitation', 'exploitation', 'exploitation', 'exploitation', 'exploitation', 'exploitation', 'exploitation', 'exploitation', 'exploitation', 'exploitation', 'exploitation', 'exploration', 'exploration', 'exploration', 'exploration', 'exploration', 'exploration', 'exploration', 'exploration', 'exploration', 'exploration', 'exploitation', 'exploitation', 'exploration', 'exploitation', 'exploitation', 'exploitation', 'exploitation', 'exploration', 'exploitation', 'exploitation', 'exploitation', 'exploration', 'exploration', 'exploration', 'exploration', 'exploration', 'exploration', 'exploration']",271.93521939439216,277.1254590946613
369,121.9886844803791,"[0.3595668702467499, 0.009544068542680893]",[0.003926   0.70858964],[ 2.37958869e+01  6.18232636e-04  1.04987449e+03 -2.90302418e+01],"['exploration', 'exploitation', 'exploitation', 'exploitation', 'exploitation', 'exploration', 'exploration', 'exploitation', 'exploitation', 'exploitation', 'exploitation', 'exploration', 'exploitation', 'exploration', 'exploration', 'exploitation', 'exploitation', 'exploitation', 'exploration', 'exploitation', 'exploitation', 'exploitation', 'exploration', 'exploitation', 'exploitation', 'exploitation', 'exploitation', 'exploration', 'exploration', 'exploitation', 'exploitation', 'exploitation', 'exploitation', 'exploitation', 'exploration', 'exploration', 'exploration', 'exploitation', 'exploration', 'exploitation', 'exploitation', 'exploitation', 'exploration', 'exploration', 'exploitation', 'exploitation', 'exploitation', 'exploration', 'exploitation', 'exploration', 'exploration', 'exploration', 'exploration', 'exploitation', 'exploitation', 'exploitation', 'exploitation', 'exploration', 'exploitation', 'exploration', 'exploitation', 'exploration', 'exploration', 'exploitation', 'exploitation', 'exploitation', 'exploration', 'exploration', 'exploration', 'exploration', 'exploitation', 'exploitation', 'exploration', 'exploration', 'exploitation', 'exploitation', 'exploitation', 'exploration', 'exploration', 'exploitation', 'exploitation', 'exploitation', 'exploitation', 'exploration', 'exploration', 'exploitation', 'exploitation', 'exploitation', 'exploration', 'exploration', 'exploration', 'exploration', 'exploration', 'exploitation', 'exploitation', 'exploitation', 'exploration', 'exploration', 'exploitation']",247.9773689607582,253.1676086610274
370,136.72705508747865,"[2.2004238634409536, 0.2240538972085206]",[0.0004656  0.34559519],[  68.84359613   91.6100892   -57.0050193  -101.61157907],"['exploration', 'exploration', 'exploration', 'exploration', 'exploration', 'exploitation', 'exploitation', 'exploration', 'exploitation', 'exploration', 'exploitation', 'exploration', 'exploitation', 'exploration', 'exploration', 'exploration', 'exploitation', 'exploration', 'exploitation', 'exploration', 'exploration', 'exploration', 'exploration', 'exploration', 'exploration', 'exploration', 'exploration', 'exploration', 'exploration', 'exploration', 'exploration', 'exploitation', 'exploitation', 'exploitation', 'exploration', 'exploration', 'exploitation', 'exploration', 'exploration', 'exploitation', 'exploration', 'exploration', 'exploitation', 'exploration', 'exploration', 'exploration', 'exploration', 'exploration', 'exploration', 'exploration', 'exploitation', 'exploitation', 'exploration', 'exploration', 'exploration', 'exploration', 'exploration', 'exploration', 'exploration', 'exploration', 'exploitation', 'exploration', 'exploitation', 'exploration', 'exploration', 'exploration', 'exploration', 'exploitation', 'exploration', 'exploration', 'exploration', 'exploration', 'exploration', 'exploration', 'exploration', 'exploitation', 'exploitation', 'exploration', 'exploitation', 'exploration', 'exploration', 'exploitation', 'exploitation', 'exploration', 'exploration', 'exploration', 'exploitation', 'exploration', 'exploitation', 'exploitation', 'exploitation', 'exploitation', 'exploration', 'exploitation', 'exploration', 'exploration', 'exploration', 'exploration', 'exploration']",277.4541101749573,282.64434987522645
371,137.1696525768392,"[0.41857587563247683, 0.9109496985174111]",[1.80204027e-04 5.47639612e-01],[ 36.72990096 100.12793599   0.75968857  25.3219579 ],"['exploration', 'exploration', 'exploration', 'exploitation', 'exploration', 'exploration', 'exploitation', 'exploitation', 'exploration', 'exploitation', 'exploration', 'exploitation', 'exploration', 'exploitation', 'exploration', 'exploration', 'exploitation', 'exploitation', 'exploration', 'exploitation', 'exploration', 'exploration', 'exploration', 'exploration', 'exploration', 'exploration', 'exploration', 'exploration', 'exploration', 'exploration', 'exploration', 'exploration', 'exploitation', 'exploitation', 'exploration', 'exploration', 'exploration', 'exploitation', 'exploration', 'exploration', 'exploitation', 'exploration', 'exploration', 'exploration', 'exploration', 'exploration', 'exploitation', 'exploitation', 'exploration', 'exploitation', 'exploration', 'exploration', 'exploration', 'exploitation', 'exploration', 'exploration', 'exploration', 'exploitation', 'exploration', 'exploitation', 'exploration', 'exploration', 'exploration', 'exploration', 'exploitation', 'exploration', 'exploration', 'exploration', 'exploration', 'exploration', 'exploration', 'exploration', 'exploration', 'exploration', 'exploitation', 'exploration', 'exploration', 'exploration', 'exploration', 'exploration', 'exploitation', 'exploitation', 'exploration', 'exploration', 'exploration', 'exploration', 'exploitation', 'exploration', 'exploration', 'exploration', 'exploration', 'exploitation', 'exploration', 'exploration', 'exploration', 'exploration', 'exploration', 'exploration', 'exploration']",278.3393051536784,283.5295448539476
372,134.94505068124437,"[1.4296391598816054, 0.2987572275762999]",[0.00040966 0.0001    ],[-697.29606745 -647.39362809  450.37817214 1597.12765373],"['exploitation', 'exploitation', 'exploitation', 'exploitation', 'exploration', 'exploration', 'exploration', 'exploitation', 'exploration', 'exploration', 'exploration', 'exploration', 'exploration', 'exploration', 'exploration', 'exploitation', 'exploration', 'exploration', 'exploration', 'exploration', 'exploitation', 'exploration', 'exploration', 'exploration', 'exploitation', 'exploration', 'exploration', 'exploration', 'exploration', 'exploitation', 'exploration', 'exploration', 'exploration', 'exploration', 'exploitation', 'exploration', 'exploration', 'exploration', 'exploration', 'exploration', 'exploration', 'exploration', 'exploration', 'exploration', 'exploitation', 'exploration', 'exploration', 'exploration', 'exploration', 'exploitation', 'exploration', 'exploration', 'exploration', 'exploration', 'exploration', 'exploitation', 'exploitation', 'exploitation', 'exploitation', 'exploitation', 'exploitation', 'exploration', 'exploration', 'exploration', 'exploration', 'exploration', 'exploration', 'exploration', 'exploration', 'exploration', 'exploration', 'exploration', 'exploitation', 'exploitation', 'exploitation', 'exploration', 'exploration', 'exploitation', 'exploitation', 'exploitation', 'exploitation', 'exploitation', 'exploration', 'exploration', 'exploration', 'exploration', 'exploration', 'exploitation', 'exploitation', 'exploitation', 'exploitation', 'exploitation', 'exploitation', 'exploitation', 'exploitation', 'exploitation', 'exploitation', 'exploitation', 'exploitation']",273.89010136248874,279.0803410627579
373,132.8572203791105,"[1.9637394010204965, 0.08286662961654546]",[0.00050726 0.00397845],[-526.15005367 -528.07186639 1811.07793343 1062.30149769],"['exploration', 'exploration', 'exploration', 'exploration', 'exploration', 'exploration', 'exploration', 'exploration', 'exploration', 'exploration', 'exploration', 'exploitation', 'exploration', 'exploitation', 'exploitation', 'exploration', 'exploration', 'exploitation', 'exploration', 'exploration', 'exploration', 'exploration', 'exploitation', 'exploration', 'exploration', 'exploration', 'exploration', 'exploitation', 'exploration', 'exploitation', 'exploration', 'exploration', 'exploration', 'exploration', 'exploitation', 'exploration', 'exploration', 'exploration', 'exploration', 'exploration', 'exploration', 'exploration', 'exploration', 'exploration', 'exploration', 'exploitation', 'exploration', 'exploration', 'exploitation', 'exploration', 'exploration', 'exploitation', 'exploration', 'exploration', 'exploration', 'exploration', 'exploitation', 'exploitation', 'exploration', 'exploration', 'exploration', 'exploration', 'exploration', 'exploration', 'exploration', 'exploration', 'exploitation', 'exploitation', 'exploitation', 'exploitation', 'exploration', 'exploitation', 'exploitation', 'exploitation', 'exploitation', 'exploitation', 'exploration', 'exploration', 'exploitation', 'exploration', 'exploitation', 'exploitation', 'exploration', 'exploration', 'exploration', 'exploration', 'exploration', 'exploration', 'exploration', 'exploration', 'exploration', 'exploitation', 'exploitation', 'exploitation', 'exploration', 'exploration', 'exploration', 'exploration', 'exploitation']",269.714440758221,274.90468045849013
374,131.926792567531,"[0.29138556444800967, 0.047048325282403394]",[0.00225619 0.80404204],[-1.98061968e+02 -4.71466174e+00  1.05000000e+03 -9.52091200e-28],"['exploration', 'exploration', 'exploration', 'exploration', 'exploration', 'exploration', 'exploration', 'exploration', 'exploration', 'exploitation', 'exploitation', 'exploration', 'exploitation', 'exploration', 'exploration', 'exploitation', 'exploitation', 'exploitation', 'exploration', 'exploitation', 'exploitation', 'exploitation', 'exploration', 'exploitation', 'exploitation', 'exploration', 'exploitation', 'exploitation', 'exploration', 'exploitation', 'exploitation', 'exploration', 'exploration', 'exploitation', 'exploration', 'exploitation', 'exploration', 'exploitation', 'exploitation', 'exploitation', 'exploration', 'exploitation', 'exploitation', 'exploitation', 'exploration', 'exploitation', 'exploitation', 'exploration', 'exploitation', 'exploitation', 'exploration', 'exploitation', 'exploitation', 'exploration', 'exploitation', 'exploitation', 'exploration', 'exploration', 'exploitation', 'exploration', 'exploitation', 'exploitation', 'exploration', 'exploration', 'exploitation', 'exploration', 'exploitation', 'exploitation', 'exploration', 'exploitation', 'exploration', 'exploration', 'exploitation', 'exploitation', 'exploration', 'exploitation', 'exploitation', 'exploration', 'exploration', 'exploration', 'exploitation', 'exploitation', 'exploitation', 'exploitation', 'exploitation', 'exploitation', 'exploitation', 'exploration', 'exploration', 'exploration', 'exploitation', 'exploitation', 'exploration', 'exploitation', 'exploitation', 'exploitation', 'exploitation', 'exploration', 'exploration']",267.853585135062,273.0438248353312
375,135.55913812638684,"[0.14042337747273767, 0.5056548050560306]",[0.00025542 0.00664225],[-1584.43740969  -314.39446878   975.06803998   309.74444128],"['exploitation', 'exploitation', 'exploitation', 'exploitation', 'exploitation', 'exploration', 'exploration', 'exploitation', 'exploitation', 'exploitation', 'exploration', 'exploration', 'exploration', 'exploration', 'exploration', 'exploration', 'exploration', 'exploitation', 'exploration', 'exploration', 'exploration', 'exploration', 'exploration', 'exploration', 'exploration', 'exploration', 'exploration', 'exploration', 'exploration', 'exploration', 'exploration', 'exploration', 'exploration', 'exploration', 'exploration', 'exploration', 'exploration', 'exploration', 'exploration', 'exploration', 'exploration', 'exploration', 'exploration', 'exploration', 'exploration', 'exploration', 'exploitation', 'exploitation', 'exploitation', 'exploration', 'exploration', 'exploration', 'exploration', 'exploration', 'exploration', 'exploration', 'exploration', 'exploration', 'exploration', 'exploration', 'exploration', 'exploration', 'exploration', 'exploration', 'exploration', 'exploitation', 'exploitation', 'exploration', 'exploration', 'exploration', 'exploitation', 'exploration', 'exploration', 'exploration', 'exploration', 'exploration', 'exploration', 'exploration', 'exploration', 'exploration', 'exploration', 'exploitation', 'exploitation', 'exploration', 'exploration', 'exploitation', 'exploitation', 'exploitation', 'exploitation', 'exploitation', 'exploitation', 'exploitation', 'exploitation', 'exploitation', 'exploitation', 'exploitation', 'exploitation', 'exploitation', 'exploitation']",275.1182762527737,280.30851595304284
376,97.25906932566151,"[0.019717757085452568, 0.07072323473893047]",[0.00219518 0.02306233],[  61.71913062   41.19063086 1926.97357428  118.58951565],"['exploitation', 'exploitation', 'exploitation', 'exploitation', 'exploration', 'exploration', 'exploration', 'exploitation', 'exploration', 'exploration', 'exploration', 'exploration', 'exploitation', 'exploration', 'exploration', 'exploration', 'exploration', 'exploration', 'exploration', 'exploration', 'exploration', 'exploration', 'exploitation', 'exploration', 'exploration', 'exploration', 'exploration', 'exploration', 'exploration', 'exploration', 'exploration', 'exploration', 'exploration', 'exploration', 'exploration', 'exploration', 'exploration', 'exploitation', 'exploration', 'exploration', 'exploration', 'exploration', 'exploitation', 'exploitation', 'exploitation', 'exploration', 'exploration', 'exploitation', 'exploitation', 'exploitation', 'exploitation', 'exploration', 'exploitation', 'exploitation', 'exploitation', 'exploitation', 'exploitation', 'exploitation', 'exploitation', 'exploitation', 'exploitation', 'exploitation', 'exploitation', 'exploitation', 'exploitation', 'exploitation', 'exploitation', 'exploitation', 'exploitation', 'exploitation', 'exploitation', 'exploitation', 'exploitation', 'exploitation', 'exploitation', 'exploitation', 'exploitation', 'exploitation', 'exploitation', 'exploitation', 'exploitation', 'exploitation', 'exploitation', 'exploitation', 'exploitation', 'exploitation', 'exploitation', 'exploitation', 'exploitation', 'exploitation', 'exploitation', 'exploitation', 'exploitation', 'exploitation', 'exploitation', 'exploitation', 'exploitation', 'exploitation', 'exploitation']",198.51813865132303,203.70837835159222
377,137.67085310351064,"[1.322717142307208, 0.8726537360815034]",[1.000e-04 9.999e-01],[ 2.00020004e+002  1.00050010e-018 -2.01022554e-202  6.50380091e-022],"['exploration', 'exploration', 'exploration', 'exploration', 'exploration', 'exploration', 'exploration', 'exploitation', 'exploitation', 'exploitation', 'exploration', 'exploitation', 'exploitation', 'exploitation', 'exploitation', 'exploration', 'exploitation', 'exploitation', 'exploitation', 'exploration', 'exploration', 'exploration', 'exploitation', 'exploitation', 'exploitation', 'exploitation', 'exploration', 'exploitation', 'exploitation', 'exploitation', 'exploration', 'exploitation', 'exploitation', 'exploration', 'exploitation', 'exploitation', 'exploitation', 'exploration', 'exploitation', 'exploration', 'exploration', 'exploitation', 'exploitation', 'exploitation', 'exploration', 'exploration', 'exploration', 'exploration', 'exploration', 'exploitation', 'exploitation', 'exploitation', 'exploration', 'exploitation', 'exploration', 'exploration', 'exploration', 'exploitation', 'exploitation', 'exploitation', 'exploration', 'exploration', 'exploration', 'exploration', 'exploration', 'exploitation', 'exploitation', 'exploitation', 'exploration', 'exploration', 'exploration', 'exploration', 'exploitation', 'exploitation', 'exploitation', 'exploitation', 'exploration', 'exploitation', 'exploitation', 'exploitation', 'exploration', 'exploitation', 'exploitation', 'exploitation', 'exploration', 'exploitation', 'exploitation', 'exploitation', 'exploration', 'exploitation', 'exploration', 'exploration', 'exploration', 'exploration', 'exploration', 'exploitation', 'exploitation', 'exploitation', 'exploration']",279.3417062070213,284.53194590729044
378,109.82428089598599,"[0.07027069867160583, 0.00271509234451095]",[0.00429582 0.36067408],[405.70488061 -34.46928849  77.1681574  169.66175853],"['exploitation', 'exploitation', 'exploitation', 'exploitation', 'exploitation', 'exploration', 'exploitation', 'exploitation', 'exploitation', 'exploitation', 'exploitation', 'exploitation', 'exploration', 'exploration', 'exploitation', 'exploitation', 'exploitation', 'exploitation', 'exploitation', 'exploitation', 'exploitation', 'exploitation', 'exploitation', 'exploitation', 'exploitation', 'exploration', 'exploration', 'exploitation', 'exploration', 'exploitation', 'exploitation', 'exploitation', 'exploitation', 'exploitation', 'exploration', 'exploitation', 'exploration', 'exploration', 'exploration', 'exploitation', 'exploitation', 'exploitation', 'exploration', 'exploration', 'exploitation', 'exploitation', 'exploration', 'exploitation', 'exploitation', 'exploitation', 'exploitation', 'exploitation', 'exploitation', 'exploitation', 'exploitation', 'exploration', 'exploration', 'exploitation', 'exploitation', 'exploration', 'exploitation', 'exploration', 'exploitation', 'exploration', 'exploration', 'exploration', 'exploitation', 'exploitation', 'exploration', 'exploration', 'exploration', 'exploitation', 'exploitation', 'exploration', 'exploration', 'exploitation', 'exploitation', 'exploitation', 'exploitation', 'exploitation', 'exploration', 'exploration', 'exploitation', 'exploration', 'exploitation', 'exploitation', 'exploitation', 'exploitation', 'exploitation', 'exploitation', 'exploitation', 'exploitation', 'exploration', 'exploitation', 'exploration', 'exploration', 'exploration', 'exploitation', 'exploitation']",223.64856179197199,228.83880149224117
379,134.18049176727177,"[0.12977750902620422, 0.5968717250228484]",[0.00116459 0.38104939],[-780.9283248     4.06133156   55.69971423   56.76703492],"['exploitation', 'exploration', 'exploration', 'exploration', 'exploration', 'exploration', 'exploration', 'exploration', 'exploitation', 'exploration', 'exploration', 'exploitation', 'exploitation', 'exploration', 'exploration', 'exploration', 'exploitation', 'exploitation', 'exploitation', 'exploitation', 'exploration', 'exploration', 'exploration', 'exploitation', 'exploration', 'exploitation', 'exploration', 'exploitation', 'exploration', 'exploitation', 'exploitation', 'exploration', 'exploration', 'exploration', 'exploration', 'exploitation', 'exploration', 'exploration', 'exploitation', 'exploration', 'exploitation', 'exploration', 'exploration', 'exploitation', 'exploration', 'exploitation', 'exploration', 'exploration', 'exploitation', 'exploration', 'exploration', 'exploration', 'exploitation', 'exploration', 'exploration', 'exploitation', 'exploration', 'exploitation', 'exploration', 'exploitation', 'exploitation', 'exploration', 'exploitation', 'exploration', 'exploration', 'exploration', 'exploration', 'exploration', 'exploration', 'exploration', 'exploration', 'exploration', 'exploration', 'exploitation', 'exploration', 'exploitation', 'exploitation', 'exploration', 'exploration', 'exploration', 'exploitation', 'exploitation', 'exploration', 'exploration', 'exploitation', 'exploration', 'exploration', 'exploration', 'exploration', 'exploration', 'exploitation', 'exploration', 'exploration', 'exploration', 'exploration', 'exploitation', 'exploitation', 'exploitation', 'exploration']",272.36098353454355,277.5512232348127
380,137.04147287111306,"[0.09676767939122696, 0.6238725072338797]",[3.01616259e-04 4.11756697e-01],[159.67956362 143.08475    120.62367839  -1.4339867 ],"['exploration', 'exploitation', 'exploitation', 'exploitation', 'exploitation', 'exploration', 'exploration', 'exploitation', 'exploration', 'exploration', 'exploration', 'exploitation', 'exploration', 'exploration', 'exploration', 'exploration', 'exploration', 'exploration', 'exploitation', 'exploration', 'exploration', 'exploration', 'exploration', 'exploitation', 'exploration', 'exploration', 'exploration', 'exploration', 'exploration', 'exploration', 'exploration', 'exploitation', 'exploitation', 'exploration', 'exploration', 'exploration', 'exploration', 'exploration', 'exploration', 'exploration', 'exploration', 'exploration', 'exploitation', 'exploration', 'exploration', 'exploration', 'exploitation', 'exploration', 'exploration', 'exploitation', 'exploration', 'exploration', 'exploration', 'exploration', 'exploration', 'exploration', 'exploration', 'exploration', 'exploration', 'exploitation', 'exploration', 'exploitation', 'exploration', 'exploitation', 'exploration', 'exploitation', 'exploitation', 'exploitation', 'exploration', 'exploitation', 'exploration', 'exploration', 'exploration', 'exploration', 'exploration', 'exploration', 'exploration', 'exploration', 'exploration', 'exploitation', 'exploration', 'exploration', 'exploitation', 'exploration', 'exploration', 'exploitation', 'exploitation', 'exploitation', 'exploration', 'exploration', 'exploration', 'exploration', 'exploitation', 'exploration', 'exploration', 'exploration', 'exploration', 'exploration', 'exploration']",278.0829457422261,283.2731854424953
381,137.3759787585803,"[1.0725481504528234, 0.30245474299974706]",[1.000e-04 9.999e-01],[ 2.00020004e+02  1.00090036e-34 -0.00000000e+00 -1.00100045e-38],"['exploration', 'exploration', 'exploration', 'exploration', 'exploitation', 'exploitation', 'exploitation', 'exploitation', 'exploitation', 'exploitation', 'exploitation', 'exploitation', 'exploitation', 'exploitation', 'exploitation', 'exploitation', 'exploitation', 'exploitation', 'exploration', 'exploitation', 'exploitation', 'exploitation', 'exploitation', 'exploitation', 'exploitation', 'exploitation', 'exploitation', 'exploitation', 'exploration', 'exploitation', 'exploitation', 'exploitation', 'exploration', 'exploitation', 'exploitation', 'exploitation', 'exploration', 'exploration', 'exploitation', 'exploitation', 'exploitation', 'exploitation', 'exploration', 'exploitation', 'exploitation', 'exploration', 'exploration', 'exploitation', 'exploitation', 'exploration', 'exploitation', 'exploration', 'exploitation', 'exploitation', 'exploration', 'exploitation', 'exploration', 'exploitation', 'exploitation', 'exploitation', 'exploitation', 'exploration', 'exploitation', 'exploitation', 'exploitation', 'exploration', 'exploration', 'exploration', 'exploitation', 'exploitation', 'exploitation', 'exploitation', 'exploration', 'exploitation', 'exploitation', 'exploitation', 'exploitation', 'exploration', 'exploitation', 'exploitation', 'exploitation', 'exploration', 'exploitation', 'exploration', 'exploitation', 'exploitation', 'exploitation', 'exploration', 'exploration', 'exploration', 'exploration', 'exploitation', 'exploitation', 'exploitation', 'exploitation', 'exploration', 'exploitation', 'exploitation', 'exploitation']",278.7519575171606,283.94219721742974
382,137.17589431987753,"[0.9226645495053797, 0.3472770889311828]",[2.03175517e-04 8.30084080e-01],[ 2.27651616e+01  2.88714166e+00 -7.92051726e-24 -6.72913703e-25],"['exploitation', 'exploitation', 'exploitation', 'exploitation', 'exploration', 'exploration', 'exploitation', 'exploitation', 'exploitation', 'exploitation', 'exploitation', 'exploitation', 'exploitation', 'exploration', 'exploration', 'exploration', 'exploitation', 'exploitation', 'exploitation', 'exploitation', 'exploration', 'exploration', 'exploitation', 'exploitation', 'exploitation', 'exploration', 'exploration', 'exploitation', 'exploitation', 'exploration', 'exploration', 'exploration', 'exploration', 'exploitation', 'exploitation', 'exploitation', 'exploration', 'exploitation', 'exploration', 'exploitation', 'exploration', 'exploitation', 'exploitation', 'exploitation', 'exploration', 'exploration', 'exploration', 'exploration', 'exploitation', 'exploitation', 'exploitation', 'exploitation', 'exploration', 'exploitation', 'exploitation', 'exploration', 'exploration', 'exploitation', 'exploitation', 'exploration', 'exploration', 'exploitation', 'exploitation', 'exploration', 'exploitation', 'exploration', 'exploitation', 'exploitation', 'exploitation', 'exploitation', 'exploration', 'exploitation', 'exploitation', 'exploitation', 'exploitation', 'exploration', 'exploitation', 'exploitation', 'exploitation', 'exploration', 'exploration', 'exploration', 'exploitation', 'exploitation', 'exploitation', 'exploitation', 'exploration', 'exploitation', 'exploitation', 'exploitation', 'exploitation', 'exploration', 'exploitation', 'exploitation', 'exploitation', 'exploration', 'exploration', 'exploration', 'exploitation']",278.35178863975506,283.5420283400242
383,104.29064827067288,"[0.13540111591866924, 0.8077152960108716]",[0.00731297 0.74862645],[-6.21688719e+01  1.25137855e+02 -5.05105884e-02 -6.34215701e-03],"['exploitation', 'exploration', 'exploration', 'exploration', 'exploitation', 'exploration', 'exploration', 'exploration', 'exploration', 'exploitation', 'exploitation', 'exploration', 'exploitation', 'exploitation', 'exploration', 'exploration', 'exploitation', 'exploitation', 'exploitation', 'exploration', 'exploitation', 'exploitation', 'exploitation', 'exploitation', 'exploration', 'exploration', 'exploitation', 'exploration', 'exploitation', 'exploration', 'exploitation', 'exploitation', 'exploitation', 'exploitation', 'exploitation', 'exploitation', 'exploitation', 'exploitation', 'exploitation', 'exploration', 'exploration', 'exploitation', 'exploitation', 'exploitation', 'exploitation', 'exploration', 'exploitation', 'exploitation', 'exploitation', 'exploitation', 'exploitation', 'exploitation', 'exploration', 'exploitation', 'exploitation', 'exploitation', 'exploitation', 'exploitation', 'exploitation', 'exploration', 'exploration', 'exploration', 'exploration', 'exploration', 'exploitation', 'exploration', 'exploration', 'exploitation', 'exploitation', 'exploitation', 'exploitation', 'exploitation', 'exploitation', 'exploration', 'exploitation', 'exploitation', 'exploitation', 'exploitation', 'exploration', 'exploitation', 'exploration', 'exploration', 'exploration', 'exploitation', 'exploitation', 'exploitation', 'exploitation', 'exploitation', 'exploitation', 'exploration', 'exploration', 'exploration', 'exploitation', 'exploitation', 'exploitation', 'exploitation', 'exploitation', 'exploitation', 'exploitation']",212.58129654134575,217.77153624161494
384,137.60505022970648,"[0.07795339296856159, 0.10953281896825805]",[1.000e-04 9.999e-01],[ 2.00240136e-42 -6.50000000e+02  1.05008499e-01  6.50965666e-58],"['exploitation', 'exploration', 'exploration', 'exploitation', 'exploitation', 'exploitation', 'exploitation', 'exploration', 'exploration', 'exploitation', 'exploitation', 'exploitation', 'exploitation', 'exploration', 'exploitation', 'exploitation', 'exploitation', 'exploitation', 'exploration', 'exploitation', 'exploitation', 'exploitation', 'exploration', 'exploration', 'exploration', 'exploitation', 'exploitation', 'exploitation', 'exploration', 'exploitation', 'exploitation', 'exploitation', 'exploration', 'exploitation', 'exploitation', 'exploitation', 'exploration', 'exploitation', 'exploration', 'exploitation', 'exploitation', 'exploitation', 'exploration', 'exploitation', 'exploitation', 'exploitation', 'exploration', 'exploitation', 'exploitation', 'exploration', 'exploitation', 'exploitation', 'exploitation', 'exploration', 'exploitation', 'exploitation', 'exploitation', 'exploration', 'exploration', 'exploration', 'exploration', 'exploration', 'exploration', 'exploration', 'exploitation', 'exploitation', 'exploitation', 'exploration', 'exploration', 'exploration', 'exploration', 'exploration', 'exploration', 'exploration', 'exploitation', 'exploitation', 'exploitation', 'exploration', 'exploration', 'exploration', 'exploration', 'exploration', 'exploration', 'exploration', 'exploitation', 'exploitation', 'exploitation', 'exploration', 'exploration', 'exploitation', 'exploitation', 'exploitation', 'exploration', 'exploration', 'exploration', 'exploration', 'exploration', 'exploration', 'exploration']",279.21010045941296,284.4003401596821
385,136.89910772378184,"[0.528455913729748, 0.11448452174935221]",[0.00013248 0.0001    ],[ -598.1041757  -1297.11227755  1094.84495412   297.40791206],"['exploration', 'exploration', 'exploration', 'exploration', 'exploitation', 'exploration', 'exploration', 'exploitation', 'exploration', 'exploration', 'exploration', 'exploration', 'exploitation', 'exploration', 'exploration', 'exploration', 'exploitation', 'exploration', 'exploration', 'exploration', 'exploitation', 'exploitation', 'exploration', 'exploration', 'exploration', 'exploration', 'exploration', 'exploration', 'exploration', 'exploration', 'exploration', 'exploitation', 'exploration', 'exploration', 'exploration', 'exploration', 'exploration', 'exploration', 'exploration', 'exploration', 'exploration', 'exploration', 'exploitation', 'exploration', 'exploration', 'exploration', 'exploration', 'exploitation', 'exploitation', 'exploration', 'exploitation', 'exploration', 'exploration', 'exploration', 'exploration', 'exploration', 'exploration', 'exploration', 'exploitation', 'exploitation', 'exploration', 'exploitation', 'exploration', 'exploitation', 'exploitation', 'exploration', 'exploration', 'exploration', 'exploration', 'exploitation', 'exploitation', 'exploration', 'exploitation', 'exploration', 'exploration', 'exploration', 'exploration', 'exploration', 'exploration', 'exploitation', 'exploration', 'exploitation', 'exploitation', 'exploration', 'exploitation', 'exploitation', 'exploration', 'exploration', 'exploration', 'exploration', 'exploration', 'exploitation', 'exploration', 'exploitation', 'exploration', 'exploration', 'exploration', 'exploitation', 'exploration']",277.7982154475637,282.98845514783284
386,135.99507731965898,"[0.13587836622463875, 0.33806549260112484]",[0.00073186 0.3399029 ],[-522.41816254  100.23944947  -12.11012366   -8.58734563],"['exploitation', 'exploration', 'exploration', 'exploration', 'exploration', 'exploration', 'exploration', 'exploration', 'exploration', 'exploration', 'exploration', 'exploration', 'exploitation', 'exploitation', 'exploitation', 'exploration', 'exploration', 'exploration', 'exploration', 'exploration', 'exploration', 'exploration', 'exploration', 'exploration', 'exploitation', 'exploration', 'exploration', 'exploration', 'exploration', 'exploration', 'exploration', 'exploration', 'exploration', 'exploration', 'exploitation', 'exploration', 'exploration', 'exploration', 'exploration', 'exploitation', 'exploitation', 'exploration', 'exploration', 'exploitation', 'exploration', 'exploitation', 'exploration', 'exploration', 'exploration', 'exploration', 'exploration', 'exploration', 'exploration', 'exploration', 'exploration', 'exploitation', 'exploration', 'exploration', 'exploration', 'exploration', 'exploration', 'exploitation', 'exploitation', 'exploitation', 'exploration', 'exploitation', 'exploitation', 'exploration', 'exploration', 'exploration', 'exploration', 'exploration', 'exploration', 'exploitation', 'exploitation', 'exploration', 'exploration', 'exploration', 'exploration', 'exploitation', 'exploration', 'exploitation', 'exploitation', 'exploration', 'exploration', 'exploitation', 'exploration', 'exploration', 'exploitation', 'exploitation', 'exploration', 'exploration', 'exploitation', 'exploration', 'exploitation', 'exploitation', 'exploitation', 'exploitation', 'exploitation']",275.99015463931795,281.1803943395871
387,128.8801821265027,"[1.4186972134686608, 0.8346846032602062]",[0.00300926 0.96901472],[ 2.05189153e+02 -1.64293737e-14 -1.56636471e-16 -2.97485446e-03],"['exploration', 'exploitation', 'exploitation', 'exploitation', 'exploitation', 'exploitation', 'exploration', 'exploration', 'exploration', 'exploration', 'exploration', 'exploitation', 'exploitation', 'exploitation', 'exploitation', 'exploitation', 'exploitation', 'exploitation', 'exploration', 'exploitation', 'exploitation', 'exploitation', 'exploitation', 'exploitation', 'exploration', 'exploration', 'exploitation', 'exploitation', 'exploitation', 'exploitation', 'exploitation', 'exploitation', 'exploration', 'exploitation', 'exploitation', 'exploration', 'exploration', 'exploration', 'exploitation', 'exploitation', 'exploration', 'exploitation', 'exploitation', 'exploitation', 'exploration', 'exploration', 'exploitation', 'exploitation', 'exploration', 'exploration', 'exploitation', 'exploitation', 'exploitation', 'exploitation', 'exploitation', 'exploration', 'exploitation', 'exploitation', 'exploitation', 'exploration', 'exploration', 'exploration', 'exploration', 'exploitation', 'exploitation', 'exploitation', 'exploitation', 'exploration', 'exploitation', 'exploration', 'exploitation', 'exploitation', 'exploration', 'exploration', 'exploration', 'exploitation', 'exploitation', 'exploration', 'exploration', 'exploration', 'exploitation', 'exploitation', 'exploration', 'exploitation', 'exploitation', 'exploration', 'exploration', 'exploration', 'exploitation', 'exploitation', 'exploration', 'exploitation', 'exploitation', 'exploitation', 'exploration', 'exploitation', 'exploration', 'exploitation', 'exploitation']",261.7603642530054,266.95060395327454
388,130.37700315832893,"[0.18281381677186567, 0.13545017595197764]",[0.00250063 0.96196077],[-2.19844514e-03 -2.47254919e+01  1.51931530e+00 -1.00005505e+02],"['exploration', 'exploration', 'exploration', 'exploitation', 'exploitation', 'exploitation', 'exploitation', 'exploitation', 'exploration', 'exploitation', 'exploitation', 'exploration', 'exploitation', 'exploration', 'exploitation', 'exploitation', 'exploitation', 'exploration', 'exploitation', 'exploitation', 'exploitation', 'exploitation', 'exploration', 'exploitation', 'exploitation', 'exploitation', 'exploration', 'exploitation', 'exploitation', 'exploitation', 'exploitation', 'exploration', 'exploration', 'exploration', 'exploitation', 'exploration', 'exploration', 'exploitation', 'exploitation', 'exploitation', 'exploration', 'exploitation', 'exploitation', 'exploitation', 'exploration', 'exploitation', 'exploration', 'exploitation', 'exploitation', 'exploitation', 'exploration', 'exploration', 'exploration', 'exploration', 'exploitation', 'exploitation', 'exploitation', 'exploration', 'exploitation', 'exploitation', 'exploitation', 'exploration', 'exploitation', 'exploitation', 'exploration', 'exploitation', 'exploration', 'exploitation', 'exploitation', 'exploitation', 'exploration', 'exploration', 'exploitation', 'exploitation', 'exploitation', 'exploration', 'exploration', 'exploitation', 'exploration', 'exploration', 'exploration', 'exploration', 'exploitation', 'exploration', 'exploitation', 'exploitation', 'exploitation', 'exploration', 'exploitation', 'exploitation', 'exploitation', 'exploration', 'exploration', 'exploration', 'exploration', 'exploration', 'exploration', 'exploration', 'exploration']",264.75400631665786,269.944246016927
389,56.40151537780704,"[0.6525812580790403, 0.12317204641904547]",[0.00239107 0.0001    ],[-149.4146714  -992.49727455 -297.84718468 3388.50992508],"['exploration', 'exploitation', 'exploitation', 'exploitation', 'exploration', 'exploration', 'exploration', 'exploration', 'exploitation', 'exploration', 'exploration', 'exploration', 'exploration', 'exploration', 'exploitation', 'exploitation', 'exploitation', 'exploitation', 'exploration', 'exploration', 'exploitation', 'exploration', 'exploration', 'exploration', 'exploration', 'exploration', 'exploration', 'exploitation', 'exploitation', 'exploration', 'exploration', 'exploitation', 'exploitation', 'exploitation', 'exploitation', 'exploitation', 'exploitation', 'exploitation', 'exploitation', 'exploitation', 'exploitation', 'exploitation', 'exploitation', 'exploitation', 'exploitation', 'exploitation', 'exploitation', 'exploitation', 'exploitation', 'exploitation', 'exploitation', 'exploitation', 'exploitation', 'exploitation', 'exploitation', 'exploitation', 'exploitation', 'exploitation', 'exploitation', 'exploitation', 'exploitation', 'exploitation', 'exploitation', 'exploitation', 'exploitation', 'exploitation', 'exploitation', 'exploitation', 'exploitation', 'exploitation', 'exploitation', 'exploitation', 'exploitation', 'exploitation', 'exploitation', 'exploitation', 'exploitation', 'exploitation', 'exploitation', 'exploitation', 'exploitation', 'exploitation', 'exploitation', 'exploitation', 'exploitation', 'exploitation', 'exploitation', 'exploitation', 'exploitation', 'exploitation', 'exploitation', 'exploitation', 'exploitation', 'exploitation', 'exploitation', 'exploitation', 'exploitation', 'exploitation', 'exploitation']",116.80303075561407,121.99327045588325
390,99.71747186622879,"[0.7766698612058551, 0.736648803664697]",[0.00168293 0.02590043],[ -70.68437588  -46.29692008  -80.68384215 1511.43613205],"['exploration', 'exploration', 'exploration', 'exploration', 'exploitation', 'exploration', 'exploitation', 'exploration', 'exploitation', 'exploitation', 'exploitation', 'exploration', 'exploration', 'exploration', 'exploration', 'exploitation', 'exploration', 'exploitation', 'exploration', 'exploitation', 'exploration', 'exploration', 'exploration', 'exploitation', 'exploration', 'exploration', 'exploration', 'exploration', 'exploration', 'exploration', 'exploration', 'exploitation', 'exploitation', 'exploitation', 'exploration', 'exploration', 'exploitation', 'exploitation', 'exploitation', 'exploitation', 'exploitation', 'exploration', 'exploration', 'exploration', 'exploration', 'exploration', 'exploration', 'exploitation', 'exploitation', 'exploitation', 'exploitation', 'exploitation', 'exploitation', 'exploitation', 'exploitation', 'exploitation', 'exploitation', 'exploitation', 'exploitation', 'exploitation', 'exploitation', 'exploitation', 'exploitation', 'exploitation', 'exploitation', 'exploitation', 'exploitation', 'exploitation', 'exploitation', 'exploitation', 'exploitation', 'exploitation', 'exploitation', 'exploitation', 'exploitation', 'exploitation', 'exploitation', 'exploitation', 'exploitation', 'exploitation', 'exploitation', 'exploitation', 'exploitation', 'exploitation', 'exploitation', 'exploitation', 'exploitation', 'exploitation', 'exploitation', 'exploitation', 'exploitation', 'exploitation', 'exploration', 'exploration', 'exploration', 'exploration', 'exploration', 'exploration', 'exploration']",203.43494373245758,208.62518343272677
391,119.42494499256311,"[0.9121322572827011, 0.9727621216667349]",[0.00412681 0.57104739],[-8.15604067e+01 -2.55323708e+02 -2.29247479e-01 -9.96804071e+01],"['exploitation', 'exploration', 'exploration', 'exploration', 'exploration', 'exploration', 'exploration', 'exploration', 'exploration', 'exploration', 'exploration', 'exploitation', 'exploration', 'exploration', 'exploration', 'exploration', 'exploitation', 'exploitation', 'exploitation', 'exploitation', 'exploitation', 'exploitation', 'exploration', 'exploitation', 'exploitation', 'exploration', 'exploitation', 'exploitation', 'exploration', 'exploration', 'exploration', 'exploitation', 'exploitation', 'exploration', 'exploration', 'exploration', 'exploration', 'exploration', 'exploration', 'exploration', 'exploitation', 'exploitation', 'exploration', 'exploitation', 'exploration', 'exploitation', 'exploitation', 'exploitation', 'exploitation', 'exploration', 'exploitation', 'exploitation', 'exploration', 'exploration', 'exploitation', 'exploitation', 'exploration', 'exploitation', 'exploitation', 'exploration', 'exploitation', 'exploration', 'exploitation', 'exploration', 'exploitation', 'exploitation', 'exploration', 'exploitation', 'exploitation', 'exploration', 'exploitation', 'exploration', 'exploitation', 'exploitation', 'exploitation', 'exploration', 'exploitation', 'exploitation', 'exploitation', 'exploration', 'exploitation', 'exploitation', 'exploitation', 'exploitation', 'exploitation', 'exploration', 'exploitation', 'exploitation', 'exploration', 'exploration', 'exploration', 'exploration', 'exploration', 'exploitation', 'exploration', 'exploitation', 'exploitation', 'exploitation', 'exploration']",242.84988998512623,248.0401296853954
392,125.36852596238326,"[1.6204831782166165, 0.9816689441057231]",[0.00305456 0.58545082],[ 1.69353998e+02 -8.73851730e-02 -8.29098237e+01  1.47784660e-01],"['exploitation', 'exploitation', 'exploration', 'exploitation', 'exploration', 'exploration', 'exploration', 'exploration', 'exploitation', 'exploration', 'exploration', 'exploitation', 'exploration', 'exploration', 'exploitation', 'exploitation', 'exploitation', 'exploration', 'exploration', 'exploitation', 'exploration', 'exploration', 'exploration', 'exploration', 'exploration', 'exploration', 'exploitation', 'exploration', 'exploration', 'exploration', 'exploration', 'exploration', 'exploitation', 'exploitation', 'exploration', 'exploration', 'exploitation', 'exploitation', 'exploitation', 'exploitation', 'exploitation', 'exploitation', 'exploitation', 'exploitation', 'exploration', 'exploration', 'exploitation', 'exploitation', 'exploitation', 'exploitation', 'exploration', 'exploration', 'exploration', 'exploration', 'exploitation', 'exploitation', 'exploitation', 'exploration', 'exploitation', 'exploration', 'exploitation', 'exploitation', 'exploitation', 'exploitation', 'exploration', 'exploitation', 'exploration', 'exploitation', 'exploitation', 'exploitation', 'exploration', 'exploration', 'exploitation', 'exploitation', 'exploitation', 'exploitation', 'exploitation', 'exploration', 'exploration', 'exploration', 'exploitation', 'exploitation', 'exploration', 'exploitation', 'exploitation', 'exploitation', 'exploitation', 'exploitation', 'exploration', 'exploitation', 'exploration', 'exploitation', 'exploitation', 'exploitation', 'exploitation', 'exploration', 'exploration', 'exploration', 'exploration']",254.73705192476652,259.9272916250357
393,109.54966504201248,"[0.5296004219930504, 0.8285951315392512]",[0.00085539 0.0001    ],[-148.06488172 -347.65801027 3239.51227937 -346.99468472],"['exploration', 'exploration', 'exploration', 'exploitation', 'exploration', 'exploitation', 'exploration', 'exploration', 'exploration', 'exploration', 'exploration', 'exploration', 'exploration', 'exploration', 'exploration', 'exploration', 'exploration', 'exploration', 'exploration', 'exploration', 'exploration', 'exploration', 'exploration', 'exploration', 'exploration', 'exploration', 'exploration', 'exploration', 'exploitation', 'exploitation', 'exploitation', 'exploration', 'exploration', 'exploration', 'exploration', 'exploration', 'exploration', 'exploration', 'exploration', 'exploration', 'exploitation', 'exploitation', 'exploitation', 'exploitation', 'exploitation', 'exploration', 'exploration', 'exploration', 'exploration', 'exploitation', 'exploitation', 'exploitation', 'exploitation', 'exploration', 'exploitation', 'exploitation', 'exploitation', 'exploitation', 'exploitation', 'exploitation', 'exploration', 'exploration', 'exploration', 'exploration', 'exploitation', 'exploitation', 'exploitation', 'exploitation', 'exploitation', 'exploitation', 'exploitation', 'exploitation', 'exploitation', 'exploitation', 'exploration', 'exploration', 'exploration', 'exploration', 'exploitation', 'exploitation', 'exploitation', 'exploitation', 'exploitation', 'exploitation', 'exploitation', 'exploitation', 'exploitation', 'exploitation', 'exploitation', 'exploitation', 'exploitation', 'exploitation', 'exploitation', 'exploitation', 'exploitation', 'exploitation', 'exploitation', 'exploitation', 'exploitation']",223.09933008402496,228.28956978429414
394,137.4181323631043,"[1.2801129503633217, 0.9046634362019778]",[1.000e-04 9.999e-01],[ 2.00140046e-022  1.00000000e+002  1.05008499e-001 -1.00290407e-110],"['exploitation', 'exploration', 'exploration', 'exploration', 'exploitation', 'exploitation', 'exploitation', 'exploration', 'exploitation', 'exploitation', 'exploitation', 'exploitation', 'exploitation', 'exploration', 'exploration', 'exploitation', 'exploitation', 'exploration', 'exploration', 'exploitation', 'exploitation', 'exploitation', 'exploitation', 'exploration', 'exploitation', 'exploitation', 'exploration', 'exploration', 'exploitation', 'exploitation', 'exploration', 'exploitation', 'exploration', 'exploration', 'exploitation', 'exploration', 'exploration', 'exploration', 'exploitation', 'exploitation', 'exploitation', 'exploitation', 'exploration', 'exploitation', 'exploitation', 'exploitation', 'exploration', 'exploitation', 'exploration', 'exploitation', 'exploitation', 'exploitation', 'exploitation', 'exploration', 'exploitation', 'exploitation', 'exploitation', 'exploration', 'exploitation', 'exploration', 'exploitation', 'exploitation', 'exploitation', 'exploitation', 'exploration', 'exploitation', 'exploitation', 'exploitation', 'exploration', 'exploration', 'exploitation', 'exploration', 'exploitation', 'exploitation', 'exploitation', 'exploration', 'exploration', 'exploitation', 'exploitation', 'exploration', 'exploration', 'exploitation', 'exploitation', 'exploration', 'exploration', 'exploration', 'exploration', 'exploitation', 'exploration', 'exploitation', 'exploitation', 'exploitation', 'exploration', 'exploration', 'exploration', 'exploration', 'exploration', 'exploration', 'exploitation']",278.8362647262086,284.02650442647774
395,137.38696871487366,"[0.6548040879701841, 0.6834539630182896]",[1.000e-04 9.999e-01],[ 1.99894990e+02 -6.50130007e-06  1.05260810e-97 -1.00150105e-58],"['exploration', 'exploitation', 'exploration', 'exploration', 'exploration', 'exploitation', 'exploitation', 'exploration', 'exploration', 'exploitation', 'exploitation', 'exploration', 'exploration', 'exploration', 'exploration', 'exploitation', 'exploitation', 'exploitation', 'exploitation', 'exploitation', 'exploitation', 'exploration', 'exploration', 'exploitation', 'exploration', 'exploration', 'exploitation', 'exploration', 'exploitation', 'exploration', 'exploration', 'exploration', 'exploitation', 'exploration', 'exploitation', 'exploration', 'exploitation', 'exploration', 'exploration', 'exploration', 'exploitation', 'exploration', 'exploitation', 'exploitation', 'exploitation', 'exploration', 'exploitation', 'exploration', 'exploration', 'exploitation', 'exploration', 'exploitation', 'exploration', 'exploration', 'exploration', 'exploration', 'exploration', 'exploitation', 'exploration', 'exploration', 'exploration', 'exploration', 'exploration', 'exploitation', 'exploitation', 'exploration', 'exploration', 'exploitation', 'exploration', 'exploitation', 'exploration', 'exploration', 'exploration', 'exploration', 'exploitation', 'exploitation', 'exploitation', 'exploitation', 'exploration', 'exploitation', 'exploitation', 'exploitation', 'exploration', 'exploitation', 'exploration', 'exploitation', 'exploitation', 'exploitation', 'exploration', 'exploitation', 'exploration', 'exploration', 'exploitation', 'exploitation', 'exploitation', 'exploration', 'exploitation', 'exploration', 'exploitation']",278.7739374297473,283.9641771300165
396,132.27084505643708,"[1.4362484284749357, 0.2001685530725315]",[0.0005719 0.0001   ],[-546.71670556 -596.25886512 1097.76696219 1149.46234577],"['exploration', 'exploration', 'exploitation', 'exploitation', 'exploration', 'exploitation', 'exploration', 'exploitation', 'exploration', 'exploitation', 'exploration', 'exploration', 'exploration', 'exploitation', 'exploitation', 'exploration', 'exploration', 'exploration', 'exploration', 'exploration', 'exploitation', 'exploitation', 'exploration', 'exploration', 'exploration', 'exploration', 'exploration', 'exploration', 'exploration', 'exploration', 'exploitation', 'exploitation', 'exploration', 'exploration', 'exploitation', 'exploitation', 'exploration', 'exploration', 'exploration', 'exploration', 'exploration', 'exploration', 'exploration', 'exploration', 'exploration', 'exploitation', 'exploration', 'exploitation', 'exploitation', 'exploitation', 'exploration', 'exploration', 'exploration', 'exploration', 'exploration', 'exploration', 'exploration', 'exploration', 'exploitation', 'exploitation', 'exploitation', 'exploitation', 'exploitation', 'exploration', 'exploration', 'exploration', 'exploration', 'exploration', 'exploration', 'exploration', 'exploration', 'exploitation', 'exploitation', 'exploitation', 'exploration', 'exploration', 'exploration', 'exploration', 'exploration', 'exploration', 'exploration', 'exploration', 'exploration', 'exploration', 'exploration', 'exploration', 'exploration', 'exploration', 'exploration', 'exploration', 'exploration', 'exploitation', 'exploration', 'exploration', 'exploration', 'exploration', 'exploitation', 'exploitation', 'exploitation']",268.54169011287416,273.7319298131433
397,132.59919823604892,"[0.6376943943443998, 0.7110730313741304]",[0.00159752 0.57889994],[-28.96929113  99.99999974 -99.15434547 -17.73252544],"['exploration', 'exploration', 'exploitation', 'exploitation', 'exploitation', 'exploitation', 'exploration', 'exploitation', 'exploitation', 'exploitation', 'exploitation', 'exploitation', 'exploration', 'exploitation', 'exploitation', 'exploitation', 'exploitation', 'exploitation', 'exploration', 'exploration', 'exploration', 'exploitation', 'exploitation', 'exploitation', 'exploitation', 'exploration', 'exploration', 'exploration', 'exploitation', 'exploration', 'exploitation', 'exploitation', 'exploitation', 'exploration', 'exploitation', 'exploitation', 'exploration', 'exploitation', 'exploration', 'exploration', 'exploitation', 'exploitation', 'exploitation', 'exploitation', 'exploration', 'exploration', 'exploitation', 'exploitation', 'exploration', 'exploration', 'exploration', 'exploitation', 'exploration', 'exploration', 'exploration', 'exploitation', 'exploitation', 'exploitation', 'exploration', 'exploration', 'exploitation', 'exploitation', 'exploration', 'exploitation', 'exploration', 'exploration', 'exploration', 'exploitation', 'exploitation', 'exploitation', 'exploitation', 'exploration', 'exploitation', 'exploitation', 'exploration', 'exploitation', 'exploitation', 'exploitation', 'exploitation', 'exploration', 'exploration', 'exploitation', 'exploitation', 'exploitation', 'exploration', 'exploration', 'exploitation', 'exploitation', 'exploitation', 'exploration', 'exploration', 'exploitation', 'exploitation', 'exploitation', 'exploration', 'exploitation', 'exploration', 'exploitation', 'exploitation']",269.19839647209784,274.388636172367
398,137.3800087620569,"[3.4009794240404987, 0.44607118915783894]",[1.000e-04 9.999e-01],[ 2.00040006e-002  1.00000000e+002  1.05482079e-181 -1.00110056e-042],"['exploration', 'exploration', 'exploration', 'exploitation', 'exploitation', 'exploration', 'exploitation', 'exploitation', 'exploration', 'exploration', 'exploration', 'exploitation', 'exploitation', 'exploration', 'exploitation', 'exploitation', 'exploitation', 'exploration', 'exploration', 'exploration', 'exploration', 'exploration', 'exploration', 'exploration', 'exploration', 'exploration', 'exploitation', 'exploration', 'exploration', 'exploration', 'exploration', 'exploration', 'exploitation', 'exploration', 'exploration', 'exploration', 'exploration', 'exploration', 'exploration', 'exploitation', 'exploitation', 'exploitation', 'exploration', 'exploration', 'exploration', 'exploration', 'exploration', 'exploitation', 'exploration', 'exploration', 'exploration', 'exploration', 'exploration', 'exploration', 'exploration', 'exploitation', 'exploitation', 'exploitation', 'exploitation', 'exploration', 'exploration', 'exploitation', 'exploitation', 'exploitation', 'exploration', 'exploration', 'exploration', 'exploration', 'exploitation', 'exploration', 'exploration', 'exploration', 'exploration', 'exploration', 'exploitation', 'exploration', 'exploration', 'exploration', 'exploration', 'exploitation', 'exploration', 'exploitation', 'exploitation', 'exploitation', 'exploration', 'exploitation', 'exploration', 'exploration', 'exploration', 'exploitation', 'exploitation', 'exploitation', 'exploitation', 'exploration', 'exploitation', 'exploitation', 'exploitation', 'exploration', 'exploitation']",278.7600175241138,283.95025722438294
399,135.7379796697635,"[2.220007506371752, 0.18199256638059436]",[0.00034986 0.0001    ],[-199.16513368 -150.38091107 1445.89165113 1595.93785339],"['exploration', 'exploration', 'exploration', 'exploration', 'exploration', 'exploration', 'exploration', 'exploration', 'exploitation', 'exploitation', 'exploitation', 'exploitation', 'exploitation', 'exploration', 'exploitation', 'exploration', 'exploitation', 'exploitation', 'exploitation', 'exploitation', 'exploration', 'exploration', 'exploration', 'exploitation', 'exploration', 'exploration', 'exploration', 'exploration', 'exploitation', 'exploitation', 'exploration', 'exploration', 'exploration', 'exploration', 'exploration', 'exploration', 'exploration', 'exploration', 'exploration', 'exploration', 'exploration', 'exploration', 'exploitation', 'exploration', 'exploration', 'exploration', 'exploration', 'exploration', 'exploration', 'exploration', 'exploration', 'exploration', 'exploration', 'exploitation', 'exploration', 'exploration', 'exploration', 'exploration', 'exploration', 'exploration', 'exploration', 'exploration', 'exploitation', 'exploitation', 'exploration', 'exploration', 'exploration', 'exploitation', 'exploitation', 'exploitation', 'exploration', 'exploration', 'exploration', 'exploration', 'exploration', 'exploration', 'exploration', 'exploration', 'exploration', 'exploration', 'exploration', 'exploration', 'exploration', 'exploration', 'exploration', 'exploration', 'exploration', 'exploration', 'exploration', 'exploration', 'exploration', 'exploration', 'exploration', 'exploration', 'exploration', 'exploration', 'exploration', 'exploitation', 'exploitation']",275.475959339527,280.66619903979614
400,128.36027256813156,"[2.6962280921330115, 0.41653165826696564]",[0.00079361 0.0001    ],[-597.17933159 -597.26062338  153.12135792 1846.83317776],"['exploration', 'exploration', 'exploration', 'exploitation', 'exploration', 'exploitation', 'exploration', 'exploitation', 'exploration', 'exploitation', 'exploitation', 'exploration', 'exploration', 'exploration', 'exploitation', 'exploitation', 'exploitation', 'exploration', 'exploration', 'exploration', 'exploration', 'exploitation', 'exploration', 'exploration', 'exploration', 'exploration', 'exploitation', 'exploration', 'exploration', 'exploration', 'exploration', 'exploitation', 'exploration', 'exploration', 'exploitation', 'exploration', 'exploration', 'exploration', 'exploration', 'exploration', 'exploration', 'exploration', 'exploration', 'exploitation', 'exploration', 'exploration', 'exploration', 'exploration', 'exploitation', 'exploration', 'exploration', 'exploration', 'exploration', 'exploitation', 'exploitation', 'exploitation', 'exploitation', 'exploitation', 'exploitation', 'exploitation', 'exploration', 'exploration', 'exploration', 'exploration', 'exploration', 'exploitation', 'exploitation', 'exploitation', 'exploitation', 'exploitation', 'exploitation', 'exploitation', 'exploitation', 'exploitation', 'exploitation', 'exploration', 'exploration', 'exploration', 'exploration', 'exploration', 'exploration', 'exploration', 'exploitation', 'exploitation', 'exploitation', 'exploitation', 'exploitation', 'exploitation', 'exploitation', 'exploitation', 'exploitation', 'exploitation', 'exploitation', 'exploitation', 'exploitation', 'exploitation', 'exploitation', 'exploration', 'exploration']",260.7205451362631,265.9107848365323
401,137.3239156557183,"[0.42942819608615057, 0.488806676017819]",[1.000e-04 9.999e-01],[ 2.00020002e-02 -6.50910591e-54  1.05021001e-05 -1.00000000e+02],"['exploration', 'exploration', 'exploitation', 'exploitation', 'exploitation', 'exploitation', 'exploitation', 'exploitation', 'exploitation', 'exploitation', 'exploration', 'exploration', 'exploitation', 'exploitation', 'exploitation', 'exploitation', 'exploration', 'exploration', 'exploration', 'exploration', 'exploration', 'exploitation', 'exploration', 'exploitation', 'exploration', 'exploitation', 'exploration', 'exploitation', 'exploration', 'exploitation', 'exploration', 'exploitation', 'exploitation', 'exploration', 'exploration', 'exploration', 'exploration', 'exploration', 'exploitation', 'exploration', 'exploitation', 'exploration', 'exploitation', 'exploitation', 'exploration', 'exploration', 'exploration', 'exploration', 'exploration', 'exploitation', 'exploration', 'exploration', 'exploration', 'exploitation', 'exploitation', 'exploration', 'exploitation', 'exploitation', 'exploration', 'exploitation', 'exploration', 'exploitation', 'exploration', 'exploration', 'exploration', 'exploration', 'exploitation', 'exploitation', 'exploration', 'exploitation', 'exploration', 'exploration', 'exploration', 'exploration', 'exploitation', 'exploitation', 'exploration', 'exploration', 'exploration', 'exploitation', 'exploitation', 'exploitation', 'exploration', 'exploitation', 'exploration', 'exploration', 'exploration', 'exploitation', 'exploitation', 'exploration', 'exploration', 'exploration', 'exploitation', 'exploitation', 'exploration', 'exploration', 'exploration', 'exploration', 'exploration']",278.6478313114366,283.8380710117058
402,136.95869792167116,"[0.4583506324023391, 0.15528978464715806]",[0.00013212 0.0001    ],[-597.33852383 -545.99373053  447.18154741  748.25100169],"['exploration', 'exploitation', 'exploration', 'exploration', 'exploration', 'exploration', 'exploration', 'exploitation', 'exploration', 'exploration', 'exploration', 'exploration', 'exploitation', 'exploration', 'exploration', 'exploration', 'exploration', 'exploitation', 'exploitation', 'exploration', 'exploration', 'exploration', 'exploitation', 'exploration', 'exploration', 'exploration', 'exploration', 'exploitation', 'exploration', 'exploitation', 'exploration', 'exploration', 'exploration', 'exploration', 'exploration', 'exploitation', 'exploration', 'exploration', 'exploration', 'exploration', 'exploration', 'exploration', 'exploration', 'exploration', 'exploitation', 'exploration', 'exploration', 'exploitation', 'exploitation', 'exploration', 'exploration', 'exploitation', 'exploration', 'exploration', 'exploration', 'exploration', 'exploitation', 'exploration', 'exploitation', 'exploration', 'exploration', 'exploration', 'exploration', 'exploration', 'exploration', 'exploration', 'exploration', 'exploration', 'exploration', 'exploration', 'exploration', 'exploration', 'exploration', 'exploitation', 'exploitation', 'exploitation', 'exploration', 'exploration', 'exploration', 'exploration', 'exploitation', 'exploration', 'exploration', 'exploration', 'exploration', 'exploitation', 'exploitation', 'exploration', 'exploitation', 'exploration', 'exploration', 'exploration', 'exploitation', 'exploration', 'exploration', 'exploration', 'exploration', 'exploration', 'exploration']",277.9173958433423,283.1076355436115
403,121.51883509368814,"[0.4810588552888711, 0.8660036584814916]",[0.00444494 0.81730162],[ 4.44338019e+01  1.00135488e+02 -1.35885343e-03  7.77032454e-07],"['exploitation', 'exploitation', 'exploitation', 'exploitation', 'exploration', 'exploration', 'exploitation', 'exploitation', 'exploitation', 'exploitation', 'exploration', 'exploitation', 'exploitation', 'exploration', 'exploitation', 'exploitation', 'exploration', 'exploitation', 'exploitation', 'exploitation', 'exploration', 'exploration', 'exploration', 'exploitation', 'exploitation', 'exploration', 'exploitation', 'exploitation', 'exploitation', 'exploitation', 'exploitation', 'exploitation', 'exploitation', 'exploration', 'exploration', 'exploitation', 'exploitation', 'exploitation', 'exploration', 'exploitation', 'exploration', 'exploration', 'exploitation', 'exploitation', 'exploration', 'exploration', 'exploitation', 'exploitation', 'exploration', 'exploitation', 'exploitation', 'exploitation', 'exploitation', 'exploitation', 'exploration', 'exploitation', 'exploration', 'exploitation', 'exploitation', 'exploration', 'exploitation', 'exploitation', 'exploitation', 'exploitation', 'exploration', 'exploitation', 'exploitation', 'exploration', 'exploration', 'exploitation', 'exploitation', 'exploration', 'exploitation', 'exploration', 'exploitation', 'exploitation', 'exploration', 'exploration', 'exploitation', 'exploitation', 'exploration', 'exploration', 'exploration', 'exploration', 'exploitation', 'exploitation', 'exploration', 'exploitation', 'exploration', 'exploitation', 'exploration', 'exploration', 'exploitation', 'exploitation', 'exploration', 'exploitation', 'exploitation', 'exploration', 'exploitation']",247.03767018737628,252.22790988764547
404,136.60254295800456,"[0.1318579133653264, 0.7500128444085605]",[0.00054612 0.50863549],[ 100.45444702   25.63640777 -211.78684065   76.37824442],"['exploration', 'exploration', 'exploration', 'exploitation', 'exploration', 'exploration', 'exploitation', 'exploration', 'exploitation', 'exploration', 'exploitation', 'exploration', 'exploration', 'exploitation', 'exploitation', 'exploration', 'exploitation', 'exploration', 'exploration', 'exploration', 'exploration', 'exploration', 'exploration', 'exploration', 'exploration', 'exploration', 'exploration', 'exploration', 'exploration', 'exploration', 'exploration', 'exploration', 'exploration', 'exploration', 'exploration', 'exploration', 'exploitation', 'exploration', 'exploration', 'exploration', 'exploration', 'exploration', 'exploration', 'exploitation', 'exploration', 'exploitation', 'exploitation', 'exploitation', 'exploration', 'exploration', 'exploration', 'exploration', 'exploration', 'exploration', 'exploration', 'exploitation', 'exploration', 'exploitation', 'exploration', 'exploration', 'exploration', 'exploration', 'exploration', 'exploitation', 'exploration', 'exploration', 'exploration', 'exploration', 'exploration', 'exploration', 'exploration', 'exploitation', 'exploration', 'exploration', 'exploration', 'exploration', 'exploration', 'exploration', 'exploration', 'exploration', 'exploitation', 'exploration', 'exploration', 'exploration', 'exploration', 'exploration', 'exploration', 'exploration', 'exploitation', 'exploration', 'exploration', 'exploitation', 'exploration', 'exploration', 'exploration', 'exploration', 'exploration', 'exploration', 'exploration']",277.2050859160091,282.3953256162783
405,74.63740480519526,"[4.375194823445086, 0.24599487957478547]",[0.00181887 0.0001    ],[ 595.37689175  198.30687043 4035.68439305   49.93356156],"['exploration', 'exploration', 'exploration', 'exploration', 'exploration', 'exploration', 'exploration', 'exploration', 'exploration', 'exploration', 'exploration', 'exploration', 'exploration', 'exploration', 'exploration', 'exploration', 'exploitation', 'exploration', 'exploration', 'exploration', 'exploration', 'exploration', 'exploration', 'exploration', 'exploration', 'exploration', 'exploration', 'exploitation', 'exploration', 'exploration', 'exploration', 'exploration', 'exploitation', 'exploitation', 'exploitation', 'exploration', 'exploration', 'exploitation', 'exploitation', 'exploitation', 'exploitation', 'exploration', 'exploitation', 'exploitation', 'exploitation', 'exploitation', 'exploitation', 'exploitation', 'exploitation', 'exploitation', 'exploitation', 'exploitation', 'exploitation', 'exploitation', 'exploitation', 'exploitation', 'exploitation', 'exploitation', 'exploitation', 'exploitation', 'exploitation', 'exploitation', 'exploitation', 'exploitation', 'exploitation', 'exploitation', 'exploitation', 'exploitation', 'exploitation', 'exploitation', 'exploitation', 'exploitation', 'exploitation', 'exploitation', 'exploitation', 'exploitation', 'exploitation', 'exploitation', 'exploitation', 'exploitation', 'exploitation', 'exploitation', 'exploitation', 'exploitation', 'exploitation', 'exploitation', 'exploitation', 'exploitation', 'exploitation', 'exploitation', 'exploitation', 'exploitation', 'exploitation', 'exploitation', 'exploitation', 'exploitation', 'exploitation', 'exploitation', 'exploitation']",153.27480961039052,158.4650493106597
406,135.16066389817362,"[2.8121684701754925, 0.5802490214516861]",[0.00087351 0.2720517 ],[ 152.48845797 -194.26525145 -290.78559919  -11.09451955],"['exploitation', 'exploration', 'exploration', 'exploration', 'exploration', 'exploitation', 'exploration', 'exploitation', 'exploration', 'exploration', 'exploitation', 'exploration', 'exploitation', 'exploration', 'exploitation', 'exploitation', 'exploration', 'exploration', 'exploration', 'exploitation', 'exploration', 'exploration', 'exploitation', 'exploration', 'exploration', 'exploration', 'exploration', 'exploration', 'exploration', 'exploration', 'exploitation', 'exploitation', 'exploration', 'exploitation', 'exploration', 'exploration', 'exploration', 'exploitation', 'exploitation', 'exploitation', 'exploration', 'exploration', 'exploration', 'exploitation', 'exploration', 'exploration', 'exploration', 'exploration', 'exploitation', 'exploitation', 'exploitation', 'exploitation', 'exploration', 'exploration', 'exploration', 'exploration', 'exploitation', 'exploration', 'exploitation', 'exploration', 'exploitation', 'exploration', 'exploitation', 'exploitation', 'exploration', 'exploration', 'exploration', 'exploitation', 'exploration', 'exploration', 'exploration', 'exploration', 'exploration', 'exploration', 'exploration', 'exploration', 'exploration', 'exploration', 'exploration', 'exploration', 'exploitation', 'exploration', 'exploration', 'exploitation', 'exploitation', 'exploitation', 'exploration', 'exploration', 'exploration', 'exploitation', 'exploration', 'exploration', 'exploration', 'exploitation', 'exploitation', 'exploitation', 'exploitation', 'exploration', 'exploration']",274.32132779634725,279.5115674966164
407,135.5149033127283,"[0.8634516683536491, 0.3921396321289851]",[0.00037475 0.01191126],[-700.48089406  -26.57406568  900.18633266  888.62035715],"['exploration', 'exploitation', 'exploration', 'exploration', 'exploitation', 'exploration', 'exploration', 'exploitation', 'exploration', 'exploration', 'exploration', 'exploration', 'exploration', 'exploration', 'exploration', 'exploration', 'exploitation', 'exploration', 'exploration', 'exploration', 'exploration', 'exploitation', 'exploitation', 'exploration', 'exploration', 'exploitation', 'exploration', 'exploitation', 'exploration', 'exploration', 'exploration', 'exploitation', 'exploration', 'exploitation', 'exploitation', 'exploitation', 'exploration', 'exploitation', 'exploitation', 'exploration', 'exploration', 'exploitation', 'exploration', 'exploration', 'exploitation', 'exploration', 'exploration', 'exploitation', 'exploration', 'exploitation', 'exploration', 'exploration', 'exploration', 'exploitation', 'exploration', 'exploration', 'exploitation', 'exploration', 'exploration', 'exploration', 'exploration', 'exploration', 'exploration', 'exploitation', 'exploration', 'exploration', 'exploitation', 'exploration', 'exploitation', 'exploration', 'exploration', 'exploration', 'exploration', 'exploitation', 'exploration', 'exploration', 'exploration', 'exploitation', 'exploration', 'exploration', 'exploitation', 'exploration', 'exploitation', 'exploration', 'exploration', 'exploitation', 'exploration', 'exploration', 'exploration', 'exploitation', 'exploration', 'exploration', 'exploitation', 'exploration', 'exploitation', 'exploitation', 'exploration', 'exploitation', 'exploitation']",275.0298066254566,280.2200463257258
408,135.43509042742735,"[2.010891618736602, 0.604508768023011]",[0.00030035 0.0001    ],[-845.53072579 -746.77467849  750.7014202  1146.15192209],"['exploration', 'exploration', 'exploration', 'exploration', 'exploration', 'exploration', 'exploration', 'exploration', 'exploration', 'exploitation', 'exploration', 'exploitation', 'exploration', 'exploration', 'exploration', 'exploitation', 'exploitation', 'exploration', 'exploration', 'exploration', 'exploration', 'exploration', 'exploration', 'exploration', 'exploration', 'exploitation', 'exploration', 'exploitation', 'exploration', 'exploitation', 'exploration', 'exploration', 'exploitation', 'exploration', 'exploration', 'exploration', 'exploitation', 'exploration', 'exploitation', 'exploration', 'exploration', 'exploration', 'exploitation', 'exploration', 'exploration', 'exploitation', 'exploration', 'exploration', 'exploitation', 'exploration', 'exploration', 'exploration', 'exploration', 'exploitation', 'exploitation', 'exploration', 'exploration', 'exploration', 'exploration', 'exploitation', 'exploitation', 'exploration', 'exploration', 'exploration', 'exploitation', 'exploitation', 'exploitation', 'exploitation', 'exploitation', 'exploitation', 'exploitation', 'exploitation', 'exploitation', 'exploitation', 'exploration', 'exploration', 'exploration', 'exploration', 'exploitation', 'exploitation', 'exploitation', 'exploitation', 'exploitation', 'exploration', 'exploration', 'exploitation', 'exploration', 'exploration', 'exploitation', 'exploration', 'exploration', 'exploration', 'exploitation', 'exploration', 'exploration', 'exploration', 'exploration', 'exploitation', 'exploration']",274.8701808548547,280.06042055512387
409,136.95317669879898,"[1.203624880850418, 0.857468339794866]",[0.00012689 0.0001    ],[ -497.80270574 -1245.44738546   701.55439039   845.6188077 ],"['exploitation', 'exploration', 'exploration', 'exploration', 'exploration', 'exploration', 'exploration', 'exploitation', 'exploration', 'exploration', 'exploitation', 'exploration', 'exploitation', 'exploitation', 'exploitation', 'exploration', 'exploitation', 'exploration', 'exploration', 'exploration', 'exploitation', 'exploration', 'exploration', 'exploitation', 'exploration', 'exploitation', 'exploration', 'exploration', 'exploitation', 'exploration', 'exploration', 'exploration', 'exploration', 'exploration', 'exploitation', 'exploitation', 'exploration', 'exploration', 'exploitation', 'exploration', 'exploration', 'exploitation', 'exploration', 'exploration', 'exploration', 'exploration', 'exploitation', 'exploration', 'exploration', 'exploitation', 'exploration', 'exploration', 'exploration', 'exploration', 'exploitation', 'exploration', 'exploration', 'exploration', 'exploitation', 'exploration', 'exploration', 'exploitation', 'exploration', 'exploration', 'exploitation', 'exploration', 'exploration', 'exploitation', 'exploration', 'exploration', 'exploitation', 'exploration', 'exploitation', 'exploitation', 'exploitation', 'exploration', 'exploitation', 'exploration', 'exploration', 'exploration', 'exploration', 'exploration', 'exploitation', 'exploration', 'exploration', 'exploration', 'exploration', 'exploitation', 'exploration', 'exploration', 'exploration', 'exploration', 'exploration', 'exploitation', 'exploration', 'exploration', 'exploration', 'exploitation', 'exploration']",277.90635339759797,283.0965930978671
410,137.45937600478265,"[1.3776972883250942, 0.5114054384942511]",[1.000e-04 9.999e-01],[2.00060008e-06 1.00110056e-38 1.05010500e-01 6.50000000e+02],"['exploration', 'exploration', 'exploration', 'exploitation', 'exploration', 'exploration', 'exploitation', 'exploitation', 'exploitation', 'exploitation', 'exploration', 'exploitation', 'exploitation', 'exploration', 'exploitation', 'exploration', 'exploitation', 'exploration', 'exploitation', 'exploitation', 'exploration', 'exploration', 'exploitation', 'exploration', 'exploitation', 'exploitation', 'exploration', 'exploitation', 'exploration', 'exploration', 'exploitation', 'exploitation', 'exploitation', 'exploitation', 'exploitation', 'exploration', 'exploration', 'exploitation', 'exploration', 'exploration', 'exploration', 'exploitation', 'exploration', 'exploitation', 'exploration', 'exploration', 'exploitation', 'exploitation', 'exploration', 'exploration', 'exploration', 'exploration', 'exploration', 'exploitation', 'exploration', 'exploitation', 'exploitation', 'exploration', 'exploration', 'exploitation', 'exploration', 'exploration', 'exploration', 'exploration', 'exploration', 'exploration', 'exploitation', 'exploration', 'exploration', 'exploration', 'exploitation', 'exploration', 'exploration', 'exploitation', 'exploration', 'exploration', 'exploration', 'exploitation', 'exploration', 'exploration', 'exploration', 'exploration', 'exploration', 'exploration', 'exploitation', 'exploitation', 'exploration', 'exploitation', 'exploration', 'exploration', 'exploitation', 'exploration', 'exploration', 'exploration', 'exploration', 'exploitation', 'exploration', 'exploration', 'exploration']",278.9187520095653,284.10899170983447
411,136.57914523633053,"[1.309590970202104, 0.9952450382644483]",[6.12579723e-04 9.99900000e-01],[-1.04998000e+03 -6.50195020e-10 -2.00080012e-14 -1.00020001e-06],"['exploitation', 'exploration', 'exploration', 'exploration', 'exploitation', 'exploration', 'exploitation', 'exploration', 'exploration', 'exploration', 'exploitation', 'exploration', 'exploitation', 'exploration', 'exploration', 'exploitation', 'exploration', 'exploration', 'exploitation', 'exploitation', 'exploration', 'exploitation', 'exploitation', 'exploration', 'exploitation', 'exploration', 'exploration', 'exploration', 'exploration', 'exploration', 'exploration', 'exploration', 'exploitation', 'exploration', 'exploration', 'exploration', 'exploration', 'exploitation', 'exploitation', 'exploitation', 'exploration', 'exploration', 'exploitation', 'exploration', 'exploration', 'exploration', 'exploration', 'exploitation', 'exploration', 'exploration', 'exploration', 'exploration', 'exploration', 'exploration', 'exploration', 'exploration', 'exploration', 'exploration', 'exploration', 'exploitation', 'exploration', 'exploration', 'exploration', 'exploration', 'exploration', 'exploration', 'exploration', 'exploration', 'exploration', 'exploitation', 'exploration', 'exploration', 'exploration', 'exploration', 'exploration', 'exploration', 'exploration', 'exploration', 'exploration', 'exploration', 'exploration', 'exploration', 'exploitation', 'exploration', 'exploration', 'exploration', 'exploration', 'exploration', 'exploration', 'exploration', 'exploration', 'exploitation', 'exploration', 'exploration', 'exploration', 'exploration', 'exploitation', 'exploitation', 'exploitation']",277.15829047266106,282.3485301729302
412,137.18221567482325,"[0.13720440116602933, 0.606307348729012]",[1.18566907e-04 1.22288743e-01],[-256.87575971  115.66128677  122.34361156 -127.27294621],"['exploitation', 'exploration', 'exploration', 'exploration', 'exploitation', 'exploration', 'exploration', 'exploration', 'exploration', 'exploration', 'exploration', 'exploitation', 'exploitation', 'exploration', 'exploration', 'exploration', 'exploration', 'exploration', 'exploitation', 'exploration', 'exploration', 'exploitation', 'exploration', 'exploration', 'exploration', 'exploration', 'exploration', 'exploitation', 'exploration', 'exploration', 'exploration', 'exploration', 'exploitation', 'exploration', 'exploration', 'exploitation', 'exploration', 'exploration', 'exploration', 'exploration', 'exploitation', 'exploration', 'exploration', 'exploration', 'exploration', 'exploration', 'exploration', 'exploration', 'exploration', 'exploration', 'exploitation', 'exploration', 'exploration', 'exploration', 'exploration', 'exploration', 'exploration', 'exploration', 'exploitation', 'exploration', 'exploitation', 'exploration', 'exploitation', 'exploration', 'exploration', 'exploitation', 'exploration', 'exploration', 'exploration', 'exploration', 'exploration', 'exploitation', 'exploration', 'exploration', 'exploration', 'exploration', 'exploitation', 'exploitation', 'exploration', 'exploration', 'exploration', 'exploration', 'exploration', 'exploitation', 'exploration', 'exploration', 'exploration', 'exploration', 'exploration', 'exploration', 'exploration', 'exploration', 'exploration', 'exploration', 'exploitation', 'exploration', 'exploration', 'exploration', 'exploitation']",278.3644313496465,283.55467104991567
413,130.62881854469376,"[0.8475206307144173, 0.35207703729055906]",[0.00220901 0.50328071],[ 1.72106727e+02 -2.29529313e+01 -4.95199881e+01 -5.56614217e-03],"['exploration', 'exploitation', 'exploitation', 'exploitation', 'exploration', 'exploitation', 'exploration', 'exploitation', 'exploitation', 'exploration', 'exploitation', 'exploitation', 'exploration', 'exploitation', 'exploration', 'exploitation', 'exploitation', 'exploration', 'exploitation', 'exploitation', 'exploitation', 'exploitation', 'exploitation', 'exploration', 'exploitation', 'exploitation', 'exploration', 'exploitation', 'exploitation', 'exploration', 'exploration', 'exploration', 'exploration', 'exploration', 'exploration', 'exploration', 'exploration', 'exploitation', 'exploitation', 'exploration', 'exploration', 'exploitation', 'exploration', 'exploration', 'exploration', 'exploration', 'exploitation', 'exploration', 'exploitation', 'exploitation', 'exploration', 'exploration', 'exploitation', 'exploitation', 'exploration', 'exploitation', 'exploration', 'exploration', 'exploration', 'exploitation', 'exploitation', 'exploration', 'exploration', 'exploration', 'exploitation', 'exploration', 'exploitation', 'exploitation', 'exploitation', 'exploitation', 'exploitation', 'exploration', 'exploration', 'exploration', 'exploitation', 'exploitation', 'exploitation', 'exploration', 'exploitation', 'exploitation', 'exploitation', 'exploration', 'exploitation', 'exploration', 'exploration', 'exploration', 'exploitation', 'exploration', 'exploration', 'exploration', 'exploration', 'exploration', 'exploitation', 'exploitation', 'exploitation', 'exploration', 'exploration', 'exploration', 'exploitation']",265.2576370893875,270.4478767896567
414,137.1367426596418,"[0.023231092416414346, 0.7239515620315653]",[2.37572969e-04 8.23919537e-01],[  6.23490308 100.09614318 -35.18480272   3.54799146],"['exploration', 'exploration', 'exploration', 'exploration', 'exploration', 'exploration', 'exploitation', 'exploration', 'exploration', 'exploration', 'exploration', 'exploration', 'exploration', 'exploitation', 'exploitation', 'exploration', 'exploration', 'exploration', 'exploration', 'exploration', 'exploration', 'exploration', 'exploration', 'exploration', 'exploration', 'exploration', 'exploration', 'exploration', 'exploitation', 'exploration', 'exploration', 'exploration', 'exploration', 'exploration', 'exploration', 'exploration', 'exploration', 'exploration', 'exploration', 'exploration', 'exploration', 'exploration', 'exploitation', 'exploration', 'exploration', 'exploration', 'exploration', 'exploration', 'exploration', 'exploitation', 'exploration', 'exploration', 'exploration', 'exploration', 'exploration', 'exploitation', 'exploration', 'exploration', 'exploration', 'exploration', 'exploration', 'exploration', 'exploration', 'exploration', 'exploration', 'exploration', 'exploration', 'exploitation', 'exploitation', 'exploration', 'exploration', 'exploration', 'exploration', 'exploration', 'exploration', 'exploration', 'exploration', 'exploration', 'exploration', 'exploration', 'exploration', 'exploitation', 'exploration', 'exploitation', 'exploration', 'exploration', 'exploration', 'exploration', 'exploration', 'exploration', 'exploration', 'exploration', 'exploration', 'exploration', 'exploration', 'exploration', 'exploration', 'exploration', 'exploration']",278.2734853192836,283.4637250195528
415,119.14714714426344,"[0.3884781875534478, 0.3100531068284879]",[0.00138266 0.0001    ],[-546.07340243 -198.31680475  650.26222143 1898.23309648],"['exploration', 'exploration', 'exploration', 'exploration', 'exploration', 'exploitation', 'exploration', 'exploitation', 'exploitation', 'exploitation', 'exploitation', 'exploitation', 'exploitation', 'exploitation', 'exploitation', 'exploitation', 'exploitation', 'exploitation', 'exploration', 'exploration', 'exploitation', 'exploitation', 'exploration', 'exploration', 'exploration', 'exploitation', 'exploitation', 'exploration', 'exploration', 'exploration', 'exploration', 'exploration', 'exploitation', 'exploration', 'exploration', 'exploration', 'exploration', 'exploration', 'exploitation', 'exploration', 'exploration', 'exploration', 'exploration', 'exploration', 'exploration', 'exploration', 'exploration', 'exploration', 'exploration', 'exploration', 'exploration', 'exploration', 'exploitation', 'exploitation', 'exploration', 'exploration', 'exploration', 'exploration', 'exploitation', 'exploitation', 'exploration', 'exploration', 'exploration', 'exploration', 'exploration', 'exploration', 'exploration', 'exploration', 'exploration', 'exploration', 'exploration', 'exploration', 'exploitation', 'exploration', 'exploration', 'exploration', 'exploration', 'exploitation', 'exploitation', 'exploitation', 'exploitation', 'exploration', 'exploitation', 'exploitation', 'exploitation', 'exploitation', 'exploitation', 'exploitation', 'exploitation', 'exploitation', 'exploitation', 'exploitation', 'exploitation', 'exploitation', 'exploitation', 'exploitation', 'exploitation', 'exploitation', 'exploitation']",242.29429428852688,247.48453398879607
416,137.41358796560777,"[0.8769650895810942, 0.8228591324186024]",[1.000e-04 9.999e-01],[-1.05000000e+03 -6.50390098e-22 -2.00420420e-82  6.50054997e-02],"['exploration', 'exploration', 'exploitation', 'exploitation', 'exploitation', 'exploitation', 'exploitation', 'exploration', 'exploitation', 'exploitation', 'exploitation', 'exploitation', 'exploration', 'exploitation', 'exploitation', 'exploitation', 'exploration', 'exploitation', 'exploration', 'exploitation', 'exploitation', 'exploitation', 'exploration', 'exploitation', 'exploitation', 'exploitation', 'exploration', 'exploitation', 'exploration', 'exploitation', 'exploitation', 'exploration', 'exploitation', 'exploitation', 'exploration', 'exploitation', 'exploitation', 'exploitation', 'exploration', 'exploitation', 'exploration', 'exploitation', 'exploration', 'exploration', 'exploration', 'exploration', 'exploitation', 'exploitation', 'exploration', 'exploration', 'exploitation', 'exploration', 'exploitation', 'exploitation', 'exploration', 'exploration', 'exploration', 'exploration', 'exploitation', 'exploration', 'exploitation', 'exploitation', 'exploitation', 'exploration', 'exploration', 'exploration', 'exploration', 'exploration', 'exploration', 'exploitation', 'exploitation', 'exploration', 'exploration', 'exploration', 'exploration', 'exploration', 'exploration', 'exploration', 'exploitation', 'exploration', 'exploitation', 'exploitation', 'exploitation', 'exploration', 'exploitation', 'exploitation', 'exploration', 'exploration', 'exploitation', 'exploitation', 'exploitation', 'exploration', 'exploration', 'exploration', 'exploration', 'exploration', 'exploration', 'exploration', 'exploration']",278.82717593121555,284.0174156314847
417,137.22805485975488,"[0.2172310704685714, 0.008160859712025204]",[0.0001     0.01189281],[ 118.28540275 -114.11678868 1367.35229745  566.64097078],"['exploration', 'exploration', 'exploration', 'exploration', 'exploration', 'exploration', 'exploration', 'exploration', 'exploration', 'exploitation', 'exploration', 'exploration', 'exploration', 'exploration', 'exploration', 'exploration', 'exploration', 'exploration', 'exploration', 'exploration', 'exploitation', 'exploitation', 'exploration', 'exploration', 'exploration', 'exploration', 'exploration', 'exploitation', 'exploration', 'exploration', 'exploration', 'exploration', 'exploration', 'exploration', 'exploration', 'exploration', 'exploration', 'exploration', 'exploration', 'exploration', 'exploration', 'exploration', 'exploration', 'exploration', 'exploitation', 'exploration', 'exploration', 'exploration', 'exploration', 'exploration', 'exploration', 'exploration', 'exploration', 'exploration', 'exploration', 'exploration', 'exploration', 'exploration', 'exploration', 'exploration', 'exploration', 'exploitation', 'exploration', 'exploration', 'exploration', 'exploration', 'exploration', 'exploration', 'exploration', 'exploration', 'exploration', 'exploitation', 'exploration', 'exploration', 'exploration', 'exploration', 'exploration', 'exploration', 'exploration', 'exploration', 'exploration', 'exploration', 'exploitation', 'exploitation', 'exploration', 'exploration', 'exploration', 'exploration', 'exploration', 'exploration', 'exploitation', 'exploitation', 'exploration', 'exploitation', 'exploration', 'exploration', 'exploration', 'exploration', 'exploration']",278.45610971950975,283.6463494197789
418,137.35901986557772,"[0.7784413263590144, 0.29214483483967785]",[1.00000000e-04 5.43449859e-01],[-4.78994587e+02 -6.19176363e+02 -2.51045062e-01 -3.60143846e-01],"['exploration', 'exploration', 'exploration', 'exploration', 'exploitation', 'exploitation', 'exploitation', 'exploitation', 'exploration', 'exploration', 'exploration', 'exploration', 'exploitation', 'exploration', 'exploitation', 'exploitation', 'exploitation', 'exploration', 'exploration', 'exploration', 'exploitation', 'exploration', 'exploration', 'exploitation', 'exploration', 'exploration', 'exploitation', 'exploration', 'exploitation', 'exploration', 'exploration', 'exploration', 'exploration', 'exploitation', 'exploration', 'exploration', 'exploration', 'exploitation', 'exploitation', 'exploration', 'exploitation', 'exploitation', 'exploration', 'exploration', 'exploration', 'exploration', 'exploration', 'exploration', 'exploration', 'exploitation', 'exploitation', 'exploitation', 'exploitation', 'exploitation', 'exploitation', 'exploration', 'exploitation', 'exploitation', 'exploration', 'exploitation', 'exploitation', 'exploration', 'exploration', 'exploration', 'exploitation', 'exploration', 'exploitation', 'exploitation', 'exploration', 'exploration', 'exploitation', 'exploration', 'exploitation', 'exploration', 'exploitation', 'exploration', 'exploration', 'exploration', 'exploitation', 'exploration', 'exploration', 'exploration', 'exploitation', 'exploitation', 'exploration', 'exploration', 'exploration', 'exploration', 'exploration', 'exploration', 'exploration', 'exploration', 'exploration', 'exploration', 'exploitation', 'exploitation', 'exploration', 'exploitation', 'exploration']",278.71803973115544,283.9082794314246
419,136.73129873051045,"[0.43983260869148755, 0.34668107629105976]",[0.00055412 0.34811878],[ 1.79107745e+02  1.39022269e+02 -2.69929094e-05 -8.67783489e-06],"['exploration', 'exploitation', 'exploitation', 'exploitation', 'exploration', 'exploration', 'exploitation', 'exploitation', 'exploitation', 'exploitation', 'exploitation', 'exploration', 'exploration', 'exploitation', 'exploitation', 'exploitation', 'exploration', 'exploration', 'exploration', 'exploitation', 'exploitation', 'exploration', 'exploration', 'exploration', 'exploitation', 'exploitation', 'exploration', 'exploration', 'exploration', 'exploration', 'exploration', 'exploitation', 'exploitation', 'exploitation', 'exploration', 'exploration', 'exploitation', 'exploration', 'exploitation', 'exploitation', 'exploitation', 'exploitation', 'exploitation', 'exploration', 'exploration', 'exploration', 'exploitation', 'exploration', 'exploitation', 'exploration', 'exploration', 'exploitation', 'exploration', 'exploitation', 'exploration', 'exploitation', 'exploitation', 'exploitation', 'exploitation', 'exploitation', 'exploitation', 'exploration', 'exploration', 'exploration', 'exploitation', 'exploration', 'exploitation', 'exploration', 'exploitation', 'exploration', 'exploitation', 'exploration', 'exploration', 'exploration', 'exploration', 'exploration', 'exploration', 'exploration', 'exploitation', 'exploration', 'exploitation', 'exploration', 'exploration', 'exploration', 'exploration', 'exploration', 'exploration', 'exploitation', 'exploration', 'exploitation', 'exploitation', 'exploration', 'exploration', 'exploration', 'exploration', 'exploration', 'exploitation', 'exploration', 'exploitation']",277.4625974610209,282.65283716129005
420,122.56236774400912,"[0.6668387249312531, 0.19547530734455412]",[0.00365172 0.62637342],[-1.48621975e+02 -1.66659474e+00 -3.89904765e-02 -3.79897950e-02],"['exploitation', 'exploration', 'exploration', 'exploitation', 'exploitation', 'exploitation', 'exploitation', 'exploitation', 'exploitation', 'exploitation', 'exploitation', 'exploitation', 'exploration', 'exploitation', 'exploitation', 'exploitation', 'exploitation', 'exploitation', 'exploitation', 'exploitation', 'exploitation', 'exploitation', 'exploitation', 'exploitation', 'exploration', 'exploitation', 'exploitation', 'exploitation', 'exploration', 'exploration', 'exploration', 'exploitation', 'exploration', 'exploitation', 'exploration', 'exploration', 'exploitation', 'exploitation', 'exploration', 'exploitation', 'exploration', 'exploration', 'exploration', 'exploration', 'exploration', 'exploration', 'exploration', 'exploration', 'exploration', 'exploration', 'exploration', 'exploration', 'exploitation', 'exploration', 'exploration', 'exploitation', 'exploration', 'exploitation', 'exploitation', 'exploitation', 'exploitation', 'exploration', 'exploration', 'exploration', 'exploitation', 'exploitation', 'exploitation', 'exploitation', 'exploitation', 'exploration', 'exploration', 'exploration', 'exploitation', 'exploitation', 'exploitation', 'exploration', 'exploration', 'exploitation', 'exploitation', 'exploitation', 'exploration', 'exploration', 'exploration', 'exploitation', 'exploitation', 'exploitation', 'exploitation', 'exploration', 'exploration', 'exploration', 'exploitation', 'exploitation', 'exploitation', 'exploitation', 'exploitation', 'exploitation', 'exploitation', 'exploration', 'exploration']",249.12473548801825,254.31497518828743
421,106.55623043809774,"[0.849295188305354, 0.6350474031602532]",[0.00739792 0.7360392 ],[ 5.40189486e+01 -4.34046842e+01 -9.91828608e-12 -9.99995547e+01],"['exploration', 'exploitation', 'exploitation', 'exploitation', 'exploitation', 'exploitation', 'exploitation', 'exploitation', 'exploration', 'exploration', 'exploitation', 'exploitation', 'exploration', 'exploitation', 'exploitation', 'exploitation', 'exploitation', 'exploitation', 'exploration', 'exploitation', 'exploitation', 'exploitation', 'exploration', 'exploitation', 'exploitation', 'exploitation', 'exploitation', 'exploitation', 'exploration', 'exploration', 'exploitation', 'exploitation', 'exploitation', 'exploration', 'exploitation', 'exploitation', 'exploitation', 'exploration', 'exploitation', 'exploitation', 'exploitation', 'exploitation', 'exploitation', 'exploitation', 'exploitation', 'exploitation', 'exploration', 'exploration', 'exploitation', 'exploitation', 'exploitation', 'exploitation', 'exploitation', 'exploitation', 'exploitation', 'exploitation', 'exploration', 'exploitation', 'exploitation', 'exploitation', 'exploitation', 'exploration', 'exploration', 'exploitation', 'exploitation', 'exploitation', 'exploration', 'exploitation', 'exploration', 'exploration', 'exploration', 'exploration', 'exploration', 'exploration', 'exploration', 'exploitation', 'exploitation', 'exploration', 'exploitation', 'exploitation', 'exploration', 'exploitation', 'exploration', 'exploitation', 'exploitation', 'exploitation', 'exploitation', 'exploitation', 'exploitation', 'exploration', 'exploitation', 'exploitation', 'exploration', 'exploitation', 'exploration', 'exploitation', 'exploitation', 'exploration', 'exploitation']",217.11246087619548,222.30270057646467
422,137.3661589730671,"[1.0178649312393182, 0.49152429021798666]",[1.000e-04 9.999e-01],[ 2.00120034e-18  1.00010002e+02 -2.00360306e-70  6.51105884e-66],"['exploration', 'exploitation', 'exploitation', 'exploration', 'exploitation', 'exploration', 'exploration', 'exploration', 'exploration', 'exploitation', 'exploitation', 'exploitation', 'exploitation', 'exploration', 'exploitation', 'exploration', 'exploration', 'exploitation', 'exploitation', 'exploration', 'exploitation', 'exploration', 'exploration', 'exploration', 'exploration', 'exploitation', 'exploration', 'exploitation', 'exploration', 'exploration', 'exploration', 'exploration', 'exploration', 'exploitation', 'exploitation', 'exploration', 'exploration', 'exploration', 'exploration', 'exploration', 'exploration', 'exploitation', 'exploration', 'exploitation', 'exploration', 'exploration', 'exploration', 'exploitation', 'exploration', 'exploitation', 'exploration', 'exploration', 'exploration', 'exploration', 'exploration', 'exploitation', 'exploration', 'exploration', 'exploration', 'exploration', 'exploration', 'exploration', 'exploration', 'exploration', 'exploration', 'exploration', 'exploration', 'exploration', 'exploration', 'exploitation', 'exploitation', 'exploration', 'exploration', 'exploration', 'exploration', 'exploration', 'exploration', 'exploration', 'exploration', 'exploration', 'exploration', 'exploration', 'exploration', 'exploration', 'exploration', 'exploitation', 'exploitation', 'exploitation', 'exploitation', 'exploration', 'exploitation', 'exploitation', 'exploitation', 'exploration', 'exploration', 'exploitation', 'exploitation', 'exploitation', 'exploration']",278.7323179461342,283.92255764640333
423,137.4769549353258,"[1.1564429976420736, 0.3717205926677031]",[1.000e-04 9.999e-01],[ 2.00000002e+02  1.00040006e-14 -2.00100022e-18  6.50065000e-02],"['exploration', 'exploration', 'exploration', 'exploitation', 'exploration', 'exploration', 'exploration', 'exploitation', 'exploitation', 'exploitation', 'exploration', 'exploitation', 'exploitation', 'exploitation', 'exploitation', 'exploration', 'exploitation', 'exploitation', 'exploitation', 'exploration', 'exploitation', 'exploitation', 'exploration', 'exploration', 'exploration', 'exploration', 'exploitation', 'exploration', 'exploration', 'exploitation', 'exploitation', 'exploration', 'exploitation', 'exploitation', 'exploration', 'exploration', 'exploration', 'exploitation', 'exploitation', 'exploitation', 'exploration', 'exploration', 'exploitation', 'exploitation', 'exploitation', 'exploitation', 'exploration', 'exploitation', 'exploitation', 'exploitation', 'exploration', 'exploitation', 'exploration', 'exploration', 'exploration', 'exploration', 'exploration', 'exploration', 'exploration', 'exploitation', 'exploitation', 'exploitation', 'exploration', 'exploration', 'exploration', 'exploration', 'exploration', 'exploration', 'exploitation', 'exploitation', 'exploitation', 'exploitation', 'exploration', 'exploration', 'exploitation', 'exploitation', 'exploitation', 'exploration', 'exploration', 'exploration', 'exploration', 'exploration', 'exploration', 'exploration', 'exploration', 'exploration', 'exploitation', 'exploration', 'exploration', 'exploration', 'exploration', 'exploration', 'exploration', 'exploitation', 'exploration', 'exploitation', 'exploration', 'exploration', 'exploitation']",278.9539098706516,284.1441495709208
424,136.9474805430539,"[1.0406745757077782, 0.8278557079511027]",[0.00032802 0.29337097],[105.6648455   44.9797262  992.50321761 -85.76070588],"['exploitation', 'exploration', 'exploration', 'exploration', 'exploration', 'exploration', 'exploitation', 'exploration', 'exploitation', 'exploration', 'exploitation', 'exploration', 'exploitation', 'exploitation', 'exploration', 'exploitation', 'exploration', 'exploration', 'exploration', 'exploration', 'exploitation', 'exploration', 'exploration', 'exploration', 'exploration', 'exploitation', 'exploration', 'exploration', 'exploration', 'exploration', 'exploration', 'exploitation', 'exploration', 'exploration', 'exploration', 'exploration', 'exploration', 'exploration', 'exploration', 'exploitation', 'exploitation', 'exploration', 'exploitation', 'exploration', 'exploration', 'exploration', 'exploration', 'exploitation', 'exploration', 'exploration', 'exploitation', 'exploration', 'exploration', 'exploration', 'exploration', 'exploration', 'exploration', 'exploitation', 'exploration', 'exploration', 'exploration', 'exploitation', 'exploration', 'exploration', 'exploration', 'exploration', 'exploitation', 'exploitation', 'exploration', 'exploration', 'exploration', 'exploitation', 'exploration', 'exploitation', 'exploration', 'exploitation', 'exploration', 'exploration', 'exploration', 'exploration', 'exploitation', 'exploration', 'exploration', 'exploration', 'exploration', 'exploration', 'exploration', 'exploration', 'exploitation', 'exploration', 'exploration', 'exploitation', 'exploration', 'exploration', 'exploitation', 'exploration', 'exploration', 'exploration', 'exploration']",277.8949610861078,283.08520078637696
425,135.2049404482655,"[0.011164076627789359, 0.0956895627874003]",[0.00102435 0.37992457],[-3.23825513e+02  1.54353970e+02 -5.92470239e-02 -1.69477527e+01],"['exploitation', 'exploration', 'exploration', 'exploitation', 'exploration', 'exploration', 'exploitation', 'exploration', 'exploitation', 'exploration', 'exploration', 'exploration', 'exploration', 'exploration', 'exploration', 'exploitation', 'exploitation', 'exploitation', 'exploitation', 'exploration', 'exploration', 'exploration', 'exploitation', 'exploitation', 'exploration', 'exploration', 'exploration', 'exploration', 'exploration', 'exploration', 'exploration', 'exploration', 'exploitation', 'exploitation', 'exploration', 'exploitation', 'exploration', 'exploration', 'exploration', 'exploration', 'exploitation', 'exploration', 'exploration', 'exploration', 'exploration', 'exploration', 'exploration', 'exploration', 'exploitation', 'exploration', 'exploration', 'exploration', 'exploration', 'exploration', 'exploitation', 'exploration', 'exploration', 'exploration', 'exploration', 'exploration', 'exploitation', 'exploration', 'exploration', 'exploitation', 'exploration', 'exploration', 'exploration', 'exploration', 'exploitation', 'exploitation', 'exploration', 'exploration', 'exploration', 'exploitation', 'exploration', 'exploitation', 'exploration', 'exploitation', 'exploration', 'exploration', 'exploration', 'exploration', 'exploitation', 'exploration', 'exploration', 'exploration', 'exploitation', 'exploitation', 'exploitation', 'exploitation', 'exploration', 'exploitation', 'exploitation', 'exploration', 'exploitation', 'exploitation', 'exploration', 'exploitation', 'exploitation']",274.409880896531,279.60012059680014
426,109.35030483267529,"[0.39210837227957696, 0.10601810771541972]",[0.00511089 0.49900056],[ 3.49540876e+02 -6.99169150e+01 -8.00131989e-01 -1.98867296e-01],"['exploitation', 'exploitation', 'exploitation', 'exploitation', 'exploration', 'exploitation', 'exploitation', 'exploitation', 'exploration', 'exploitation', 'exploration', 'exploration', 'exploitation', 'exploitation', 'exploitation', 'exploration', 'exploration', 'exploration', 'exploitation', 'exploration', 'exploitation', 'exploration', 'exploration', 'exploration', 'exploration', 'exploration', 'exploration', 'exploration', 'exploration', 'exploitation', 'exploitation', 'exploitation', 'exploration', 'exploitation', 'exploitation', 'exploration', 'exploitation', 'exploration', 'exploration', 'exploitation', 'exploitation', 'exploitation', 'exploitation', 'exploration', 'exploitation', 'exploration', 'exploitation', 'exploitation', 'exploitation', 'exploitation', 'exploitation', 'exploration', 'exploitation', 'exploitation', 'exploitation', 'exploitation', 'exploitation', 'exploration', 'exploration', 'exploitation', 'exploitation', 'exploitation', 'exploitation', 'exploration', 'exploitation', 'exploration', 'exploration', 'exploration', 'exploration', 'exploitation', 'exploration', 'exploration', 'exploitation', 'exploration', 'exploration', 'exploitation', 'exploitation', 'exploration', 'exploitation', 'exploitation', 'exploitation', 'exploitation', 'exploitation', 'exploration', 'exploitation', 'exploitation', 'exploitation', 'exploitation', 'exploitation', 'exploitation', 'exploitation', 'exploitation', 'exploitation', 'exploitation', 'exploitation', 'exploration', 'exploitation', 'exploitation', 'exploitation']",222.70060966535058,227.89084936561977
427,130.48964707665792,"[2.325143258958927, 0.06245077200468626]",[0.00172523 0.3615911 ],[ 274.57289357 -146.67806132   45.66433974    4.53054128],"['exploitation', 'exploitation', 'exploitation', 'exploration', 'exploration', 'exploration', 'exploitation', 'exploitation', 'exploitation', 'exploration', 'exploitation', 'exploitation', 'exploration', 'exploration', 'exploitation', 'exploitation', 'exploration', 'exploitation', 'exploitation', 'exploitation', 'exploration', 'exploration', 'exploration', 'exploitation', 'exploitation', 'exploitation', 'exploitation', 'exploration', 'exploration', 'exploration', 'exploration', 'exploration', 'exploration', 'exploitation', 'exploitation', 'exploration', 'exploration', 'exploration', 'exploitation', 'exploitation', 'exploitation', 'exploitation', 'exploitation', 'exploitation', 'exploitation', 'exploration', 'exploration', 'exploitation', 'exploitation', 'exploration', 'exploitation', 'exploration', 'exploration', 'exploration', 'exploration', 'exploration', 'exploitation', 'exploitation', 'exploitation', 'exploration', 'exploitation', 'exploration', 'exploration', 'exploration', 'exploration', 'exploitation', 'exploration', 'exploration', 'exploration', 'exploration', 'exploitation', 'exploration', 'exploration', 'exploitation', 'exploration', 'exploration', 'exploration', 'exploration', 'exploration', 'exploration', 'exploitation', 'exploration', 'exploitation', 'exploitation', 'exploitation', 'exploration', 'exploitation', 'exploitation', 'exploration', 'exploitation', 'exploration', 'exploitation', 'exploitation', 'exploration', 'exploration', 'exploration', 'exploitation', 'exploitation', 'exploration']",264.97929415331583,270.169533853585
428,132.67234992861955,"[0.6517041633810222, 0.32578464279220526]",[0.00205033 0.64948606],[-1.19270885e+02  1.25492041e+02 -9.80819476e-21 -1.71895447e-21],"['exploration', 'exploitation', 'exploration', 'exploration', 'exploration', 'exploration', 'exploitation', 'exploitation', 'exploitation', 'exploitation', 'exploration', 'exploration', 'exploitation', 'exploration', 'exploration', 'exploitation', 'exploration', 'exploitation', 'exploitation', 'exploration', 'exploitation', 'exploitation', 'exploration', 'exploration', 'exploitation', 'exploration', 'exploration', 'exploitation', 'exploitation', 'exploration', 'exploitation', 'exploration', 'exploitation', 'exploitation', 'exploration', 'exploitation', 'exploitation', 'exploration', 'exploration', 'exploration', 'exploration', 'exploration', 'exploitation', 'exploitation', 'exploration', 'exploitation', 'exploration', 'exploration', 'exploration', 'exploitation', 'exploration', 'exploration', 'exploration', 'exploration', 'exploration', 'exploitation', 'exploitation', 'exploration', 'exploration', 'exploitation', 'exploitation', 'exploration', 'exploration', 'exploration', 'exploitation', 'exploitation', 'exploration', 'exploitation', 'exploration', 'exploitation', 'exploitation', 'exploration', 'exploration', 'exploitation', 'exploitation', 'exploitation', 'exploration', 'exploitation', 'exploration', 'exploration', 'exploration', 'exploration', 'exploration', 'exploitation', 'exploitation', 'exploitation', 'exploration', 'exploration', 'exploration', 'exploitation', 'exploration', 'exploitation', 'exploration', 'exploration', 'exploitation', 'exploitation', 'exploration', 'exploitation', 'exploitation']",269.3446998572391,274.53493955750827
429,137.98875891754756,"[0.29564522895333173, 0.3739756872202658]",[1.000e-04 9.999e-01],[ 2.00040006e-02  1.00070022e-22 -2.00000000e+02  6.50835492e-50],"['exploitation', 'exploitation', 'exploration', 'exploitation', 'exploitation', 'exploration', 'exploitation', 'exploitation', 'exploration', 'exploration', 'exploitation', 'exploitation', 'exploitation', 'exploration', 'exploration', 'exploration', 'exploration', 'exploration', 'exploration', 'exploitation', 'exploration', 'exploitation', 'exploitation', 'exploitation', 'exploration', 'exploration', 'exploitation', 'exploration', 'exploration', 'exploitation', 'exploitation', 'exploitation', 'exploration', 'exploitation', 'exploitation', 'exploration', 'exploitation', 'exploration', 'exploration', 'exploitation', 'exploitation', 'exploitation', 'exploration', 'exploration', 'exploration', 'exploitation', 'exploitation', 'exploitation', 'exploration', 'exploration', 'exploration', 'exploration', 'exploration', 'exploration', 'exploration', 'exploration', 'exploitation', 'exploration', 'exploration', 'exploration', 'exploration', 'exploitation', 'exploration', 'exploration', 'exploration', 'exploitation', 'exploration', 'exploitation', 'exploitation', 'exploitation', 'exploration', 'exploration', 'exploration', 'exploration', 'exploration', 'exploration', 'exploration', 'exploitation', 'exploitation', 'exploitation', 'exploration', 'exploration', 'exploration', 'exploration', 'exploration', 'exploration', 'exploration', 'exploration', 'exploration', 'exploration', 'exploration', 'exploitation', 'exploration', 'exploration', 'exploitation', 'exploitation', 'exploitation', 'exploration', 'exploration']",279.9775178350951,285.1677575353643
430,92.16266534548717,"[0.596796484636178, 0.47424648149547266]",[0.00864252 0.59810624],[ 2.53012184e+02 -3.97855915e-01 -5.73571518e-04 -1.15257405e-04],"['exploration', 'exploration', 'exploration', 'exploration', 'exploration', 'exploration', 'exploration', 'exploration', 'exploitation', 'exploitation', 'exploration', 'exploration', 'exploitation', 'exploitation', 'exploitation', 'exploitation', 'exploration', 'exploitation', 'exploitation', 'exploitation', 'exploitation', 'exploration', 'exploration', 'exploitation', 'exploitation', 'exploitation', 'exploitation', 'exploration', 'exploitation', 'exploitation', 'exploitation', 'exploitation', 'exploration', 'exploitation', 'exploitation', 'exploitation', 'exploitation', 'exploitation', 'exploration', 'exploitation', 'exploitation', 'exploitation', 'exploitation', 'exploration', 'exploitation', 'exploitation', 'exploitation', 'exploration', 'exploration', 'exploitation', 'exploitation', 'exploration', 'exploitation', 'exploration', 'exploration', 'exploitation', 'exploitation', 'exploitation', 'exploration', 'exploitation', 'exploitation', 'exploitation', 'exploitation', 'exploration', 'exploitation', 'exploitation', 'exploitation', 'exploitation', 'exploration', 'exploitation', 'exploitation', 'exploitation', 'exploitation', 'exploration', 'exploitation', 'exploitation', 'exploitation', 'exploitation', 'exploration', 'exploitation', 'exploitation', 'exploitation', 'exploration', 'exploration', 'exploitation', 'exploitation', 'exploitation', 'exploitation', 'exploitation', 'exploitation', 'exploration', 'exploitation', 'exploitation', 'exploitation', 'exploitation', 'exploration', 'exploration', 'exploitation', 'exploitation']",188.32533069097434,193.51557039124353
431,130.40442471991489,"[1.5646172558649856, 0.8294728565272542]",[0.00222217 0.59560701],[-3.73280832e+02 -1.83145123e-03 -2.31007339e+00 -9.99930805e+01],"['exploration', 'exploration', 'exploration', 'exploitation', 'exploitation', 'exploitation', 'exploration', 'exploitation', 'exploitation', 'exploitation', 'exploration', 'exploitation', 'exploration', 'exploration', 'exploration', 'exploration', 'exploration', 'exploitation', 'exploration', 'exploration', 'exploration', 'exploitation', 'exploitation', 'exploration', 'exploitation', 'exploration', 'exploration', 'exploration', 'exploration', 'exploitation', 'exploitation', 'exploitation', 'exploration', 'exploitation', 'exploration', 'exploration', 'exploration', 'exploitation', 'exploitation', 'exploitation', 'exploration', 'exploration', 'exploration', 'exploitation', 'exploration', 'exploration', 'exploration', 'exploration', 'exploitation', 'exploitation', 'exploration', 'exploration', 'exploitation', 'exploration', 'exploration', 'exploitation', 'exploitation', 'exploitation', 'exploration', 'exploration', 'exploitation', 'exploration', 'exploration', 'exploration', 'exploitation', 'exploration', 'exploration', 'exploration', 'exploitation', 'exploration', 'exploitation', 'exploitation', 'exploration', 'exploitation', 'exploration', 'exploitation', 'exploration', 'exploration', 'exploration', 'exploration', 'exploitation', 'exploitation', 'exploitation', 'exploitation', 'exploration', 'exploration', 'exploitation', 'exploration', 'exploration', 'exploration', 'exploration', 'exploitation', 'exploration', 'exploitation', 'exploitation', 'exploitation', 'exploitation', 'exploitation', 'exploitation']",264.80884943982977,269.99908914009893
432,136.32280526089346,"[0.4873387166431623, 0.857889655686136]",[0.00029063 0.01303113],[-233.26666974 -332.62871111 1333.17521321  247.87895125],"['exploitation', 'exploration', 'exploration', 'exploration', 'exploration', 'exploitation', 'exploitation', 'exploitation', 'exploitation', 'exploitation', 'exploitation', 'exploitation', 'exploration', 'exploration', 'exploration', 'exploration', 'exploitation', 'exploration', 'exploration', 'exploration', 'exploitation', 'exploitation', 'exploration', 'exploration', 'exploration', 'exploration', 'exploration', 'exploration', 'exploration', 'exploration', 'exploration', 'exploration', 'exploration', 'exploration', 'exploration', 'exploration', 'exploration', 'exploration', 'exploration', 'exploitation', 'exploration', 'exploration', 'exploration', 'exploration', 'exploration', 'exploitation', 'exploitation', 'exploration', 'exploration', 'exploration', 'exploration', 'exploration', 'exploration', 'exploration', 'exploration', 'exploration', 'exploration', 'exploration', 'exploration', 'exploration', 'exploration', 'exploration', 'exploration', 'exploitation', 'exploitation', 'exploitation', 'exploration', 'exploration', 'exploration', 'exploration', 'exploration', 'exploration', 'exploitation', 'exploration', 'exploration', 'exploitation', 'exploration', 'exploitation', 'exploitation', 'exploration', 'exploration', 'exploration', 'exploration', 'exploration', 'exploitation', 'exploitation', 'exploitation', 'exploitation', 'exploration', 'exploration', 'exploration', 'exploitation', 'exploitation', 'exploitation', 'exploitation', 'exploitation', 'exploration', 'exploration', 'exploration']",276.6456105217869,281.8358502220561
433,135.19117782190781,"[0.24057592749372889, 0.24606160636764698]",[0.00106035 0.65217493],[-356.67502298    0.51656498  -24.23993133 -100.31529276],"['exploration', 'exploitation', 'exploration', 'exploration', 'exploration', 'exploration', 'exploration', 'exploration', 'exploration', 'exploration', 'exploration', 'exploration', 'exploitation', 'exploration', 'exploitation', 'exploration', 'exploration', 'exploitation', 'exploitation', 'exploitation', 'exploration', 'exploration', 'exploitation', 'exploration', 'exploration', 'exploration', 'exploration', 'exploration', 'exploitation', 'exploration', 'exploration', 'exploration', 'exploration', 'exploration', 'exploration', 'exploitation', 'exploration', 'exploitation', 'exploration', 'exploration', 'exploration', 'exploration', 'exploration', 'exploration', 'exploration', 'exploration', 'exploration', 'exploration', 'exploration', 'exploration', 'exploitation', 'exploration', 'exploitation', 'exploration', 'exploration', 'exploitation', 'exploration', 'exploration', 'exploration', 'exploitation', 'exploration', 'exploration', 'exploration', 'exploration', 'exploitation', 'exploitation', 'exploration', 'exploitation', 'exploration', 'exploration', 'exploration', 'exploration', 'exploration', 'exploration', 'exploration', 'exploitation', 'exploration', 'exploration', 'exploration', 'exploration', 'exploitation', 'exploitation', 'exploration', 'exploration', 'exploration', 'exploration', 'exploitation', 'exploration', 'exploration', 'exploration', 'exploration', 'exploration', 'exploration', 'exploitation', 'exploration', 'exploration', 'exploitation', 'exploration', 'exploitation']",274.38235564381563,279.5725953440848
434,127.65892746074907,"[0.37506570162879177, 0.11698057433782345]",[0.00054193 0.0001    ],[ -145.26977891 -1736.26961449  1997.43769868  -496.46338868],"['exploration', 'exploitation', 'exploitation', 'exploitation', 'exploitation', 'exploration', 'exploration', 'exploration', 'exploitation', 'exploitation', 'exploration', 'exploration', 'exploration', 'exploration', 'exploration', 'exploration', 'exploration', 'exploration', 'exploration', 'exploration', 'exploration', 'exploration', 'exploration', 'exploration', 'exploration', 'exploration', 'exploration', 'exploration', 'exploration', 'exploration', 'exploration', 'exploration', 'exploration', 'exploration', 'exploration', 'exploration', 'exploration', 'exploitation', 'exploitation', 'exploration', 'exploitation', 'exploration', 'exploration', 'exploration', 'exploration', 'exploitation', 'exploitation', 'exploitation', 'exploration', 'exploration', 'exploration', 'exploration', 'exploration', 'exploration', 'exploration', 'exploration', 'exploitation', 'exploration', 'exploitation', 'exploitation', 'exploitation', 'exploration', 'exploitation', 'exploitation', 'exploitation', 'exploitation', 'exploitation', 'exploitation', 'exploitation', 'exploitation', 'exploitation', 'exploitation', 'exploitation', 'exploitation', 'exploitation', 'exploitation', 'exploitation', 'exploitation', 'exploitation', 'exploitation', 'exploitation', 'exploitation', 'exploitation', 'exploitation', 'exploitation', 'exploitation', 'exploitation', 'exploitation', 'exploitation', 'exploitation', 'exploitation', 'exploitation', 'exploration', 'exploration', 'exploration', 'exploration', 'exploration', 'exploration', 'exploration']",259.3178549214981,264.5080946217673
435,131.9214090129456,"[0.11632268103771203, 0.22460350784788638]",[0.00213569 0.9999    ],[ 2.00020004e+02  1.00070022e-22 -2.00054961e-30  6.50325065e-18],"['exploitation', 'exploitation', 'exploitation', 'exploration', 'exploitation', 'exploitation', 'exploration', 'exploitation', 'exploitation', 'exploitation', 'exploration', 'exploration', 'exploration', 'exploitation', 'exploration', 'exploitation', 'exploitation', 'exploitation', 'exploration', 'exploitation', 'exploitation', 'exploitation', 'exploration', 'exploration', 'exploitation', 'exploration', 'exploitation', 'exploration', 'exploitation', 'exploitation', 'exploitation', 'exploration', 'exploitation', 'exploration', 'exploration', 'exploitation', 'exploration', 'exploitation', 'exploitation', 'exploitation', 'exploration', 'exploitation', 'exploitation', 'exploration', 'exploitation', 'exploitation', 'exploration', 'exploitation', 'exploitation', 'exploitation', 'exploration', 'exploitation', 'exploration', 'exploration', 'exploitation', 'exploration', 'exploration', 'exploration', 'exploitation', 'exploitation', 'exploitation', 'exploration', 'exploitation', 'exploration', 'exploration', 'exploration', 'exploration', 'exploitation', 'exploitation', 'exploitation', 'exploration', 'exploration', 'exploitation', 'exploration', 'exploitation', 'exploitation', 'exploitation', 'exploration', 'exploitation', 'exploration', 'exploration', 'exploration', 'exploration', 'exploration', 'exploration', 'exploitation', 'exploitation', 'exploitation', 'exploration', 'exploitation', 'exploration', 'exploitation', 'exploration', 'exploration', 'exploration', 'exploitation', 'exploitation', 'exploitation', 'exploitation']",267.8428180258912,273.03305772616034
436,128.7403484284783,"[1.5658277688300584, 0.6334229291609884]",[0.00352622 0.93386847],[ 9.35033203e-01  1.06613152e+02 -1.39936899e-12 -5.53171353e-07],"['exploitation', 'exploitation', 'exploration', 'exploitation', 'exploitation', 'exploitation', 'exploration', 'exploitation', 'exploration', 'exploitation', 'exploitation', 'exploitation', 'exploitation', 'exploration', 'exploration', 'exploitation', 'exploitation', 'exploration', 'exploitation', 'exploitation', 'exploitation', 'exploitation', 'exploration', 'exploration', 'exploitation', 'exploitation', 'exploration', 'exploitation', 'exploitation', 'exploration', 'exploitation', 'exploitation', 'exploitation', 'exploration', 'exploitation', 'exploitation', 'exploration', 'exploration', 'exploration', 'exploitation', 'exploration', 'exploration', 'exploration', 'exploitation', 'exploration', 'exploration', 'exploration', 'exploitation', 'exploitation', 'exploration', 'exploration', 'exploitation', 'exploitation', 'exploration', 'exploitation', 'exploitation', 'exploration', 'exploitation', 'exploitation', 'exploitation', 'exploration', 'exploration', 'exploitation', 'exploration', 'exploration', 'exploration', 'exploration', 'exploration', 'exploration', 'exploration', 'exploration', 'exploration', 'exploitation', 'exploitation', 'exploration', 'exploitation', 'exploration', 'exploitation', 'exploration', 'exploration', 'exploration', 'exploration', 'exploration', 'exploitation', 'exploration', 'exploitation', 'exploration', 'exploitation', 'exploitation', 'exploration', 'exploration', 'exploration', 'exploitation', 'exploration', 'exploitation', 'exploitation', 'exploration', 'exploitation', 'exploitation']",261.4806968569566,266.6709365572258
437,132.36619313790663,"[0.7006000967681197, 0.03090483265854942]",[0.00265286 0.93337993],[-6.90634158e+01  9.98099211e+01 -1.76407012e-65 -2.61179373e-49],"['exploration', 'exploration', 'exploration', 'exploitation', 'exploitation', 'exploitation', 'exploitation', 'exploitation', 'exploitation', 'exploitation', 'exploitation', 'exploration', 'exploitation', 'exploitation', 'exploration', 'exploration', 'exploration', 'exploitation', 'exploration', 'exploration', 'exploitation', 'exploration', 'exploitation', 'exploration', 'exploration', 'exploitation', 'exploitation', 'exploitation', 'exploration', 'exploitation', 'exploration', 'exploitation', 'exploitation', 'exploitation', 'exploration', 'exploitation', 'exploitation', 'exploration', 'exploitation', 'exploitation', 'exploration', 'exploitation', 'exploration', 'exploitation', 'exploitation', 'exploration', 'exploitation', 'exploitation', 'exploration', 'exploitation', 'exploitation', 'exploration', 'exploration', 'exploration', 'exploration', 'exploration', 'exploration', 'exploitation', 'exploitation', 'exploitation', 'exploitation', 'exploitation', 'exploration', 'exploitation', 'exploitation', 'exploitation', 'exploitation', 'exploration', 'exploitation', 'exploitation', 'exploitation', 'exploitation', 'exploration', 'exploitation', 'exploitation', 'exploitation', 'exploration', 'exploitation', 'exploitation', 'exploration', 'exploration', 'exploitation', 'exploitation', 'exploitation', 'exploitation', 'exploration', 'exploitation', 'exploitation', 'exploitation', 'exploitation', 'exploration', 'exploitation', 'exploitation', 'exploitation', 'exploitation', 'exploitation', 'exploitation', 'exploration', 'exploitation']",268.73238627581327,273.92262597608243
438,137.205887105321,"[1.097199511232713, 0.9506829477171146]",[1.65169855e-04 9.06995371e-01],[-2.41386988e-18  1.02489257e+01 -8.37691691e-11 -1.00000000e+02],"['exploration', 'exploitation', 'exploration', 'exploration', 'exploration', 'exploration', 'exploitation', 'exploration', 'exploration', 'exploration', 'exploration', 'exploration', 'exploration', 'exploration', 'exploitation', 'exploration', 'exploration', 'exploration', 'exploration', 'exploitation', 'exploitation', 'exploration', 'exploitation', 'exploration', 'exploration', 'exploration', 'exploitation', 'exploration', 'exploration', 'exploitation', 'exploration', 'exploration', 'exploitation', 'exploration', 'exploitation', 'exploitation', 'exploitation', 'exploitation', 'exploitation', 'exploration', 'exploration', 'exploration', 'exploration', 'exploration', 'exploration', 'exploration', 'exploitation', 'exploration', 'exploration', 'exploration', 'exploration', 'exploration', 'exploitation', 'exploration', 'exploitation', 'exploration', 'exploration', 'exploration', 'exploration', 'exploration', 'exploration', 'exploitation', 'exploitation', 'exploitation', 'exploitation', 'exploration', 'exploitation', 'exploitation', 'exploitation', 'exploitation', 'exploration', 'exploitation', 'exploitation', 'exploration', 'exploitation', 'exploitation', 'exploitation', 'exploitation', 'exploration', 'exploration', 'exploration', 'exploration', 'exploration', 'exploitation', 'exploration', 'exploration', 'exploitation', 'exploitation', 'exploration', 'exploitation', 'exploitation', 'exploitation', 'exploitation', 'exploration', 'exploitation', 'exploitation', 'exploitation', 'exploration', 'exploration']",278.411774210642,283.6020139109112
439,137.30535351577436,"[0.8652169899224318, 0.32043003350649196]",[1.000e-04 9.999e-01],[-1.05008499e-001  1.00662150e-262 -2.00620931e-122 -1.00000000e+002],"['exploration', 'exploitation', 'exploitation', 'exploration', 'exploration', 'exploitation', 'exploitation', 'exploration', 'exploration', 'exploration', 'exploration', 'exploitation', 'exploitation', 'exploitation', 'exploration', 'exploitation', 'exploitation', 'exploitation', 'exploitation', 'exploration', 'exploitation', 'exploitation', 'exploitation', 'exploitation', 'exploration', 'exploitation', 'exploitation', 'exploitation', 'exploitation', 'exploration', 'exploitation', 'exploration', 'exploration', 'exploitation', 'exploitation', 'exploration', 'exploitation', 'exploitation', 'exploitation', 'exploitation', 'exploration', 'exploitation', 'exploitation', 'exploitation', 'exploration', 'exploitation', 'exploration', 'exploration', 'exploration', 'exploitation', 'exploitation', 'exploration', 'exploitation', 'exploitation', 'exploration', 'exploitation', 'exploitation', 'exploitation', 'exploration', 'exploration', 'exploration', 'exploration', 'exploration', 'exploitation', 'exploration', 'exploration', 'exploration', 'exploitation', 'exploitation', 'exploitation', 'exploitation', 'exploration', 'exploitation', 'exploitation', 'exploitation', 'exploitation', 'exploration', 'exploitation', 'exploitation', 'exploitation', 'exploitation', 'exploration', 'exploration', 'exploitation', 'exploration', 'exploration', 'exploitation', 'exploration', 'exploitation', 'exploitation', 'exploitation', 'exploration', 'exploitation', 'exploration', 'exploitation', 'exploitation', 'exploitation', 'exploration', 'exploration']",278.6107070315487,283.8009467318179
440,70.20785689803394,"[0.6228563073309826, 0.8646190080860945]",[0.00326104 0.03169807],[ -10.61857235  -39.41263248 1126.71792416   54.21239424],"['exploration', 'exploration', 'exploitation', 'exploitation', 'exploitation', 'exploitation', 'exploitation', 'exploitation', 'exploitation', 'exploitation', 'exploitation', 'exploration', 'exploration', 'exploration', 'exploration', 'exploitation', 'exploitation', 'exploitation', 'exploration', 'exploration', 'exploration', 'exploitation', 'exploitation', 'exploitation', 'exploitation', 'exploitation', 'exploration', 'exploration', 'exploration', 'exploration', 'exploration', 'exploration', 'exploration', 'exploration', 'exploration', 'exploitation', 'exploitation', 'exploration', 'exploration', 'exploration', 'exploitation', 'exploitation', 'exploitation', 'exploration', 'exploration', 'exploitation', 'exploitation', 'exploitation', 'exploitation', 'exploration', 'exploitation', 'exploitation', 'exploitation', 'exploitation', 'exploitation', 'exploitation', 'exploitation', 'exploitation', 'exploitation', 'exploitation', 'exploitation', 'exploitation', 'exploitation', 'exploitation', 'exploitation', 'exploitation', 'exploitation', 'exploitation', 'exploitation', 'exploitation', 'exploitation', 'exploitation', 'exploitation', 'exploitation', 'exploitation', 'exploitation', 'exploitation', 'exploitation', 'exploitation', 'exploitation', 'exploitation', 'exploitation', 'exploitation', 'exploitation', 'exploitation', 'exploitation', 'exploitation', 'exploitation', 'exploitation', 'exploitation', 'exploitation', 'exploitation', 'exploitation', 'exploitation', 'exploitation', 'exploitation', 'exploitation', 'exploitation', 'exploitation']",144.41571379606788,149.60595349633707
442,129.33956939649443,"[0.03452692627945631, 0.3506042943589036]",[0.00264765 0.9999    ],[-1.05029502e-009  1.00000000e+002 -2.00580815e-110 -9.99449870e-003],"['exploitation', 'exploration', 'exploration', 'exploitation', 'exploration', 'exploration', 'exploitation', 'exploration', 'exploration', 'exploration', 'exploration', 'exploration', 'exploitation', 'exploration', 'exploration', 'exploration', 'exploitation', 'exploitation', 'exploitation', 'exploration', 'exploitation', 'exploration', 'exploration', 'exploitation', 'exploitation', 'exploration', 'exploration', 'exploration', 'exploitation', 'exploration', 'exploration', 'exploration', 'exploitation', 'exploration', 'exploration', 'exploitation', 'exploration', 'exploration', 'exploration', 'exploration', 'exploration', 'exploration', 'exploration', 'exploration', 'exploration', 'exploitation', 'exploration', 'exploration', 'exploitation', 'exploration', 'exploitation', 'exploitation', 'exploration', 'exploration', 'exploitation', 'exploration', 'exploration', 'exploration', 'exploration', 'exploitation', 'exploitation', 'exploration', 'exploration', 'exploration', 'exploitation', 'exploitation', 'exploration', 'exploitation', 'exploitation', 'exploration', 'exploitation', 'exploitation', 'exploration', 'exploitation', 'exploitation', 'exploitation', 'exploitation', 'exploitation', 'exploitation', 'exploitation', 'exploration', 'exploitation', 'exploitation', 'exploitation', 'exploration', 'exploration', 'exploration', 'exploration', 'exploitation', 'exploitation', 'exploration', 'exploitation', 'exploitation', 'exploitation', 'exploitation', 'exploration', 'exploitation', 'exploration', 'exploitation']",262.67913879298885,267.869378493258
443,137.0367055235879,"[0.09100476856141303, 0.8509124838942037]",[0.00023083 0.14535172],[-207.17165753  121.79026747 -152.30060427  215.22460004],"['exploration', 'exploration', 'exploration', 'exploitation', 'exploration', 'exploration', 'exploration', 'exploration', 'exploration', 'exploration', 'exploitation', 'exploitation', 'exploitation', 'exploration', 'exploitation', 'exploration', 'exploitation', 'exploration', 'exploration', 'exploitation', 'exploitation', 'exploration', 'exploration', 'exploration', 'exploration', 'exploration', 'exploration', 'exploration', 'exploration', 'exploitation', 'exploration', 'exploration', 'exploration', 'exploration', 'exploration', 'exploitation', 'exploration', 'exploration', 'exploration', 'exploitation', 'exploration', 'exploration', 'exploration', 'exploration', 'exploitation', 'exploration', 'exploration', 'exploration', 'exploration', 'exploration', 'exploitation', 'exploration', 'exploration', 'exploration', 'exploration', 'exploration', 'exploration', 'exploration', 'exploration', 'exploration', 'exploration', 'exploration', 'exploitation', 'exploration', 'exploration', 'exploitation', 'exploration', 'exploitation', 'exploration', 'exploration', 'exploration', 'exploitation', 'exploration', 'exploration', 'exploitation', 'exploration', 'exploration', 'exploration', 'exploitation', 'exploration', 'exploitation', 'exploration', 'exploration', 'exploration', 'exploration', 'exploitation', 'exploration', 'exploration', 'exploration', 'exploitation', 'exploration', 'exploration', 'exploitation', 'exploration', 'exploration', 'exploration', 'exploration', 'exploitation', 'exploration']",278.0734110471758,283.26365074744496
444,136.69804538187236,"[0.2345776861736725, 0.8799284160927645]",[0.00015714 0.0001    ],[-2136.79137394 -1146.60472711   253.38778202  -147.46893294],"['exploration', 'exploration', 'exploitation', 'exploitation', 'exploitation', 'exploitation', 'exploitation', 'exploration', 'exploration', 'exploitation', 'exploitation', 'exploitation', 'exploration', 'exploration', 'exploration', 'exploitation', 'exploitation', 'exploration', 'exploration', 'exploration', 'exploration', 'exploitation', 'exploration', 'exploration', 'exploration', 'exploration', 'exploration', 'exploration', 'exploitation', 'exploitation', 'exploitation', 'exploitation', 'exploitation', 'exploitation', 'exploitation', 'exploration', 'exploration', 'exploration', 'exploration', 'exploration', 'exploration', 'exploration', 'exploration', 'exploration', 'exploration', 'exploration', 'exploration', 'exploration', 'exploration', 'exploration', 'exploration', 'exploration', 'exploration', 'exploration', 'exploration', 'exploration', 'exploration', 'exploration', 'exploration', 'exploitation', 'exploitation', 'exploitation', 'exploitation', 'exploration', 'exploration', 'exploration', 'exploitation', 'exploitation', 'exploration', 'exploration', 'exploration', 'exploration', 'exploration', 'exploration', 'exploration', 'exploitation', 'exploitation', 'exploration', 'exploration', 'exploration', 'exploration', 'exploration', 'exploration', 'exploitation', 'exploitation', 'exploitation', 'exploration', 'exploration', 'exploration', 'exploration', 'exploration', 'exploration', 'exploration', 'exploitation', 'exploitation', 'exploration', 'exploration', 'exploration', 'exploration']",277.3960907637447,282.5863304640139
445,137.05625580361922,"[2.7550051984137194, 0.34527084108723477]",[3.64816628e-04 9.99900000e-01],[ 2.00420424e-78 -6.50130007e-06 -2.00100020e-18 -1.00010001e+02],"['exploration', 'exploration', 'exploration', 'exploitation', 'exploitation', 'exploitation', 'exploitation', 'exploitation', 'exploitation', 'exploitation', 'exploitation', 'exploitation', 'exploration', 'exploitation', 'exploitation', 'exploitation', 'exploitation', 'exploitation', 'exploitation', 'exploitation', 'exploitation', 'exploitation', 'exploitation', 'exploitation', 'exploration', 'exploitation', 'exploitation', 'exploitation', 'exploration', 'exploitation', 'exploitation', 'exploitation', 'exploration', 'exploration', 'exploitation', 'exploitation', 'exploitation', 'exploration', 'exploration', 'exploration', 'exploitation', 'exploitation', 'exploitation', 'exploration', 'exploration', 'exploitation', 'exploitation', 'exploitation', 'exploitation', 'exploration', 'exploration', 'exploration', 'exploitation', 'exploitation', 'exploitation', 'exploration', 'exploitation', 'exploitation', 'exploitation', 'exploration', 'exploration', 'exploitation', 'exploitation', 'exploitation', 'exploration', 'exploitation', 'exploration', 'exploitation', 'exploitation', 'exploitation', 'exploration', 'exploitation', 'exploration', 'exploration', 'exploration', 'exploitation', 'exploitation', 'exploitation', 'exploration', 'exploration', 'exploitation', 'exploitation', 'exploitation', 'exploration', 'exploration', 'exploration', 'exploration', 'exploration', 'exploration', 'exploitation', 'exploitation', 'exploitation', 'exploration', 'exploration', 'exploration', 'exploitation', 'exploration', 'exploration', 'exploration']",278.11251160723845,283.3027513075076
446,137.53741543528116,"[0.07968960517233434, 0.7524124584426453]",[1.000e-04 9.999e-01],[ 2.00020004e+02 -6.50705346e-42 -2.00100020e-18  6.50380090e-22],"['exploration', 'exploration', 'exploration', 'exploration', 'exploitation', 'exploration', 'exploration', 'exploitation', 'exploitation', 'exploitation', 'exploitation', 'exploration', 'exploitation', 'exploitation', 'exploration', 'exploration', 'exploration', 'exploitation', 'exploration', 'exploration', 'exploitation', 'exploitation', 'exploitation', 'exploration', 'exploration', 'exploration', 'exploitation', 'exploitation', 'exploration', 'exploration', 'exploration', 'exploration', 'exploration', 'exploration', 'exploration', 'exploration', 'exploitation', 'exploration', 'exploration', 'exploration', 'exploitation', 'exploration', 'exploration', 'exploitation', 'exploitation', 'exploration', 'exploration', 'exploration', 'exploration', 'exploration', 'exploration', 'exploration', 'exploration', 'exploitation', 'exploration', 'exploration', 'exploration', 'exploration', 'exploration', 'exploration', 'exploration', 'exploitation', 'exploration', 'exploitation', 'exploitation', 'exploitation', 'exploration', 'exploration', 'exploration', 'exploitation', 'exploration', 'exploration', 'exploration', 'exploration', 'exploration', 'exploration', 'exploration', 'exploration', 'exploration', 'exploration', 'exploration', 'exploration', 'exploitation', 'exploration', 'exploration', 'exploration', 'exploitation', 'exploration', 'exploration', 'exploration', 'exploration', 'exploration', 'exploration', 'exploration', 'exploitation', 'exploration', 'exploitation', 'exploitation', 'exploitation']",279.0748308705623,284.2650705708315
447,72.13286761215609,"[1.080226540071697, 0.698938352879869]",[0.00262316 0.0001    ],[-347.39311316 -696.32832113 -347.60877925 2493.74035603],"['exploration', 'exploration', 'exploration', 'exploitation', 'exploration', 'exploitation', 'exploration', 'exploitation', 'exploration', 'exploitation', 'exploitation', 'exploration', 'exploration', 'exploitation', 'exploration', 'exploitation', 'exploitation', 'exploration', 'exploitation', 'exploration', 'exploration', 'exploitation', 'exploitation', 'exploitation', 'exploration', 'exploration', 'exploration', 'exploration', 'exploitation', 'exploitation', 'exploration', 'exploitation', 'exploration', 'exploration', 'exploitation', 'exploitation', 'exploitation', 'exploration', 'exploration', 'exploitation', 'exploration', 'exploitation', 'exploration', 'exploration', 'exploitation', 'exploration', 'exploration', 'exploitation', 'exploration', 'exploration', 'exploitation', 'exploration', 'exploration', 'exploration', 'exploitation', 'exploitation', 'exploitation', 'exploitation', 'exploitation', 'exploitation', 'exploitation', 'exploitation', 'exploitation', 'exploitation', 'exploitation', 'exploitation', 'exploitation', 'exploitation', 'exploitation', 'exploitation', 'exploitation', 'exploitation', 'exploitation', 'exploitation', 'exploitation', 'exploitation', 'exploitation', 'exploitation', 'exploitation', 'exploitation', 'exploitation', 'exploitation', 'exploitation', 'exploitation', 'exploitation', 'exploitation', 'exploitation', 'exploitation', 'exploitation', 'exploitation', 'exploitation', 'exploitation', 'exploitation', 'exploitation', 'exploitation', 'exploitation', 'exploitation', 'exploitation', 'exploitation']",148.26573522431218,153.45597492458137
449,125.89361507387375,"[0.44724848751431734, 0.668090321426072]",[0.00202069 0.17881086],[-404.30031219 -151.77528697 -353.45330585  286.45678414],"['exploitation', 'exploration', 'exploration', 'exploitation', 'exploitation', 'exploitation', 'exploitation', 'exploration', 'exploration', 'exploitation', 'exploitation', 'exploitation', 'exploitation', 'exploration', 'exploitation', 'exploitation', 'exploitation', 'exploitation', 'exploitation', 'exploitation', 'exploration', 'exploration', 'exploration', 'exploitation', 'exploitation', 'exploitation', 'exploitation', 'exploration', 'exploitation', 'exploration', 'exploration', 'exploration', 'exploration', 'exploration', 'exploration', 'exploration', 'exploitation', 'exploration', 'exploration', 'exploitation', 'exploitation', 'exploration', 'exploitation', 'exploration', 'exploration', 'exploration', 'exploitation', 'exploration', 'exploitation', 'exploitation', 'exploitation', 'exploitation', 'exploitation', 'exploitation', 'exploration', 'exploitation', 'exploitation', 'exploitation', 'exploitation', 'exploration', 'exploration', 'exploration', 'exploration', 'exploitation', 'exploration', 'exploration', 'exploitation', 'exploitation', 'exploitation', 'exploitation', 'exploitation', 'exploitation', 'exploration', 'exploitation', 'exploration', 'exploration', 'exploration', 'exploitation', 'exploitation', 'exploitation', 'exploration', 'exploration', 'exploration', 'exploration', 'exploration', 'exploration', 'exploration', 'exploitation', 'exploration', 'exploration', 'exploration', 'exploration', 'exploitation', 'exploitation', 'exploration', 'exploitation', 'exploration', 'exploration', 'exploration']",255.7872301477475,260.97746984801665
452,135.4208664593576,"[0.5204575341596083, 0.36368378389150074]",[0.00069877 0.16309839],[-714.4651101  -350.69032257 -198.76867129  588.94822215],"['exploitation', 'exploration', 'exploration', 'exploitation', 'exploration', 'exploitation', 'exploration', 'exploration', 'exploration', 'exploitation', 'exploration', 'exploitation', 'exploitation', 'exploration', 'exploration', 'exploration', 'exploitation', 'exploration', 'exploration', 'exploration', 'exploration', 'exploration', 'exploitation', 'exploration', 'exploration', 'exploration', 'exploration', 'exploitation', 'exploration', 'exploration', 'exploration', 'exploitation', 'exploration', 'exploitation', 'exploration', 'exploration', 'exploration', 'exploration', 'exploitation', 'exploitation', 'exploration', 'exploitation', 'exploitation', 'exploration', 'exploitation', 'exploration', 'exploration', 'exploration', 'exploitation', 'exploration', 'exploration', 'exploitation', 'exploitation', 'exploration', 'exploration', 'exploration', 'exploitation', 'exploration', 'exploration', 'exploitation', 'exploitation', 'exploration', 'exploration', 'exploration', 'exploration', 'exploitation', 'exploration', 'exploitation', 'exploration', 'exploitation', 'exploitation', 'exploitation', 'exploration', 'exploration', 'exploration', 'exploitation', 'exploration', 'exploration', 'exploration', 'exploitation', 'exploration', 'exploration', 'exploitation', 'exploration', 'exploration', 'exploration', 'exploitation', 'exploration', 'exploitation', 'exploration', 'exploration', 'exploration', 'exploration', 'exploitation', 'exploration', 'exploration', 'exploitation', 'exploitation', 'exploration']",274.8417329187152,280.03197261898435
453,136.33988735171505,"[1.9546873358006716, 0.14544298549096984]",[0.00066394 0.58250696],[ 47.10624908  38.402659     7.2085971  649.96029284],"['exploration', 'exploration', 'exploration', 'exploration', 'exploration', 'exploration', 'exploration', 'exploration', 'exploration', 'exploration', 'exploitation', 'exploitation', 'exploration', 'exploitation', 'exploration', 'exploration', 'exploration', 'exploration', 'exploration', 'exploration', 'exploration', 'exploration', 'exploration', 'exploration', 'exploration', 'exploration', 'exploitation', 'exploitation', 'exploitation', 'exploration', 'exploration', 'exploration', 'exploitation', 'exploration', 'exploitation', 'exploitation', 'exploration', 'exploration', 'exploration', 'exploitation', 'exploration', 'exploration', 'exploitation', 'exploration', 'exploration', 'exploration', 'exploration', 'exploration', 'exploration', 'exploitation', 'exploration', 'exploration', 'exploration', 'exploration', 'exploitation', 'exploitation', 'exploitation', 'exploration', 'exploration', 'exploration', 'exploration', 'exploration', 'exploration', 'exploitation', 'exploration', 'exploration', 'exploration', 'exploitation', 'exploration', 'exploration', 'exploration', 'exploitation', 'exploration', 'exploration', 'exploration', 'exploitation', 'exploration', 'exploration', 'exploration', 'exploitation', 'exploration', 'exploration', 'exploration', 'exploration', 'exploration', 'exploitation', 'exploration', 'exploration', 'exploration', 'exploration', 'exploration', 'exploitation', 'exploitation', 'exploitation', 'exploration', 'exploitation', 'exploration', 'exploration', 'exploration']",276.6797747034301,281.87001440369926
454,131.59554054241124,"[0.5882856531341134, 0.13803532762687643]",[0.00217145 0.63307737],[ 3.03234934e+02  2.73017249e-01 -3.63411889e+00 -8.97599164e-02],"['exploitation', 'exploration', 'exploration', 'exploration', 'exploration', 'exploration', 'exploration', 'exploitation', 'exploitation', 'exploration', 'exploitation', 'exploration', 'exploitation', 'exploration', 'exploration', 'exploration', 'exploration', 'exploitation', 'exploitation', 'exploitation', 'exploitation', 'exploration', 'exploration', 'exploitation', 'exploration', 'exploitation', 'exploitation', 'exploitation', 'exploitation', 'exploration', 'exploration', 'exploitation', 'exploitation', 'exploration', 'exploration', 'exploitation', 'exploration', 'exploration', 'exploration', 'exploration', 'exploration', 'exploration', 'exploitation', 'exploration', 'exploration', 'exploration', 'exploitation', 'exploration', 'exploration', 'exploitation', 'exploitation', 'exploration', 'exploitation', 'exploration', 'exploitation', 'exploitation', 'exploration', 'exploitation', 'exploitation', 'exploitation', 'exploration', 'exploration', 'exploration', 'exploitation', 'exploitation', 'exploitation', 'exploitation', 'exploration', 'exploration', 'exploration', 'exploration', 'exploitation', 'exploration', 'exploration', 'exploitation', 'exploration', 'exploration', 'exploration', 'exploration', 'exploration', 'exploration', 'exploration', 'exploitation', 'exploitation', 'exploration', 'exploration', 'exploitation', 'exploration', 'exploitation', 'exploration', 'exploration', 'exploitation', 'exploration', 'exploration', 'exploration', 'exploitation', 'exploitation', 'exploitation', 'exploitation']",267.1910810848225,272.38132078509165
455,124.42514503018657,"[0.2094606594840799, 0.19363067641857468]",[0.00079928 0.00134082],[-104.06598074 -920.58776611 1129.95765002 1786.77431693],"['exploration', 'exploitation', 'exploration', 'exploration', 'exploration', 'exploitation', 'exploitation', 'exploitation', 'exploitation', 'exploitation', 'exploitation', 'exploration', 'exploration', 'exploration', 'exploration', 'exploration', 'exploration', 'exploration', 'exploitation', 'exploration', 'exploration', 'exploitation', 'exploitation', 'exploitation', 'exploitation', 'exploitation', 'exploration', 'exploration', 'exploitation', 'exploitation', 'exploration', 'exploitation', 'exploration', 'exploitation', 'exploration', 'exploration', 'exploration', 'exploration', 'exploitation', 'exploration', 'exploration', 'exploration', 'exploration', 'exploitation', 'exploration', 'exploration', 'exploration', 'exploration', 'exploration', 'exploration', 'exploration', 'exploration', 'exploitation', 'exploitation', 'exploitation', 'exploitation', 'exploitation', 'exploitation', 'exploitation', 'exploitation', 'exploitation', 'exploitation', 'exploration', 'exploration', 'exploration', 'exploration', 'exploration', 'exploitation', 'exploitation', 'exploitation', 'exploitation', 'exploitation', 'exploration', 'exploration', 'exploration', 'exploration', 'exploration', 'exploration', 'exploration', 'exploration', 'exploration', 'exploration', 'exploration', 'exploration', 'exploration', 'exploration', 'exploration', 'exploration', 'exploitation', 'exploitation', 'exploration', 'exploration', 'exploration', 'exploitation', 'exploitation', 'exploitation', 'exploitation', 'exploitation', 'exploitation']",252.85029006037314,258.0405297606423
456,106.94582460736132,"[0.7736962967203562, 0.7053799006686269]",[0.00705672 0.6125088 ],[ 2.34468154e+02  3.94287306e+01 -5.18842715e-33 -1.00520949e-33],"['exploration', 'exploration', 'exploration', 'exploration', 'exploitation', 'exploration', 'exploitation', 'exploitation', 'exploitation', 'exploitation', 'exploration', 'exploration', 'exploration', 'exploration', 'exploration', 'exploration', 'exploration', 'exploration', 'exploration', 'exploration', 'exploration', 'exploration', 'exploitation', 'exploration', 'exploration', 'exploitation', 'exploitation', 'exploitation', 'exploration', 'exploitation', 'exploitation', 'exploitation', 'exploitation', 'exploration', 'exploitation', 'exploitation', 'exploitation', 'exploitation', 'exploration', 'exploitation', 'exploitation', 'exploration', 'exploitation', 'exploitation', 'exploitation', 'exploitation', 'exploitation', 'exploitation', 'exploration', 'exploration', 'exploration', 'exploitation', 'exploration', 'exploration', 'exploration', 'exploration', 'exploitation', 'exploitation', 'exploration', 'exploitation', 'exploitation', 'exploitation', 'exploitation', 'exploration', 'exploitation', 'exploitation', 'exploitation', 'exploitation', 'exploration', 'exploitation', 'exploitation', 'exploitation', 'exploration', 'exploitation', 'exploration', 'exploitation', 'exploitation', 'exploitation', 'exploration', 'exploitation', 'exploitation', 'exploitation', 'exploitation', 'exploration', 'exploitation', 'exploitation', 'exploitation', 'exploitation', 'exploration', 'exploitation', 'exploitation', 'exploitation', 'exploitation', 'exploration', 'exploration', 'exploitation', 'exploration', 'exploration', 'exploration']",217.89164921472263,223.08188891499182
458,127.03302989808721,"[0.15640633914737082, 0.4675157951799384]",[0.00425928 0.84908542],[ 8.07311049e-01  1.15091287e+02 -4.55504142e+00 -5.78502217e-62],"['exploration', 'exploration', 'exploitation', 'exploitation', 'exploration', 'exploitation', 'exploitation', 'exploration', 'exploitation', 'exploration', 'exploitation', 'exploitation', 'exploitation', 'exploration', 'exploitation', 'exploitation', 'exploitation', 'exploitation', 'exploitation', 'exploitation', 'exploration', 'exploitation', 'exploitation', 'exploitation', 'exploitation', 'exploitation', 'exploration', 'exploitation', 'exploitation', 'exploitation', 'exploitation', 'exploration', 'exploitation', 'exploitation', 'exploitation', 'exploitation', 'exploration', 'exploitation', 'exploitation', 'exploitation', 'exploration', 'exploitation', 'exploitation', 'exploitation', 'exploitation', 'exploitation', 'exploration', 'exploitation', 'exploitation', 'exploitation', 'exploitation', 'exploration', 'exploitation', 'exploitation', 'exploitation', 'exploration', 'exploitation', 'exploitation', 'exploitation', 'exploration', 'exploration', 'exploitation', 'exploitation', 'exploitation', 'exploration', 'exploration', 'exploration', 'exploitation', 'exploitation', 'exploitation', 'exploitation', 'exploration', 'exploitation', 'exploitation', 'exploitation', 'exploration', 'exploitation', 'exploitation', 'exploitation', 'exploitation', 'exploitation', 'exploration', 'exploitation', 'exploitation', 'exploitation', 'exploration', 'exploitation', 'exploitation', 'exploitation', 'exploitation', 'exploitation', 'exploration', 'exploitation', 'exploitation', 'exploitation', 'exploration', 'exploration', 'exploitation', 'exploitation']",258.0660597961744,263.2562994964436
459,136.47064565312834,"[0.5171691467347375, 0.34926190420515685]",[6.92093968e-04 7.00471236e-01],[ 2.60394905e+02  9.63802871e+00 -1.44429910e-01 -2.68744002e+00],"['exploration', 'exploration', 'exploration', 'exploitation', 'exploration', 'exploitation', 'exploration', 'exploration', 'exploration', 'exploration', 'exploration', 'exploration', 'exploitation', 'exploitation', 'exploitation', 'exploitation', 'exploitation', 'exploration', 'exploration', 'exploration', 'exploration', 'exploration', 'exploitation', 'exploration', 'exploitation', 'exploration', 'exploitation', 'exploration', 'exploration', 'exploration', 'exploration', 'exploration', 'exploitation', 'exploration', 'exploration', 'exploration', 'exploration', 'exploitation', 'exploration', 'exploration', 'exploitation', 'exploration', 'exploration', 'exploitation', 'exploration', 'exploration', 'exploration', 'exploration', 'exploitation', 'exploration', 'exploration', 'exploration', 'exploration', 'exploration', 'exploitation', 'exploitation', 'exploitation', 'exploration', 'exploration', 'exploration', 'exploration', 'exploitation', 'exploitation', 'exploration', 'exploitation', 'exploration', 'exploration', 'exploration', 'exploitation', 'exploration', 'exploration', 'exploitation', 'exploration', 'exploitation', 'exploration', 'exploration', 'exploitation', 'exploration', 'exploitation', 'exploitation', 'exploration', 'exploration', 'exploration', 'exploration', 'exploration', 'exploration', 'exploration', 'exploitation', 'exploitation', 'exploration', 'exploration', 'exploration', 'exploitation', 'exploration', 'exploration', 'exploitation', 'exploration', 'exploitation', 'exploration']",276.9412913062567,282.13153100652585
460,123.44860270763965,"[0.8186242191339571, 0.4062477592641928]",[0.00093269 0.02162487],[-419.77098829 -164.06143642 1360.73238131  216.13657457],"['exploration', 'exploration', 'exploration', 'exploitation', 'exploitation', 'exploitation', 'exploration', 'exploration', 'exploitation', 'exploration', 'exploration', 'exploration', 'exploitation', 'exploitation', 'exploration', 'exploration', 'exploration', 'exploration', 'exploration', 'exploration', 'exploration', 'exploration', 'exploration', 'exploration', 'exploitation', 'exploration', 'exploration', 'exploitation', 'exploration', 'exploration', 'exploration', 'exploration', 'exploitation', 'exploration', 'exploration', 'exploitation', 'exploration', 'exploration', 'exploration', 'exploration', 'exploration', 'exploration', 'exploration', 'exploration', 'exploitation', 'exploitation', 'exploration', 'exploration', 'exploration', 'exploration', 'exploitation', 'exploitation', 'exploitation', 'exploration', 'exploration', 'exploitation', 'exploitation', 'exploitation', 'exploitation', 'exploration', 'exploitation', 'exploitation', 'exploitation', 'exploitation', 'exploitation', 'exploitation', 'exploitation', 'exploitation', 'exploitation', 'exploitation', 'exploitation', 'exploitation', 'exploitation', 'exploitation', 'exploitation', 'exploitation', 'exploitation', 'exploitation', 'exploitation', 'exploitation', 'exploitation', 'exploitation', 'exploitation', 'exploitation', 'exploitation', 'exploration', 'exploration', 'exploration', 'exploration', 'exploration', 'exploration', 'exploration', 'exploration', 'exploration', 'exploration', 'exploration', 'exploration', 'exploration', 'exploration']",250.8972054152793,256.08744511554846
461,137.8854056524327,"[0.5258401122980049, 0.6812890737620687]",[1.000e-04 9.999e-01],[ 2.00020004e+02 -6.50315059e-18  1.05092536e-33 -1.00030003e-10],"['exploitation', 'exploitation', 'exploration', 'exploration', 'exploration', 'exploration', 'exploration', 'exploration', 'exploration', 'exploration', 'exploitation', 'exploitation', 'exploration', 'exploration', 'exploration', 'exploration', 'exploration', 'exploitation', 'exploitation', 'exploration', 'exploitation', 'exploitation', 'exploration', 'exploration', 'exploration', 'exploration', 'exploration', 'exploration', 'exploration', 'exploitation', 'exploitation', 'exploration', 'exploitation', 'exploration', 'exploration', 'exploration', 'exploration', 'exploration', 'exploration', 'exploration', 'exploration', 'exploration', 'exploration', 'exploitation', 'exploitation', 'exploration', 'exploration', 'exploration', 'exploration', 'exploration', 'exploration', 'exploitation', 'exploration', 'exploration', 'exploration', 'exploration', 'exploration', 'exploration', 'exploitation', 'exploration', 'exploitation', 'exploration', 'exploration', 'exploration', 'exploration', 'exploration', 'exploration', 'exploration', 'exploration', 'exploration', 'exploration', 'exploration', 'exploration', 'exploitation', 'exploration', 'exploitation', 'exploitation', 'exploration', 'exploration', 'exploration', 'exploration', 'exploration', 'exploration', 'exploitation', 'exploration', 'exploration', 'exploration', 'exploration', 'exploration', 'exploration', 'exploitation', 'exploration', 'exploitation', 'exploitation', 'exploration', 'exploration', 'exploitation', 'exploitation', 'exploration']",279.7708113048654,284.96105100513455
462,129.13537281068105,"[0.41929268894364646, 0.04359569734986346]",[0.00326055 0.98462705],[ 3.12185400e+00  1.00000369e+02 -1.71717691e-07  1.31890167e-10],"['exploration', 'exploration', 'exploration', 'exploitation', 'exploitation', 'exploitation', 'exploitation', 'exploitation', 'exploitation', 'exploration', 'exploitation', 'exploitation', 'exploration', 'exploitation', 'exploration', 'exploitation', 'exploitation', 'exploration', 'exploration', 'exploration', 'exploitation', 'exploration', 'exploration', 'exploitation', 'exploitation', 'exploration', 'exploitation', 'exploration', 'exploitation', 'exploration', 'exploration', 'exploration', 'exploration', 'exploitation', 'exploration', 'exploration', 'exploitation', 'exploration', 'exploitation', 'exploration', 'exploration', 'exploitation', 'exploration', 'exploitation', 'exploration', 'exploration', 'exploitation', 'exploitation', 'exploitation', 'exploration', 'exploitation', 'exploration', 'exploitation', 'exploration', 'exploitation', 'exploration', 'exploration', 'exploration', 'exploitation', 'exploitation', 'exploitation', 'exploration', 'exploitation', 'exploration', 'exploitation', 'exploration', 'exploitation', 'exploration', 'exploitation', 'exploration', 'exploitation', 'exploration', 'exploitation', 'exploration', 'exploitation', 'exploration', 'exploitation', 'exploitation', 'exploration', 'exploitation', 'exploitation', 'exploitation', 'exploitation', 'exploration', 'exploitation', 'exploration', 'exploitation', 'exploration', 'exploitation', 'exploration', 'exploration', 'exploration', 'exploration', 'exploration', 'exploitation', 'exploration', 'exploitation', 'exploration', 'exploitation']",262.2707456213621,267.46098532163126
463,135.8227784300483,"[0.00586882557489298, 0.9446944848560491]",[0.00085416 0.69586336],[ 1.86734459e+01 -6.49142146e+02 -3.13368997e+01 -2.60227642e-01],"['exploration', 'exploration', 'exploitation', 'exploration', 'exploitation', 'exploration', 'exploitation', 'exploration', 'exploitation', 'exploitation', 'exploration', 'exploitation', 'exploitation', 'exploitation', 'exploitation', 'exploration', 'exploitation', 'exploration', 'exploitation', 'exploitation', 'exploration', 'exploitation', 'exploitation', 'exploitation', 'exploration', 'exploration', 'exploitation', 'exploration', 'exploration', 'exploitation', 'exploitation', 'exploration', 'exploitation', 'exploration', 'exploration', 'exploration', 'exploitation', 'exploration', 'exploration', 'exploration', 'exploration', 'exploration', 'exploration', 'exploitation', 'exploration', 'exploitation', 'exploration', 'exploration', 'exploration', 'exploitation', 'exploitation', 'exploration', 'exploration', 'exploration', 'exploration', 'exploration', 'exploration', 'exploitation', 'exploration', 'exploitation', 'exploration', 'exploration', 'exploration', 'exploitation', 'exploration', 'exploitation', 'exploitation', 'exploration', 'exploration', 'exploration', 'exploitation', 'exploration', 'exploration', 'exploration', 'exploration', 'exploration', 'exploitation', 'exploration', 'exploitation', 'exploration', 'exploration', 'exploration', 'exploration', 'exploration', 'exploration', 'exploration', 'exploration', 'exploration', 'exploration', 'exploration', 'exploration', 'exploitation', 'exploration', 'exploration', 'exploration', 'exploration', 'exploitation', 'exploration', 'exploration']",275.6455568600966,280.83579656036574
464,129.08776814816264,"[0.3226337937833879, 0.053271953743988236]",[0.00220389 0.9067666 ],[ 2.00000013e+02 -4.57900175e-03 -1.73862449e+00 -9.35526880e+00],"['exploration', 'exploration', 'exploitation', 'exploitation', 'exploration', 'exploration', 'exploration', 'exploitation', 'exploitation', 'exploitation', 'exploitation', 'exploration', 'exploration', 'exploration', 'exploitation', 'exploration', 'exploration', 'exploration', 'exploration', 'exploration', 'exploitation', 'exploration', 'exploration', 'exploration', 'exploitation', 'exploration', 'exploration', 'exploration', 'exploitation', 'exploitation', 'exploration', 'exploitation', 'exploitation', 'exploration', 'exploitation', 'exploration', 'exploration', 'exploration', 'exploration', 'exploration', 'exploration', 'exploitation', 'exploitation', 'exploration', 'exploitation', 'exploitation', 'exploration', 'exploration', 'exploitation', 'exploration', 'exploration', 'exploration', 'exploration', 'exploitation', 'exploration', 'exploration', 'exploitation', 'exploration', 'exploitation', 'exploration', 'exploitation', 'exploitation', 'exploitation', 'exploration', 'exploration', 'exploitation', 'exploration', 'exploitation', 'exploitation', 'exploration', 'exploration', 'exploration', 'exploration', 'exploration', 'exploitation', 'exploitation', 'exploration', 'exploration', 'exploitation', 'exploitation', 'exploitation', 'exploitation', 'exploration', 'exploration', 'exploration', 'exploration', 'exploration', 'exploitation', 'exploration', 'exploitation', 'exploitation', 'exploration', 'exploration', 'exploration', 'exploitation', 'exploration', 'exploration', 'exploitation', 'exploitation']",262.1755362963253,267.36577599659444
465,137.33318992927175,"[0.28069103470201917, 0.5817745622699393]",[1.000e-04 9.999e-01],[ 2.00160060e-026  1.00310467e-118 -2.00019991e+002  6.51747254e-106],"['exploitation', 'exploitation', 'exploitation', 'exploitation', 'exploration', 'exploration', 'exploration', 'exploration', 'exploration', 'exploitation', 'exploitation', 'exploration', 'exploitation', 'exploration', 'exploitation', 'exploration', 'exploitation', 'exploitation', 'exploitation', 'exploration', 'exploitation', 'exploration', 'exploration', 'exploration', 'exploration', 'exploration', 'exploration', 'exploitation', 'exploitation', 'exploitation', 'exploitation', 'exploration', 'exploitation', 'exploration', 'exploitation', 'exploitation', 'exploration', 'exploitation', 'exploitation', 'exploration', 'exploitation', 'exploitation', 'exploitation', 'exploration', 'exploitation', 'exploration', 'exploration', 'exploration', 'exploitation', 'exploration', 'exploration', 'exploration', 'exploration', 'exploitation', 'exploitation', 'exploitation', 'exploitation', 'exploration', 'exploration', 'exploitation', 'exploitation', 'exploitation', 'exploration', 'exploitation', 'exploitation', 'exploration', 'exploitation', 'exploitation', 'exploration', 'exploration', 'exploration', 'exploration', 'exploration', 'exploration', 'exploration', 'exploration', 'exploitation', 'exploration', 'exploration', 'exploration', 'exploration', 'exploitation', 'exploration', 'exploration', 'exploration', 'exploration', 'exploration', 'exploration', 'exploitation', 'exploitation', 'exploitation', 'exploration', 'exploration', 'exploration', 'exploration', 'exploration', 'exploitation', 'exploration', 'exploration']",278.6663798585435,283.85661955881267
466,136.58265176326708,"[0.8513768172890412, 0.8106422254391945]",[7.00351031e-04 9.99900000e-01],[ 2.00019991e+002 -6.50185015e-010 -2.01203547e-238 -1.00491178e-194],"['exploration', 'exploration', 'exploitation', 'exploration', 'exploration', 'exploitation', 'exploitation', 'exploitation', 'exploitation', 'exploitation', 'exploitation', 'exploitation', 'exploration', 'exploration', 'exploitation', 'exploitation', 'exploitation', 'exploitation', 'exploration', 'exploitation', 'exploitation', 'exploitation', 'exploitation', 'exploration', 'exploitation', 'exploitation', 'exploitation', 'exploration', 'exploitation', 'exploitation', 'exploitation', 'exploration', 'exploration', 'exploitation', 'exploitation', 'exploitation', 'exploration', 'exploration', 'exploration', 'exploitation', 'exploration', 'exploitation', 'exploitation', 'exploitation', 'exploration', 'exploitation', 'exploitation', 'exploitation', 'exploration', 'exploitation', 'exploration', 'exploitation', 'exploitation', 'exploitation', 'exploration', 'exploration', 'exploitation', 'exploitation', 'exploitation', 'exploitation', 'exploitation', 'exploration', 'exploitation', 'exploitation', 'exploitation', 'exploration', 'exploitation', 'exploitation', 'exploitation', 'exploration', 'exploration', 'exploitation', 'exploitation', 'exploitation', 'exploitation', 'exploitation', 'exploration', 'exploitation', 'exploitation', 'exploitation', 'exploration', 'exploitation', 'exploitation', 'exploitation', 'exploitation', 'exploration', 'exploitation', 'exploitation', 'exploitation', 'exploitation', 'exploration', 'exploitation', 'exploitation', 'exploitation', 'exploitation', 'exploitation', 'exploration', 'exploitation', 'exploitation']",277.16530352653416,282.3555432268033
467,133.520956097167,"[1.0916541100696835, 0.2183733831534009]",[0.00133199 0.37836606],[  31.58858376   99.47150019 -201.87333299   -9.28237126],"['exploitation', 'exploitation', 'exploitation', 'exploration', 'exploration', 'exploitation', 'exploration', 'exploration', 'exploration', 'exploration', 'exploitation', 'exploitation', 'exploitation', 'exploration', 'exploitation', 'exploitation', 'exploitation', 'exploration', 'exploitation', 'exploitation', 'exploitation', 'exploitation', 'exploitation', 'exploration', 'exploration', 'exploration', 'exploitation', 'exploration', 'exploitation', 'exploitation', 'exploitation', 'exploitation', 'exploration', 'exploration', 'exploitation', 'exploration', 'exploration', 'exploration', 'exploration', 'exploitation', 'exploitation', 'exploration', 'exploration', 'exploration', 'exploration', 'exploitation', 'exploitation', 'exploitation', 'exploitation', 'exploration', 'exploration', 'exploitation', 'exploitation', 'exploitation', 'exploration', 'exploration', 'exploitation', 'exploitation', 'exploitation', 'exploitation', 'exploration', 'exploration', 'exploitation', 'exploration', 'exploitation', 'exploitation', 'exploitation', 'exploitation', 'exploitation', 'exploration', 'exploration', 'exploration', 'exploration', 'exploration', 'exploitation', 'exploration', 'exploration', 'exploitation', 'exploration', 'exploitation', 'exploitation', 'exploration', 'exploration', 'exploration', 'exploitation', 'exploitation', 'exploration', 'exploration', 'exploration', 'exploration', 'exploration', 'exploration', 'exploration', 'exploration', 'exploitation', 'exploration', 'exploitation', 'exploration', 'exploration']",271.041912194334,276.23215189460313
468,125.03103515783519,"[0.39371840060609387, 0.9007060442897133]",[0.00485737 0.8935969 ],[   2.26432359   -0.76868364  -21.28061873 -100.00000164],"['exploration', 'exploitation', 'exploration', 'exploitation', 'exploitation', 'exploration', 'exploration', 'exploration', 'exploitation', 'exploitation', 'exploitation', 'exploitation', 'exploitation', 'exploration', 'exploration', 'exploration', 'exploration', 'exploration', 'exploitation', 'exploration', 'exploitation', 'exploitation', 'exploitation', 'exploitation', 'exploration', 'exploration', 'exploration', 'exploitation', 'exploitation', 'exploitation', 'exploitation', 'exploitation', 'exploitation', 'exploitation', 'exploration', 'exploitation', 'exploration', 'exploration', 'exploitation', 'exploitation', 'exploration', 'exploitation', 'exploitation', 'exploitation', 'exploitation', 'exploration', 'exploitation', 'exploitation', 'exploitation', 'exploration', 'exploitation', 'exploitation', 'exploitation', 'exploration', 'exploration', 'exploitation', 'exploration', 'exploitation', 'exploitation', 'exploitation', 'exploration', 'exploitation', 'exploitation', 'exploration', 'exploitation', 'exploration', 'exploration', 'exploration', 'exploitation', 'exploitation', 'exploration', 'exploration', 'exploitation', 'exploitation', 'exploitation', 'exploitation', 'exploitation', 'exploitation', 'exploration', 'exploitation', 'exploration', 'exploration', 'exploitation', 'exploration', 'exploration', 'exploitation', 'exploitation', 'exploitation', 'exploration', 'exploration', 'exploration', 'exploitation', 'exploitation', 'exploitation', 'exploitation', 'exploitation', 'exploration', 'exploration', 'exploration']",254.06207031567038,259.25231001593954
469,131.92426595190454,"[0.25204207457380134, 0.9897465207208109]",[0.00203824 0.64996117],[ 1.53955901e+02  7.65039322e-08 -3.67897884e-01 -6.43878555e-02],"['exploration', 'exploitation', 'exploitation', 'exploitation', 'exploration', 'exploitation', 'exploitation', 'exploration', 'exploitation', 'exploration', 'exploitation', 'exploration', 'exploration', 'exploration', 'exploration', 'exploitation', 'exploitation', 'exploitation', 'exploration', 'exploration', 'exploitation', 'exploitation', 'exploitation', 'exploration', 'exploration', 'exploration', 'exploitation', 'exploitation', 'exploration', 'exploitation', 'exploration', 'exploration', 'exploration', 'exploration', 'exploitation', 'exploration', 'exploitation', 'exploration', 'exploration', 'exploration', 'exploitation', 'exploration', 'exploration', 'exploration', 'exploration', 'exploitation', 'exploration', 'exploitation', 'exploitation', 'exploitation', 'exploitation', 'exploration', 'exploration', 'exploitation', 'exploitation', 'exploitation', 'exploration', 'exploitation', 'exploration', 'exploitation', 'exploration', 'exploration', 'exploitation', 'exploitation', 'exploitation', 'exploitation', 'exploration', 'exploration', 'exploration', 'exploration', 'exploration', 'exploration', 'exploration', 'exploration', 'exploration', 'exploitation', 'exploitation', 'exploitation', 'exploration', 'exploration', 'exploration', 'exploitation', 'exploitation', 'exploitation', 'exploration', 'exploration', 'exploitation', 'exploitation', 'exploitation', 'exploration', 'exploitation', 'exploration', 'exploration', 'exploitation', 'exploitation', 'exploitation', 'exploration', 'exploration', 'exploitation']",267.8485319038091,273.03877160407825
470,130.07832870141104,"[0.09089290614934238, 0.3029376877219384]",[0.00253099 0.9999    ],[ 2.00240136e-42 -6.50000000e+02  1.05008500e-01  6.50185015e-10],"['exploration', 'exploration', 'exploration', 'exploration', 'exploration', 'exploitation', 'exploitation', 'exploitation', 'exploration', 'exploitation', 'exploration', 'exploitation', 'exploitation', 'exploitation', 'exploitation', 'exploration', 'exploitation', 'exploration', 'exploitation', 'exploration', 'exploration', 'exploitation', 'exploitation', 'exploration', 'exploration', 'exploitation', 'exploitation', 'exploration', 'exploitation', 'exploration', 'exploitation', 'exploration', 'exploration', 'exploration', 'exploration', 'exploitation', 'exploitation', 'exploitation', 'exploitation', 'exploration', 'exploration', 'exploitation', 'exploitation', 'exploitation', 'exploitation', 'exploration', 'exploration', 'exploitation', 'exploitation', 'exploitation', 'exploitation', 'exploration', 'exploration', 'exploitation', 'exploitation', 'exploitation', 'exploitation', 'exploitation', 'exploration', 'exploitation', 'exploitation', 'exploitation', 'exploitation', 'exploitation', 'exploration', 'exploration', 'exploitation', 'exploitation', 'exploitation', 'exploration', 'exploitation', 'exploitation', 'exploitation', 'exploration', 'exploration', 'exploration', 'exploitation', 'exploitation', 'exploitation', 'exploitation', 'exploration', 'exploitation', 'exploitation', 'exploration', 'exploitation', 'exploitation', 'exploitation', 'exploration', 'exploitation', 'exploitation', 'exploitation', 'exploration', 'exploration', 'exploration', 'exploration', 'exploration', 'exploration', 'exploration', 'exploration']",264.1566574028221,269.34689710309124
471,131.99388371108037,"[0.0016230930848341592, 0.9926938423599296]",[0.00195112 0.78371212],[-9.97361435e+02 -2.98105972e-03  2.29783046e+00 -1.05913695e+00],"['exploitation', 'exploitation', 'exploration', 'exploration', 'exploration', 'exploration', 'exploitation', 'exploitation', 'exploitation', 'exploration', 'exploration', 'exploitation', 'exploration', 'exploitation', 'exploration', 'exploration', 'exploration', 'exploitation', 'exploitation', 'exploration', 'exploitation', 'exploration', 'exploration', 'exploration', 'exploitation', 'exploration', 'exploitation', 'exploration', 'exploitation', 'exploration', 'exploitation', 'exploration', 'exploration', 'exploration', 'exploration', 'exploration', 'exploration', 'exploration', 'exploration', 'exploration', 'exploitation', 'exploitation', 'exploration', 'exploitation', 'exploration', 'exploitation', 'exploitation', 'exploitation', 'exploitation', 'exploration', 'exploitation', 'exploration', 'exploitation', 'exploration', 'exploitation', 'exploration', 'exploitation', 'exploration', 'exploration', 'exploration', 'exploration', 'exploration', 'exploration', 'exploitation', 'exploitation', 'exploitation', 'exploitation', 'exploration', 'exploitation', 'exploration', 'exploration', 'exploration', 'exploitation', 'exploration', 'exploration', 'exploitation', 'exploitation', 'exploitation', 'exploration', 'exploration', 'exploitation', 'exploitation', 'exploration', 'exploitation', 'exploitation', 'exploration', 'exploitation', 'exploitation', 'exploitation', 'exploitation', 'exploration', 'exploitation', 'exploration', 'exploration', 'exploration', 'exploration', 'exploitation', 'exploitation', 'exploration']",267.98776742216074,273.1780071224299
472,135.8014565776401,"[3.1088106824497412, 0.21709532164463782]",[0.00084815 0.49942967],[-4.84951236e+02  2.85740570e+01 -3.88878094e-04 -1.00006925e+02],"['exploitation', 'exploration', 'exploration', 'exploration', 'exploration', 'exploration', 'exploration', 'exploration', 'exploration', 'exploitation', 'exploration', 'exploration', 'exploitation', 'exploration', 'exploration', 'exploitation', 'exploitation', 'exploration', 'exploration', 'exploration', 'exploration', 'exploration', 'exploitation', 'exploration', 'exploration', 'exploration', 'exploration', 'exploitation', 'exploration', 'exploration', 'exploration', 'exploitation', 'exploration', 'exploitation', 'exploitation', 'exploration', 'exploration', 'exploration', 'exploration', 'exploration', 'exploration', 'exploitation', 'exploration', 'exploration', 'exploration', 'exploitation', 'exploration', 'exploitation', 'exploration', 'exploration', 'exploration', 'exploitation', 'exploitation', 'exploration', 'exploration', 'exploration', 'exploration', 'exploitation', 'exploration', 'exploration', 'exploration', 'exploration', 'exploitation', 'exploration', 'exploration', 'exploitation', 'exploitation', 'exploration', 'exploration', 'exploration', 'exploration', 'exploitation', 'exploration', 'exploration', 'exploration', 'exploitation', 'exploration', 'exploration', 'exploration', 'exploration', 'exploration', 'exploitation', 'exploitation', 'exploration', 'exploration', 'exploitation', 'exploitation', 'exploitation', 'exploitation', 'exploration', 'exploration', 'exploration', 'exploration', 'exploration', 'exploitation', 'exploration', 'exploitation', 'exploration', 'exploration']",275.6029131552802,280.79315285554935
473,131.3694640416853,"[1.042405192476767, 0.4489517104486666]",[0.00073893 0.0001    ],[-894.15930948 -297.11797866  751.09784883 1449.82248689],"['exploration', 'exploration', 'exploitation', 'exploitation', 'exploitation', 'exploitation', 'exploitation', 'exploration', 'exploration', 'exploration', 'exploration', 'exploration', 'exploration', 'exploitation', 'exploitation', 'exploitation', 'exploitation', 'exploration', 'exploration', 'exploitation', 'exploitation', 'exploitation', 'exploration', 'exploration', 'exploration', 'exploitation', 'exploration', 'exploitation', 'exploration', 'exploration', 'exploration', 'exploration', 'exploration', 'exploration', 'exploration', 'exploration', 'exploration', 'exploitation', 'exploitation', 'exploitation', 'exploration', 'exploration', 'exploration', 'exploration', 'exploration', 'exploration', 'exploration', 'exploitation', 'exploration', 'exploration', 'exploitation', 'exploitation', 'exploitation', 'exploitation', 'exploration', 'exploration', 'exploration', 'exploitation', 'exploration', 'exploration', 'exploration', 'exploration', 'exploration', 'exploration', 'exploration', 'exploration', 'exploration', 'exploration', 'exploration', 'exploration', 'exploration', 'exploration', 'exploration', 'exploration', 'exploration', 'exploration', 'exploration', 'exploration', 'exploration', 'exploration', 'exploration', 'exploration', 'exploitation', 'exploration', 'exploration', 'exploration', 'exploration', 'exploitation', 'exploitation', 'exploitation', 'exploration', 'exploration', 'exploitation', 'exploitation', 'exploitation', 'exploitation', 'exploitation', 'exploitation', 'exploitation']",266.7389280833706,271.92916778363974
474,137.39635829047302,"[0.1868709883584773, 0.15883896302527054]",[1.000e-04 9.999e-01],[ 2.00040006e-02  1.00100045e-38 -2.00160056e-30 -1.00000000e+02],"['exploration', 'exploration', 'exploration', 'exploration', 'exploration', 'exploration', 'exploration', 'exploration', 'exploration', 'exploration', 'exploration', 'exploration', 'exploitation', 'exploration', 'exploration', 'exploitation', 'exploitation', 'exploration', 'exploration', 'exploration', 'exploration', 'exploration', 'exploration', 'exploration', 'exploration', 'exploration', 'exploitation', 'exploitation', 'exploration', 'exploration', 'exploration', 'exploration', 'exploration', 'exploration', 'exploration', 'exploration', 'exploration', 'exploration', 'exploration', 'exploration', 'exploitation', 'exploration', 'exploitation', 'exploration', 'exploitation', 'exploration', 'exploration', 'exploitation', 'exploitation', 'exploitation', 'exploration', 'exploitation', 'exploration', 'exploitation', 'exploitation', 'exploration', 'exploitation', 'exploitation', 'exploration', 'exploitation', 'exploitation', 'exploitation', 'exploration', 'exploration', 'exploration', 'exploitation', 'exploitation', 'exploitation', 'exploration', 'exploration', 'exploration', 'exploration', 'exploitation', 'exploitation', 'exploitation', 'exploitation', 'exploration', 'exploitation', 'exploitation', 'exploration', 'exploration', 'exploration', 'exploitation', 'exploration', 'exploration', 'exploitation', 'exploitation', 'exploration', 'exploration', 'exploration', 'exploration', 'exploration', 'exploitation', 'exploration', 'exploitation', 'exploitation', 'exploitation', 'exploration', 'exploration']",278.79271658094603,283.9829562812152
475,110.63124407368981,"[0.13134187723931587, 0.06132774538422252]",[0.00847843 0.9999    ],[-1.05031503e-09  1.00010002e+02 -2.00080012e-14  6.50390097e-22],"['exploration', 'exploitation', 'exploitation', 'exploitation', 'exploitation', 'exploitation', 'exploitation', 'exploitation', 'exploration', 'exploration', 'exploration', 'exploitation', 'exploitation', 'exploitation', 'exploration', 'exploration', 'exploration', 'exploitation', 'exploitation', 'exploitation', 'exploitation', 'exploitation', 'exploration', 'exploration', 'exploitation', 'exploitation', 'exploitation', 'exploration', 'exploitation', 'exploration', 'exploitation', 'exploitation', 'exploitation', 'exploration', 'exploration', 'exploration', 'exploitation', 'exploitation', 'exploitation', 'exploration', 'exploration', 'exploitation', 'exploration', 'exploitation', 'exploitation', 'exploitation', 'exploration', 'exploitation', 'exploitation', 'exploitation', 'exploration', 'exploitation', 'exploration', 'exploitation', 'exploration', 'exploitation', 'exploration', 'exploitation', 'exploitation', 'exploitation', 'exploration', 'exploitation', 'exploitation', 'exploitation', 'exploration', 'exploration', 'exploration', 'exploitation', 'exploration', 'exploitation', 'exploitation', 'exploitation', 'exploration', 'exploitation', 'exploitation', 'exploitation', 'exploration', 'exploration', 'exploitation', 'exploitation', 'exploration', 'exploitation', 'exploitation', 'exploitation', 'exploration', 'exploitation', 'exploitation', 'exploitation', 'exploration', 'exploration', 'exploration', 'exploration', 'exploration', 'exploration', 'exploration', 'exploration', 'exploitation', 'exploitation', 'exploitation']",225.26248814737963,230.45272784764882
476,134.73728538819302,"[1.5708793456680936, 0.6552629113588586]",[0.00118064 0.28588585],[144.5182237   51.62129237 -14.56780939 -19.40166974],"['exploration', 'exploration', 'exploration', 'exploration', 'exploration', 'exploration', 'exploitation', 'exploitation', 'exploitation', 'exploitation', 'exploitation', 'exploitation', 'exploitation', 'exploitation', 'exploration', 'exploitation', 'exploitation', 'exploitation', 'exploration', 'exploration', 'exploitation', 'exploration', 'exploration', 'exploration', 'exploration', 'exploration', 'exploitation', 'exploration', 'exploration', 'exploration', 'exploration', 'exploration', 'exploitation', 'exploitation', 'exploration', 'exploration', 'exploration', 'exploration', 'exploration', 'exploitation', 'exploration', 'exploration', 'exploitation', 'exploration', 'exploration', 'exploration', 'exploration', 'exploration', 'exploitation', 'exploration', 'exploration', 'exploitation', 'exploration', 'exploitation', 'exploration', 'exploitation', 'exploitation', 'exploitation', 'exploration', 'exploration', 'exploitation', 'exploration', 'exploration', 'exploration', 'exploration', 'exploration', 'exploration', 'exploration', 'exploration', 'exploration', 'exploration', 'exploration', 'exploration', 'exploration', 'exploration', 'exploration', 'exploration', 'exploration', 'exploration', 'exploitation', 'exploration', 'exploration', 'exploration', 'exploration', 'exploration', 'exploration', 'exploration', 'exploration', 'exploration', 'exploration', 'exploration', 'exploration', 'exploitation', 'exploitation', 'exploration', 'exploration', 'exploitation', 'exploration', 'exploitation']",273.47457077638603,278.6648104766552
477,130.2573530766075,"[0.604787558690295, 0.3229157062856642]",[0.00275017 0.69932439],[ 1.72747353e+02 -4.78279829e-01 -3.63438438e-04 -8.10309814e-13],"['exploitation', 'exploration', 'exploration', 'exploration', 'exploration', 'exploitation', 'exploitation', 'exploitation', 'exploration', 'exploitation', 'exploitation', 'exploitation', 'exploitation', 'exploration', 'exploitation', 'exploitation', 'exploration', 'exploitation', 'exploitation', 'exploration', 'exploitation', 'exploitation', 'exploitation', 'exploration', 'exploration', 'exploration', 'exploitation', 'exploitation', 'exploration', 'exploitation', 'exploitation', 'exploitation', 'exploitation', 'exploration', 'exploitation', 'exploitation', 'exploitation', 'exploitation', 'exploration', 'exploitation', 'exploitation', 'exploitation', 'exploration', 'exploitation', 'exploitation', 'exploration', 'exploitation', 'exploitation', 'exploration', 'exploitation', 'exploitation', 'exploitation', 'exploitation', 'exploration', 'exploitation', 'exploitation', 'exploration', 'exploitation', 'exploration', 'exploitation', 'exploitation', 'exploitation', 'exploitation', 'exploration', 'exploitation', 'exploration', 'exploration', 'exploration', 'exploration', 'exploration', 'exploration', 'exploitation', 'exploitation', 'exploitation', 'exploration', 'exploration', 'exploration', 'exploration', 'exploration', 'exploitation', 'exploration', 'exploration', 'exploration', 'exploration', 'exploration', 'exploitation', 'exploration', 'exploitation', 'exploration', 'exploration', 'exploration', 'exploitation', 'exploration', 'exploitation', 'exploitation', 'exploitation', 'exploration', 'exploration', 'exploitation']",264.514706153215,269.70494585348416
478,112.08230368500683,"[0.0900257732990868, 0.32022955882343557]",[0.00593898 0.73383602],[-1.97918881e+01  1.23354215e+02  7.40993297e+01 -3.55545839e-02],"['exploitation', 'exploitation', 'exploitation', 'exploitation', 'exploration', 'exploration', 'exploitation', 'exploitation', 'exploitation', 'exploitation', 'exploitation', 'exploration', 'exploitation', 'exploitation', 'exploitation', 'exploitation', 'exploration', 'exploitation', 'exploitation', 'exploitation', 'exploration', 'exploitation', 'exploitation', 'exploitation', 'exploration', 'exploitation', 'exploitation', 'exploitation', 'exploitation', 'exploitation', 'exploitation', 'exploitation', 'exploration', 'exploitation', 'exploitation', 'exploitation', 'exploration', 'exploration', 'exploitation', 'exploitation', 'exploitation', 'exploitation', 'exploitation', 'exploitation', 'exploitation', 'exploration', 'exploitation', 'exploitation', 'exploitation', 'exploration', 'exploitation', 'exploration', 'exploitation', 'exploitation', 'exploitation', 'exploration', 'exploitation', 'exploitation', 'exploitation', 'exploration', 'exploitation', 'exploitation', 'exploitation', 'exploration', 'exploitation', 'exploitation', 'exploitation', 'exploration', 'exploration', 'exploitation', 'exploitation', 'exploitation', 'exploration', 'exploitation', 'exploitation', 'exploitation', 'exploration', 'exploration', 'exploration', 'exploitation', 'exploitation', 'exploitation', 'exploration', 'exploitation', 'exploitation', 'exploitation', 'exploration', 'exploitation', 'exploitation', 'exploitation', 'exploration', 'exploration', 'exploration', 'exploration', 'exploitation', 'exploration', 'exploration', 'exploration', 'exploitation']",228.16460737001367,233.35484707028286
479,83.85360723234673,"[0.42622017118486977, 0.6266926713793491]",[0.01331076 0.97553521],[ 2.00000000e+002 -1.58407526e+001 -5.19494556e-137 -6.35465966e-139],"['exploration', 'exploitation', 'exploitation', 'exploitation', 'exploitation', 'exploitation', 'exploitation', 'exploitation', 'exploitation', 'exploitation', 'exploration', 'exploitation', 'exploration', 'exploitation', 'exploitation', 'exploitation', 'exploitation', 'exploitation', 'exploitation', 'exploitation', 'exploitation', 'exploitation', 'exploration', 'exploitation', 'exploitation', 'exploration', 'exploration', 'exploration', 'exploration', 'exploitation', 'exploitation', 'exploitation', 'exploration', 'exploitation', 'exploitation', 'exploitation', 'exploration', 'exploitation', 'exploitation', 'exploration', 'exploitation', 'exploitation', 'exploration', 'exploitation', 'exploitation', 'exploitation', 'exploitation', 'exploration', 'exploration', 'exploitation', 'exploitation', 'exploitation', 'exploitation', 'exploitation', 'exploration', 'exploitation', 'exploitation', 'exploitation', 'exploitation', 'exploitation', 'exploitation', 'exploitation', 'exploration', 'exploration', 'exploitation', 'exploitation', 'exploration', 'exploitation', 'exploitation', 'exploitation', 'exploitation', 'exploitation', 'exploration', 'exploitation', 'exploitation', 'exploitation', 'exploitation', 'exploration', 'exploitation', 'exploitation', 'exploitation', 'exploitation', 'exploration', 'exploitation', 'exploitation', 'exploitation', 'exploitation', 'exploration', 'exploitation', 'exploitation', 'exploitation', 'exploitation', 'exploration', 'exploitation', 'exploitation', 'exploitation', 'exploitation', 'exploration', 'exploitation']",171.70721446469346,176.89745416496265
480,57.84014727386249,"[2.53140155700135, 0.8133287505689071]",[0.02088785 0.8345544 ],[-1.25245199e-01  1.19734645e+02 -1.49847940e-01  1.15846427e-07],"['exploitation', 'exploitation', 'exploitation', 'exploitation', 'exploitation', 'exploration', 'exploration', 'exploitation', 'exploitation', 'exploitation', 'exploitation', 'exploitation', 'exploitation', 'exploitation', 'exploitation', 'exploitation', 'exploration', 'exploitation', 'exploitation', 'exploitation', 'exploitation', 'exploitation', 'exploitation', 'exploitation', 'exploitation', 'exploitation', 'exploitation', 'exploitation', 'exploitation', 'exploitation', 'exploitation', 'exploitation', 'exploitation', 'exploration', 'exploitation', 'exploitation', 'exploitation', 'exploitation', 'exploitation', 'exploitation', 'exploitation', 'exploitation', 'exploitation', 'exploitation', 'exploitation', 'exploitation', 'exploitation', 'exploitation', 'exploitation', 'exploitation', 'exploitation', 'exploration', 'exploitation', 'exploitation', 'exploitation', 'exploitation', 'exploitation', 'exploitation', 'exploitation', 'exploration', 'exploitation', 'exploration', 'exploitation', 'exploration', 'exploitation', 'exploitation', 'exploitation', 'exploration', 'exploitation', 'exploitation', 'exploitation', 'exploitation', 'exploitation', 'exploration', 'exploration', 'exploitation', 'exploitation', 'exploitation', 'exploration', 'exploitation', 'exploitation', 'exploitation', 'exploitation', 'exploitation', 'exploitation', 'exploitation', 'exploration', 'exploitation', 'exploration', 'exploitation', 'exploitation', 'exploitation', 'exploitation', 'exploration', 'exploration', 'exploitation', 'exploitation', 'exploitation', 'exploitation']",119.68029454772498,124.87053424799416
481,137.16071483430827,"[2.3462938225857846, 0.8000369529542812]",[2.09738427e-04 9.99900000e-01],[ 2.00080016e-10 -6.50000000e+02 -2.00040004e-02 -1.00100046e-34],"['exploitation', 'exploration', 'exploration', 'exploitation', 'exploitation', 'exploitation', 'exploitation', 'exploration', 'exploitation', 'exploitation', 'exploration', 'exploitation', 'exploration', 'exploitation', 'exploitation', 'exploration', 'exploration', 'exploitation', 'exploitation', 'exploitation', 'exploitation', 'exploration', 'exploration', 'exploitation', 'exploitation', 'exploration', 'exploitation', 'exploration', 'exploitation', 'exploration', 'exploitation', 'exploitation', 'exploitation', 'exploration', 'exploitation', 'exploitation', 'exploitation', 'exploration', 'exploitation', 'exploitation', 'exploitation', 'exploitation', 'exploration', 'exploitation', 'exploitation', 'exploitation', 'exploration', 'exploitation', 'exploration', 'exploitation', 'exploitation', 'exploitation', 'exploration', 'exploitation', 'exploitation', 'exploitation', 'exploitation', 'exploration', 'exploitation', 'exploitation', 'exploration', 'exploitation', 'exploration', 'exploration', 'exploration', 'exploration', 'exploration', 'exploration', 'exploitation', 'exploitation', 'exploitation', 'exploration', 'exploitation', 'exploitation', 'exploitation', 'exploration', 'exploration', 'exploration', 'exploration', 'exploitation', 'exploitation', 'exploitation', 'exploration', 'exploration', 'exploitation', 'exploitation', 'exploitation', 'exploration', 'exploration', 'exploration', 'exploration', 'exploration', 'exploitation', 'exploitation', 'exploitation', 'exploration', 'exploration', 'exploration', 'exploration']",278.32142966861653,283.5116693688857
482,136.82669431773394,"[0.6321223007776026, 0.9311418831219722]",[0.00037741 0.24354841],[-58.72529538  27.95943691 -83.38389498 -63.65388236],"['exploration', 'exploration', 'exploration', 'exploration', 'exploration', 'exploration', 'exploration', 'exploration', 'exploration', 'exploration', 'exploration', 'exploration', 'exploitation', 'exploration', 'exploration', 'exploitation', 'exploitation', 'exploration', 'exploration', 'exploration', 'exploration', 'exploration', 'exploration', 'exploration', 'exploration', 'exploitation', 'exploration', 'exploration', 'exploration', 'exploration', 'exploration', 'exploration', 'exploration', 'exploration', 'exploitation', 'exploitation', 'exploitation', 'exploitation', 'exploration', 'exploration', 'exploration', 'exploration', 'exploration', 'exploration', 'exploration', 'exploration', 'exploration', 'exploitation', 'exploration', 'exploration', 'exploration', 'exploration', 'exploration', 'exploration', 'exploitation', 'exploitation', 'exploitation', 'exploration', 'exploration', 'exploration', 'exploitation', 'exploration', 'exploration', 'exploration', 'exploration', 'exploration', 'exploration', 'exploitation', 'exploration', 'exploration', 'exploration', 'exploration', 'exploration', 'exploration', 'exploitation', 'exploitation', 'exploitation', 'exploration', 'exploitation', 'exploration', 'exploration', 'exploration', 'exploration', 'exploration', 'exploration', 'exploitation', 'exploration', 'exploration', 'exploration', 'exploration', 'exploitation', 'exploration', 'exploitation', 'exploration', 'exploitation', 'exploitation', 'exploration', 'exploration', 'exploration']",277.6533886354679,282.84362833573704
483,137.14471567151415,"[1.546874500618794, 0.5696745130926516]",[1.90426698e-04 2.79093874e-01],[ 2.56469256e+00  1.32556043e+02  3.73591393e+01 -2.06609540e-04],"['exploration', 'exploitation', 'exploitation', 'exploration', 'exploration', 'exploration', 'exploitation', 'exploitation', 'exploitation', 'exploitation', 'exploitation', 'exploration', 'exploration', 'exploration', 'exploration', 'exploitation', 'exploration', 'exploitation', 'exploration', 'exploration', 'exploitation', 'exploitation', 'exploitation', 'exploitation', 'exploitation', 'exploration', 'exploration', 'exploitation', 'exploration', 'exploitation', 'exploration', 'exploitation', 'exploration', 'exploitation', 'exploitation', 'exploration', 'exploration', 'exploration', 'exploration', 'exploration', 'exploitation', 'exploration', 'exploitation', 'exploration', 'exploitation', 'exploration', 'exploration', 'exploration', 'exploitation', 'exploration', 'exploration', 'exploitation', 'exploration', 'exploitation', 'exploitation', 'exploration', 'exploration', 'exploration', 'exploitation', 'exploration', 'exploration', 'exploration', 'exploitation', 'exploration', 'exploration', 'exploitation', 'exploitation', 'exploration', 'exploration', 'exploration', 'exploration', 'exploration', 'exploration', 'exploration', 'exploration', 'exploitation', 'exploration', 'exploration', 'exploration', 'exploration', 'exploration', 'exploration', 'exploration', 'exploration', 'exploration', 'exploration', 'exploration', 'exploration', 'exploration', 'exploration', 'exploration', 'exploration', 'exploration', 'exploitation', 'exploration', 'exploration', 'exploration', 'exploration', 'exploitation']",278.2894313430283,283.47967104329746
484,131.60508052484153,"[1.7981308325301655, 0.9072941689575048]",[0.00248511 0.78300774],[-1.78879505e+01  1.02231842e+00 -2.32465489e-12 -6.93227816e-36],"['exploitation', 'exploitation', 'exploration', 'exploration', 'exploitation', 'exploitation', 'exploration', 'exploitation', 'exploration', 'exploitation', 'exploitation', 'exploration', 'exploitation', 'exploitation', 'exploration', 'exploitation', 'exploration', 'exploitation', 'exploitation', 'exploitation', 'exploration', 'exploration', 'exploitation', 'exploitation', 'exploitation', 'exploration', 'exploitation', 'exploration', 'exploitation', 'exploitation', 'exploration', 'exploitation', 'exploration', 'exploitation', 'exploration', 'exploration', 'exploration', 'exploitation', 'exploration', 'exploitation', 'exploitation', 'exploration', 'exploitation', 'exploitation', 'exploitation', 'exploitation', 'exploration', 'exploitation', 'exploration', 'exploration', 'exploration', 'exploitation', 'exploration', 'exploration', 'exploitation', 'exploitation', 'exploitation', 'exploration', 'exploitation', 'exploitation', 'exploration', 'exploitation', 'exploitation', 'exploration', 'exploitation', 'exploitation', 'exploitation', 'exploitation', 'exploration', 'exploitation', 'exploitation', 'exploitation', 'exploitation', 'exploration', 'exploitation', 'exploration', 'exploration', 'exploration', 'exploration', 'exploitation', 'exploitation', 'exploration', 'exploration', 'exploration', 'exploitation', 'exploration', 'exploitation', 'exploitation', 'exploration', 'exploitation', 'exploration', 'exploration', 'exploration', 'exploitation', 'exploration', 'exploration', 'exploitation', 'exploration', 'exploration']",267.21016104968305,272.4004007499522
485,135.38344747345113,"[0.22129836086734012, 0.6647083764734689]",[0.00101098 0.9999    ],[ 2.00040006e-02  1.00110055e-42 -2.00000000e+02 -1.00100045e-38],"['exploration', 'exploration', 'exploration', 'exploration', 'exploration', 'exploration', 'exploration', 'exploration', 'exploration', 'exploitation', 'exploration', 'exploration', 'exploitation', 'exploitation', 'exploration', 'exploitation', 'exploitation', 'exploitation', 'exploitation', 'exploitation', 'exploration', 'exploration', 'exploration', 'exploration', 'exploration', 'exploration', 'exploitation', 'exploration', 'exploitation', 'exploitation', 'exploration', 'exploration', 'exploration', 'exploration', 'exploitation', 'exploration', 'exploration', 'exploration', 'exploitation', 'exploration', 'exploitation', 'exploration', 'exploration', 'exploration', 'exploration', 'exploration', 'exploration', 'exploitation', 'exploration', 'exploration', 'exploration', 'exploration', 'exploitation', 'exploration', 'exploration', 'exploitation', 'exploration', 'exploration', 'exploration', 'exploitation', 'exploration', 'exploration', 'exploitation', 'exploitation', 'exploitation', 'exploitation', 'exploration', 'exploration', 'exploration', 'exploration', 'exploration', 'exploration', 'exploitation', 'exploration', 'exploration', 'exploitation', 'exploration', 'exploration', 'exploitation', 'exploration', 'exploitation', 'exploitation', 'exploration', 'exploration', 'exploration', 'exploitation', 'exploration', 'exploration', 'exploration', 'exploitation', 'exploitation', 'exploitation', 'exploitation', 'exploration', 'exploitation', 'exploitation', 'exploitation', 'exploration', 'exploration']",274.76689494690226,279.9571346471714
486,130.79447847093527,"[1.2694645054158744, 0.9796299419559792]",[0.00202394 0.55579832],[ -3.08493825 172.89958604  -1.56403326   7.34084574],"['exploration', 'exploitation', 'exploration', 'exploration', 'exploration', 'exploitation', 'exploitation', 'exploitation', 'exploitation', 'exploitation', 'exploitation', 'exploration', 'exploitation', 'exploration', 'exploitation', 'exploitation', 'exploration', 'exploitation', 'exploration', 'exploitation', 'exploitation', 'exploitation', 'exploitation', 'exploration', 'exploitation', 'exploitation', 'exploration', 'exploration', 'exploration', 'exploration', 'exploration', 'exploitation', 'exploitation', 'exploitation', 'exploration', 'exploration', 'exploration', 'exploration', 'exploration', 'exploitation', 'exploration', 'exploration', 'exploration', 'exploration', 'exploitation', 'exploitation', 'exploitation', 'exploration', 'exploration', 'exploration', 'exploration', 'exploration', 'exploration', 'exploration', 'exploration', 'exploration', 'exploration', 'exploitation', 'exploration', 'exploitation', 'exploration', 'exploitation', 'exploration', 'exploration', 'exploitation', 'exploitation', 'exploitation', 'exploration', 'exploration', 'exploration', 'exploration', 'exploration', 'exploration', 'exploration', 'exploration', 'exploitation', 'exploitation', 'exploitation', 'exploitation', 'exploitation', 'exploitation', 'exploration', 'exploration', 'exploration', 'exploration', 'exploration', 'exploration', 'exploitation', 'exploitation', 'exploitation', 'exploitation', 'exploration', 'exploitation', 'exploitation', 'exploration', 'exploitation', 'exploitation', 'exploitation', 'exploitation']",265.58895694187055,270.7791966421397
487,137.21623325667727,"[0.4071119169826419, 0.43311374536238495]",[1.16039938e-04 9.99900000e-01],[ 1.99894989e+02  1.00030004e-10 -2.00040004e-06 -1.00220231e-86],"['exploration', 'exploration', 'exploration', 'exploitation', 'exploitation', 'exploitation', 'exploration', 'exploration', 'exploration', 'exploitation', 'exploration', 'exploitation', 'exploration', 'exploration', 'exploration', 'exploration', 'exploitation', 'exploration', 'exploration', 'exploitation', 'exploitation', 'exploitation', 'exploration', 'exploitation', 'exploration', 'exploitation', 'exploration', 'exploitation', 'exploration', 'exploitation', 'exploitation', 'exploitation', 'exploitation', 'exploration', 'exploitation', 'exploitation', 'exploration', 'exploitation', 'exploitation', 'exploration', 'exploitation', 'exploration', 'exploitation', 'exploitation', 'exploration', 'exploration', 'exploitation', 'exploration', 'exploitation', 'exploitation', 'exploration', 'exploitation', 'exploration', 'exploration', 'exploration', 'exploration', 'exploration', 'exploration', 'exploration', 'exploitation', 'exploitation', 'exploration', 'exploitation', 'exploitation', 'exploration', 'exploitation', 'exploitation', 'exploitation', 'exploration', 'exploitation', 'exploitation', 'exploration', 'exploitation', 'exploration', 'exploration', 'exploration', 'exploration', 'exploration', 'exploration', 'exploitation', 'exploitation', 'exploration', 'exploitation', 'exploration', 'exploration', 'exploitation', 'exploration', 'exploitation', 'exploitation', 'exploration', 'exploitation', 'exploration', 'exploration', 'exploration', 'exploitation', 'exploration', 'exploration', 'exploration', 'exploitation']",278.43246651335454,283.6227062136237
488,137.4318208227304,"[0.09538595664069345, 0.2632631460643268]",[1.000e-04 9.999e-01],[-1.05008500e-001  1.00000000e+002 -2.00060006e-010 -1.00762857e-302],"['exploration', 'exploration', 'exploration', 'exploration', 'exploitation', 'exploitation', 'exploration', 'exploration', 'exploration', 'exploitation', 'exploration', 'exploration', 'exploitation', 'exploration', 'exploration', 'exploration', 'exploration', 'exploitation', 'exploitation', 'exploration', 'exploitation', 'exploration', 'exploration', 'exploitation', 'exploration', 'exploitation', 'exploitation', 'exploration', 'exploration', 'exploration', 'exploitation', 'exploration', 'exploration', 'exploitation', 'exploration', 'exploitation', 'exploration', 'exploitation', 'exploration', 'exploitation', 'exploration', 'exploitation', 'exploration', 'exploitation', 'exploration', 'exploration', 'exploitation', 'exploration', 'exploitation', 'exploitation', 'exploration', 'exploration', 'exploitation', 'exploration', 'exploration', 'exploration', 'exploitation', 'exploitation', 'exploration', 'exploration', 'exploitation', 'exploration', 'exploitation', 'exploration', 'exploitation', 'exploration', 'exploration', 'exploration', 'exploitation', 'exploration', 'exploration', 'exploration', 'exploration', 'exploration', 'exploration', 'exploitation', 'exploration', 'exploration', 'exploration', 'exploitation', 'exploration', 'exploration', 'exploration', 'exploration', 'exploitation', 'exploitation', 'exploitation', 'exploration', 'exploitation', 'exploration', 'exploitation', 'exploitation', 'exploration', 'exploitation', 'exploration', 'exploration', 'exploitation', 'exploitation', 'exploitation']",278.8636416454608,284.05388134572996
489,101.81685592889113,"[0.6408114343517148, 0.18667957317406675]",[0.00176394 0.00732556],[ 279.24493796   29.55080613  472.15365626 2464.10146391],"['exploration', 'exploitation', 'exploration', 'exploitation', 'exploitation', 'exploitation', 'exploitation', 'exploitation', 'exploitation', 'exploitation', 'exploitation', 'exploration', 'exploration', 'exploration', 'exploration', 'exploration', 'exploration', 'exploration', 'exploration', 'exploitation', 'exploitation', 'exploration', 'exploration', 'exploration', 'exploitation', 'exploitation', 'exploitation', 'exploration', 'exploration', 'exploration', 'exploration', 'exploration', 'exploration', 'exploration', 'exploration', 'exploration', 'exploration', 'exploration', 'exploration', 'exploration', 'exploration', 'exploration', 'exploration', 'exploration', 'exploration', 'exploration', 'exploration', 'exploration', 'exploration', 'exploration', 'exploration', 'exploration', 'exploitation', 'exploitation', 'exploration', 'exploration', 'exploration', 'exploitation', 'exploitation', 'exploitation', 'exploitation', 'exploration', 'exploitation', 'exploitation', 'exploitation', 'exploitation', 'exploitation', 'exploitation', 'exploitation', 'exploitation', 'exploitation', 'exploitation', 'exploitation', 'exploitation', 'exploitation', 'exploitation', 'exploitation', 'exploitation', 'exploitation', 'exploitation', 'exploitation', 'exploitation', 'exploitation', 'exploitation', 'exploitation', 'exploitation', 'exploitation', 'exploitation', 'exploitation', 'exploitation', 'exploitation', 'exploitation', 'exploitation', 'exploitation', 'exploitation', 'exploitation', 'exploitation', 'exploitation', 'exploitation']",207.63371185778226,212.82395155805145
490,137.42189176374524,"[0.8101982718920322, 0.9366619324773143]",[1.000e-04 9.999e-01],[ 2.00100022e-14 -6.49999999e+02  1.05063016e-21 -1.00010001e-02],"['exploitation', 'exploration', 'exploration', 'exploration', 'exploration', 'exploration', 'exploitation', 'exploration', 'exploitation', 'exploration', 'exploration', 'exploration', 'exploration', 'exploitation', 'exploration', 'exploration', 'exploration', 'exploitation', 'exploitation', 'exploitation', 'exploration', 'exploration', 'exploitation', 'exploration', 'exploitation', 'exploitation', 'exploration', 'exploration', 'exploration', 'exploitation', 'exploitation', 'exploration', 'exploration', 'exploration', 'exploration', 'exploitation', 'exploration', 'exploration', 'exploration', 'exploration', 'exploration', 'exploitation', 'exploration', 'exploitation', 'exploration', 'exploitation', 'exploration', 'exploration', 'exploitation', 'exploration', 'exploitation', 'exploration', 'exploration', 'exploitation', 'exploitation', 'exploration', 'exploration', 'exploration', 'exploration', 'exploitation', 'exploration', 'exploitation', 'exploration', 'exploration', 'exploration', 'exploration', 'exploration', 'exploitation', 'exploration', 'exploration', 'exploration', 'exploration', 'exploration', 'exploitation', 'exploration', 'exploration', 'exploitation', 'exploitation', 'exploration', 'exploration', 'exploration', 'exploitation', 'exploration', 'exploitation', 'exploration', 'exploration', 'exploration', 'exploration', 'exploration', 'exploration', 'exploration', 'exploration', 'exploration', 'exploitation', 'exploration', 'exploration', 'exploration', 'exploitation', 'exploration']",278.8437835274905,284.03402322775963
491,118.01416518810613,"[0.19026092827164057, 0.10243787483070509]",[0.00094332 0.0001    ],[-199.35432313  -51.46307765 3190.00759819  696.7323282 ],"['exploration', 'exploration', 'exploration', 'exploration', 'exploitation', 'exploration', 'exploitation', 'exploitation', 'exploitation', 'exploration', 'exploration', 'exploration', 'exploration', 'exploration', 'exploration', 'exploration', 'exploration', 'exploitation', 'exploration', 'exploration', 'exploration', 'exploitation', 'exploration', 'exploration', 'exploration', 'exploration', 'exploitation', 'exploitation', 'exploration', 'exploration', 'exploration', 'exploration', 'exploration', 'exploration', 'exploration', 'exploration', 'exploration', 'exploitation', 'exploitation', 'exploitation', 'exploration', 'exploration', 'exploration', 'exploration', 'exploration', 'exploration', 'exploration', 'exploration', 'exploration', 'exploration', 'exploration', 'exploration', 'exploration', 'exploitation', 'exploitation', 'exploitation', 'exploration', 'exploration', 'exploration', 'exploration', 'exploration', 'exploration', 'exploration', 'exploitation', 'exploitation', 'exploitation', 'exploitation', 'exploration', 'exploitation', 'exploitation', 'exploitation', 'exploitation', 'exploitation', 'exploitation', 'exploitation', 'exploitation', 'exploitation', 'exploitation', 'exploitation', 'exploitation', 'exploitation', 'exploitation', 'exploitation', 'exploitation', 'exploitation', 'exploitation', 'exploitation', 'exploitation', 'exploitation', 'exploitation', 'exploitation', 'exploitation', 'exploitation', 'exploitation', 'exploitation', 'exploitation', 'exploitation', 'exploitation', 'exploitation']",240.02833037621227,245.21857007648146
492,127.92285980335707,"[0.6377155694428108, 0.9031724727155146]",[0.00112554 0.0398659 ],[  7.6523091   -8.45191351 764.51473688 487.89250969],"['exploration', 'exploration', 'exploration', 'exploitation', 'exploration', 'exploitation', 'exploitation', 'exploitation', 'exploration', 'exploration', 'exploitation', 'exploration', 'exploitation', 'exploration', 'exploitation', 'exploitation', 'exploration', 'exploitation', 'exploration', 'exploration', 'exploration', 'exploration', 'exploitation', 'exploration', 'exploitation', 'exploitation', 'exploration', 'exploitation', 'exploration', 'exploration', 'exploration', 'exploration', 'exploitation', 'exploration', 'exploration', 'exploration', 'exploration', 'exploration', 'exploration', 'exploration', 'exploitation', 'exploitation', 'exploration', 'exploration', 'exploration', 'exploration', 'exploitation', 'exploitation', 'exploitation', 'exploration', 'exploration', 'exploitation', 'exploitation', 'exploitation', 'exploitation', 'exploration', 'exploitation', 'exploitation', 'exploitation', 'exploitation', 'exploitation', 'exploitation', 'exploitation', 'exploitation', 'exploitation', 'exploitation', 'exploitation', 'exploitation', 'exploitation', 'exploitation', 'exploitation', 'exploitation', 'exploitation', 'exploitation', 'exploitation', 'exploitation', 'exploitation', 'exploitation', 'exploitation', 'exploitation', 'exploitation', 'exploration', 'exploration', 'exploration', 'exploration', 'exploration', 'exploration', 'exploration', 'exploration', 'exploration', 'exploration', 'exploration', 'exploration', 'exploration', 'exploration', 'exploration', 'exploration', 'exploration', 'exploration']",259.84571960671417,265.03595930698333
493,130.53572323832677,"[0.22672167985788014, 0.5239909948982322]",[0.00183956 0.36870693],[422.24861583  10.3026724  -58.2566004  -10.02663203],"['exploration', 'exploration', 'exploration', 'exploration', 'exploration', 'exploitation', 'exploration', 'exploitation', 'exploration', 'exploitation', 'exploration', 'exploitation', 'exploitation', 'exploitation', 'exploration', 'exploitation', 'exploitation', 'exploration', 'exploitation', 'exploitation', 'exploitation', 'exploitation', 'exploitation', 'exploitation', 'exploration', 'exploration', 'exploitation', 'exploration', 'exploitation', 'exploration', 'exploitation', 'exploration', 'exploitation', 'exploitation', 'exploration', 'exploration', 'exploration', 'exploration', 'exploitation', 'exploitation', 'exploitation', 'exploration', 'exploitation', 'exploitation', 'exploitation', 'exploration', 'exploration', 'exploration', 'exploitation', 'exploitation', 'exploitation', 'exploration', 'exploration', 'exploration', 'exploration', 'exploitation', 'exploration', 'exploitation', 'exploitation', 'exploitation', 'exploitation', 'exploitation', 'exploitation', 'exploration', 'exploration', 'exploration', 'exploitation', 'exploration', 'exploration', 'exploration', 'exploration', 'exploitation', 'exploration', 'exploration', 'exploitation', 'exploitation', 'exploration', 'exploitation', 'exploration', 'exploitation', 'exploration', 'exploration', 'exploration', 'exploration', 'exploration', 'exploitation', 'exploration', 'exploration', 'exploitation', 'exploration', 'exploration', 'exploitation', 'exploration', 'exploration', 'exploration', 'exploitation', 'exploitation', 'exploitation', 'exploitation']",265.07144647665353,270.2616861769227
494,123.9585702119419,"[0.6845425254591138, 0.7771310285569836]",[0.00453177 0.92739396],[ 1.56520827e+01  1.00002980e+02 -1.81313105e-05 -8.73773140e-24],"['exploration', 'exploitation', 'exploration', 'exploitation', 'exploitation', 'exploitation', 'exploitation', 'exploitation', 'exploration', 'exploitation', 'exploration', 'exploration', 'exploitation', 'exploration', 'exploitation', 'exploitation', 'exploitation', 'exploitation', 'exploitation', 'exploitation', 'exploration', 'exploitation', 'exploration', 'exploitation', 'exploration', 'exploitation', 'exploration', 'exploration', 'exploration', 'exploitation', 'exploitation', 'exploitation', 'exploration', 'exploitation', 'exploitation', 'exploitation', 'exploitation', 'exploitation', 'exploitation', 'exploitation', 'exploitation', 'exploration', 'exploitation', 'exploration', 'exploitation', 'exploration', 'exploitation', 'exploration', 'exploitation', 'exploration', 'exploration', 'exploitation', 'exploration', 'exploration', 'exploration', 'exploitation', 'exploration', 'exploration', 'exploitation', 'exploration', 'exploitation', 'exploitation', 'exploration', 'exploration', 'exploration', 'exploitation', 'exploration', 'exploitation', 'exploitation', 'exploitation', 'exploitation', 'exploration', 'exploitation', 'exploration', 'exploration', 'exploration', 'exploitation', 'exploitation', 'exploration', 'exploitation', 'exploration', 'exploration', 'exploration', 'exploitation', 'exploration', 'exploration', 'exploration', 'exploitation', 'exploitation', 'exploitation', 'exploration', 'exploitation', 'exploration', 'exploitation', 'exploration', 'exploitation', 'exploitation', 'exploration', 'exploitation']",251.9171404238838,257.107380124153
495,136.006469452187,"[1.1086462866521891, 0.7617949631713432]",[0.00078567 0.72234151],[ 2.64803642e+02 -1.07240079e+00  2.24436375e+01 -6.10627195e-13],"['exploration', 'exploration', 'exploitation', 'exploration', 'exploration', 'exploitation', 'exploration', 'exploration', 'exploration', 'exploration', 'exploration', 'exploration', 'exploration', 'exploitation', 'exploitation', 'exploitation', 'exploration', 'exploitation', 'exploration', 'exploration', 'exploration', 'exploration', 'exploration', 'exploration', 'exploration', 'exploration', 'exploration', 'exploration', 'exploration', 'exploration', 'exploration', 'exploitation', 'exploitation', 'exploitation', 'exploitation', 'exploitation', 'exploration', 'exploration', 'exploitation', 'exploration', 'exploration', 'exploitation', 'exploitation', 'exploitation', 'exploitation', 'exploration', 'exploration', 'exploitation', 'exploration', 'exploration', 'exploitation', 'exploration', 'exploitation', 'exploration', 'exploitation', 'exploration', 'exploration', 'exploration', 'exploration', 'exploration', 'exploitation', 'exploration', 'exploration', 'exploitation', 'exploration', 'exploration', 'exploration', 'exploitation', 'exploration', 'exploration', 'exploration', 'exploration', 'exploitation', 'exploration', 'exploration', 'exploration', 'exploration', 'exploitation', 'exploration', 'exploitation', 'exploration', 'exploitation', 'exploration', 'exploitation', 'exploration', 'exploration', 'exploitation', 'exploration', 'exploration', 'exploration', 'exploration', 'exploitation', 'exploration', 'exploitation', 'exploration', 'exploration', 'exploration', 'exploitation', 'exploitation']",276.012938904374,281.20317860464314
496,137.45146158580806,"[1.0120993659931816, 0.5368319279331742]",[1.000e-04 9.999e-01],[ 0.00000000e+000  1.00010002e+002 -0.00000000e+000 -1.00692351e-274],"['exploration', 'exploitation', 'exploration', 'exploration', 'exploitation', 'exploitation', 'exploration', 'exploration', 'exploration', 'exploration', 'exploitation', 'exploration', 'exploration', 'exploitation', 'exploration', 'exploitation', 'exploitation', 'exploitation', 'exploration', 'exploitation', 'exploitation', 'exploitation', 'exploitation', 'exploration', 'exploitation', 'exploitation', 'exploitation', 'exploitation', 'exploration', 'exploration', 'exploitation', 'exploitation', 'exploitation', 'exploitation', 'exploration', 'exploitation', 'exploitation', 'exploitation', 'exploitation', 'exploration', 'exploitation', 'exploitation', 'exploitation', 'exploitation', 'exploration', 'exploitation', 'exploitation', 'exploitation', 'exploitation', 'exploration', 'exploitation', 'exploitation', 'exploitation', 'exploitation', 'exploration', 'exploitation', 'exploitation', 'exploitation', 'exploitation', 'exploration', 'exploitation', 'exploitation', 'exploitation', 'exploitation', 'exploration', 'exploitation', 'exploitation', 'exploitation', 'exploitation', 'exploration', 'exploitation', 'exploitation', 'exploitation', 'exploitation', 'exploration', 'exploitation', 'exploitation', 'exploitation', 'exploitation', 'exploration', 'exploitation', 'exploitation', 'exploitation', 'exploitation', 'exploration', 'exploitation', 'exploitation', 'exploitation', 'exploitation', 'exploration', 'exploitation', 'exploitation', 'exploitation', 'exploitation', 'exploration', 'exploitation', 'exploitation', 'exploitation', 'exploitation']",278.9029231716161,284.0931628718853
498,136.93903902822208,"[2.4369967891174076, 0.55578098841219]",[3.97225428e-04 7.37086169e-01],[ 1.82190690e+02  3.32000506e+01 -4.56792676e-03 -8.68348227e-03],"['exploitation', 'exploration', 'exploitation', 'exploration', 'exploitation', 'exploration', 'exploration', 'exploration', 'exploration', 'exploitation', 'exploration', 'exploration', 'exploration', 'exploration', 'exploitation', 'exploration', 'exploration', 'exploration', 'exploration', 'exploration', 'exploration', 'exploration', 'exploitation', 'exploration', 'exploration', 'exploration', 'exploitation', 'exploration', 'exploration', 'exploration', 'exploitation', 'exploration', 'exploration', 'exploration', 'exploration', 'exploration', 'exploitation', 'exploitation', 'exploration', 'exploitation', 'exploitation', 'exploitation', 'exploitation', 'exploration', 'exploitation', 'exploration', 'exploration', 'exploration', 'exploitation', 'exploration', 'exploration', 'exploitation', 'exploration', 'exploration', 'exploitation', 'exploitation', 'exploration', 'exploration', 'exploration', 'exploitation', 'exploitation', 'exploration', 'exploitation', 'exploration', 'exploitation', 'exploitation', 'exploitation', 'exploration', 'exploration', 'exploration', 'exploitation', 'exploration', 'exploration', 'exploration', 'exploration', 'exploration', 'exploitation', 'exploitation', 'exploitation', 'exploration', 'exploitation', 'exploration', 'exploration', 'exploration', 'exploitation', 'exploration', 'exploration', 'exploitation', 'exploitation', 'exploration', 'exploration', 'exploitation', 'exploitation', 'exploitation', 'exploitation', 'exploitation', 'exploitation', 'exploration', 'exploitation']",277.87807805644417,283.0683177567133
499,112.1027032608524,"[0.5044979018769397, 0.6295838117332458]",[0.00099174 0.0001    ],[-151.58862961 -995.97240923 2690.35514805  398.25294643],"['exploration', 'exploration', 'exploration', 'exploration', 'exploration', 'exploration', 'exploration', 'exploitation', 'exploration', 'exploration', 'exploration', 'exploration', 'exploitation', 'exploitation', 'exploitation', 'exploration', 'exploration', 'exploration', 'exploration', 'exploitation', 'exploitation', 'exploration', 'exploration', 'exploration', 'exploration', 'exploitation', 'exploration', 'exploration', 'exploration', 'exploration', 'exploration', 'exploration', 'exploration', 'exploration', 'exploration', 'exploration', 'exploration', 'exploration', 'exploration', 'exploitation', 'exploitation', 'exploration', 'exploration', 'exploration', 'exploration', 'exploration', 'exploration', 'exploration', 'exploration', 'exploration', 'exploration', 'exploration', 'exploration', 'exploration', 'exploitation', 'exploration', 'exploration', 'exploration', 'exploitation', 'exploration', 'exploration', 'exploitation', 'exploitation', 'exploration', 'exploitation', 'exploitation', 'exploitation', 'exploitation', 'exploitation', 'exploitation', 'exploration', 'exploitation', 'exploitation', 'exploitation', 'exploitation', 'exploitation', 'exploitation', 'exploitation', 'exploitation', 'exploitation', 'exploitation', 'exploitation', 'exploitation', 'exploitation', 'exploitation', 'exploitation', 'exploitation', 'exploitation', 'exploitation', 'exploitation', 'exploitation', 'exploitation', 'exploitation', 'exploitation', 'exploitation', 'exploitation', 'exploitation', 'exploitation', 'exploitation']",228.2054065217048,233.39564622197398
500,132.77274440578213,"[0.03583859440477254, 0.8447767016783181]",[0.0020207  0.92643641],[ 1.58803488e+01  1.00000216e+02 -3.69527904e-13 -1.16538379e-57],"['exploration', 'exploitation', 'exploration', 'exploitation', 'exploitation', 'exploitation', 'exploitation', 'exploitation', 'exploration', 'exploration', 'exploration', 'exploration', 'exploration', 'exploitation', 'exploration', 'exploration', 'exploitation', 'exploitation', 'exploration', 'exploration', 'exploration', 'exploration', 'exploration', 'exploration', 'exploitation', 'exploitation', 'exploitation', 'exploration', 'exploration', 'exploration', 'exploration', 'exploration', 'exploitation', 'exploitation', 'exploration', 'exploration', 'exploitation', 'exploitation', 'exploration', 'exploitation', 'exploration', 'exploitation', 'exploitation', 'exploitation', 'exploitation', 'exploitation', 'exploration', 'exploration', 'exploration', 'exploration', 'exploitation', 'exploration', 'exploration', 'exploration', 'exploration', 'exploration', 'exploration', 'exploitation', 'exploitation', 'exploitation', 'exploration', 'exploitation', 'exploitation', 'exploration', 'exploration', 'exploration', 'exploitation', 'exploration', 'exploration', 'exploration', 'exploration', 'exploration', 'exploitation', 'exploitation', 'exploration', 'exploitation', 'exploitation', 'exploitation', 'exploitation', 'exploitation', 'exploration', 'exploitation', 'exploitation', 'exploitation', 'exploration', 'exploitation', 'exploration', 'exploitation', 'exploitation', 'exploration', 'exploration', 'exploitation', 'exploitation', 'exploration', 'exploitation', 'exploitation', 'exploitation', 'exploration', 'exploration']",269.54548881156427,274.73572851183343
501,44.06942113033044,"[0.7722099252938465, 0.9675513472241054]",[0.00505875 0.02767848],[ -26.06835473 -101.31920133 1776.4203855    -9.76233522],"['exploitation', 'exploration', 'exploration', 'exploitation', 'exploitation', 'exploitation', 'exploitation', 'exploitation', 'exploitation', 'exploitation', 'exploitation', 'exploration', 'exploitation', 'exploration', 'exploitation', 'exploitation', 'exploitation', 'exploration', 'exploitation', 'exploration', 'exploitation', 'exploitation', 'exploitation', 'exploration', 'exploration', 'exploration', 'exploration', 'exploration', 'exploration', 'exploitation', 'exploration', 'exploration', 'exploitation', 'exploitation', 'exploitation', 'exploration', 'exploration', 'exploitation', 'exploitation', 'exploitation', 'exploitation', 'exploration', 'exploitation', 'exploitation', 'exploitation', 'exploitation', 'exploitation', 'exploitation', 'exploitation', 'exploitation', 'exploitation', 'exploitation', 'exploitation', 'exploitation', 'exploitation', 'exploitation', 'exploitation', 'exploitation', 'exploitation', 'exploitation', 'exploitation', 'exploitation', 'exploitation', 'exploitation', 'exploitation', 'exploitation', 'exploitation', 'exploitation', 'exploitation', 'exploitation', 'exploitation', 'exploitation', 'exploitation', 'exploitation', 'exploitation', 'exploitation', 'exploitation', 'exploitation', 'exploitation', 'exploitation', 'exploitation', 'exploitation', 'exploitation', 'exploitation', 'exploitation', 'exploitation', 'exploitation', 'exploitation', 'exploitation', 'exploitation', 'exploitation', 'exploitation', 'exploitation', 'exploitation', 'exploitation', 'exploitation', 'exploitation', 'exploitation', 'exploitation']",92.13884226066088,97.32908196093005
502,136.485582796972,"[0.5552052005665592, 0.630962699275117]",[6.21500515e-04 9.16309110e-01],[ 3.67828627e-09  7.50027927e-15 -2.09511713e+02 -9.64822096e-41],"['exploitation', 'exploitation', 'exploitation', 'exploitation', 'exploration', 'exploitation', 'exploitation', 'exploitation', 'exploration', 'exploration', 'exploration', 'exploitation', 'exploitation', 'exploration', 'exploration', 'exploitation', 'exploitation', 'exploitation', 'exploration', 'exploitation', 'exploitation', 'exploitation', 'exploitation', 'exploitation', 'exploration', 'exploitation', 'exploitation', 'exploration', 'exploration', 'exploitation', 'exploitation', 'exploitation', 'exploitation', 'exploration', 'exploitation', 'exploitation', 'exploitation', 'exploitation', 'exploitation', 'exploitation', 'exploitation', 'exploration', 'exploitation', 'exploitation', 'exploitation', 'exploration', 'exploration', 'exploration', 'exploration', 'exploitation', 'exploitation', 'exploitation', 'exploitation', 'exploration', 'exploration', 'exploitation', 'exploitation', 'exploitation', 'exploration', 'exploitation', 'exploration', 'exploration', 'exploitation', 'exploitation', 'exploitation', 'exploration', 'exploration', 'exploration', 'exploitation', 'exploitation', 'exploitation', 'exploitation', 'exploration', 'exploitation', 'exploitation', 'exploitation', 'exploitation', 'exploration', 'exploitation', 'exploitation', 'exploitation', 'exploration', 'exploitation', 'exploration', 'exploration', 'exploitation', 'exploitation', 'exploitation', 'exploration', 'exploration', 'exploration', 'exploitation', 'exploration', 'exploration', 'exploration', 'exploration', 'exploitation', 'exploration', 'exploration']",276.971165593944,282.1614052942132
503,136.70393592833435,"[0.07509340504016934, 0.8009629166034131]",[6.33179486e-04 9.99900000e-01],[ 2.00020002e-002 -6.50130006e-006 -2.00600871e-118 -1.00000000e+002],"['exploitation', 'exploration', 'exploration', 'exploration', 'exploitation', 'exploration', 'exploration', 'exploitation', 'exploitation', 'exploration', 'exploitation', 'exploration', 'exploitation', 'exploitation', 'exploration', 'exploration', 'exploration', 'exploitation', 'exploration', 'exploitation', 'exploitation', 'exploration', 'exploitation', 'exploration', 'exploration', 'exploration', 'exploration', 'exploration', 'exploitation', 'exploration', 'exploration', 'exploration', 'exploitation', 'exploitation', 'exploration', 'exploitation', 'exploration', 'exploration', 'exploration', 'exploitation', 'exploration', 'exploitation', 'exploitation', 'exploration', 'exploitation', 'exploration', 'exploitation', 'exploitation', 'exploration', 'exploitation', 'exploitation', 'exploitation', 'exploration', 'exploration', 'exploitation', 'exploration', 'exploitation', 'exploitation', 'exploration', 'exploration', 'exploitation', 'exploration', 'exploration', 'exploration', 'exploration', 'exploration', 'exploration', 'exploration', 'exploitation', 'exploration', 'exploitation', 'exploration', 'exploitation', 'exploration', 'exploration', 'exploitation', 'exploitation', 'exploitation', 'exploration', 'exploration', 'exploration', 'exploitation', 'exploitation', 'exploration', 'exploitation', 'exploitation', 'exploitation', 'exploration', 'exploitation', 'exploration', 'exploitation', 'exploration', 'exploration', 'exploitation', 'exploration', 'exploration', 'exploitation', 'exploration', 'exploration']",277.4078718566687,282.59811155693785
504,137.53823678779273,"[0.18767833744358184, 0.013362274401436489]",[1.000e-04 9.999e-01],[ 2.00380344e-070  9.99349945e+001 -2.01163312e-230 -1.00170136e-066],"['exploitation', 'exploration', 'exploration', 'exploration', 'exploitation', 'exploitation', 'exploitation', 'exploration', 'exploitation', 'exploration', 'exploitation', 'exploitation', 'exploitation', 'exploration', 'exploitation', 'exploration', 'exploration', 'exploitation', 'exploitation', 'exploration', 'exploration', 'exploitation', 'exploitation', 'exploration', 'exploration', 'exploitation', 'exploration', 'exploration', 'exploration', 'exploration', 'exploration', 'exploration', 'exploration', 'exploration', 'exploitation', 'exploration', 'exploration', 'exploration', 'exploration', 'exploration', 'exploitation', 'exploitation', 'exploration', 'exploration', 'exploration', 'exploration', 'exploitation', 'exploration', 'exploration', 'exploration', 'exploration', 'exploitation', 'exploration', 'exploration', 'exploration', 'exploration', 'exploitation', 'exploration', 'exploration', 'exploration', 'exploration', 'exploration', 'exploitation', 'exploitation', 'exploration', 'exploitation', 'exploration', 'exploitation', 'exploration', 'exploitation', 'exploitation', 'exploitation', 'exploration', 'exploitation', 'exploration', 'exploitation', 'exploitation', 'exploitation', 'exploration', 'exploitation', 'exploration', 'exploration', 'exploration', 'exploitation', 'exploitation', 'exploitation', 'exploitation', 'exploration', 'exploitation', 'exploitation', 'exploitation', 'exploitation', 'exploration', 'exploitation', 'exploitation', 'exploitation', 'exploitation', 'exploration', 'exploitation']",279.07647357558545,284.2667132758546
505,126.8982394195818,"[0.5069455961198067, 0.7652589350083598]",[0.00245273 0.27762449],[-2.35417533e-04 -1.27023732e+02 -2.77392986e-01 -1.07908536e-05],"['exploitation', 'exploration', 'exploration', 'exploration', 'exploration', 'exploitation', 'exploitation', 'exploitation', 'exploitation', 'exploitation', 'exploitation', 'exploration', 'exploitation', 'exploitation', 'exploitation', 'exploitation', 'exploitation', 'exploration', 'exploitation', 'exploitation', 'exploitation', 'exploitation', 'exploration', 'exploitation', 'exploitation', 'exploitation', 'exploitation', 'exploration', 'exploitation', 'exploitation', 'exploration', 'exploitation', 'exploration', 'exploration', 'exploitation', 'exploitation', 'exploration', 'exploration', 'exploitation', 'exploitation', 'exploitation', 'exploitation', 'exploration', 'exploitation', 'exploration', 'exploration', 'exploration', 'exploitation', 'exploration', 'exploitation', 'exploitation', 'exploitation', 'exploitation', 'exploration', 'exploration', 'exploration', 'exploitation', 'exploitation', 'exploitation', 'exploration', 'exploration', 'exploitation', 'exploitation', 'exploitation', 'exploration', 'exploration', 'exploitation', 'exploitation', 'exploitation', 'exploration', 'exploration', 'exploitation', 'exploitation', 'exploitation', 'exploration', 'exploration', 'exploitation', 'exploitation', 'exploitation', 'exploitation', 'exploitation', 'exploration', 'exploration', 'exploration', 'exploitation', 'exploitation', 'exploration', 'exploration', 'exploration', 'exploitation', 'exploitation', 'exploration', 'exploration', 'exploration', 'exploitation', 'exploitation', 'exploration', 'exploration', 'exploration']",257.79647883916357,262.9867185394328
506,137.16631104527303,"[0.7117095655877057, 0.69003865961991]",[2.11887359e-04 9.99900000e-01],[-1.05197675e-73 -6.50575223e-34 -2.00020004e+02  6.50250033e-14],"['exploration', 'exploitation', 'exploitation', 'exploitation', 'exploration', 'exploration', 'exploration', 'exploitation', 'exploitation', 'exploitation', 'exploitation', 'exploitation', 'exploitation', 'exploitation', 'exploitation', 'exploitation', 'exploration', 'exploitation', 'exploitation', 'exploitation', 'exploitation', 'exploitation', 'exploitation', 'exploration', 'exploration', 'exploitation', 'exploitation', 'exploitation', 'exploration', 'exploitation', 'exploitation', 'exploitation', 'exploitation', 'exploitation', 'exploitation', 'exploitation', 'exploitation', 'exploitation', 'exploration', 'exploration', 'exploration', 'exploration', 'exploration', 'exploration', 'exploitation', 'exploitation', 'exploitation', 'exploration', 'exploration', 'exploration', 'exploration', 'exploitation', 'exploitation', 'exploitation', 'exploration', 'exploration', 'exploration', 'exploration', 'exploration', 'exploration', 'exploration', 'exploitation', 'exploitation', 'exploitation', 'exploration', 'exploration', 'exploration', 'exploration', 'exploration', 'exploration', 'exploration', 'exploration', 'exploration', 'exploration', 'exploration', 'exploitation', 'exploitation', 'exploitation', 'exploitation', 'exploration', 'exploration', 'exploration', 'exploration', 'exploration', 'exploration', 'exploitation', 'exploitation', 'exploitation', 'exploitation', 'exploration', 'exploration', 'exploration', 'exploration', 'exploration', 'exploration', 'exploration', 'exploration', 'exploration', 'exploration']",278.33262209054607,283.5228617908152
507,103.30223979061395,"[0.24666783838749803, 0.7302904519999236]",[0.00261257 0.05290348],[  11.16734621    2.44592958   37.80740555 1052.6141344 ],"['exploration', 'exploitation', 'exploration', 'exploitation', 'exploitation', 'exploitation', 'exploitation', 'exploitation', 'exploitation', 'exploitation', 'exploitation', 'exploration', 'exploration', 'exploration', 'exploration', 'exploitation', 'exploration', 'exploration', 'exploration', 'exploration', 'exploration', 'exploration', 'exploitation', 'exploitation', 'exploration', 'exploration', 'exploration', 'exploration', 'exploitation', 'exploration', 'exploration', 'exploration', 'exploration', 'exploitation', 'exploitation', 'exploitation', 'exploration', 'exploration', 'exploration', 'exploration', 'exploration', 'exploration', 'exploration', 'exploration', 'exploration', 'exploration', 'exploration', 'exploration', 'exploration', 'exploration', 'exploration', 'exploration', 'exploitation', 'exploitation', 'exploitation', 'exploration', 'exploration', 'exploitation', 'exploitation', 'exploitation', 'exploitation', 'exploitation', 'exploitation', 'exploitation', 'exploitation', 'exploitation', 'exploitation', 'exploitation', 'exploitation', 'exploitation', 'exploitation', 'exploitation', 'exploitation', 'exploitation', 'exploitation', 'exploitation', 'exploitation', 'exploitation', 'exploitation', 'exploitation', 'exploitation', 'exploitation', 'exploitation', 'exploitation', 'exploitation', 'exploitation', 'exploitation', 'exploitation', 'exploitation', 'exploitation', 'exploitation', 'exploitation', 'exploitation', 'exploitation', 'exploitation', 'exploitation', 'exploitation', 'exploitation', 'exploitation']",210.6044795812279,215.7947192814971
508,128.20800331705,"[0.6762686967149354, 0.3355604141779385]",[0.00286407 0.95402679],[ 2.09515322e+02 -2.88303079e-03  9.91328394e-06 -4.34043197e-08],"['exploration', 'exploration', 'exploration', 'exploitation', 'exploitation', 'exploitation', 'exploration', 'exploration', 'exploration', 'exploration', 'exploration', 'exploitation', 'exploitation', 'exploitation', 'exploration', 'exploration', 'exploitation', 'exploitation', 'exploitation', 'exploitation', 'exploration', 'exploitation', 'exploration', 'exploitation', 'exploitation', 'exploitation', 'exploration', 'exploration', 'exploration', 'exploitation', 'exploitation', 'exploitation', 'exploitation', 'exploitation', 'exploitation', 'exploration', 'exploration', 'exploitation', 'exploration', 'exploration', 'exploitation', 'exploitation', 'exploitation', 'exploitation', 'exploration', 'exploration', 'exploitation', 'exploitation', 'exploitation', 'exploration', 'exploitation', 'exploitation', 'exploitation', 'exploration', 'exploitation', 'exploration', 'exploitation', 'exploitation', 'exploitation', 'exploitation', 'exploration', 'exploration', 'exploitation', 'exploration', 'exploitation', 'exploitation', 'exploration', 'exploitation', 'exploitation', 'exploitation', 'exploration', 'exploitation', 'exploration', 'exploitation', 'exploration', 'exploration', 'exploitation', 'exploration', 'exploration', 'exploitation', 'exploitation', 'exploitation', 'exploitation', 'exploration', 'exploitation', 'exploitation', 'exploitation', 'exploration', 'exploitation', 'exploitation', 'exploration', 'exploration', 'exploration', 'exploitation', 'exploration', 'exploration', 'exploitation', 'exploitation', 'exploitation']",260.4160066341,265.60624633436913
509,45.08698417664058,"[4.9572210512285535, 0.3583237846565277]",[0.00305219 0.01208722],[ 9.26007423e+01  6.22506821e+01  3.21303387e+03 -1.12837902e+00],"['exploration', 'exploitation', 'exploration', 'exploration', 'exploration', 'exploration', 'exploration', 'exploration', 'exploitation', 'exploration', 'exploration', 'exploration', 'exploration', 'exploitation', 'exploitation', 'exploration', 'exploration', 'exploration', 'exploitation', 'exploitation', 'exploitation', 'exploitation', 'exploration', 'exploitation', 'exploitation', 'exploitation', 'exploitation', 'exploitation', 'exploitation', 'exploitation', 'exploitation', 'exploitation', 'exploitation', 'exploitation', 'exploitation', 'exploitation', 'exploitation', 'exploitation', 'exploitation', 'exploitation', 'exploitation', 'exploitation', 'exploitation', 'exploitation', 'exploitation', 'exploitation', 'exploitation', 'exploitation', 'exploitation', 'exploitation', 'exploitation', 'exploitation', 'exploitation', 'exploitation', 'exploitation', 'exploitation', 'exploitation', 'exploitation', 'exploitation', 'exploitation', 'exploitation', 'exploitation', 'exploitation', 'exploitation', 'exploitation', 'exploitation', 'exploitation', 'exploitation', 'exploitation', 'exploitation', 'exploitation', 'exploitation', 'exploitation', 'exploitation', 'exploitation', 'exploitation', 'exploitation', 'exploitation', 'exploitation', 'exploitation', 'exploitation', 'exploitation', 'exploitation', 'exploitation', 'exploitation', 'exploitation', 'exploitation', 'exploitation', 'exploitation', 'exploitation', 'exploitation', 'exploitation', 'exploitation', 'exploitation', 'exploitation', 'exploitation', 'exploitation', 'exploitation', 'exploitation']",94.17396835328115,99.36420805355033
510,137.4302301466816,"[0.1861582969208145, 0.45348221630209823]",[1.000e-04 9.999e-01],[ 2.00140042e-26  1.00009993e-02 -2.00000002e+02  6.50325065e-18],"['exploration', 'exploitation', 'exploration', 'exploration', 'exploitation', 'exploration', 'exploration', 'exploration', 'exploration', 'exploration', 'exploration', 'exploration', 'exploration', 'exploitation', 'exploitation', 'exploration', 'exploration', 'exploration', 'exploration', 'exploration', 'exploration', 'exploration', 'exploration', 'exploration', 'exploration', 'exploration', 'exploration', 'exploration', 'exploration', 'exploration', 'exploration', 'exploration', 'exploration', 'exploitation', 'exploration', 'exploration', 'exploitation', 'exploitation', 'exploration', 'exploration', 'exploration', 'exploration', 'exploitation', 'exploitation', 'exploitation', 'exploration', 'exploitation', 'exploration', 'exploitation', 'exploitation', 'exploitation', 'exploration', 'exploration', 'exploration', 'exploration', 'exploration', 'exploration', 'exploration', 'exploitation', 'exploration', 'exploration', 'exploration', 'exploration', 'exploration', 'exploitation', 'exploration', 'exploration', 'exploration', 'exploitation', 'exploitation', 'exploration', 'exploration', 'exploration', 'exploration', 'exploitation', 'exploration', 'exploration', 'exploration', 'exploration', 'exploration', 'exploration', 'exploration', 'exploration', 'exploration', 'exploration', 'exploration', 'exploitation', 'exploration', 'exploration', 'exploration', 'exploration', 'exploration', 'exploration', 'exploration', 'exploration', 'exploitation', 'exploration', 'exploration', 'exploration']",278.8604602933632,284.05069999363235
511,133.23014119273785,"[0.3110315354481014, 0.3033088233342771]",[0.00064023 0.0001    ],[ -645.5359704  -1540.88829203  -595.55820862   752.38774348],"['exploration', 'exploitation', 'exploration', 'exploitation', 'exploitation', 'exploitation', 'exploitation', 'exploration', 'exploration', 'exploitation', 'exploitation', 'exploitation', 'exploitation', 'exploration', 'exploitation', 'exploration', 'exploration', 'exploration', 'exploitation', 'exploration', 'exploitation', 'exploration', 'exploration', 'exploitation', 'exploration', 'exploration', 'exploitation', 'exploitation', 'exploitation', 'exploration', 'exploration', 'exploration', 'exploitation', 'exploitation', 'exploration', 'exploration', 'exploration', 'exploration', 'exploration', 'exploration', 'exploration', 'exploitation', 'exploration', 'exploration', 'exploration', 'exploration', 'exploration', 'exploration', 'exploration', 'exploration', 'exploration', 'exploitation', 'exploration', 'exploration', 'exploration', 'exploration', 'exploration', 'exploration', 'exploration', 'exploration', 'exploration', 'exploration', 'exploitation', 'exploitation', 'exploration', 'exploration', 'exploration', 'exploration', 'exploration', 'exploration', 'exploration', 'exploration', 'exploration', 'exploitation', 'exploitation', 'exploitation', 'exploitation', 'exploitation', 'exploitation', 'exploitation', 'exploitation', 'exploitation', 'exploitation', 'exploitation', 'exploitation', 'exploitation', 'exploitation', 'exploitation', 'exploitation', 'exploitation', 'exploitation', 'exploitation', 'exploitation', 'exploitation', 'exploitation', 'exploitation', 'exploitation', 'exploitation', 'exploitation']",270.4602823854757,275.65052208574485
512,136.172525530526,"[0.80938086205573, 0.3889539149226904]",[8.1932548e-04 9.9990000e-01],[ 2.00340276e-62  1.00010002e+02  1.05052511e-17 -9.99949695e-23],"['exploration', 'exploitation', 'exploitation', 'exploitation', 'exploration', 'exploration', 'exploitation', 'exploitation', 'exploitation', 'exploitation', 'exploitation', 'exploration', 'exploitation', 'exploitation', 'exploitation', 'exploration', 'exploitation', 'exploitation', 'exploitation', 'exploitation', 'exploitation', 'exploitation', 'exploitation', 'exploitation', 'exploitation', 'exploitation', 'exploitation', 'exploration', 'exploitation', 'exploitation', 'exploitation', 'exploration', 'exploration', 'exploration', 'exploitation', 'exploration', 'exploitation', 'exploitation', 'exploitation', 'exploration', 'exploitation', 'exploitation', 'exploitation', 'exploitation', 'exploration', 'exploitation', 'exploitation', 'exploitation', 'exploration', 'exploration', 'exploitation', 'exploitation', 'exploitation', 'exploration', 'exploration', 'exploitation', 'exploration', 'exploration', 'exploration', 'exploration', 'exploration', 'exploitation', 'exploitation', 'exploitation', 'exploration', 'exploration', 'exploration', 'exploitation', 'exploitation', 'exploitation', 'exploitation', 'exploitation', 'exploitation', 'exploitation', 'exploration', 'exploration', 'exploration', 'exploration', 'exploration', 'exploitation', 'exploitation', 'exploitation', 'exploration', 'exploration', 'exploration', 'exploration', 'exploitation', 'exploitation', 'exploitation', 'exploration', 'exploration', 'exploitation', 'exploration', 'exploration', 'exploration', 'exploitation', 'exploitation', 'exploitation', 'exploration']",276.345051061052,281.53529076132116
513,135.07215529034738,"[0.41729523134610674, 0.4926975549069151]",[0.00108369 0.62001124],[-9.37694839e+02  1.74376691e-01 -4.76831519e-03  4.07958417e-02],"['exploration', 'exploration', 'exploitation', 'exploration', 'exploitation', 'exploration', 'exploration', 'exploration', 'exploration', 'exploration', 'exploration', 'exploration', 'exploitation', 'exploitation', 'exploration', 'exploitation', 'exploitation', 'exploitation', 'exploitation', 'exploitation', 'exploitation', 'exploration', 'exploration', 'exploitation', 'exploitation', 'exploration', 'exploitation', 'exploitation', 'exploitation', 'exploration', 'exploration', 'exploration', 'exploitation', 'exploitation', 'exploration', 'exploration', 'exploration', 'exploration', 'exploitation', 'exploitation', 'exploitation', 'exploitation', 'exploitation', 'exploration', 'exploitation', 'exploitation', 'exploration', 'exploration', 'exploitation', 'exploitation', 'exploitation', 'exploration', 'exploitation', 'exploration', 'exploration', 'exploration', 'exploration', 'exploration', 'exploration', 'exploration', 'exploration', 'exploration', 'exploration', 'exploitation', 'exploitation', 'exploration', 'exploration', 'exploitation', 'exploration', 'exploitation', 'exploration', 'exploitation', 'exploitation', 'exploitation', 'exploitation', 'exploitation', 'exploitation', 'exploration', 'exploration', 'exploitation', 'exploitation', 'exploitation', 'exploitation', 'exploration', 'exploration', 'exploitation', 'exploration', 'exploration', 'exploration', 'exploration', 'exploitation', 'exploration', 'exploitation', 'exploration', 'exploration', 'exploitation', 'exploitation', 'exploitation', 'exploration']",274.14431058069476,279.3345502809639
514,137.3113023206654,"[0.12736336488604041, 0.2639675383260271]",[1.00000000e-04 9.32898454e-01],[ 4.49697107e-30 -4.35856483e+01  3.59615570e-21  6.49547702e+02],"['exploration', 'exploration', 'exploration', 'exploration', 'exploration', 'exploration', 'exploration', 'exploration', 'exploitation', 'exploration', 'exploitation', 'exploitation', 'exploitation', 'exploitation', 'exploitation', 'exploration', 'exploration', 'exploration', 'exploration', 'exploration', 'exploration', 'exploration', 'exploration', 'exploration', 'exploration', 'exploration', 'exploration', 'exploration', 'exploration', 'exploration', 'exploration', 'exploration', 'exploration', 'exploration', 'exploration', 'exploration', 'exploitation', 'exploitation', 'exploitation', 'exploration', 'exploitation', 'exploration', 'exploration', 'exploration', 'exploitation', 'exploration', 'exploration', 'exploration', 'exploitation', 'exploration', 'exploitation', 'exploration', 'exploitation', 'exploitation', 'exploitation', 'exploitation', 'exploitation', 'exploration', 'exploitation', 'exploitation', 'exploration', 'exploitation', 'exploitation', 'exploitation', 'exploration', 'exploitation', 'exploitation', 'exploration', 'exploitation', 'exploitation', 'exploitation', 'exploration', 'exploitation', 'exploitation', 'exploitation', 'exploration', 'exploitation', 'exploration', 'exploration', 'exploration', 'exploitation', 'exploitation', 'exploitation', 'exploration', 'exploration', 'exploration', 'exploration', 'exploration', 'exploration', 'exploration', 'exploitation', 'exploration', 'exploitation', 'exploration', 'exploitation', 'exploration', 'exploitation', 'exploration', 'exploitation']",278.6226046413308,283.81284434159994
515,135.06405107791733,"[0.6076627522231852, 0.6809206173056189]",[0.00135727 0.9999    ],[ 2.00000000e+02 -6.50195020e-10 -2.00160056e-30 -1.00020002e-02],"['exploitation', 'exploitation', 'exploration', 'exploration', 'exploration', 'exploitation', 'exploration', 'exploitation', 'exploitation', 'exploration', 'exploitation', 'exploration', 'exploration', 'exploitation', 'exploration', 'exploitation', 'exploitation', 'exploitation', 'exploration', 'exploitation', 'exploration', 'exploitation', 'exploration', 'exploitation', 'exploration', 'exploration', 'exploration', 'exploration', 'exploration', 'exploitation', 'exploration', 'exploration', 'exploitation', 'exploitation', 'exploration', 'exploitation', 'exploration', 'exploration', 'exploration', 'exploration', 'exploration', 'exploration', 'exploitation', 'exploitation', 'exploitation', 'exploration', 'exploration', 'exploitation', 'exploration', 'exploration', 'exploration', 'exploration', 'exploration', 'exploration', 'exploitation', 'exploration', 'exploitation', 'exploration', 'exploration', 'exploitation', 'exploitation', 'exploration', 'exploration', 'exploration', 'exploitation', 'exploitation', 'exploration', 'exploitation', 'exploration', 'exploration', 'exploration', 'exploitation', 'exploration', 'exploration', 'exploration', 'exploration', 'exploitation', 'exploitation', 'exploration', 'exploration', 'exploitation', 'exploration', 'exploration', 'exploration', 'exploitation', 'exploration', 'exploration', 'exploitation', 'exploration', 'exploration', 'exploration', 'exploration', 'exploration', 'exploitation', 'exploration', 'exploration', 'exploration', 'exploitation', 'exploitation']",274.12810215583465,279.3183418561038
516,136.68023550800712,"[0.10579614335519104, 0.6494520627241464]",[0.00042595 0.22744609],[-429.92890838 -524.8484948   -15.16348418  -63.76344545],"['exploration', 'exploration', 'exploration', 'exploitation', 'exploration', 'exploration', 'exploration', 'exploration', 'exploitation', 'exploitation', 'exploration', 'exploration', 'exploration', 'exploitation', 'exploration', 'exploration', 'exploration', 'exploitation', 'exploitation', 'exploitation', 'exploration', 'exploitation', 'exploitation', 'exploitation', 'exploration', 'exploitation', 'exploration', 'exploitation', 'exploitation', 'exploitation', 'exploitation', 'exploration', 'exploration', 'exploration', 'exploitation', 'exploitation', 'exploration', 'exploration', 'exploration', 'exploration', 'exploration', 'exploration', 'exploitation', 'exploitation', 'exploration', 'exploitation', 'exploitation', 'exploration', 'exploration', 'exploration', 'exploration', 'exploration', 'exploration', 'exploration', 'exploitation', 'exploration', 'exploration', 'exploration', 'exploitation', 'exploration', 'exploration', 'exploration', 'exploration', 'exploration', 'exploration', 'exploration', 'exploitation', 'exploration', 'exploration', 'exploration', 'exploration', 'exploration', 'exploration', 'exploration', 'exploitation', 'exploitation', 'exploitation', 'exploration', 'exploitation', 'exploitation', 'exploration', 'exploration', 'exploration', 'exploration', 'exploration', 'exploration', 'exploration', 'exploration', 'exploration', 'exploitation', 'exploration', 'exploration', 'exploration', 'exploration', 'exploitation', 'exploration', 'exploitation', 'exploitation', 'exploitation']",277.36047101601423,282.5507107162834
517,62.8021380422045,"[0.27758981608014655, 0.5645413008014831]",[0.00208216 0.0089334 ],[-150.62664857   85.66832333  705.11597282 2943.72564203],"['exploration', 'exploration', 'exploration', 'exploration', 'exploitation', 'exploitation', 'exploitation', 'exploitation', 'exploration', 'exploration', 'exploration', 'exploration', 'exploration', 'exploitation', 'exploration', 'exploration', 'exploitation', 'exploration', 'exploration', 'exploration', 'exploration', 'exploitation', 'exploration', 'exploration', 'exploration', 'exploration', 'exploration', 'exploration', 'exploration', 'exploration', 'exploration', 'exploration', 'exploitation', 'exploitation', 'exploitation', 'exploitation', 'exploitation', 'exploitation', 'exploitation', 'exploitation', 'exploitation', 'exploitation', 'exploitation', 'exploitation', 'exploitation', 'exploitation', 'exploitation', 'exploitation', 'exploitation', 'exploitation', 'exploitation', 'exploitation', 'exploitation', 'exploitation', 'exploitation', 'exploitation', 'exploitation', 'exploitation', 'exploitation', 'exploitation', 'exploitation', 'exploitation', 'exploitation', 'exploitation', 'exploitation', 'exploitation', 'exploitation', 'exploitation', 'exploitation', 'exploitation', 'exploitation', 'exploitation', 'exploitation', 'exploitation', 'exploitation', 'exploitation', 'exploitation', 'exploitation', 'exploitation', 'exploitation', 'exploitation', 'exploitation', 'exploitation', 'exploitation', 'exploitation', 'exploitation', 'exploitation', 'exploitation', 'exploitation', 'exploitation', 'exploitation', 'exploitation', 'exploration', 'exploitation', 'exploitation', 'exploitation', 'exploitation', 'exploitation', 'exploitation']",129.60427608440898,134.79451578467817
519,127.79287154078104,"[0.2591529024125847, 0.07455670987302923]",[0.00209942 0.35275487],[ -97.24194037 -510.80655083  -29.73916174   -0.87537702],"['exploration', 'exploitation', 'exploration', 'exploitation', 'exploration', 'exploitation', 'exploitation', 'exploration', 'exploration', 'exploitation', 'exploration', 'exploitation', 'exploration', 'exploration', 'exploitation', 'exploration', 'exploitation', 'exploration', 'exploitation', 'exploitation', 'exploitation', 'exploitation', 'exploration', 'exploitation', 'exploration', 'exploration', 'exploration', 'exploitation', 'exploration', 'exploitation', 'exploitation', 'exploitation', 'exploration', 'exploration', 'exploration', 'exploration', 'exploitation', 'exploration', 'exploration', 'exploitation', 'exploitation', 'exploitation', 'exploration', 'exploitation', 'exploitation', 'exploration', 'exploration', 'exploitation', 'exploration', 'exploitation', 'exploration', 'exploitation', 'exploration', 'exploitation', 'exploration', 'exploitation', 'exploration', 'exploration', 'exploration', 'exploitation', 'exploration', 'exploration', 'exploration', 'exploration', 'exploitation', 'exploration', 'exploitation', 'exploration', 'exploitation', 'exploration', 'exploitation', 'exploitation', 'exploration', 'exploitation', 'exploration', 'exploitation', 'exploration', 'exploitation', 'exploitation', 'exploration', 'exploration', 'exploration', 'exploitation', 'exploitation', 'exploitation', 'exploration', 'exploration', 'exploration', 'exploration', 'exploitation', 'exploitation', 'exploration', 'exploitation', 'exploration', 'exploitation', 'exploitation', 'exploitation', 'exploitation', 'exploration']",259.5857430815621,264.77598278183126
520,121.42438210944366,"[0.12921666394884423, 0.4340714167400481]",[0.0029723 0.3983418],[-82.58889885 130.21970091  -9.65408105 -13.10618471],"['exploration', 'exploration', 'exploration', 'exploration', 'exploration', 'exploration', 'exploitation', 'exploration', 'exploitation', 'exploration', 'exploitation', 'exploration', 'exploitation', 'exploitation', 'exploration', 'exploitation', 'exploration', 'exploration', 'exploitation', 'exploration', 'exploration', 'exploration', 'exploitation', 'exploitation', 'exploitation', 'exploitation', 'exploitation', 'exploration', 'exploitation', 'exploration', 'exploitation', 'exploitation', 'exploitation', 'exploration', 'exploration', 'exploitation', 'exploitation', 'exploitation', 'exploitation', 'exploration', 'exploration', 'exploitation', 'exploration', 'exploitation', 'exploitation', 'exploitation', 'exploration', 'exploration', 'exploration', 'exploitation', 'exploration', 'exploration', 'exploration', 'exploration', 'exploration', 'exploration', 'exploration', 'exploitation', 'exploration', 'exploration', 'exploration', 'exploration', 'exploration', 'exploration', 'exploitation', 'exploitation', 'exploitation', 'exploration', 'exploration', 'exploitation', 'exploitation', 'exploitation', 'exploitation', 'exploration', 'exploitation', 'exploration', 'exploration', 'exploitation', 'exploration', 'exploitation', 'exploitation', 'exploitation', 'exploitation', 'exploration', 'exploitation', 'exploitation', 'exploitation', 'exploration', 'exploration', 'exploitation', 'exploitation', 'exploration', 'exploitation', 'exploration', 'exploitation', 'exploitation', 'exploration', 'exploitation', 'exploration']",246.8487642188873,252.0390039191565
