,Subnum,naturalness,disorderliness,aesthetic,Hue,SDHue,Bright,SDBright,Saturaton,SDSat,Contrast,Dissimilarity,Homogeneity,Energy,Correlation,MeanTexture,SDTexture,Entropy,EdgeCount,CornerMean,CornerSD,CornerCount,ContourMeanLength,ContourSDLength,ContourMeanArea,ContourSDArea,ContourCount,AsymmetryV,AsymmetryH,KPMeanSize,KPSDSize,KPMeanStrength,KPSDStrength,KPMeanAngle,KPSDAngle,KPCount,sky,grass,plant,water,sea,fence,path,river,bench,pole,building,tree,earth,rock,streetlight,ashcan,table,wall,chair,signboard,stairs,pot,sculpture,sidewalk,railing,road,person,mountain,lake,floor,car,traffic light,Naturalness_PCA,Semantic_PC1
0,1,2.4,4.06,3.16,81.90491520833334,39.549595381055504,138.96887720833334,67.87176632027095,60.555748666666666,38.48448286545619,651.2033383693263,12.784647247051401,0.2563603422147065,0.041995438394646756,0.9164572647644937,124.01067741234846,65.75423726186278,8.68335626834354,0.11376574999999997,119.74326754997374,53.588944116420414,1163.26,88.37038717229548,249.99904576348698,29.80662231629093,185.43621144933505,1186.24,50.23678133333334,79.16731033333333,3.9379938643406316,5.342411809577806,0.029330330137286264,0.014111560382346821,183.99569934175514,104.24305347646748,3321.78,0.199232177734375,0.0330859375,0.02091552734375,0.00055908203125,0.0,0.02678955078125,0.005560302734375,0.000885009765625,0.003917236328125,0.00091552734375,0.3128955078125,0.082509765625,0.011112060546875,0.0002294921875,0.002501220703125,0.002197265625,5.4931640625e-05,0.019371337890625,0.0013525390625,0.0036474609375,0.000242919921875,0.00215087890625,0.000223388671875,0.077484130859375,0.000523681640625,0.122257080078125,0.001678466796875,0.000731201171875,0.0,0.013968505859375,0.02457763671875,0.001324462890625,0.5327019216737198,-1.6603580451839575
1,2,6.0,5.66,5.94,57.44585191666667,27.396857320388616,134.97391912499998,67.56811529383906,94.50014325000001,54.338364422488176,1131.2703557165391,20.149552200187635,0.1745467804481423,0.03512360939142856,0.8507137104702095,121.18592883450289,63.63499501475917,9.269916823251167,0.226953625,120.36778228151228,53.93318046909694,2044.38,57.637710472107145,275.1140195951146,19.200856434999206,177.369787892185,3134.84,48.079741750000004,79.53004525,3.442162275311034,3.94935930428901,0.03055798877618801,0.013844540950298974,179.71082844465883,101.68900030861141,5866.94,0.171627197265625,0.042987060546875,0.103553466796875,0.05179443359375,0.029937744140625,0.00071044921875,0.009969482421875,0.007388916015625,0.000631103515625,0.000137939453125,0.000390625,0.37729736328125,0.0898291015625,0.051873779296875,0.0,0.0,3.662109375e-06,0.001387939453125,0.0001806640625,0.000155029296875,5.9814453125e-05,0.000118408203125,1.220703125e-06,0.0036669921875,0.0,0.003446044921875,1.220703125e-06,0.034959716796875,0.01130126953125,0.0,0.0,0.0,0.9119152869331998,1.6295573872834055
2,3,1.8,4.88,4.72,73.444828625,40.582025423082165,139.951535625,65.90165234062987,63.518881375,42.85290873077348,697.1708027671881,13.695898524552902,0.23766552171956182,0.041603023670643696,0.9074091595803968,125.2841888243212,64.38579817642733,8.802237917159836,0.12664208333333332,121.66139033068846,53.982596541314315,1275.82,82.6270078459488,265.26327408092277,28.95795924818716,232.63392408178697,1382.92,52.920093333333334,73.75552533333334,3.882959199480548,5.174669139445065,0.02894839021116913,0.013981001010188203,183.31894720570256,103.62826918337485,3593.2,0.174178466796875,0.026063232421875,0.03312744140625,0.00052001953125,0.0,0.028477783203125,0.005587158203125,0.000885009765625,0.00750244140625,0.001065673828125,0.32493896484375,0.09166748046875,0.01205078125,0.0002294921875,0.00199462890625,0.002081298828125,5.4931640625e-05,0.018333740234375,0.001688232421875,0.00248291015625,0.002401123046875,0.002264404296875,0.000330810546875,0.10380615234375,0.001302490234375,0.0958349609375,0.00081787109375,0.0,0.0,0.012333984375,0.02013916015625,0.001578369140625,0.5381553304016402,-1.6130462804172776
3,4,3.34,2.72,3.0,,,,,,,,,,,,,,,,,,,,,,,,,,,,,,,,,,,,,,,,,,,,,,,,,,,,,,,,,,,,,,,,,,
4,5,4.26,3.38,2.9,,,,,,,,,,,,,,,,,,,,,,,,,,,,,,,,,,,,,,,,,,,,,,,,,,,,,,,,,,,,,,,,,,
5,6,5.14,5.0,6.3,55.571545916666665,27.456949677934958,135.33573420833332,67.14893958954235,98.07876820833333,55.91770646654267,1143.8606308173116,20.539018966012886,0.17072873191074348,0.03803887879014398,0.8468304349961049,121.29168512954875,63.69863743186361,9.27094541848173,0.23393329166666665,119.28113249955544,52.86550232727719,2061.26,56.24052349577906,293.2048497984904,19.429685857820477,190.89134980048667,3240.34,47.77677083333333,80.3004155,3.430264524597701,3.910122722969142,0.03018490492782368,0.013458214556501457,179.61694863929907,101.8258684244863,5921.66,0.170712890625,0.03316162109375,0.11308837890625,0.059027099609375,0.016162109375,0.000443115234375,0.01343017578125,0.0099267578125,0.001552734375,0.000142822265625,0.000855712890625,0.388350830078125,0.090025634765625,0.035009765625,2.3193359375e-05,0.0,0.00029052734375,0.000411376953125,0.0001806640625,3.662109375e-06,6.103515625e-05,0.000118408203125,1.220703125e-06,8.544921875e-06,0.0,0.003446044921875,0.0,0.02619140625,0.01890625,0.0,0.0,0.0,0.912258714447027,1.6325368378544607
6,7,5.2,5.74,6.06,55.616330375,27.95571422618125,134.38670233333332,67.46058007939007,93.91324474999999,54.71534273671774,1157.781617035284,20.514697909045523,0.1687281363566249,0.03339369668958061,0.8454601327635727,121.12624224923788,64.13653280851754,9.289340577702482,0.23020554166666662,119.77809392137817,52.720677760928666,2060.66,56.13246869727004,276.7238185812249,18.898216236428024,174.76023661890267,3203.12,47.96664333333333,79.98744400000001,3.42704047040877,4.036624134068591,0.030851193661010926,0.01393911784325264,180.3165101577675,101.46435872373888,5913.16,0.165693359375,0.054837646484375,0.106439208984375,0.067027587890625,0.0201513671875,0.000458984375,0.01138916015625,0.00802490234375,0.001683349609375,3.41796875e-05,0.001507568359375,0.3767236328125,0.083902587890625,0.03947021484375,2.44140625e-05,2.44140625e-06,0.000286865234375,0.000283203125,0.0,0.0001513671875,1.220703125e-06,0.0,0.0,0.003658447265625,0.0,2.44140625e-06,1.220703125e-06,0.02568603515625,0.0207373046875,0.0,0.0,0.0,0.9137520562743587,1.645492521313364
7,8,5.96,4.74,5.02,57.07814295833333,27.4638813766552,134.634730375,67.42635055422947,96.57772766666668,54.66617247959882,1079.3913009908629,19.760451458534607,0.17157504328881543,0.027755023745684594,0.8506500263653336,121.09999582538508,63.52716449619905,9.288322185976158,0.22439354166666664,118.19859545965845,52.33417513479977,2044.42,57.6400397943473,265.0726820924057,18.477313845169594,164.56888826767047,3110.98,47.37482991666667,79.99874025,3.43828424170513,3.93286808981103,0.029674286126293383,0.013286911796458056,180.05870166867425,101.32371425654875,5702.8,0.16458984375,0.050338134765625,0.13597900390625,0.06081787109375,0.028876953125,0.0008984375,0.011593017578125,0.007904052734375,0.001683349609375,4.2724609375e-05,0.00055419921875,0.36001708984375,0.06809814453125,0.051947021484375,2.3193359375e-05,0.0,0.000286865234375,0.00125244140625,0.0,0.0001513671875,1.220703125e-06,0.0,0.0,0.003658447265625,0.0,0.003446044921875,1.220703125e-06,0.0206005859375,0.01221435546875,0.0,0.0,0.0,0.9136426193618152,1.644543086983137
8,9,5.76,4.28,5.04,54.891912958333336,27.5566919964612,132.83952658333334,66.59083960587998,94.06991433333333,54.515179152040325,1165.6504671314444,20.733893952943617,0.16236339989641344,0.03276904826257223,0.8362893329461868,119.8620376627681,63.34520340788007,9.340831326048745,0.2307694583333333,121.32530954423113,53.357921688448506,2073.04,57.075387545565874,270.58949526351984,19.1645051271007,171.71595507309536,3186.92,49.16937583333333,78.79013016666667,3.441042522783464,3.8902348910622737,0.030839319403859783,0.014008256757776975,180.31826980220401,101.8512911091496,6168.46,0.14300048828125,0.037984619140625,0.116851806640625,0.0653759765625,0.0178466796875,0.000177001953125,0.007650146484375,0.00386474609375,0.001861572265625,0.000128173828125,0.001077880859375,0.400565185546875,0.08974609375,0.0483642578125,1.8310546875e-05,7.32421875e-06,0.003829345703125,0.000235595703125,0.000172119140625,3.7841796875e-05,0.0,0.0,0.0,0.0036669921875,1.220703125e-06,0.002696533203125,1.220703125e-06,0.0221044921875,0.0207421875,0.0,0.0,0.0,0.9166271476647995,1.6704357548639353
9,10,2.66,4.3,4.2,80.88523241666667,40.613604007209254,136.233861875,66.35064589555779,65.255304,41.91446847504328,679.5412525426513,13.350200273146221,0.2456924412087791,0.036102113590623,0.9079681513760183,121.022865438296,64.37213017036291,8.758626959199276,0.12312699999999997,119.67934735257087,53.110720637145995,1218.14,86.02939921176325,263.6320607793244,28.087434422418088,199.3556089714899,1295.84,51.10961558333334,75.01438658333333,4.09640658172107,5.175525086149983,0.029182916326721157,0.014354787188948514,184.46052112825865,104.09126202681031,3665.46,0.18017822265625,0.025904541015625,0.033231201171875,0.000565185546875,0.0,0.022073974609375,0.002689208984375,0.000885009765625,0.003868408203125,0.000894775390625,0.30538818359375,0.10264892578125,0.011751708984375,7.2021484375e-05,0.002271728515625,0.002203369140625,4.39453125e-05,0.018609619140625,0.00157958984375,0.002529296875,0.0022900390625,0.000550537109375,0.0003369140625,0.082135009765625,0.00099853515625,0.123525390625,0.001893310546875,0.000731201171875,0.0,0.01082763671875,0.029998779296875,0.000858154296875,0.5411887631962469,-1.5867293351864566
10,11,4.04,4.06,4.36,75.858738875,39.45815293018944,137.10180945833335,66.02731985978579,64.45432008333333,43.144915338406015,707.4636889526473,13.966392504078124,0.23238228164176267,0.03634569662088624,0.9035917984134687,122.78658557080327,64.31431694173438,8.869883223386081,0.13068324999999997,119.44157319234724,53.4532187791458,1293.48,84.86257688919899,268.71415715566786,28.53715261717931,222.6876688298292,1438.08,54.25453125,74.81568874999999,4.117794915352278,5.295901922701104,0.02897627994673061,0.014121562533579983,182.9076686439081,103.8329854045824,3702.62,0.158983154296875,0.03025634765625,0.038497314453125,0.000565185546875,0.0,0.019007568359375,0.0052490234375,0.000885009765625,0.0059130859375,0.000968017578125,0.3366015625,0.09960693359375,0.016578369140625,0.0002294921875,0.002164306640625,0.000572509765625,0.0001611328125,0.018870849609375,0.001156005859375,0.00338134765625,0.002362060546875,0.00284423828125,0.0003369140625,0.078250732421875,0.00135009765625,0.10036865234375,0.00107177734375,0.0,0.0,0.017647705078125,0.024049072265625,0.001259765625,0.5469643119209825,-1.536622802502743
11,12,3.46,3.1,3.12,,,,,,,,,,,,,,,,,,,,,,,,,,,,,,,,,,,,,,,,,,,,,,,,,,,,,,,,,,,,,,,,,,
12,13,5.2,4.7,5.9,56.64594441666666,28.955318449529376,132.826016125,69.73280225815076,98.070270875,57.14473145152868,1133.721483281135,20.061295944870874,0.17275136726056542,0.034534714559959115,0.8578927700306143,118.86100724375702,65.75557808193689,9.28872178769146,0.222966125,117.8226988113831,53.052520717568534,2007.96,57.08726334832304,262.41038802225273,19.233915803803775,173.6058868755471,3077.98,50.06225275,82.68142458333334,3.4245197033628134,3.9675647715418205,0.03074779574543063,0.014062554871270077,180.62424813524257,101.83126478625952,5991.1,0.175537109375,0.0390673828125,0.1323876953125,0.05783447265625,0.029625244140625,0.000440673828125,0.01354736328125,0.00994140625,0.00169189453125,3.0517578125e-05,0.000709228515625,0.369635009765625,0.05171142578125,0.04350830078125,6.103515625e-06,0.0,6.103515625e-06,0.00043212890625,1.0986328125e-05,3.662109375e-06,6.103515625e-05,0.000118408203125,1.220703125e-06,0.0036669921875,1.220703125e-06,0.003446044921875,1.220703125e-06,0.03535400390625,0.011402587890625,0.0,0.0,0.0,0.9135756206772512,1.6439618310821178
13,14,3.06,4.4,4.0,82.44084416666666,40.0620290446391,137.46541349999998,67.39092723065261,63.114207875000005,41.46817660273174,678.6218488213501,13.298511116998059,0.24723184118592267,0.034404134109682794,0.9120406418867191,122.78456252755416,65.53179634345116,8.762750091092993,0.12039054166666664,117.78477047541331,53.658409219074905,1192.52,85.92542115035037,250.5760940271063,27.629717454534003,172.7652178549115,1302.26,51.61661433333334,77.08896716666668,4.106678945191272,5.2719143868257845,0.029339391529054105,0.014383064758545387,184.22368206908405,104.36621352152187,3472.42,0.187027587890625,0.02434814453125,0.031820068359375,0.000565185546875,0.0,0.013017578125,0.00559326171875,0.000885009765625,0.003516845703125,0.000316162109375,0.32994384765625,0.094122314453125,0.01292724609375,0.000113525390625,0.00128662109375,0.0017138671875,4.39453125e-05,0.017816162109375,0.001368408203125,0.001888427734375,0.000159912109375,0.000240478515625,0.000228271484375,0.08397216796875,0.001116943359375,0.115704345703125,0.0024169921875,0.000731201171875,0.0,0.00964599609375,0.0265966796875,0.00085693359375,0.5585695033671635,-1.4359404375512759
14,15,6.4,5.44,5.5,57.65042208333333,29.694072402297685,134.43301120833334,68.46003091740528,93.05961645833332,56.40769719112755,1053.2202293083483,19.2360216237111,0.18608604835492015,0.039149915962173314,0.8637415728476425,121.24974891770881,64.9437934346498,9.180439912966213,0.21730804166666665,116.97333719552088,52.41817459177535,1975.2,58.2213178801058,273.36365760778244,19.115566171642037,175.44791157322842,2985.46,47.17386783333333,82.18991083333334,3.4346133119126083,3.930069471049986,0.029894221086558207,0.013605896192341533,180.36090760483913,101.35426484286448,5707.7,0.1772314453125,0.04970458984375,0.126517333984375,0.057027587890625,0.025843505859375,0.0004248046875,0.010904541015625,0.00877197265625,0.002789306640625,0.000147705078125,0.000772705078125,0.358802490234375,0.0721240234375,0.050184326171875,2.3193359375e-05,4.8828125e-06,0.00383544921875,0.000372314453125,0.00018310546875,0.00019287109375,6.103515625e-05,0.000118408203125,1.220703125e-06,8.544921875e-06,1.220703125e-06,0.002696533203125,0.0,0.021783447265625,0.01222412109375,0.0,0.0,0.0,0.9096133899092065,1.6095869768575901
15,16,5.78,6.04,5.18,56.148206333333334,27.31579708186189,133.016545,68.22177822205961,95.58409091666667,56.45723246288332,1131.7677131091434,20.24479602870455,0.16775189235617075,0.0321444875211358,0.8520824234719006,120.23874978523,64.86591201671982,9.318428515070615,0.22761599999999999,118.70275819175606,53.05244921146939,2049.72,57.27045619320555,274.37249662192903,19.015840231178885,175.02084413928745,3128.18,48.30608783333333,82.7284665,3.4191923869101912,3.914004133935967,0.03051882168745871,0.013956585076869999,180.3612934251369,101.78568791073457,5913.96,0.160408935546875,0.047811279296875,0.11631591796875,0.045760498046875,0.0267236328125,0.000955810546875,0.009412841796875,0.0077001953125,0.00291015625,3.90625e-05,0.001124267578125,0.39009033203125,0.083912353515625,0.05161865234375,7.32421875e-06,7.32421875e-06,0.003551025390625,0.001185302734375,2.44140625e-06,0.000189208984375,0.0,0.0,0.0,8.544921875e-06,0.0,0.002696533203125,1.220703125e-06,0.02639404296875,0.012320556640625,0.0,0.0,0.0,0.9151905549809478,1.657972406064139
16,17,1.8,4.12,4.8,78.03618904166666,39.41561343625414,136.17728558333334,66.91373337816141,66.291346,42.89603425769474,694.0705884983091,13.685357035012647,0.2353068842298328,0.03349308672665821,0.9058859644355712,120.9682320583227,65.0352787182207,8.82799018846563,0.12619266666666665,119.85194183627357,53.05732033225467,1248.68,85.42053083161339,276.8324917607575,31.115195810602263,246.9743870947381,1351.12,52.55242775,76.87483225,4.084091478422885,5.170607162845189,0.029426248604793974,0.01411802316766291,182.6834766662475,104.02155123517704,3621.62,0.16500244140625,0.03321533203125,0.03,0.000565185546875,0.0,0.0193798828125,0.00337158203125,0.000885009765625,0.00458740234375,0.00087890625,0.338463134765625,0.09973876953125,0.01273193359375,0.00017822265625,0.002220458984375,0.00057861328125,0.00015380859375,0.0221484375,0.000703125,0.002471923828125,0.002520751953125,0.00112060546875,0.000255126953125,0.089139404296875,0.00098388671875,0.098995361328125,0.001092529296875,0.0,0.0,0.0107275390625,0.02908203125,0.000472412109375,0.5541881160656229,-1.4739517394184765
17,18,2.66,4.9,4.18,80.11789195833333,42.98878018693431,141.15708704166667,65.39182438974936,63.25730958333334,40.928972163095274,716.10702229502,13.805898043143664,0.24065586402843817,0.04018423577931391,0.9042391724381095,125.31967895191305,63.87152331860839,8.804555893496435,0.1230608333333333,120.79439903022194,53.03715641714462,1260.18,85.30340958357607,250.76978299587626,30.809530015827836,199.994519147424,1336.3,51.647822999999995,73.02165,4.107012404999047,5.263728894835915,0.029680366692092616,0.014489616135991257,182.396167633665,103.85412329069983,3634.18,0.180733642578125,0.0241796875,0.03109375,0.00055908203125,0.0,0.02633544921875,0.00529541015625,0.000885009765625,0.003145751953125,0.001043701171875,0.3403662109375,0.079107666015625,0.01616455078125,0.0002294921875,0.0015673828125,0.002196044921875,0.000189208984375,0.02071533203125,0.001412353515625,0.004378662109375,0.000367431640625,0.000867919921875,0.000302734375,0.0856103515625,0.00134521484375,0.112491455078125,0.000909423828125,0.0,0.0,0.00904541015625,0.023216552734375,0.001671142578125,0.5270740683786547,-1.709183226739539
18,19,2.02,3.02,2.16,79.26471966666666,41.753175534399,136.93482633333332,65.87170419075143,62.31782975,40.8346509515354,671.0969279548913,13.460244058540743,0.2339309214223116,0.03612660481642675,0.9070141093916729,122.0100953957767,63.80525423863642,8.834616054538236,0.12349791666666662,121.96707610951763,52.95500312449388,1271.56,84.55251417322053,259.8965644353777,29.189357771817463,203.9629633636771,1316.2,53.44573466666667,72.07678383333334,4.1159763986550315,5.280251624458441,0.02894567440804324,0.01398562063537692,182.58222205496466,103.80012213936169,3644.76,0.16330322265625,0.021068115234375,0.032159423828125,5.126953125e-05,0.0,0.026435546875,0.001527099609375,0.0,0.00567138671875,0.00097412109375,0.34228271484375,0.088277587890625,0.01170654296875,0.00018798828125,0.00236328125,0.001214599609375,0.00016845703125,0.018740234375,0.001126708984375,0.00300537109375,0.000516357421875,0.002689208984375,0.000306396484375,0.08173583984375,0.001080322265625,0.114105224609375,0.00231689453125,0.000731201171875,0.0,0.018394775390625,0.030750732421875,0.000989990234375,0.5257736894782249,-1.7204648349435414
19,20,6.1,3.14,5.92,56.12858016666667,28.199085524808435,134.21185629166666,67.15746199853776,96.15643354166667,54.54322530191342,1173.702650670747,20.890768953178156,0.16442279649104674,0.035753246477156615,0.8433617872752575,120.96457226394787,63.918835665317445,9.328705955266106,0.23482254166666663,119.74180512324102,52.5729639504225,2087.02,56.734211837142595,292.6131463050237,19.633681776607013,195.45099403256899,3238.14,49.46097583333333,79.70025466666667,3.423682456531289,3.9155808181913176,0.03070718453914999,0.013618940735038965,179.85572421789027,101.92441351164925,6073.02,0.161396484375,0.04621826171875,0.11773193359375,0.063218994140625,0.0241552734375,0.000911865234375,0.00475341796875,0.00955322265625,0.00164306640625,4.7607421875e-05,0.00054443359375,0.387227783203125,0.065008544921875,0.046993408203125,2.3193359375e-05,0.0,0.000286865234375,0.001246337890625,1.0986328125e-05,3.662109375e-06,5.9814453125e-05,0.000118408203125,1.220703125e-06,8.544921875e-06,0.0,0.0,1.220703125e-06,0.03734375,0.01137939453125,0.0,0.0,0.0,0.9154167819023245,1.65993506747869
20,21,4.9,3.78,4.56,55.88709433333334,27.91884706365395,138.3897185,67.62937800848287,93.50842295833334,55.137568731552804,1125.5316430668138,20.33962783573954,0.17786651052619226,0.03963147039110254,0.8514073038229338,125.16972501100992,64.53025091352094,9.251079406262848,0.23156029166666664,120.86593119984238,52.51970635277177,2076.32,56.7725542768687,301.19250429787076,19.402090749644326,196.32024363641244,3208.94,47.33325325,83.02861075000001,3.442260362724657,3.8911691982785386,0.02994235045787935,0.012983510611110692,179.80165219939823,101.98919242752604,5772.16,0.176942138671875,0.036077880859375,0.100316162109375,0.05282470703125,0.023759765625,0.000673828125,0.00764404296875,0.00325439453125,0.000625,0.00013671875,0.001654052734375,0.38834716796875,0.102415771484375,0.04997314453125,1.8310546875e-05,2.44140625e-06,0.000284423828125,0.0010205078125,0.000169677734375,0.0001513671875,1.220703125e-06,0.0,0.0,8.544921875e-06,0.0,0.002696533203125,1.220703125e-06,0.02262939453125,0.009501953125,0.0,0.0,0.0,0.9085027600750037,1.5999515616374484
21,22,2.62,3.94,3.88,78.89087695833332,39.33336288501567,142.33678425,67.71995684007702,62.97774333333333,41.80611928807469,705.8551020548741,13.770854549809055,0.2423197298441872,0.03929111778182428,0.9092122120976535,127.33577607906508,66.18006190968123,8.804729394288106,0.12803441666666665,120.9085032957186,53.868699094587534,1249.52,84.75415822658334,270.37717982761484,29.649278550819954,209.24875044015997,1392.52,51.3305095,78.083016,4.079939158767684,5.316895832462313,0.02947227703085718,0.014250490504341263,183.4371948609464,104.09847796151524,3654.26,0.1867431640625,0.028577880859375,0.029791259765625,0.000565185546875,0.0,0.015198974609375,0.005618896484375,0.000885009765625,0.007174072265625,0.00060302734375,0.31093505859375,0.104010009765625,0.01134765625,0.0002294921875,0.00130859375,5.0048828125e-05,0.000166015625,0.02041748046875,0.00128662109375,0.003885498046875,0.000335693359375,0.002738037109375,9.1552734375e-05,0.08166259765625,0.00099609375,0.1251953125,0.001827392578125,0.000731201171875,0.0,0.012491455078125,0.02259033203125,0.000858154296875,0.5548477611716565,-1.4682289015306123
22,23,5.4,5.2,5.64,54.49800433333333,28.574559508701455,132.65652866666667,66.60796245696741,95.97554620833333,55.04764729295676,1081.903971716542,19.697138185890584,0.1739987897160543,0.034829842532923865,0.854724941267731,119.18506906748512,63.061555196315055,9.23623544732383,0.2235497083333333,117.95035842576668,52.44002296404528,2052.1,58.97070027143581,288.02547823299955,20.188858056266174,192.97018423043312,3005.26,47.416954249999996,78.95480541666667,3.42781788562801,3.95314623761885,0.02992961244733954,0.013503381306848914,180.09100300692032,101.82040220965986,6046.76,0.169053955078125,0.061492919921875,0.11984619140625,0.043372802734375,0.018310546875,0.00046142578125,0.012486572265625,0.01003662109375,0.002786865234375,0.000147705078125,0.000560302734375,0.382685546875,0.090133056640625,0.035494384765625,2.3193359375e-05,4.8828125e-06,0.00383544921875,0.00043212890625,0.00018310546875,0.00019287109375,6.103515625e-05,0.000118408203125,1.220703125e-06,0.003658447265625,1.220703125e-06,2.44140625e-06,0.0,0.027215576171875,0.002967529296875,0.0,0.0,0.0,0.9089611524233517,1.603928404752994
23,24,5.24,3.92,4.78,54.614490583333335,27.903072425324645,133.40005141666666,66.85038320591634,94.55692512499999,54.60528884880549,1151.2064196726324,20.73087298375641,0.16241813734774804,0.032625163384403244,0.8393214685744083,119.68608380397181,63.09749163164094,9.34238440547439,0.23371241666666662,119.3650761530701,53.05105549658278,2085.34,57.93438993121529,290.85269424164574,19.63071705174575,189.80933842290898,3185.64,50.11483591666667,78.76118858333334,3.4206452439454056,3.8502214429717263,0.03021405974120205,0.013465862627575704,180.44924651212096,101.90100136254459,6208.26,0.15025390625,0.03966064453125,0.12314453125,0.042205810546875,0.029761962890625,0.000653076171875,0.008148193359375,0.0039501953125,0.003089599609375,0.0001416015625,0.001075439453125,0.37466796875,0.0901318359375,0.053314208984375,1.8310546875e-05,7.32421875e-06,0.00383544921875,0.001077880859375,0.000172119140625,0.000189208984375,0.0,0.0,0.0,0.0036669921875,1.220703125e-06,0.003446044921875,1.220703125e-06,0.0347119140625,0.01137451171875,0.0,0.0,0.0,0.9113137672113244,1.6243388238116845
24,25,4.68,4.54,4.26,53.16711595833333,28.017535530318646,136.00160470833333,66.80062679561485,98.61716333333334,55.53022203084234,1098.109755084943,20.177977616138126,0.1721150897602333,0.03808992413277559,0.8457834158302096,122.55414677643785,63.41554660027763,9.246552189401132,0.23160737499999995,118.2385056681581,51.5697386755008,2102.98,58.49813892368225,303.7221111109027,20.309595277444593,207.7994093290745,3117.3,46.52319975,81.05580491666666,3.4083689596628575,3.854020418638547,0.029573863739908283,0.012712254309296471,179.48900592889467,102.02634729038158,6116.94,0.162589111328125,0.05040283203125,0.114964599609375,0.045921630859375,0.02381591796875,7.568359375e-05,0.006517333984375,0.004591064453125,0.001744384765625,0.0001220703125,0.000670166015625,0.386513671875,0.093472900390625,0.05073486328125,1.708984375e-05,0.0,0.00029052734375,0.000296630859375,0.0001806640625,3.662109375e-06,5.9814453125e-05,0.000118408203125,1.220703125e-06,0.003658447265625,1.220703125e-06,0.0,1.220703125e-06,0.02992919921875,0.002967529296875,0.0,0.0,0.0,0.910463959785288,1.6169662077024685
25,26,2.66,5.1,3.6,79.74434749999999,41.41412754924266,140.01204129166666,65.62483501474277,62.696374500000005,40.982684599306204,691.5902270565405,13.506646073814393,0.24592632318288005,0.039468928511557026,0.9071525972044939,124.60741499334438,63.96077319919582,8.786930632935576,0.12364941666666664,118.04926964182688,52.50891771503184,1251.52,86.50657837370109,269.14795521355876,28.650169682995426,200.88164105568504,1301.16,52.45852708333333,73.06724375,3.889023692295923,5.1318573285607245,0.028924997446180937,0.013858927683321592,183.3392064142488,104.62789918593845,3659.92,0.19274169921875,0.032967529296875,0.0243310546875,0.00055908203125,0.0,0.005281982421875,0.005313720703125,0.000885009765625,0.006505126953125,0.00102783203125,0.338270263671875,0.0939306640625,0.01645263671875,0.0002294921875,0.001431884765625,0.000511474609375,0.00016845703125,0.02208740234375,0.000855712890625,0.003282470703125,0.0025439453125,0.002982177734375,0.00025146484375,0.083292236328125,0.000933837890625,0.1016015625,0.0017529296875,0.0,0.0,0.00890869140625,0.027755126953125,0.00134033203125,0.5432811255848055,-1.5685767700527802
26,27,1.98,4.22,4.08,79.70923904166666,39.57540126829435,136.28568541666667,66.07235683410241,62.691062875,41.335823741936295,714.6482700149222,13.845326142463934,0.23755738206883215,0.037339630366531915,0.9060168330622369,121.91250428850299,64.81495040017448,8.818545633769244,0.12714112499999997,118.71239183509545,53.71699505275654,1284.86,85.52097213158882,268.14755001258766,29.094279524559905,233.0177285632213,1371.34,52.55437383333333,74.04017466666666,3.9045438712801706,5.083711832255022,0.02891396901346379,0.013864959373039243,183.74357202486632,104.25220456754873,3675.84,0.163931884765625,0.01669921875,0.027181396484375,0.000565185546875,0.0,0.02127197265625,0.004163818359375,0.000885009765625,0.006885986328125,0.000948486328125,0.3306298828125,0.094217529296875,0.016749267578125,6.2255859375e-05,0.00229736328125,0.00223876953125,0.00019775390625,0.019161376953125,0.001671142578125,0.00440673828125,0.002396240234375,0.00289306640625,0.000330810546875,0.09673583984375,0.00108154296875,0.1044677734375,0.001575927734375,0.0,0.0,0.01914306640625,0.030494384765625,0.00101318359375,0.5218031455342053,-1.7549118112197641
27,28,2.04,2.26,1.36,,,,,,,,,,,,,,,,,,,,,,,,,,,,,,,,,,,,,,,,,,,,,,,,,,,,,,,,,,,,,,,,,,
28,29,5.26,5.28,5.5,53.953063,26.90953928293298,133.31824312499998,66.02578337624881,91.36243700000001,54.20175871482116,1157.1559158549765,20.913443431031407,0.15818618246094837,0.0392845464151449,0.8424666706879732,121.32037065456039,63.4727056677454,9.342920687134999,0.24177841666666663,121.69590075416602,53.71008878265912,2152.5,56.27272903323849,286.93045064594713,19.418724776074097,185.6202240401115,3316.2,49.50197883333333,78.50759066666666,3.392976782737709,3.827075706599,0.030508574784377997,0.013853198089922884,180.07701529873225,101.6955926079941,6215.08,0.14787353515625,0.03960205078125,0.094722900390625,0.047911376953125,0.018262939453125,0.00041748046875,0.010621337890625,0.007987060546875,0.00180419921875,0.000133056640625,0.001026611328125,0.4117138671875,0.105911865234375,0.045252685546875,7.32421875e-06,7.32421875e-06,0.003548583984375,0.0004638671875,0.00018310546875,0.00019287109375,5.9814453125e-05,0.000118408203125,1.220703125e-06,0.0036669921875,0.0,0.003446044921875,1.220703125e-06,0.032520751953125,0.01220947265625,0.0,0.0,0.0,0.9151293363543399,1.6574412958162352
29,30,6.5,5.78,6.96,54.9439365,27.393141253076923,135.77755616666667,67.59870938958318,95.46306458333335,54.26928929163212,1078.2579506636735,19.798404800929873,0.17781129855097086,0.03763340994001267,0.8521311547347726,122.10766926649293,63.92272183326391,9.232882107756788,0.22794154166666666,119.32424412949173,52.52011106626814,2062.5,56.69068494705311,294.57751553764183,19.197873560382387,189.8555354288972,3143.4,46.80198133333333,80.64626933333334,3.428571971331039,3.884714879892938,0.029633747037733683,0.013027687518166145,179.82624071020666,101.59134416912221,5828.22,0.17332763671875,0.046041259765625,0.087005615234375,0.050108642578125,0.019716796875,0.00085205078125,0.007177734375,0.002969970703125,0.00175537109375,0.000155029296875,0.00169677734375,0.409976806640625,0.082071533203125,0.048485107421875,2.44140625e-05,7.32421875e-06,0.003829345703125,0.0012744140625,0.00018310546875,4.150390625e-05,6.103515625e-05,0.000118408203125,1.220703125e-06,0.0036669921875,1.220703125e-06,0.003443603515625,1.220703125e-06,0.018822021484375,0.01968017578125,0.0,0.0,0.0,0.9041139058779558,1.5618754797360703
30,31,3.8,2.54,1.88,,,,,,,,,,,,,,,,,,,,,,,,,,,,,,,,,,,,,,,,,,,,,,,,,,,,,,,,,,,,,,,,,,
31,32,3.22,3.4,3.54,,,,,,,,,,,,,,,,,,,,,,,,,,,,,,,,,,,,,,,,,,,,,,,,,,,,,,,,,,,,,,,,,,
32,33,1.88,3.74,4.14,82.26116887500001,40.406070740173774,135.342204625,67.71756202342875,63.85289358333333,41.32368753754965,690.8015278439768,13.334395180850986,0.2471510875927538,0.03416236622094595,0.9118070089530077,120.58781970596984,65.9976269723089,8.778178263359907,0.11952570833333329,119.12673403124516,53.90290121751936,1206.78,82.70125805580925,238.90967228914687,27.2600928445937,181.06224227289383,1306.04,51.84093658333333,78.70889675000001,3.8751022761295957,5.088651549380084,0.029716135782978065,0.014404596002970747,184.71529022162477,104.52898530162128,3615.14,0.187249755859375,0.033294677734375,0.02877197265625,4.5166015625e-05,0.0,0.02221923828125,0.005526123046875,0.0,0.0048046875,0.0005615234375,0.3053515625,0.100391845703125,0.01305908203125,0.000113525390625,0.001702880859375,0.000758056640625,1.953125e-05,0.02259521484375,0.001170654296875,0.003514404296875,0.00033935546875,0.002171630859375,0.000308837890625,0.07546142578125,0.000682373046875,0.11778076171875,0.001849365234375,0.000731201171875,0.0,0.013968505859375,0.028111572265625,0.000560302734375,0.5584886415687014,-1.4366419647204873
33,34,4.72,3.06,3.58,,,,,,,,,,,,,,,,,,,,,,,,,,,,,,,,,,,,,,,,,,,,,,,,,,,,,,,,,,,,,,,,,,
34,35,4.76,4.92,4.76,78.93823416666666,39.92644003448735,136.921574875,67.7667063395819,66.26967979166666,42.20743959461664,687.2442977116807,13.390540893678246,0.24254068167771828,0.034434730617885295,0.9097388960545036,121.33430187569104,65.69175229433341,8.791917823249591,0.12042299999999997,119.28708675558124,52.940012989974356,1221.38,85.518144964784,259.11886184697613,28.158637923719326,202.8191295223171,1265.56,50.863868833333335,77.03437783333332,4.099488619648863,5.151365281076623,0.029454393780622864,0.014478941616238502,183.8171647275818,104.53029160575477,3623.22,0.17828369140625,0.03373046875,0.027921142578125,0.00052001953125,0.0,0.02016845703125,0.005389404296875,0.000885009765625,0.005400390625,0.000404052734375,0.330721435546875,0.096705322265625,0.005159912109375,0.000208740234375,0.001507568359375,0.00108154296875,1.0986328125e-05,0.024007568359375,0.0013232421875,0.0023974609375,0.00249267578125,0.000455322265625,3.173828125e-05,0.081405029296875,0.00077880859375,0.1059619140625,0.002449951171875,0.000731201171875,0.0,0.011065673828125,0.03029052734375,0.000465087890625,0.5578236005564423,-1.442411615502595
35,36,5.04,4.36,5.3,57.12532216666666,27.79028064568486,135.44263158333334,67.15928003222716,96.37562954166665,54.29436115696506,1078.9149302350675,19.671316649646563,0.17652241740431263,0.03589394709657227,0.8536525806135493,121.12209612725667,63.341149262519224,9.248362485023078,0.22379579166666663,119.04432057512237,52.910238149525874,2009.92,58.01621123474482,273.0067849837263,19.459474198893815,175.02718583636204,3056.22,48.39598766666667,79.9724375,3.4375033633315586,3.904023535852342,0.030192858013838027,0.013629211611122318,180.53815087356924,102.1157229587043,5928.46,0.17734130859375,0.034598388671875,0.112066650390625,0.046553955078125,0.02733642578125,0.0009716796875,0.00824951171875,0.010496826171875,0.00186767578125,0.000157470703125,0.000787353515625,0.37697021484375,0.08720703125,0.0352587890625,6.103515625e-06,4.8828125e-06,0.003548583984375,0.001318359375,0.00018310546875,0.00019287109375,6.103515625e-05,0.000118408203125,1.220703125e-06,0.0036669921875,1.220703125e-06,0.000751953125,1.220703125e-06,0.034173583984375,0.01890625,0.0,0.0,0.0,0.9075289502970801,1.5915031468130232
36,37,2.14,5.28,4.14,84.60154,39.26226990104424,136.66612504166667,66.77809225063507,59.25714979166667,37.98501178685635,668.0388243122352,13.207251983820923,0.2471918168144856,0.033611305190164836,0.9120994104893346,122.70664315479016,65.06286601072665,8.77543945565005,0.12023274999999996,121.03698336076546,53.62419116358559,1229.58,89.36387149001705,266.32410285960214,28.677052788063943,190.57518354906983,1227.66,52.231270583333334,77.95617141666666,3.858367032480258,4.953176676816998,0.029317606589593783,0.013870698277323436,184.19092439434917,104.39404417007592,3662.46,0.176768798828125,0.034813232421875,0.01401123046875,0.000565185546875,0.0,0.02638916015625,0.0044140625,0.000885009765625,0.00407470703125,0.000880126953125,0.326158447265625,0.101546630859375,0.01330322265625,6.2255859375e-05,0.002742919921875,0.0011865234375,3.662109375e-06,0.01805908203125,0.001151123046875,0.004222412109375,0.00211181640625,0.000411376953125,0.0002490234375,0.077508544921875,0.00025634765625,0.134794921875,0.001732177734375,0.000731201171875,0.0,0.005750732421875,0.0262353515625,0.001302490234375,0.5307515490924046,-1.6772787590673914
37,38,5.54,5.78,5.86,56.79117620833333,28.176511634386507,135.794753875,68.66891007485675,96.58967845833332,56.2439221155251,1130.2466073899193,20.404398568975438,0.17300421042623984,0.034821414818729586,0.8549410819868325,121.47635759364044,64.56089179611325,9.30393503995208,0.23102245833333332,118.29060715753243,52.96338703967292,2045.12,57.34687800788899,284.1120522953709,19.477133675938923,180.26113235411944,3163.14,49.49719458333333,82.19007458333334,3.4261086256983417,3.8710548518069197,0.030197860044206926,0.01331541053037061,180.75158703126573,101.77493559686941,5937.5,0.178958740234375,0.02112548828125,0.133115234375,0.037359619140625,0.03427734375,0.000362548828125,0.008829345703125,0.008643798828125,0.001485595703125,0.00013916015625,0.00140869140625,0.37411865234375,0.069703369140625,0.062613525390625,7.32421875e-06,7.32421875e-06,0.003548583984375,0.000284423828125,0.00018310546875,0.00019287109375,6.103515625e-05,0.000118408203125,1.220703125e-06,0.0,0.0,0.003443603515625,0.0,0.0323681640625,0.01234375,0.0,0.0,0.0,0.9122420033624611,1.6323918586421138
38,39,6.28,4.44,5.4,56.13198533333333,28.91321953279351,137.23203583333333,68.67763795587938,94.738624,56.430419258771344,1123.275829147295,20.160320375296095,0.18097647294639324,0.03802271544367286,0.8578494067766522,123.5599255839618,64.92651813122575,9.258079651016686,0.22767729166666664,120.60665359517914,52.64049692976002,2015.22,55.870066123865264,300.8062879301164,19.357123302003046,198.57073622708333,3158.68,48.811380666666665,82.75002533333334,3.45810563568762,4.037007922806548,0.030145878262288366,0.013155794301459143,179.9728130202731,101.99621675602481,5761.96,0.183074951171875,0.05029541015625,0.130703125,0.048431396484375,0.01894775390625,0.000914306640625,0.007628173828125,0.003262939453125,0.002716064453125,0.000157470703125,0.00152587890625,0.361185302734375,0.05739990234375,0.055889892578125,7.32421875e-06,7.32421875e-06,0.0035546875,0.0012744140625,0.00018310546875,0.00019287109375,6.103515625e-05,0.000118408203125,1.220703125e-06,0.0036669921875,1.220703125e-06,0.003443603515625,0.0,0.034124755859375,0.010423583984375,0.0,0.0,0.0,0.9013085393479134,1.537537153383574
39,40,4.54,3.28,4.36,,,,,,,,,,,,,,,,,,,,,,,,,,,,,,,,,,,,,,,,,,,,,,,,,,,,,,,,,,,,,,,,,,
40,41,5.58,2.48,2.32,,,,,,,,,,,,,,,,,,,,,,,,,,,,,,,,,,,,,,,,,,,,,,,,,,,,,,,,,,,,,,,,,,
41,42,4.4,3.6,3.62,,,,,,,,,,,,,,,,,,,,,,,,,,,,,,,,,,,,,,,,,,,,,,,,,,,,,,,,,,,,,,,,,,
42,43,3.96,3.76,4.04,,,,,,,,,,,,,,,,,,,,,,,,,,,,,,,,,,,,,,,,,,,,,,,,,,,,,,,,,,,,,,,,,,
43,44,6.16,6.16,6.04,56.397897,28.806951337145648,134.07232583333334,67.12869032762946,90.74510845833332,54.32511186920826,1093.9301545979981,19.883823338170522,0.1685361289955742,0.033922546658383415,0.8550053538935982,121.14527005496662,64.11142360697336,9.285988628471483,0.2261220833333333,118.96734647743205,52.46622569241916,2048.98,57.4512168846732,284.1516275927532,19.55305012377684,188.82975311585272,3097.84,47.963323083333336,80.41496624999999,3.4109583413846916,3.9301888964900757,0.030183802650726056,0.01361987828529542,180.18195817437714,101.73334093884951,5889.88,0.16357177734375,0.043160400390625,0.124478759765625,0.053270263671875,0.023623046875,0.00093505859375,0.010147705078125,0.009188232421875,0.002601318359375,4.2724609375e-05,0.0015283203125,0.356326904296875,0.087200927734375,0.05400634765625,2.44140625e-05,7.32421875e-06,0.003831787109375,0.001197509765625,2.44140625e-06,0.000189208984375,1.220703125e-06,0.0,0.0,0.0,1.220703125e-06,2.44140625e-06,0.0,0.0242138671875,0.020709228515625,0.0,0.0,0.0,0.9146735554763658,1.6534871088554328
44,45,2.54,4.3,4.14,79.00060083333332,41.03282611475503,140.601476125,65.78343084369864,61.635182541666666,41.52032876591794,707.8866850252892,13.860336515634017,0.2338655376656212,0.03852700257363766,0.9060375549159158,126.15395719924625,64.65812153926584,8.86472970249956,0.12815837499999996,121.19801032170272,53.669661379247785,1261.82,85.24309850228855,268.22610348845217,28.90124751635916,201.23009135790056,1347.8,51.35730591666666,74.59702391666667,3.8482383688318764,5.1538136617536745,0.029209812605176775,0.013905661119894875,182.973963974345,103.89764943265482,3733.64,0.172923583984375,0.026732177734375,0.034150390625,0.000565185546875,0.0,0.01315673828125,0.00334228515625,0.000885009765625,0.005399169921875,0.00090087890625,0.33777587890625,0.094901123046875,0.011651611328125,0.00017822265625,0.001497802734375,0.00126708984375,5.4931640625e-05,0.015804443359375,0.0009326171875,0.003111572265625,0.0022265625,0.0024267578125,0.000328369140625,0.0961083984375,0.001036376953125,0.10958740234375,0.001015625,0.0,0.0,0.015650634765625,0.018548583984375,0.001666259765625,0.5423831606456029,-1.5763671830021655
45,46,4.08,3.18,3.24,,,,,,,,,,,,,,,,,,,,,,,,,,,,,,,,,,,,,,,,,,,,,,,,,,,,,,,,,,,,,,,,,,
46,47,5.06,4.5,4.24,55.849321874999994,27.579398047162318,136.79331733333333,66.94405155053227,93.01368541666666,55.22266543109529,1122.7500471819471,20.400326587846656,0.17121924768487973,0.03575969237937621,0.8473018119809752,122.95816037663872,63.29911327129562,9.300261998279233,0.23213966666666663,120.26728019509801,52.92568033670854,2061.86,58.071285222971845,297.63711658827464,20.026820967080013,195.73101227649371,3170.4,48.4931095,79.54736299999999,3.386662137444326,3.7415073767254783,0.030250107694901038,0.0133756782793359,179.48001175545858,101.72363616545258,6108.58,0.164376220703125,0.02982421875,0.120997314453125,0.051258544921875,0.031685791015625,0.00063720703125,0.009229736328125,0.0031884765625,0.00153076171875,0.000133056640625,0.00120361328125,0.38062744140625,0.073538818359375,0.06673828125,1.220703125e-06,7.32421875e-06,0.003548583984375,0.001204833984375,0.000172119140625,3.7841796875e-05,0.0,0.0,0.0,0.0036669921875,1.220703125e-06,0.003446044921875,0.0,0.028341064453125,0.010418701171875,0.0,0.0,0.0,0.9143618795491694,1.6507831233508323
47,48,6.1,3.56,6.96,52.759398125,27.108269040088498,132.40952541666667,66.660897785854,95.47996804166667,54.178714472837335,1174.1015310044033,21.07539965034458,0.15891104392567765,0.03507761380142785,0.8386494179533396,119.43083162317942,63.17241269619663,9.357451234375997,0.24061279166666666,121.15663850049462,53.43590000193762,2151.0,56.97201829560088,291.3339457833701,20.183628633700856,198.08550409458547,3268.24,49.89240633333333,77.5204735,3.403485016458137,3.8559652424808832,0.030549564996370314,0.013562873918954055,180.45375567193562,102.05041620549198,6452.54,0.150814208984375,0.042799072265625,0.106187744140625,0.049537353515625,0.01462890625,0.000946044921875,0.01101806640625,0.003570556640625,0.0018017578125,0.0001513671875,0.00068603515625,0.411427001953125,0.09818359375,0.042730712890625,6.103515625e-06,4.8828125e-06,0.003548583984375,0.001318359375,0.00018310546875,0.00019287109375,6.103515625e-05,0.000118408203125,1.220703125e-06,0.003658447265625,1.220703125e-06,0.000751953125,1.220703125e-06,0.0345458984375,0.0123388671875,0.0,0.0,0.0,0.9143637917080646,1.6507997125368572
48,49,2.32,2.24,2.5,,,,,,,,,,,,,,,,,,,,,,,,,,,,,,,,,,,,,,,,,,,,,,,,,,,,,,,,,,,,,,,,,,
49,50,1.46,5.54,4.42,77.81162466666666,39.59555509953378,136.94410320833333,66.37110305053292,64.40296083333334,42.44965161727308,697.5984831108756,13.656220929866606,0.23803430364609077,0.035545042053704075,0.9053457119919541,122.0975897549671,64.38386345557669,8.83921733219886,0.12778099999999998,119.70225759520392,53.33397375595316,1252.92,85.69579261111629,272.13984272740106,30.98304120020284,233.09604655702296,1366.18,52.6871465,76.26001500000001,4.095692690667533,5.146615654694082,0.028865444673781444,0.014076870997240703,184.0271116878396,104.23887156488047,3585.8,0.165189208984375,0.023277587890625,0.032099609375,5.126953125e-05,0.0,0.02254638671875,0.004012451171875,0.0,0.005938720703125,0.0008349609375,0.3245263671875,0.09117431640625,0.0165087890625,4.150390625e-05,0.00138671875,0.002235107421875,0.00019775390625,0.017440185546875,0.00181396484375,0.003284912109375,0.00246826171875,0.0029296875,0.00033203125,0.086885986328125,0.001611328125,0.116907958984375,0.001820068359375,0.000731201171875,0.0,0.01914306640625,0.0324462890625,0.00128173828125,0.525211991992075,-1.7253379153709627
50,51,4.46,3.98,4.26,55.252907541666666,27.515525903997123,132.2983875,69.02417575435408,99.08682433333334,55.63979773602565,1110.5704744656077,19.978763177192146,0.1743429487592481,0.03446449189830965,0.8563149540832278,118.15169553015326,64.79592992205664,9.26441445913788,0.22730562499999998,117.38606400721852,53.40457471152756,2041.72,56.55342872297704,286.0642848457872,19.042974946042918,178.52149249361042,3158.66,48.22654358333333,81.85456191666667,3.3906411244910313,3.8007816859162387,0.030108677547786483,0.01361047615663262,179.4681416048131,101.72530191763835,5861.56,0.176962890625,0.046727294921875,0.10029052734375,0.0343408203125,0.021854248046875,0.000955810546875,0.014114990234375,0.009146728515625,0.003095703125,0.000152587890625,0.001529541015625,0.37926513671875,0.09884033203125,0.0596630859375,7.32421875e-06,7.32421875e-06,0.0035546875,0.0014453125,0.00018310546875,0.00019287109375,6.103515625e-05,0.000118408203125,1.220703125e-06,0.0036669921875,1.220703125e-06,0.000751953125,1.220703125e-06,0.01804931640625,0.01137451171875,0.0,0.0,0.0,0.9079876295926121,1.5954824793766087
51,52,3.38,4.22,4.34,79.99386370833332,39.99300391245018,137.66959450000002,65.07362957499886,64.11538495833334,41.35914695350146,666.0724542058798,13.460430585343481,0.2395886096379883,0.03748617044479048,0.9048923681967735,122.65836603814425,63.37278516248611,8.81124229954426,0.12685174999999999,120.97391143817278,52.98136217635053,1263.66,86.48039787251864,280.0289137174374,30.0078410833562,231.21313373847443,1334.54,52.31928391666666,74.01770425,4.0817840166284665,5.225087401844098,0.02884835945729479,0.013871326700045794,183.20174799869875,103.89793863535535,3673.42,0.177061767578125,0.02495361328125,0.0344384765625,5.126953125e-05,0.0,0.01885009765625,0.002789306640625,0.0,0.0044775390625,0.0010791015625,0.34607177734375,0.089141845703125,0.0102001953125,0.000157470703125,0.0014990234375,0.00067626953125,0.000152587890625,0.01687744140625,0.000589599609375,0.003560791015625,0.0025634765625,0.001031494140625,0.000113525390625,0.075689697265625,0.00118408203125,0.117369384765625,0.001160888671875,0.0,0.0,0.01064453125,0.0293115234375,0.001654052734375,0.531735681638143,-1.6687407877129201
52,53,6.08,4.56,5.88,54.96635591666667,27.433181191727673,133.91029924999998,66.13679807731961,94.265882,54.581791557913576,1123.041559041679,20.461959186347546,0.16016581433368546,0.0320544274834338,0.844780246333227,121.16940641187449,63.09575731907726,9.316539186979272,0.23548404166666664,119.49574738666968,52.57885198083288,2121.44,57.78160118356881,288.26210408637087,19.85572764329716,188.69349926447444,3181.76,48.50087075,78.00915091666667,3.4351707022079996,3.902387754194418,0.03012032992303842,0.013513114007125147,179.7738908312409,101.94462563984794,6104.36,0.151541748046875,0.03434814453125,0.134361572265625,0.056026611328125,0.01904052734375,0.00093505859375,0.01127685546875,0.0096533203125,0.00013916015625,4.2724609375e-05,0.0013134765625,0.396314697265625,0.082139892578125,0.037850341796875,2.44140625e-05,2.44140625e-06,0.00028076171875,0.001185302734375,0.0,0.0001513671875,0.0,0.0,0.0,8.544921875e-06,0.0,0.002696533203125,0.0,0.0287255859375,0.01222412109375,0.0,0.0,0.0,0.9182001088464224,1.684082186504214
53,54,2.0,5.96,5.16,81.377392125,41.360026716961144,140.70923775,65.73145875322474,62.923482125,41.10711046200608,703.8686815147203,13.793203309297526,0.23895425523580716,0.04028461283577603,0.9070192365565234,125.3158000593392,64.34178598224854,8.802679568877505,0.12646637499999996,120.8160016739943,52.7246716492235,1277.76,85.44525167560518,261.81765724522523,29.885378466566873,216.34532493792173,1349.92,51.48608225,74.37450425,4.039071764836127,5.170052646916475,0.02907552710279552,0.014045413782181158,182.92600230180872,104.14222690843988,3831.42,0.180810546875,0.02473388671875,0.02510498046875,0.00052001953125,0.0,0.029705810546875,0.00514404296875,0.000885009765625,0.0054150390625,0.001046142578125,0.317794189453125,0.103939208984375,0.0095703125,0.000113525390625,0.00121826171875,0.001588134765625,5.126953125e-05,0.02320068359375,0.001668701171875,0.003677978515625,0.000404052734375,0.002056884765625,0.00031005859375,0.070439453125,0.00085693359375,0.116614990234375,0.000313720703125,0.0,0.0,0.01232666015625,0.03026611328125,0.001357421875,0.5424996903392916,-1.57535621431612
54,55,4.08,4.46,4.84,,,,,,,,,,,,,,,,,,,,,,,,,,,,,,,,,,,,,,,,,,,,,,,,,,,,,,,,,,,,,,,,,,
55,56,5.14,5.12,5.3,54.431163375,27.640657273803946,136.00497958333332,65.41305388204992,93.80284554166667,54.24831170268043,1113.9703862642311,20.228717183492186,0.16932697277989672,0.033040964057154114,0.8421535185775424,122.48809203801507,62.034739971278526,9.301311549331006,0.2288944583333333,120.37126807840583,52.19194450503712,2054.2,57.90478297687234,276.53243508168123,19.233842347111782,179.67296389092616,3149.82,49.06333725,78.42458275,3.4406165630581937,3.993344538777759,0.030100695240396613,0.01348638917937623,180.0714366799892,101.523645964928,5894.16,0.160072021484375,0.055777587890625,0.11952392578125,0.053101806640625,0.032152099609375,0.00089599609375,0.0084521484375,0.009014892578125,0.00256103515625,4.7607421875e-05,0.0013623046875,0.36200439453125,0.0815576171875,0.0569091796875,2.44140625e-05,7.32421875e-06,0.003831787109375,0.0014404296875,1.3427734375e-05,0.00019287109375,6.103515625e-05,0.000118408203125,1.220703125e-06,0.0036669921875,0.0,0.003443603515625,0.0,0.0269970703125,0.002957763671875,0.0,0.0,0.0,0.9131098770866535,1.6399212112974448
56,58,5.8,5.18,5.84,58.72088983333333,27.590938743857535,137.58693779166666,68.95634030418532,98.32523325,56.02547954107585,1074.6224492306171,19.544761296928655,0.18795591650716723,0.039635347932396696,0.8633348889390285,123.17998354325091,64.82377366581416,9.197652854127023,0.22200054166666663,118.2563181700742,53.13733433523088,1976.94,57.81565645180156,290.76150489047063,19.49437412703161,187.19939504335534,3043.52,46.925385666666664,82.3500735,3.4164258151270173,3.873276725499973,0.030079690983264705,0.013288321851883389,180.30540031981707,101.78426599232729,5675.06,0.190533447265625,0.04057861328125,0.132080078125,0.0567578125,0.027470703125,0.00085693359375,0.00787353515625,0.009189453125,0.00180419921875,0.000152587890625,0.00028076171875,0.369256591796875,0.046226806640625,0.047755126953125,6.103515625e-06,4.8828125e-06,0.003548583984375,0.001334228515625,0.00018310546875,4.150390625e-05,5.9814453125e-05,0.000118408203125,1.220703125e-06,0.0,1.220703125e-06,0.003443603515625,1.220703125e-06,0.03283935546875,0.011402587890625,0.0,0.0,0.0,0.907520193398884,1.5914271751908309
57,59,4.9,4.18,5.7,53.473909375000005,27.432944408724936,134.02394575,66.66178469464224,96.071016,56.195852431972206,1108.5053395954171,20.283064809399885,0.16856813283159358,0.03818933958049099,0.8447760595722064,121.4826111368794,63.66761456861557,9.276182201606229,0.23213187499999996,119.41521120395726,53.22809860339447,2082.94,57.9471580461364,299.6135296153327,19.844929110796038,197.88052362735834,3146.3,48.31358458333333,79.36582958333334,3.4627455848152335,3.9427523137763183,0.030115067217019086,0.013391483260611075,179.42824028758216,101.99159215894241,5915.7,0.152257080078125,0.04228271484375,0.138255615234375,0.052283935546875,0.016904296875,0.000673828125,0.010386962890625,0.00218017578125,0.000643310546875,0.0001416015625,0.001630859375,0.37452392578125,0.09463623046875,0.051436767578125,1.8310546875e-05,2.44140625e-06,0.000284423828125,0.001395263671875,0.0001806640625,3.662109375e-06,6.103515625e-05,0.000118408203125,1.220703125e-06,0.0036669921875,0.0,2.44140625e-06,1.220703125e-06,0.03537353515625,0.010400390625,0.0,0.0,0.0,0.9155744472784911,1.6613029141891074
58,60,6.18,4.62,5.54,54.297889999999995,27.585202732989057,135.64843475,65.37151540340041,91.24567366666666,52.79797824019878,1147.5888961167211,20.67516414104374,0.16330655635306257,0.0344965429650554,0.837054611375576,122.2988573221395,61.821175749969456,9.325862706408081,0.23513325,121.60852940787467,52.86188502474659,2111.96,56.986546955360964,287.4548967709419,19.144981488643246,187.82507303155109,3266.7,48.915295416666666,78.28581441666667,3.425405599519391,4.0092382847662265,0.029872300871789822,0.013198714444455004,179.41989050350082,101.71297673128657,5934.46,0.1596630859375,0.055076904296875,0.122489013671875,0.046317138671875,0.02742919921875,0.00063232421875,0.007958984375,0.0004345703125,0.003028564453125,0.0001416015625,0.00118896484375,0.3565087890625,0.09603759765625,0.056451416015625,1.8310546875e-05,7.32421875e-06,0.00383544921875,0.001160888671875,0.000172119140625,0.000189208984375,0.0,0.0,0.0,0.0036669921875,1.220703125e-06,0.003443603515625,1.220703125e-06,0.039315185546875,4.638671875e-05,0.0,0.0,0.0,0.9091338304724796,1.6054264958824702
59,61,5.66,3.34,4.98,56.259726375,26.746392454306356,133.52073866666666,68.18929248384904,98.47798320833334,54.87976992486651,1091.9091486932002,19.95122013593891,0.1685159758890293,0.030698905239761445,0.8511190929121314,119.7465279515419,64.05836487391215,9.292188627977817,0.2309115,116.92875068327295,52.91498708677818,2072.02,57.342825084121074,288.38987959486917,19.229475503780453,184.6802995276479,3154.7,47.93856291666667,78.94916375,3.434760082011779,3.8977529216135762,0.03009285244994452,0.01373756650397528,179.61366400945292,101.48960425630663,5868.28,0.169610595703125,0.056170654296875,0.094818115234375,0.05109619140625,0.02056884765625,0.000433349609375,0.014573974609375,0.0100146484375,0.001807861328125,0.0001416015625,0.00169677734375,0.38060791015625,0.0933349609375,0.046107177734375,2.44140625e-05,2.44140625e-06,0.00029052734375,0.000411376953125,0.0001806640625,3.662109375e-06,6.103515625e-05,0.000118408203125,1.220703125e-06,8.544921875e-06,0.0,0.003446044921875,1.220703125e-06,0.023460693359375,0.0206591796875,0.0,0.0,0.0,0.9115793525024567,1.6266429439402958
60,62,1.78,4.64,2.9,77.76422587500001,40.96326308764898,136.09061866666667,64.16611210900105,61.63820258333333,41.84500004131521,682.2597396493952,13.840074909861764,0.2267439660089517,0.039547165435696065,0.9050325621873537,122.35420393706482,63.0412875371632,8.888562541741873,0.13099387499999998,120.71953168074457,53.12013207304438,1320.72,86.60246855994663,263.0156687291326,29.00555539205902,215.99338321587095,1381.48,53.49800233333333,69.6843945,3.8634216099398553,5.016340234597409,0.02818402060351497,0.013475983261486484,182.6581847815448,104.23088136346794,3771.08,0.139654541015625,0.020467529296875,0.029569091796875,0.000565185546875,0.0,0.031142578125,0.00330078125,0.000885009765625,0.006143798828125,0.001226806640625,0.36330078125,0.091533203125,0.00695556640625,0.00017822265625,0.00200927734375,0.002105712890625,4.638671875e-05,0.018809814453125,0.00118896484375,0.003192138671875,0.002322998046875,0.002293701171875,3.0517578125e-05,0.087880859375,0.00129150390625,0.113421630859375,0.001728515625,0.0,0.0,0.01697998046875,0.023477783203125,0.00163330078125,0.5152883491090001,-1.811431784570387
61,63,3.64,3.86,4.16,,,,,,,,,,,,,,,,,,,,,,,,,,,,,,,,,,,,,,,,,,,,,,,,,,,,,,,,,,,,,,,,,,
62,65,2.08,4.86,4.04,77.023637125,38.723808023307704,138.48975516666667,65.59906104777217,62.60543845833333,41.28026367497655,715.0700436293471,14.089650916264182,0.22970340653442253,0.033407332605755784,0.9006580460030811,124.02099860579773,63.55298462435761,8.903382423390081,0.1329747083333333,121.14989258796584,52.98846155640156,1307.86,84.63826725805808,273.16352564095007,30.592061667078823,234.37296101697183,1397.82,53.4841255,75.329106,4.084881999064699,5.085121973675229,0.029235452091758377,0.013877083482519845,182.16303491348333,104.40618698218974,3779.02,0.160335693359375,0.0300341796875,0.0354736328125,0.000565185546875,0.0,0.01978515625,0.005089111328125,0.000885009765625,0.007603759765625,0.000692138671875,0.345511474609375,0.094656982421875,0.013590087890625,9.27734375e-05,0.0021728515625,0.000701904296875,1.3427734375e-05,0.018465576171875,0.001126708984375,0.0019970703125,0.00261962890625,0.00237060546875,0.000252685546875,0.087423095703125,0.0011328125,0.095809326171875,0.002606201171875,0.000731201171875,0.0,0.016070556640625,0.025552978515625,0.00082763671875,0.5501388166072808,-1.5090819695187938
63,66,5.58,4.86,5.4,53.143205124999994,27.952189305028433,135.22585462499998,65.86845753816722,97.34513883333334,53.80585648905783,1067.2563609040956,19.84168051756084,0.17287492210391317,0.03570626539024272,0.841422384737747,121.07058809956223,61.71944407940838,9.246561821598673,0.23012287499999995,118.45269678311305,52.03184489990291,2064.34,57.17715669965261,286.3458114929252,19.03986146117541,180.8822694551128,3150.34,47.74678766666667,77.01771216666667,3.4212523719754864,3.942537910483261,0.02934931874263183,0.012946027785313176,179.70537215910764,101.51808205143789,5854.0,0.16515869140625,0.04806640625,0.11587890625,0.0439697265625,0.02756591796875,0.00059326171875,0.011226806640625,0.003121337890625,0.002877197265625,2.8076171875e-05,0.001466064453125,0.372000732421875,0.080740966796875,0.06359619140625,1.8310546875e-05,7.32421875e-06,0.003831787109375,0.001400146484375,1.3427734375e-05,4.150390625e-05,6.103515625e-05,0.000118408203125,1.220703125e-06,0.003658447265625,1.220703125e-06,0.003443603515625,1.220703125e-06,0.031259765625,0.0020068359375,0.0,0.0,0.0,0.9122761352061705,1.6326879739419546
64,67,3.52,2.12,1.78,,,,,,,,,,,,,,,,,,,,,,,,,,,,,,,,,,,,,,,,,,,,,,,,,,,,,,,,,,,,,,,,,,
65,68,2.24,3.84,3.84,76.36458483333332,40.343615001030756,138.30459758333333,65.81154350119036,64.86581233333334,43.28254234248354,680.6993883245906,13.451517303376509,0.24090164347292375,0.037716757601318075,0.9076614568286692,123.19868023669473,64.37300158011114,8.788634001562274,0.1238214583333333,118.62329672619802,53.16127865862457,1243.38,85.77843825117327,277.37511180305523,28.87033055269251,214.58139762918455,1327.88,51.931025,74.59613666666667,4.108739899586933,5.36105195142451,0.029258132110423066,0.014246486349704868,183.54837295271366,104.1433050296052,3531.2,0.181168212890625,0.039180908203125,0.026483154296875,0.000565185546875,0.0,0.02775390625,0.005653076171875,0.000885009765625,0.00664306640625,0.00125732421875,0.307469482421875,0.0979833984375,0.0110546875,0.0002294921875,0.001947021484375,0.00105712890625,0.00016845703125,0.023780517578125,0.001427001953125,0.00359375,0.0025439453125,0.002982177734375,3.662109375e-05,0.0859130859375,0.00073486328125,0.101622314453125,0.000364990234375,0.0,0.0,0.0139111328125,0.028338623046875,0.00087158203125,0.5461194880433307,-1.5439521831824086
66,69,5.16,2.6,1.52,,,,,,,,,,,,,,,,,,,,,,,,,,,,,,,,,,,,,,,,,,,,,,,,,,,,,,,,,,,,,,,,,,
67,70,4.06,4.26,4.3,84.23949320833333,41.00045495454261,135.24384170833332,68.50006656977557,62.89160708333333,39.0303852307452,662.0615578202862,12.99687891792974,0.2548855548789522,0.0380676657053789,0.914739360089915,119.95923244090943,66.15083629940327,8.700242898473523,0.11714229166666663,117.76323750399584,53.19521822009886,1201.74,87.53391231387525,264.7732150431308,29.64460947239037,190.26650165150303,1255.3,51.345466666666674,79.74319266666666,4.132521553668807,5.36967238716442,0.02930637047245209,0.01417184450242984,184.8349029134105,104.18399144709382,3523.96,0.1993798828125,0.035672607421875,0.03165771484375,0.000513916015625,0.0,0.017840576171875,0.004241943359375,0.000885009765625,0.003011474609375,0.000784912109375,0.3065625,0.095345458984375,0.0123193359375,0.0002294921875,0.001533203125,0.001710205078125,0.00018798828125,0.0245361328125,0.000546875,0.00344970703125,0.000367431640625,0.000638427734375,0.000308837890625,0.07337890625,0.0007861328125,0.114176025390625,0.00238525390625,0.000731201171875,0.0,0.00845947265625,0.0302099609375,0.000576171875,0.5556619601031387,-1.461165211599881
68,71,2.16,2.7,2.4,,,,,,,,,,,,,,,,,,,,,,,,,,,,,,,,,,,,,,,,,,,,,,,,,,,,,,,,,,,,,,,,,,
69,72,3.42,3.52,3.66,,,,,,,,,,,,,,,,,,,,,,,,,,,,,,,,,,,,,,,,,,,,,,,,,,,,,,,,,,,,,,,,,,
70,73,2.48,4.12,3.68,77.71347233333333,40.60577981735497,136.71374141666666,66.44298955617934,66.83454058333334,42.38928370538251,686.9574154065081,13.471282137140204,0.24509388783609304,0.041039536291769235,0.9053858853040816,121.21260424416776,64.47279338003119,8.761197674915076,0.1242660833333333,119.10680831800772,52.97373125475444,1257.32,83.52373654890866,261.44803594829483,30.399259238522294,227.52276108780305,1359.7,51.87778633333333,75.53785616666666,4.095751953349824,5.237662694164381,0.029424737169301936,0.014460372650779506,183.63686728243755,104.16702733324414,3600.14,0.1879052734375,0.0279736328125,0.0306298828125,5.126953125e-05,0.0,0.0302392578125,0.005296630859375,0.0,0.005240478515625,0.001064453125,0.330745849609375,0.086949462890625,0.01234619140625,0.000208740234375,0.001409912109375,0.000716552734375,0.00016357421875,0.019202880859375,0.001429443359375,0.0026708984375,0.00261962890625,0.002880859375,0.000113525390625,0.06777587890625,0.00103515625,0.11224853515625,0.001121826171875,0.000731201171875,0.0,0.013828125,0.02647216796875,0.00155517578125,0.5419122685824519,-1.5804524690377104
71,74,3.32,2.92,3.16,,,,,,,,,,,,,,,,,,,,,,,,,,,,,,,,,,,,,,,,,,,,,,,,,,,,,,,,,,,,,,,,,,
72,75,4.26,3.7,3.64,,,,,,,,,,,,,,,,,,,,,,,,,,,,,,,,,,,,,,,,,,,,,,,,,,,,,,,,,,,,,,,,,,
73,76,3.68,4.56,3.56,,,,,,,,,,,,,,,,,,,,,,,,,,,,,,,,,,,,,,,,,,,,,,,,,,,,,,,,,,,,,,,,,,
74,77,4.0,3.9,4.24,,,,,,,,,,,,,,,,,,,,,,,,,,,,,,,,,,,,,,,,,,,,,,,,,,,,,,,,,,,,,,,,,,
75,78,3.88,3.78,4.18,,,,,,,,,,,,,,,,,,,,,,,,,,,,,,,,,,,,,,,,,,,,,,,,,,,,,,,,,,,,,,,,,,
76,79,4.02,3.64,3.88,,,,,,,,,,,,,,,,,,,,,,,,,,,,,,,,,,,,,,,,,,,,,,,,,,,,,,,,,,,,,,,,,,
77,80,5.24,5.42,5.72,79.439545,41.4861852208759,137.11059795833333,65.57592481363844,61.66797695833333,40.88281852303342,700.559777075078,13.6743351445602,0.2340223716649491,0.0353736745452977,0.9029337369901635,122.42930559260212,63.85938354023752,8.83474075612022,0.12433641666666663,120.5438667400572,53.644956896503544,1234.72,84.18373673918981,267.29596415580073,29.018826993867105,216.38057819807563,1331.0,51.56612116666666,74.89724283333334,4.129145356086518,5.148237593782571,0.0296598569420929,0.014573012740076455,183.3209652551851,103.79732549506448,3535.48,0.165440673828125,0.03273681640625,0.0215771484375,0.00055908203125,0.0,0.027249755859375,0.005328369140625,0.000885009765625,0.007015380859375,0.000758056640625,0.332283935546875,0.08981201171875,0.010618896484375,0.000113525390625,0.0021533203125,0.0021728515625,0.000203857421875,0.01872802734375,0.001495361328125,0.002734375,0.002552490234375,0.00298583984375,3.5400390625e-05,0.089349365234375,0.001180419921875,0.1110400390625,0.001939697265625,0.000731201171875,0.0,0.010321044921875,0.032044677734375,0.001619873046875,0.5233488874336765,-1.741501524042249
78,81,7.0,7.0,6.94,55.67167604166667,29.508338616550997,134.78454608333334,66.7029704991303,94.28148283333334,54.3852174640559,1009.5814356193521,18.92510723057092,0.1789160415063922,0.033974678915921916,0.8570420423136583,120.3706184993378,62.50169864311888,9.198867989429715,0.21969337499999997,116.13319661242419,51.73252827744281,2014.02,59.67776470062434,286.44835735592585,19.82304383967689,187.93971920787058,2912.36,46.923709499999994,78.87662933333333,3.4162814712394907,3.8279691966502103,0.029152367732495903,0.013126920746382251,179.72389759111934,101.70435671902355,5736.0,0.175784912109375,0.052423095703125,0.10271240234375,0.0373681640625,0.032650146484375,0.000458984375,0.0092138671875,0.00246337890625,0.002786865234375,0.000147705078125,0.0012451171875,0.338326416015625,0.10096435546875,0.063563232421875,2.44140625e-05,7.32421875e-06,0.00383544921875,0.0004638671875,0.00018310546875,4.150390625e-05,5.9814453125e-05,0.000118408203125,1.220703125e-06,0.003658447265625,0.0,0.003446044921875,0.0,0.040059814453125,0.0094189453125,0.0,0.0,0.0,0.9059728401675681,1.5780029086919387
79,82,1.74,1.54,1.18,,,,,,,,,,,,,,,,,,,,,,,,,,,,,,,,,,,,,,,,,,,,,,,,,,,,,,,,,,,,,,,,,,
80,83,3.22,4.74,4.38,78.825896125,40.33330459813897,139.193679125,64.93679061595108,63.34305075,40.98102216656756,696.6737405783471,13.649328961906438,0.23897865748327277,0.040181893192279085,0.9032729806879289,123.82913313538651,63.53370560181773,8.799314501545233,0.12540562499999997,121.12278852336232,52.576382693885606,1261.24,89.53495875987636,275.8642903523571,32.735217561860715,238.50631661057594,1290.68,51.51930008333333,72.67652258333334,4.071069984126933,5.161634224667289,0.029374296074997915,0.013903921580616447,181.31150621801086,104.33922533445879,3637.8,0.174371337890625,0.034404296875,0.0235498046875,0.000565185546875,0.0,0.03119384765625,0.0052685546875,0.000885009765625,0.0068798828125,0.001029052734375,0.341085205078125,0.088414306640625,0.00745849609375,0.0002294921875,0.001949462890625,0.00072265625,1.8310546875e-05,0.018697509765625,0.00154296875,0.004345703125,0.000625,0.002176513671875,6.103515625e-06,0.078759765625,0.000635986328125,0.110362548828125,0.00089599609375,0.0,0.0,0.01232666015625,0.026138916015625,0.00166015625,0.5302751787732581,-1.6814115724334426
81,84,3.9,3.92,4.32,,,,,,,,,,,,,,,,,,,,,,,,,,,,,,,,,,,,,,,,,,,,,,,,,,,,,,,,,,,,,,,,,,
82,85,3.72,3.56,3.64,,,,,,,,,,,,,,,,,,,,,,,,,,,,,,,,,,,,,,,,,,,,,,,,,,,,,,,,,,,,,,,,,,
83,86,4.0,3.18,3.54,,,,,,,,,,,,,,,,,,,,,,,,,,,,,,,,,,,,,,,,,,,,,,,,,,,,,,,,,,,,,,,,,,
84,87,2.02,4.3,4.48,82.968944625,39.78591125701408,136.83028495833335,66.73922072151136,64.98411558333333,41.548106022723005,658.270758261215,13.13511054088369,0.24641686289774298,0.03743213549579776,0.9103841417793723,121.3270077389462,64.78098494077119,8.753141133116612,0.11957224999999998,118.16255676443632,52.61283798596721,1217.46,89.20831463611276,272.0361075913692,29.497141158933335,210.71783357542637,1195.84,51.41729383333333,78.0934135,4.133383655580596,5.321389182796617,0.029107078078794993,0.014120218778040894,184.02403307686834,104.7450424364219,3579.4,0.185728759765625,0.033809814453125,0.018203125,0.000565185546875,0.0,0.019888916015625,0.001673583984375,0.000885009765625,0.0055419921875,0.000828857421875,0.350245361328125,0.0840966796875,0.01052734375,0.000115966796875,0.001492919921875,0.001116943359375,4.150390625e-05,0.017042236328125,0.00111328125,0.003824462890625,0.002489013671875,0.00048828125,0.000250244140625,0.085416259765625,0.00061279296875,0.108370361328125,0.0025439453125,0.000731201171875,0.0,0.004100341796875,0.02982666015625,0.0011962890625,0.5311628285806832,-1.6737106497666585
85,88,4.66,4.54,3.84,76.18435137499999,39.80551964626198,137.51797279166666,66.21404393147152,62.68542675,42.57870113392274,718.6453440658945,14.122879178604844,0.22972205708140297,0.03888421878435575,0.9045502566434779,123.49663358422919,64.76774709405356,8.883530935497742,0.1327297083333333,122.16113382769748,53.48409719371396,1345.44,80.00185730817466,251.9235315085826,28.380701860332127,194.57004190078342,1468.52,53.924968,75.81074316666667,4.084523900539479,5.211917162139497,0.029375663067816835,0.014234529433219161,182.91983235152668,103.8958577388981,3800.08,0.162860107421875,0.02739013671875,0.031883544921875,5.126953125e-05,0.0,0.015972900390625,0.005494384765625,0.0,0.004912109375,0.001192626953125,0.342998046875,0.100380859375,0.016185302734375,0.0002294921875,0.0022314453125,0.001243896484375,0.000196533203125,0.024010009765625,0.001318359375,0.00314453125,0.002266845703125,0.002862548828125,0.000255126953125,0.080419921875,0.00118896484375,0.097757568359375,0.0017041015625,0.0,0.0,0.017647705078125,0.019234619140625,0.00122314453125,0.5421650295631019,-1.5782596079016138
86,89,4.12,3.24,3.72,,,,,,,,,,,,,,,,,,,,,,,,,,,,,,,,,,,,,,,,,,,,,,,,,,,,,,,,,,,,,,,,,,
87,90,5.38,3.32,5.66,55.185576499999996,27.16541835355528,135.54881658333335,68.4129919426886,96.823632,55.40158526388218,973.2935897327828,18.723837849856665,0.1828647236611992,0.039042359364412214,0.8690890752926995,122.29496494576468,64.76707732034102,9.169069687803974,0.22215641666666663,115.48108651404104,51.51056582425482,2030.28,59.489195046578736,299.37517844990225,19.942879056910268,195.92844362154864,2929.34,45.931832750000005,82.97896725000001,3.4292306196284104,3.874023750025994,0.028687201855630985,0.01280434194154492,178.76747990961488,101.8342911733637,5778.04,0.1752587890625,0.050657958984375,0.112218017578125,0.034791259765625,0.02170654296875,0.000406494140625,0.014490966796875,0.010350341796875,0.0015380859375,0.00013916015625,0.001654052734375,0.383896484375,0.0743359375,0.0478369140625,7.32421875e-06,2.44140625e-06,9.765625e-06,0.00047119140625,0.0001806640625,3.662109375e-06,6.103515625e-05,0.000118408203125,1.220703125e-06,0.003658447265625,0.0,0.000751953125,0.0,0.04236572265625,0.01046142578125,0.0,0.0,0.0,0.910493519144675,1.6172226538131016
88,91,2.38,4.6,3.7,82.176178,40.91564590522297,141.3703645,65.98510101625355,60.57262241666666,38.81781730112796,689.6344312511418,13.529580610909973,0.24180680692289827,0.034916540372580636,0.9069787842684762,125.84262638254859,63.668740631175034,8.819493717528262,0.12343358333333329,120.64206384681238,52.99995178186179,1254.86,86.42950545495854,269.6371363678649,30.899850398722656,222.65654858959104,1294.66,51.92232875,75.87772591666666,4.077382646942127,5.16683125086929,0.02905793564033916,0.013866577041305797,183.5921755064948,104.53873059578628,3681.08,0.18534912109375,0.02242431640625,0.02431640625,0.0,0.0,0.020318603515625,0.004046630859375,0.0,0.00589599609375,0.001060791015625,0.332437744140625,0.0854736328125,0.01205322265625,0.000113525390625,0.001524658203125,0.001258544921875,0.000162353515625,0.023128662109375,0.000704345703125,0.004451904296875,0.000479736328125,0.0026513671875,0.00022705078125,0.078072509765625,0.001307373046875,0.1258935546875,0.001739501953125,0.000731201171875,0.0,0.009810791015625,0.03240478515625,0.00108642578125,0.5215924431349287,-1.756739787600722
89,92,4.54,3.98,4.3,,,,,,,,,,,,,,,,,,,,,,,,,,,,,,,,,,,,,,,,,,,,,,,,,,,,,,,,,,,,,,,,,,
90,93,3.56,4.62,4.68,,,,,,,,,,,,,,,,,,,,,,,,,,,,,,,,,,,,,,,,,,,,,,,,,,,,,,,,,,,,,,,,,,
91,94,1.32,3.64,2.68,83.363448625,40.49032235938977,135.9359595,65.6583175346543,62.846468333333334,40.12417860465914,650.1789078320169,12.986894425812082,0.2480259775311623,0.037460120183063286,0.9087374545728811,121.07267709455874,63.93304084530633,8.737578743735536,0.11640337499999996,121.12256180763102,53.3965210536851,1182.54,88.19874016332173,267.6147872881358,29.67870789331191,202.86759006855053,1206.64,51.22885375,75.23685758333333,3.907485957834836,5.101585654555958,0.02922176974998249,0.014014886121369174,183.9551261511941,103.69628853813487,3479.88,0.1716845703125,0.030968017578125,0.026414794921875,0.000565185546875,0.0,0.02589599609375,0.00030517578125,0.000885009765625,0.00520263671875,0.00088623046875,0.334871826171875,0.08208251953125,0.00992919921875,0.00013671875,0.002275390625,0.00125732421875,1.708984375e-05,0.013837890625,0.000963134765625,0.003963623046875,0.002437744140625,0.00231689453125,0.000330810546875,0.07509033203125,0.0007568359375,0.1251025390625,0.000987548828125,0.0,0.0,0.016741943359375,0.033787841796875,0.001253662109375,0.5227930636173335,-1.7463236466746312
92,95,1.92,4.34,4.06,76.25878675,40.61757239535966,136.51045879166665,65.72911003133927,64.56045383333333,41.61144066636383,718.846353269582,14.002657741270877,0.22998814454621258,0.03130739109034276,0.9006586850460491,121.55872484852208,63.36946500015506,8.880167877802915,0.12979741666666664,119.91426548503185,53.54691960391564,1285.52,81.88881877667046,277.7776091756738,27.835850795720532,222.25129660890588,1404.34,51.643878750000006,74.29899441666666,4.063256511903577,5.175136811263949,0.029547422810741866,0.01428291433700427,182.90045065869037,104.33290662749796,3805.8,0.17423583984375,0.03146484375,0.03913818359375,0.00052001953125,0.0,0.021439208984375,0.004013671875,0.000885009765625,0.00593505859375,0.000810546875,0.3017041015625,0.10524169921875,0.012596435546875,0.000113525390625,0.001756591796875,0.00078369140625,0.000159912109375,0.024815673828125,0.000745849609375,0.002698974609375,0.002686767578125,0.002813720703125,0.0003369140625,0.088531494140625,0.00110107421875,0.09314208984375,0.001634521484375,0.0,0.0,0.01855712890625,0.0248046875,0.000152587890625,0.569165035357999,-1.3440175060164155
93,96,4.14,4.14,4.0,,,,,,,,,,,,,,,,,,,,,,,,,,,,,,,,,,,,,,,,,,,,,,,,,,,,,,,,,,,,,,,,,,
94,97,1.76,5.0,4.12,80.32299383333333,38.12385801587627,138.09949541666666,68.38900453254634,62.91163145833333,40.35355638986532,671.8106997911866,13.151097137935071,0.24897037261963473,0.0388214158231811,0.9137473835330876,123.09654194003586,66.25343023795645,8.72261002609052,0.11713629166666664,119.98373996738538,53.65041325934528,1195.14,86.53914074630238,254.52776130521107,28.919541174306723,199.83434181790201,1238.38,51.203167750000006,79.69214708333332,4.150436063747288,5.3920717673683916,0.029573829668840704,0.01432419414948198,183.0138068738497,103.94253987594539,3524.34,0.185927734375,0.02960205078125,0.030751953125,0.00052001953125,0.0,0.016722412109375,0.005074462890625,0.000885009765625,0.00365478515625,0.000855712890625,0.3015966796875,0.102637939453125,0.009246826171875,0.000208740234375,0.002474365234375,0.000731201171875,8.544921875e-06,0.021552734375,0.0010595703125,0.004110107421875,0.000225830078125,0.000211181640625,0.00031005859375,0.08158935546875,0.00080078125,0.125240478515625,0.00169677734375,0.000731201171875,0.0,0.00964599609375,0.0283642578125,0.00163818359375,0.5382486464878609,-1.6122367044363655
95,98,3.56,3.06,3.94,,,,,,,,,,,,,,,,,,,,,,,,,,,,,,,,,,,,,,,,,,,,,,,,,,,,,,,,,,,,,,,,,,
96,99,2.42,2.26,2.4,,,,,,,,,,,,,,,,,,,,,,,,,,,,,,,,,,,,,,,,,,,,,,,,,,,,,,,,,,,,,,,,,,
97,100,1.94,5.6,3.46,82.00731408333333,39.567183410040485,135.61993025,68.16198583380502,65.35005808333334,41.56551550158929,662.7791539532299,12.974519029241467,0.2468316986685441,0.033734489069675765,0.9154074689555369,120.28087699916608,66.36872417334135,8.748698545302581,0.11288316666666663,118.80376329084007,53.82385838912101,1175.42,84.41723301767979,239.2610476137521,26.533304911050074,170.0249389674508,1200.78,51.170489749999994,81.43480275,4.150369943747203,5.396426783952385,0.029757499781029553,0.014769980573236384,184.97331366335624,104.57004278315236,3430.54,0.18543701171875,0.02894287109375,0.017947998046875,0.00055908203125,0.0,0.0231103515625,0.004288330078125,0.000885009765625,0.005238037109375,0.000836181640625,0.3155712890625,0.094195556640625,0.011024169921875,4.150390625e-05,0.00252685546875,0.001632080078125,5.2490234375e-05,0.017027587890625,0.001363525390625,0.004205322265625,0.000543212890625,0.002142333984375,0.000220947265625,0.085982666015625,0.001109619140625,0.1174560546875,0.001727294921875,0.000731201171875,0.0,0.013885498046875,0.026842041015625,0.0010107421875,0.5301932077340108,-1.6821227229669964
98,101,1.1,3.48,3.4,80.033078625,39.021317989816495,138.48627558333334,67.42181312299621,61.64240370833333,40.79141930038744,701.3019714557583,13.545822833988089,0.24411975085093002,0.038831850116588684,0.9103256614287235,123.59430676836018,65.71306575195749,8.785214451871228,0.12262229166666665,121.425467212786,54.59050955715033,1215.44,85.8819376419639,268.6761241067854,29.107994057286806,195.50263910146532,1310.36,50.76781858333334,76.40311675,4.1173335401049975,5.168690761299764,0.029697386859891584,0.014538744810952657,183.43855251951757,104.56255474917639,3524.06,0.179857177734375,0.024124755859375,0.027205810546875,0.00052001953125,0.0,0.017926025390625,0.005245361328125,0.000885009765625,0.0047802734375,0.0008740234375,0.322408447265625,0.090909423828125,0.00832763671875,0.000113525390625,0.00205322265625,0.001771240234375,0.0002001953125,0.024176025390625,0.001552734375,0.003890380859375,0.0005908203125,0.002581787109375,9.3994140625e-05,0.09113037109375,0.00096435546875,0.113179931640625,0.002471923828125,0.000731201171875,0.0,0.01390380859375,0.034044189453125,0.000955810546875,0.52490415019818,-1.7280086373477592
99,102,4.18,2.9,2.76,,,,,,,,,,,,,,,,,,,,,,,,,,,,,,,,,,,,,,,,,,,,,,,,,,,,,,,,,,,,,,,,,,
100,103,1.94,4.58,4.54,80.85831633333333,38.45719458581978,138.21976266666667,66.94865261898737,62.653901,40.68912194223109,706.389226449381,13.698584678031331,0.2439182425411242,0.034047453881766644,0.9071950947119761,123.55159098305084,65.11986489156888,8.810865009004623,0.1253528333333333,119.67058914056892,54.21747022353689,1237.9,85.2662279207644,267.66804254235905,27.502176873185284,217.83568294279408,1351.6,52.1878545,77.6611855,3.8627348464015654,4.972139959854644,0.029366957550605508,0.014099325197641257,183.64322391679468,104.34932777083058,3591.0,0.181392822265625,0.02925048828125,0.031199951171875,0.00052001953125,0.0,0.0167138671875,0.005179443359375,0.000885009765625,0.007396240234375,0.0007958984375,0.34337890625,0.079827880859375,0.010543212890625,0.0002294921875,0.001339111328125,0.00107421875,0.000196533203125,0.013707275390625,0.00125244140625,0.00405029296875,0.000435791015625,0.0025048828125,8.544921875e-05,0.096502685546875,0.00143798828125,0.10301513671875,0.001673583984375,0.0,0.0,0.012408447265625,0.028294677734375,0.001346435546875,0.5304687786725554,-1.6797319710407372
101,104,5.38,5.02,5.48,55.407936125,27.096536381839798,131.52337904166666,65.81317548978225,93.33617558333333,52.76728175970685,1167.7923423457114,21.001204298173732,0.15121108816693743,0.029816382798830324,0.8393029413855193,118.99363709818346,62.44547444059891,9.397977439419106,0.2397324583333333,120.74475921155623,53.83750684401571,2144.84,57.79299188368984,283.7362753803249,19.664918157703,186.0579414268143,3252.72,49.80158625,75.95088808333333,3.451443711687743,3.9014820726341255,0.030533837374545375,0.013908319561015861,179.70283576515732,101.78448613202657,6273.16,0.14014892578125,0.032862548828125,0.13136962890625,0.05526123046875,0.01503173828125,0.000645751953125,0.01292724609375,0.010443115234375,0.0018017578125,0.0001318359375,0.0015869140625,0.40115234375,0.08714599609375,0.042314453125,1.220703125e-06,7.32421875e-06,0.003548583984375,0.00129638671875,0.00018310546875,0.00019287109375,6.103515625e-05,0.000118408203125,1.220703125e-06,0.0,1.220703125e-06,0.003446044921875,1.220703125e-06,0.032021484375,0.012315673828125,0.0,0.0,0.0,0.9199120764315836,1.6989345864834489
102,105,1.54,6.06,5.1,81.13538666666666,41.90334246774611,139.23630479166667,66.35641684312837,61.76436129166667,39.66641287086183,680.062668902919,13.356468339765106,0.2455719878705459,0.0396606399168002,0.9088072442797066,124.31865792252712,63.83471783084932,8.777353817173264,0.12137874999999998,121.58224181484698,53.22953853677142,1228.66,83.57654706516378,257.41964527180886,30.199410650240203,199.35756091598623,1283.44,51.801155583333326,74.61106508333333,4.059403718168621,5.156298469096749,0.029405976648987767,0.01412746744257646,182.64307544062137,104.06559377021262,3680.3,0.188642578125,0.03345703125,0.029561767578125,0.000565185546875,0.0,0.026748046875,0.004058837890625,0.000885009765625,0.0035693359375,0.000924072265625,0.320059814453125,0.10100830078125,0.01109619140625,0.0002294921875,0.002371826171875,0.0011669921875,1.0986328125e-05,0.02228271484375,0.000860595703125,0.003319091796875,0.002200927734375,0.002333984375,0.0003369140625,0.070496826171875,0.000738525390625,0.109451904296875,0.0010205078125,0.0,0.0,0.011748046875,0.02359619140625,0.001317138671875,0.5488609752590216,-1.5201680502243264
103,106,5.58,5.8,5.88,55.252876541666666,27.76517581273664,133.74704516666668,66.3681511841483,99.85175616666668,55.11478467869522,1079.391733564351,19.761888388787444,0.17507338650898663,0.031244917490307344,0.8488526425342116,119.20239853935529,62.31243304711621,9.244312355865363,0.22333970833333333,117.14923167335819,52.523630214877365,2025.66,58.55123721175586,279.63032537314893,19.96746892012184,184.34255248158536,3018.86,48.10291633333333,78.02432766666666,3.441299171641593,3.913133495030181,0.029812719968112026,0.013145802236623684,180.03446407565437,101.8794617921114,6089.54,0.171302490234375,0.026875,0.1244287109375,0.048514404296875,0.0170068359375,0.0008544921875,0.013468017578125,0.00352294921875,0.00181396484375,0.000150146484375,0.0006103515625,0.387137451171875,0.088829345703125,0.0448046875,2.3193359375e-05,4.8828125e-06,0.003829345703125,0.0014013671875,0.00018310546875,0.00019287109375,6.103515625e-05,0.000118408203125,1.220703125e-06,0.003658447265625,1.220703125e-06,0.003446044921875,1.220703125e-06,0.022987060546875,0.01890625,0.0,0.0,0.0,0.9090200178416336,1.6044390994325226
104,107,5.84,5.46,6.12,57.41913545833333,27.027245168754106,136.66755920833333,67.78445458784753,96.77670970833333,55.47370622116246,1134.0254469360375,20.425674166947914,0.17413199065296683,0.03201687703613784,0.8479929415394267,122.6278107094088,64.04005926852287,9.295235447909183,0.23137795833333327,117.9435294321087,52.806045583843414,2059.04,58.672195425716055,307.93180531347866,20.274657576303163,208.60584008424084,3133.96,47.520835,81.6116325,3.407559667712602,3.855886970759788,0.03029690005522133,0.013405044278394819,180.7597308826655,101.75366793405279,6045.0,0.17380615234375,0.02939208984375,0.133564453125,0.042724609375,0.029935302734375,0.00059326171875,0.00759521484375,0.008760986328125,0.001807861328125,0.00013671875,0.00102294921875,0.36146240234375,0.07697509765625,0.054954833984375,1.8310546875e-05,2.44140625e-06,0.00029052734375,0.0013330078125,0.0001806640625,0.000155029296875,5.9814453125e-05,0.000118408203125,1.220703125e-06,0.0,1.220703125e-06,0.002694091796875,1.220703125e-06,0.035736083984375,0.020635986328125,0.0,0.0,0.0,0.9103219952186837,1.6157345754307122
105,108,4.52,3.52,3.68,,,,,,,,,,,,,,,,,,,,,,,,,,,,,,,,,,,,,,,,,,,,,,,,,,,,,,,,,,,,,,,,,,
106,109,2.14,4.3,3.52,83.35016404166667,40.191892452979346,136.09895866666668,67.30828797288845,60.99169283333334,38.83108169940304,697.2445337896639,13.569016050535627,0.24684649556200963,0.03831047572848919,0.9092410517542142,121.59169017776374,65.56620575472758,8.78819605972787,0.1229820833333333,120.21600739637447,53.29733643072463,1236.68,84.68319881585637,255.98534659784826,30.13087161397894,226.85342636893628,1320.6,53.31562633333333,77.986952,4.0882903522533045,5.144663237560348,0.029379066937509562,0.0141550623766551,183.65682726050855,104.37230061714874,3673.44,0.177108154296875,0.02126220703125,0.035281982421875,0.0,0.0,0.027562255859375,0.003912353515625,0.0,0.005489501953125,0.000555419921875,0.34537841796875,0.08204833984375,0.01241455078125,0.000113525390625,0.001552734375,0.00161865234375,0.00019287109375,0.01518798828125,0.000794677734375,0.003201904296875,0.0023974609375,0.0027685546875,0.0003271484375,0.077154541015625,0.00130126953125,0.109432373046875,0.002353515625,0.000731201171875,0.0,0.014967041015625,0.029447021484375,0.000897216796875,0.5380441464281116,-1.6140108716048918
107,110,3.34,3.34,3.24,,,,,,,,,,,,,,,,,,,,,,,,,,,,,,,,,,,,,,,,,,,,,,,,,,,,,,,,,,,,,,,,,,
108,111,1.74,2.04,2.0,,,,,,,,,,,,,,,,,,,,,,,,,,,,,,,,,,,,,,,,,,,,,,,,,,,,,,,,,,,,,,,,,,
109,112,2.9,3.58,3.88,77.13657358333333,39.562495482241786,137.11815462500002,65.43942237999981,63.80521429166666,42.50210661210213,739.3235565641523,14.40845877520035,0.22495030856491802,0.0347788398940336,0.8989510278150448,122.49405468676481,64.04454898560721,8.928028449530922,0.13551287499999998,119.22210735180164,53.41468241138179,1355.02,86.23400964945233,278.1109762389831,30.85655901366126,248.28670362592686,1444.48,52.289947000000005,73.98930816666667,3.8546929783258705,4.974207452469339,0.029114319128308894,0.013748671661966194,182.33395667165976,104.40946830586691,3896.72,0.15628662109375,0.03740966796875,0.03223876953125,0.000565185546875,0.0,0.020357666015625,0.005584716796875,0.000885009765625,0.005255126953125,0.00092529296875,0.34894287109375,0.1035302734375,0.010535888671875,0.0002294921875,0.0023486328125,0.0016748046875,0.000189208984375,0.01568359375,0.001361083984375,0.003355712890625,0.002498779296875,0.001080322265625,3.0517578125e-05,0.087967529296875,0.000888671875,0.101700439453125,0.0009326171875,0.0,0.0,0.01123046875,0.025906982421875,0.000478515625,0.5483583645874682,-1.5245285152193682
110,113,2.46,4.46,4.14,82.83294145833334,41.08150575853071,138.62189833333335,65.16634157719005,61.87992308333333,40.09168071401504,667.3014835767357,13.02580513928672,0.25207709569115816,0.03749741561678109,0.9089422479650954,123.69117986659529,63.63604539761124,8.742274155053412,0.11498979166666663,119.13420801266722,53.48942031784618,1158.76,86.57411169561257,267.30505262647944,27.771126250228544,182.49172846595212,1208.16,50.46459516666667,74.264745,3.8959286163260898,5.148750518757478,0.02914209564567298,0.014151818332450156,184.8306212447077,104.50022797208753,3432.36,0.191148681640625,0.02849609375,0.027332763671875,0.000513916015625,0.0,0.015809326171875,0.000599365234375,0.000885009765625,0.003709716796875,0.00091796875,0.311529541015625,0.087601318359375,0.01056884765625,2.0751953125e-05,0.00226806640625,0.002052001953125,0.0001953125,0.0173388671875,0.00080078125,0.004097900390625,0.002537841796875,0.00279296875,0.000335693359375,0.087178955078125,0.001400146484375,0.128265380859375,0.000443115234375,0.0,0.0,0.01472900390625,0.025352783203125,0.001346435546875,0.5253078326639465,-1.7245064370151502
111,114,1.74,3.74,3.12,81.96657858333334,40.10805609912457,135.291721375,68.8211332165837,62.953605833333334,41.3456772271903,682.8109014784156,13.323337216098885,0.25017540121257825,0.03974386835648088,0.9146042095803751,120.86521440750381,67.28184663610784,8.74788650782001,0.12114891666666663,118.89658795211284,53.74234873876625,1224.5,85.91086175918208,252.79641411197466,29.262833917160478,188.59900117959398,1307.1,52.99672591666666,80.82428458333332,4.147844565438559,5.316279859663004,0.029516933271255878,0.014552497251540411,183.70317824321452,103.73499472905738,3551.5,0.181275634765625,0.028826904296875,0.024835205078125,5.126953125e-05,0.0,0.016153564453125,0.00537841796875,0.0,0.003359375,0.00098876953125,0.3340087890625,0.095220947265625,0.016160888671875,9.27734375e-05,0.002259521484375,0.001170654296875,0.000185546875,0.01615966796875,0.0012255859375,0.0046142578125,0.00207763671875,0.0009375,0.000252685546875,0.0722265625,0.001185302734375,0.11659912109375,0.00119384765625,0.000731201171875,0.0,0.00591552734375,0.036746826171875,0.0013427734375,0.5266530676777534,-1.71283567369912
112,115,5.38,4.36,5.92,54.243045125,27.811035425025402,133.154625625,67.85914696219146,95.33160620833334,55.74920914576306,1186.9044751121767,21.03788780627381,0.16436669856494618,0.03658168806291782,0.8428269173956758,119.88732857251084,64.03702048615733,9.335031589050805,0.23723641666666664,120.49320858250829,53.5423694988637,2130.28,56.86368175480666,293.4915594840336,19.442916152422992,189.9342228132624,3284.4,49.76551775,78.68137608333333,3.41851360981447,3.907059091550059,0.03037634252489817,0.01350152570072375,179.500469123818,101.52665469073322,6226.64,0.1566259765625,0.044073486328125,0.117816162109375,0.059464111328125,0.0173828125,0.000927734375,0.005704345703125,0.0089794921875,0.001798095703125,0.000155029296875,0.001343994140625,0.3961572265625,0.083780517578125,0.06509033203125,2.44140625e-05,7.32421875e-06,0.003829345703125,0.0010791015625,0.000172119140625,0.000189208984375,0.0,0.0,0.0,0.0036669921875,1.220703125e-06,2.44140625e-06,1.220703125e-06,0.0168994140625,0.002967529296875,0.0,0.0,0.0,0.9143572986927317,1.6507433815282375
113,116,3.3,3.62,2.94,,,,,,,,,,,,,,,,,,,,,,,,,,,,,,,,,,,,,,,,,,,,,,,,,,,,,,,,,,,,,,,,,,
114,117,1.2,1.28,2.04,,,,,,,,,,,,,,,,,,,,,,,,,,,,,,,,,,,,,,,,,,,,,,,,,,,,,,,,,,,,,,,,,,
115,118,5.78,5.16,5.32,55.041756125,27.622823686621526,135.69064679166667,67.37290211694783,98.62511624999999,54.53846642006423,1020.1089422675861,19.070340706136722,0.1796753337772898,0.03600850895704075,0.8589936717503707,121.32637015694492,63.308038780537714,9.200953303657766,0.2204760833333333,117.04659481716945,51.63124496762335,2021.86,59.25300151735723,291.81958063457586,19.729450847166248,185.57777413318135,2951.66,46.882936083333334,79.52609591666668,3.4335944401744722,3.975138108439633,0.029195622708306557,0.012955025995910245,179.23877414115717,101.69206382412598,5705.14,0.173809814453125,0.062481689453125,0.108505859375,0.047965087890625,0.017393798828125,0.000906982421875,0.00719970703125,0.00904541015625,0.002801513671875,3.7841796875e-05,0.001241455078125,0.377362060546875,0.0727880859375,0.055947265625,7.32421875e-06,7.32421875e-06,0.003551025390625,0.00130615234375,1.3427734375e-05,4.150390625e-05,5.9814453125e-05,0.000118408203125,1.220703125e-06,0.003658447265625,0.0,0.00074951171875,1.220703125e-06,0.024732666015625,0.01975341796875,0.0,0.0,0.0,0.9081890602082602,1.597230017179077
116,119,3.1,4.32,4.06,80.41759695833333,39.43972942033174,137.24381916666667,66.62549223486367,61.44597579166667,39.991119050054955,667.2541702195308,13.243359864812831,0.2473272702016776,0.04137526132774994,0.9117038233662766,122.78328849577176,64.58256935327536,8.755693174239873,0.12139049999999997,119.28378981557601,52.83004702816695,1250.16,86.34647661643162,255.40315805236017,29.452279217736127,192.34358547973457,1315.62,52.271445750000005,74.76762391666666,4.143602216217222,5.198538591775413,0.02892577126793925,0.01414129792426708,183.5117033120253,104.42016076290008,3455.86,0.179591064453125,0.028026123046875,0.021998291015625,5.126953125e-05,0.0,0.0260546875,0.00546630859375,0.0,0.00455078125,0.000869140625,0.353099365234375,0.0784130859375,0.010557861328125,0.0002294921875,0.001566162109375,0.002239990234375,0.000196533203125,0.025936279296875,0.001517333984375,0.0032421875,0.000306396484375,0.002630615234375,9.1552734375e-05,0.076219482421875,0.0006591796875,0.10775146484375,0.0010595703125,0.0,0.0,0.01382080078125,0.030640869140625,0.001553955078125,0.5277413831445477,-1.703393849708688
117,120,4.72,3.92,4.22,56.24133991666667,27.992568359358657,135.861865125,66.52792876157743,90.520079875,54.70182431891545,1077.76797765417,19.865087307017134,0.17449423625587404,0.03459762596579344,0.8505000530769887,122.61660500447401,62.92713807077277,9.24701085281979,0.2296703333333333,119.20341241564425,52.67216783647096,2053.18,57.75064719500456,290.0178629096521,19.67097883046803,193.65684035149516,3120.2,46.86412541666667,79.50240658333333,3.4173907098190104,3.9543233889881453,0.02960045446396845,0.01316570269699676,180.1463179922009,101.67526728418642,5976.6,0.169879150390625,0.03730712890625,0.117698974609375,0.057171630859375,0.01467041015625,0.000648193359375,0.008975830078125,0.010711669921875,0.00269287109375,0.0001318359375,0.001585693359375,0.370711669921875,0.085107421875,0.05117919921875,1.220703125e-06,7.32421875e-06,0.0035546875,0.001212158203125,0.000172119140625,0.000189208984375,1.220703125e-06,0.0,0.0,0.003658447265625,1.220703125e-06,0.003446044921875,0.0,0.03087158203125,0.010489501953125,0.0,0.0,0.0,0.9088335549362256,1.602821415969113
118,121,5.92,5.26,3.5,55.22104245833333,28.05617861005757,134.1538775,67.90116101431187,95.16036974999999,56.155224297317964,1142.4027422140969,20.643201973889436,0.1675630951588091,0.038755256436628846,0.8491033438581799,121.25869473599182,64.91724442252463,9.296307933034912,0.23596912499999997,119.72740108995737,52.99647531362504,2097.14,56.22125018814494,294.6011544266703,19.22984788691974,193.0435046943475,3272.2,48.59105158333334,81.30150991666666,3.41351777663133,3.8611307426482195,0.03006052759592805,0.013421933931161001,179.79102221254533,101.6510090363598,6090.6,0.158560791015625,0.032021484375,0.119915771484375,0.058294677734375,0.02103759765625,0.000106201171875,0.0128857421875,0.009481201171875,0.001871337890625,0.000123291015625,0.00118896484375,0.390260009765625,0.08232421875,0.04865478515625,1.8310546875e-05,2.44140625e-06,0.00029052734375,0.00031982421875,0.0001806640625,3.662109375e-06,5.9814453125e-05,0.000118408203125,1.220703125e-06,8.544921875e-06,1.220703125e-06,0.000751953125,1.220703125e-06,0.028970947265625,0.010322265625,0.0,0.0,0.0,0.918086170567171,1.6830936999749957
119,122,3.82,4.26,4.72,,,,,,,,,,,,,,,,,,,,,,,,,,,,,,,,,,,,,,,,,,,,,,,,,,,,,,,,,,,,,,,,,,
120,123,2.28,3.78,3.84,81.87860008333332,40.8256378630045,137.90308808333333,66.25356139018481,65.89847383333334,41.488681923453896,650.4051181278212,12.91436730107931,0.25103878215022213,0.03510164660800072,0.910336496867263,121.8253708337766,64.07025846912387,8.725912981678368,0.11629999999999997,120.24678533117884,52.96208647682599,1208.84,85.56891567468197,250.12644572023245,29.571998495189032,205.71209906392812,1228.68,51.669580749999994,74.25103641666666,4.108629440768116,5.21164175835877,0.0291007724328287,0.014165969677864949,183.70636089289022,104.87243701157384,3428.48,0.196375732421875,0.023763427734375,0.01808837890625,5.126953125e-05,0.0,0.023387451171875,0.00154052734375,0.0,0.0033837890625,0.000992431640625,0.34601318359375,0.08015869140625,0.009818115234375,0.00013671875,0.002371826171875,0.00117919921875,0.00015380859375,0.022244873046875,0.001429443359375,0.00358154296875,0.000570068359375,0.0007763671875,1.220703125e-05,0.068037109375,0.000966796875,0.11415283203125,0.002509765625,0.000731201171875,0.0,0.0123974609375,0.03334716796875,0.00056640625,0.5251746256454574,-1.7256620920262562
121,124,2.42,4.74,4.26,81.726478625,41.98446637203347,137.052964125,67.41343476894106,63.92545708333333,41.39956928727063,685.3381731819119,13.347862767243885,0.24148588938393725,0.03645318339592437,0.9102669563411943,121.72755858691171,65.60150080521423,8.7926970757908,0.11770024999999996,121.2013737296435,54.00868285034734,1218.94,82.85138035912959,247.3106229704728,29.32190464348716,211.02112300853597,1244.88,52.14828775,76.78006458333333,4.112461165022506,5.192693239944943,0.02972308512681798,0.014507159705702283,183.73034183542805,104.34339420560835,3559.6,0.172593994140625,0.023427734375,0.031402587890625,0.000565185546875,0.0,0.02205078125,0.0013427734375,0.000885009765625,0.006317138671875,0.000745849609375,0.335775146484375,0.0891845703125,0.009891357421875,5.126953125e-05,0.0022607421875,0.002073974609375,5.37109375e-05,0.0115234375,0.0013623046875,0.003018798828125,0.000582275390625,0.00215576171875,0.000303955078125,0.095777587890625,0.00142578125,0.1058349609375,0.002486572265625,0.000731201171875,0.0,0.016817626953125,0.026138916015625,0.001339111328125,0.5265157495431783,-1.714026995238611
122,125,5.68,4.7,4.68,56.05609041666666,28.76280837977603,133.02662420833332,67.35480724081927,96.06521333333335,54.20909529825952,1067.385189777774,19.42920438664003,0.17047281637001085,0.03286017292363582,0.8546092269781096,118.8128425009414,63.218731757325195,9.2508576431761,0.2200099583333333,117.79937593636693,52.331514277290616,2024.2,58.80469154889687,266.3480125757682,19.068147451222746,163.25795872228457,3007.26,47.39047775,78.41164275,3.408795297265287,3.8919289403407835,0.029729232045867145,0.013663295103311258,179.78827309559824,101.49335966010126,5969.34,0.16603271484375,0.045556640625,0.100035400390625,0.051820068359375,0.027803955078125,0.0004248046875,0.009088134765625,0.00903076171875,0.003077392578125,0.00013916015625,0.001202392578125,0.380960693359375,0.08719482421875,0.05290283203125,7.32421875e-06,7.32421875e-06,0.0035546875,0.00023681640625,0.000172119140625,3.7841796875e-05,0.0,0.0,0.0,0.0036669921875,1.220703125e-06,0.000751953125,1.220703125e-06,0.021158447265625,0.0123388671875,0.0,0.0,0.0,0.9108429268817564,1.6202539865976433
123,126,3.0,3.78,4.3,76.9863865,39.84903513978234,137.527045875,66.31945447150142,61.77102120833333,42.056864660148285,712.6771582928839,13.999323005534968,0.22627012167069865,0.034598154549956066,0.9054019060317217,123.451677884145,65.24390065943477,8.885889853952506,0.129464375,120.27274274387334,54.121243321157934,1301.48,84.26997484032721,273.2717029641667,30.33534932513646,243.74028604181984,1396.42,52.529835000000006,76.43140583333334,3.8781371186295432,5.195816668031716,0.029273659895193066,0.01381265824979549,183.0406918134348,103.89915810770054,3671.82,0.160758056640625,0.029744873046875,0.032120361328125,0.000513916015625,0.0,0.029542236328125,0.00448974609375,0.000885009765625,0.0072802734375,0.000546875,0.316876220703125,0.1004833984375,0.01351806640625,6.2255859375e-05,0.002178955078125,0.0017724609375,0.000203857421875,0.019774169921875,0.00140869140625,0.00204345703125,0.000654296875,0.002667236328125,0.00030517578125,0.106656494140625,0.001329345703125,0.10494140625,0.001663818359375,0.0,0.0,0.015545654296875,0.01429931640625,0.0007666015625,0.5556983447437949,-1.460849551863792
124,127,3.32,2.86,2.6,,,,,,,,,,,,,,,,,,,,,,,,,,,,,,,,,,,,,,,,,,,,,,,,,,,,,,,,,,,,,,,,,,
125,128,1.18,1.9,2.0,,,,,,,,,,,,,,,,,,,,,,,,,,,,,,,,,,,,,,,,,,,,,,,,,,,,,,,,,,,,,,,,,,
126,129,2.36,4.0,3.64,79.19535079166666,39.93507929861795,140.70921545833332,65.33421568551348,66.71067820833333,42.81533138272591,715.0153773948831,13.881144658367006,0.24089296280840958,0.03813664383605625,0.8997024420592074,124.66200992646485,63.363505683452175,8.823976609791753,0.12825662499999996,119.18750444154192,52.862645583026236,1264.14,85.509175035179,274.96317729586667,30.33122926339267,231.94509634493784,1354.58,50.583423999999994,72.98318866666666,4.064058392836631,5.076626660575741,0.029424201097894332,0.014229305956259491,182.734796357947,104.33619314756339,3733.34,0.189208984375,0.033802490234375,0.031004638671875,0.000565185546875,0.0,0.0183837890625,0.002940673828125,0.000885009765625,0.007371826171875,0.000789794921875,0.3490576171875,0.086429443359375,0.00824951171875,0.00018798828125,0.001427001953125,0.0002001953125,1.8310546875e-05,0.01434326171875,0.001279296875,0.0026708984375,0.0025830078125,0.002408447265625,0.000115966796875,0.077655029296875,0.000887451171875,0.1086474609375,0.001934814453125,0.000731201171875,0.0,0.01068359375,0.02472900390625,0.001287841796875,0.5446912432780148,-1.5563431085168526
127,130,3.98,3.84,3.48,,,,,,,,,,,,,,,,,,,,,,,,,,,,,,,,,,,,,,,,,,,,,,,,,,,,,,,,,,,,,,,,,,
128,131,2.22,2.38,2.28,,,,,,,,,,,,,,,,,,,,,,,,,,,,,,,,,,,,,,,,,,,,,,,,,,,,,,,,,,,,,,,,,,
129,132,4.42,4.1,4.12,,,,,,,,,,,,,,,,,,,,,,,,,,,,,,,,,,,,,,,,,,,,,,,,,,,,,,,,,,,,,,,,,,
130,133,4.66,4.44,4.38,55.87308616666666,27.694852268385393,135.56142362499997,67.47719244315364,99.31660104166667,54.944938575358925,1014.7458073825302,19.033280883024712,0.17628981247563044,0.0329469878340283,0.8566232899163759,120.69533317072435,63.17798913083597,9.226844611415281,0.21938454166666663,116.34946147895069,52.15345785953181,1988.22,58.648211553364334,283.9542732848628,19.482264785356747,180.07818896794504,2946.34,47.08922741666666,78.41938175,3.4257659133701606,3.924547171225967,0.0297331320599018,0.013455622703651247,179.69317300094994,101.46284031998755,5898.1,0.17192626953125,0.04449462890625,0.110751953125,0.0558447265625,0.01947509765625,0.00011474609375,0.011553955078125,0.010484619140625,0.0030419921875,0.0001220703125,0.001627197265625,0.35303466796875,0.091298828125,0.056390380859375,1.8310546875e-05,7.32421875e-06,0.00383544921875,0.000426025390625,0.00018310546875,4.150390625e-05,6.103515625e-05,0.000118408203125,1.220703125e-06,0.003658447265625,0.0,0.000751953125,1.220703125e-06,0.029378662109375,0.020760498046875,0.0,0.0,0.0,0.9120667758684858,1.6308716494685063
131,134,1.8,3.26,1.98,,,,,,,,,,,,,,,,,,,,,,,,,,,,,,,,,,,,,,,,,,,,,,,,,,,,,,,,,,,,,,,,,,
132,135,3.72,4.28,4.02,77.26140970833333,42.127085153729986,142.23401929166667,65.30888946033855,60.311553999999994,40.40800768218856,718.1585354745139,13.938810922760036,0.2351767295551932,0.03876998038982389,0.9033734133344106,127.43463990014358,63.21990178173349,8.85729436061999,0.1279949583333333,121.77354061009362,52.85420404222507,1296.22,84.4644786567573,267.8113724696782,30.419313624719052,218.07590697225353,1363.1,52.720032583333335,71.44779325,4.051839012693241,5.175968350016453,0.029210192385948436,0.014052541137242499,182.37247405936944,104.26414217631418,3802.92,0.176983642578125,0.024287109375,0.033250732421875,0.00052001953125,0.0,0.023470458984375,0.004300537109375,0.000885009765625,0.005048828125,0.0008642578125,0.336370849609375,0.088297119140625,0.009444580078125,0.0002294921875,0.001390380859375,0.0022216796875,5.126953125e-05,0.02553955078125,0.001080322265625,0.00286865234375,0.002271728515625,0.002210693359375,0.00033447265625,0.086739501953125,0.000821533203125,0.10068603515625,0.00119384765625,0.000731201171875,0.0,0.01706298828125,0.02081787109375,0.00172607421875,0.5420258593597506,-1.5794669973073954
133,136,5.78,4.64,5.46,57.488868000000004,28.718348403993122,138.31773008333334,66.56401506721394,89.88199116666667,52.769577564103166,1034.853711785524,19.09006579592243,0.1874105344000674,0.03826259242937805,0.8546980626317661,124.43403793665891,62.792749177445664,9.161903150951632,0.2179337083333333,119.17370759897344,51.50446669774118,1983.24,58.208976830664454,265.38693028484244,19.14355239719854,171.14589642298725,2995.5,46.71902333333333,80.43795366666667,3.4251233214352306,3.948902964380977,0.02940956152155387,0.01303834864381234,180.49549745639757,101.59231348313787,5629.26,0.182596435546875,0.047208251953125,0.1118310546875,0.056636962890625,0.032650146484375,0.000916748046875,0.007386474609375,0.003267822265625,0.00292236328125,4.7607421875e-05,0.001199951171875,0.347108154296875,0.07869873046875,0.056253662109375,2.44140625e-05,7.32421875e-06,0.003831787109375,0.001019287109375,2.44140625e-06,3.7841796875e-05,0.0,0.0,0.0,8.544921875e-06,1.220703125e-06,0.003446044921875,1.220703125e-06,0.033409423828125,0.010489501953125,0.0,0.0,0.0,0.9090932551662435,1.6050744794758975
134,137,4.26,2.66,3.22,,,,,,,,,,,,,,,,,,,,,,,,,,,,,,,,,,,,,,,,,,,,,,,,,,,,,,,,,,,,,,,,,,
135,138,5.36,5.38,5.38,,,,,,,,,,,,,,,,,,,,,,,,,,,,,,,,,,,,,,,,,,,,,,,,,,,,,,,,,,,,,,,,,,
136,139,4.4,3.64,4.72,,,,,,,,,,,,,,,,,,,,,,,,,,,,,,,,,,,,,,,,,,,,,,,,,,,,,,,,,,,,,,,,,,
137,140,3.32,3.26,3.26,,,,,,,,,,,,,,,,,,,,,,,,,,,,,,,,,,,,,,,,,,,,,,,,,,,,,,,,,,,,,,,,,,
138,141,5.88,4.74,5.34,55.57224529166667,26.918977306929946,135.532122125,65.26773202340841,95.55819566666668,54.851039400086144,1149.1426552796026,20.65456401623533,0.16761477919012652,0.03187318361647361,0.8345571701680475,121.98282169633367,61.73628198055326,9.319710536941258,0.23229649999999996,119.06690990293943,52.63513363237413,2067.0,57.57270652471302,285.8162893339374,19.620529916189763,184.60123413026045,3185.68,48.589738583333336,77.57096658333334,3.4471690335355105,3.969359984274233,0.03041847048168611,0.013320776255108514,180.69445741898875,102.00082550560386,5976.8,0.1652197265625,0.031884765625,0.14536865234375,0.061783447265625,0.021239013671875,0.00088623046875,0.00869140625,0.0073681640625,0.001585693359375,4.150390625e-05,0.001632080078125,0.352685546875,0.0845361328125,0.051929931640625,2.44140625e-05,7.32421875e-06,0.00382568359375,0.001258544921875,1.3427734375e-05,0.00019287109375,6.103515625e-05,0.000118408203125,1.220703125e-06,0.0,1.220703125e-06,0.003443603515625,1.220703125e-06,0.02152099609375,0.0189013671875,0.0,0.0,0.0,0.9141752160693111,1.6491636997773953
139,142,5.2,5.3,5.4,56.934292875000004,27.589148137809126,134.268362375,67.6796634226501,90.48551908333333,54.28193744445528,1144.8156237552382,20.371635406190904,0.1755897643581608,0.03836636929893617,0.8481436413847823,121.55867170208403,64.48252634262379,9.26078338756574,0.22866520833333331,119.58319824608388,52.971491933813795,2047.12,56.9204133563343,283.38024115840636,19.509633170295523,186.04534198804032,3159.12,48.522300666666666,81.17563616666666,3.429484909829032,4.014376795022018,0.030535301505824654,0.013682455227070683,179.4683759407844,101.88126356419802,5998.44,0.1704345703125,0.05742919921875,0.101646728515625,0.06019287109375,0.017982177734375,0.000948486328125,0.0084765625,0.008939208984375,0.0013037109375,4.150390625e-05,0.00068603515625,0.39394287109375,0.063316650390625,0.04132080078125,2.3193359375e-05,0.0,0.000286865234375,0.00108642578125,0.0,0.0001513671875,1.220703125e-06,0.0,0.0,0.0036669921875,1.220703125e-06,0.003446044921875,0.0,0.034952392578125,0.020755615234375,0.0,0.0,0.0,0.9094084932199066,1.6078093686772243
140,143,4.84,5.36,4.76,53.259579875,27.58990185272774,132.14156291666666,66.64196958517033,94.65283858333333,54.960923057711746,1142.512888749701,20.669128270726155,0.16129605900525287,0.030393185049925955,0.8408264462592334,119.23413697699466,63.1352891776833,9.339195620734737,0.2386699583333333,119.29124347940535,52.978674164179296,2141.34,56.931821435103984,296.5385792645404,19.47081648396556,195.5416506652891,3271.98,50.121739166666664,78.18688316666666,3.409171982528806,3.9723530391121535,0.029819556026226386,0.01339141860627938,179.67061383503707,101.72856859870556,6204.98,0.157137451171875,0.046688232421875,0.102578125,0.045992431640625,0.024361572265625,0.0008935546875,0.013143310546875,0.00956787109375,0.003046875,0.0001611328125,0.00159423828125,0.39641357421875,0.08686767578125,0.043782958984375,2.44140625e-05,7.32421875e-06,0.00383544921875,0.0014013671875,0.00018310546875,4.150390625e-05,6.103515625e-05,0.000118408203125,1.220703125e-06,0.0036669921875,1.220703125e-06,0.00074951171875,1.220703125e-06,0.036766357421875,0.0028564453125,0.0,0.0,0.0,0.9138606944764947,1.6464350263263876
141,144,6.32,4.24,6.32,53.298569916666665,26.582195083062306,134.94701387499998,65.96285642006008,100.372391375,55.54926162621869,1104.6970536288527,20.182005199577485,0.1668745545925675,0.03654616834494384,0.8437997560195433,121.12628634204071,62.42646244674299,9.29168478772104,0.23206287499999997,119.28912458074919,52.58921003402371,2075.72,58.03073069927947,291.7164170305572,19.557675857468826,187.32914683380193,3162.46,47.764876666666666,76.31714133333334,3.42216373149824,3.9360373982862478,0.02981640873324335,0.013489465368322896,179.4999701218617,101.58472878795693,6018.98,0.159521484375,0.05168701171875,0.130224609375,0.057484130859375,0.019937744140625,0.000443115234375,0.011583251953125,0.00965576171875,0.002938232421875,2.9296875e-05,0.000689697265625,0.365537109375,0.0902587890625,0.043258056640625,2.3193359375e-05,4.8828125e-06,0.003831787109375,0.00047119140625,1.3427734375e-05,4.150390625e-05,6.103515625e-05,0.000118408203125,1.220703125e-06,0.003658447265625,0.0,0.000751953125,1.220703125e-06,0.023485107421875,0.012315673828125,0.0,0.0,0.0,0.9157217360344968,1.6625807371663652
142,145,3.14,3.2,3.16,,,,,,,,,,,,,,,,,,,,,,,,,,,,,,,,,,,,,,,,,,,,,,,,,,,,,,,,,,,,,,,,,,
143,146,3.72,3.86,4.04,79.32393983333333,39.717661814395086,139.28067575,67.16615949853744,63.64560341666666,42.64947987370792,713.5250651539816,13.844488363971916,0.23829471026661142,0.037372919296298275,0.907864398504187,124.45276532265142,66.13006900543664,8.851508012862324,0.12660012499999998,121.99388377107437,53.861810577913005,1292.94,82.43828373099744,262.528566931894,28.72744555848942,215.96824280093756,1370.44,53.45342975,78.40446324999999,4.130296073176405,5.279093294162227,0.029353384486222642,0.014264739849156292,184.14315527285243,104.42918739899659,3700.78,0.17241943359375,0.02481201171875,0.0283203125,6.103515625e-06,0.0,0.021798095703125,0.0025634765625,0.0,0.0057958984375,0.000975341796875,0.347906494140625,0.09509765625,0.00856689453125,7.2021484375e-05,0.002352294921875,0.001612548828125,0.000198974609375,0.021871337890625,0.00154541015625,0.004632568359375,0.002640380859375,0.0028173828125,0.000118408203125,0.078382568359375,0.001485595703125,0.10608642578125,0.0018994140625,0.000731201171875,0.0,0.013590087890625,0.026119384765625,0.001434326171875,0.517662065178509,-1.7908382985680418
144,147,5.8,5.3,5.72,53.91743354166667,27.13675589223609,135.87015979166665,67.01695547132324,93.230961375,54.57328408705835,1164.6995690434703,20.958408298874225,0.16460309394672273,0.03915946302165302,0.844832362770504,123.36178550834762,64.08926406442123,9.310548697805583,0.23891287499999997,120.80442709549905,53.034984392579894,2142.04,56.89905837334154,308.9035218344706,19.64602391030243,207.52296895176679,3304.86,48.20944866666667,80.669954,3.43756372716585,3.9770421156826012,0.030071204534189003,0.013195788327078638,179.70299409233147,101.7126172961889,6011.76,0.158349609375,0.04529541015625,0.108125,0.04873291015625,0.0144873046875,0.0008935546875,0.011767578125,0.00320068359375,0.00177490234375,0.000146484375,0.001551513671875,0.40976806640625,0.0906201171875,0.04299560546875,7.32421875e-06,2.44140625e-06,9.765625e-06,0.001197509765625,0.000169677734375,0.0001513671875,1.220703125e-06,0.0,0.0,0.0,1.220703125e-06,0.000751953125,1.220703125e-06,0.0349609375,0.0094775390625,0.0,0.0,0.0,0.912984247105558,1.6388312918709405
145,148,4.7,4.6,4.58,54.811578499999996,28.00725739015646,134.05437395833331,65.73943529000405,90.32008558333332,54.76151948149672,1205.5419558829242,21.31617163255528,0.15912231618648817,0.032631033372210815,0.8348966140733606,121.78488257246066,62.65303654037049,9.381263888834237,0.23840841666666662,121.16854674769367,52.91632440368508,2128.1,57.82298248336817,284.7675988667594,20.054688295215485,190.77611116969828,3258.08,50.243669499999996,75.912343,3.445137668798972,3.964784214253866,0.03079156797620178,0.013614855503614553,180.12488392730947,102.0422016760992,6258.14,0.1444580078125,0.03603515625,0.136409912109375,0.071444091796875,0.02101318359375,0.00088623046875,0.007239990234375,0.00921630859375,0.001416015625,0.000155029296875,0.001466064453125,0.365169677734375,0.081939697265625,0.0597021484375,2.44140625e-05,7.32421875e-06,0.003829345703125,0.001070556640625,0.000172119140625,3.7841796875e-05,1.220703125e-06,0.0,0.0,0.0,1.220703125e-06,0.002694091796875,0.0,0.0338623046875,0.011341552734375,0.0,0.0,0.0,0.9212931088943848,1.7109159152770659
146,149,6.6,5.92,6.0,56.42534195833333,29.011475452897177,135.35689954166665,68.8059629604364,96.60668058333333,54.79647134143529,1020.7964530046414,19.192813726690982,0.180904286118544,0.036616381374983,0.8680000193116979,121.03226254986,64.67993031308566,9.195876775922281,0.22487574999999996,117.8854802235521,52.14000762971351,2040.64,57.948547611681725,302.4046897440111,19.941508787648182,202.8528668768703,3012.84,46.93432308333333,82.09110291666666,3.410541651229877,3.8173169546685326,0.029328823222314445,0.013022850736388356,179.65890155820452,101.63937866388522,5923.12,0.1829052734375,0.049833984375,0.084638671875,0.040291748046875,0.022470703125,9.6435546875e-05,0.010125732421875,0.01070556640625,0.001795654296875,0.000118408203125,0.0013427734375,0.406011962890625,0.074920654296875,0.060401611328125,1.220703125e-06,2.44140625e-06,9.765625e-06,0.00031494140625,0.0001806640625,0.000155029296875,5.9814453125e-05,0.000118408203125,1.220703125e-06,8.544921875e-06,0.0,0.003446044921875,1.220703125e-06,0.02260986328125,0.010423583984375,0.0,0.0,0.0,0.9072275866365795,1.5888886267346305
147,150,2.16,2.64,2.76,,,,,,,,,,,,,,,,,,,,,,,,,,,,,,,,,,,,,,,,,,,,,,,,,,,,,,,,,,,,,,,,,,
148,151,5.36,5.28,5.18,56.38377529166666,27.688822105188528,134.31233229166665,68.05008243701751,90.14550670833334,55.82772040941679,1128.6741962321917,20.31041252453746,0.17699945728938288,0.03689721511645473,0.8509137024872996,122.28753823112419,64.9405171273561,9.261979461052606,0.2306862083333333,119.32401334234761,53.0819837236837,2057.26,56.270035372570426,288.97774749237504,19.229922216132124,191.77714922873724,3215.68,48.77199716666667,82.16853083333334,3.4037715718864616,3.9244996541641317,0.03047789668058909,0.013777411765875294,179.817054045875,101.91739353007101,5948.6,0.174825439453125,0.058829345703125,0.11095703125,0.043070068359375,0.031541748046875,0.000443115234375,0.0119287109375,0.00937255859375,0.001534423828125,0.000147705078125,0.00068603515625,0.378302001953125,0.07212158203125,0.04927734375,2.3193359375e-05,0.0,0.00029052734375,0.000228271484375,0.000169677734375,0.0,1.220703125e-06,0.0,0.0,8.544921875e-06,1.220703125e-06,0.003446044921875,0.0,0.03140380859375,0.002952880859375,0.0,0.0,0.0,0.9105965005957767,1.6181160829384316
149,152,4.7,3.96,4.06,56.8316205,28.520271129324627,135.14521141666665,68.23608159630851,95.59922670833333,56.3182520645101,1118.0764301737718,20.11513538035381,0.17808078427896507,0.042248836645985756,0.8503927613633141,121.72330046313357,65.24472275499284,9.231398825602193,0.2287513333333333,117.75096526444102,53.197546060993346,2025.84,56.3882126917847,287.9220839583232,19.245868403853127,188.10463405301564,3165.18,48.01269925,83.51169991666667,3.4243700799998895,3.9368058655910625,0.030317929564153644,0.013681286572653148,180.64623766318834,101.71593053940282,5820.32,0.17840087890625,0.034488525390625,0.101695556640625,0.050906982421875,0.022601318359375,0.00038330078125,0.005440673828125,0.009097900390625,0.00164306640625,2.9296875e-05,0.000467529296875,0.384454345703125,0.08975830078125,0.04115966796875,2.3193359375e-05,0.0,0.000286865234375,0.000408935546875,1.0986328125e-05,0.000155029296875,5.9814453125e-05,0.000118408203125,1.220703125e-06,8.544921875e-06,1.220703125e-06,0.003443603515625,1.220703125e-06,0.0337939453125,0.020755615234375,0.0,0.0,0.0,0.9082292592490613,1.5975787692453747
150,153,2.48,4.98,4.6,83.11938183333334,39.398025272496696,138.56611295833335,66.77927595488309,62.03876579166666,40.913293805561864,656.1925144521973,13.250232933065531,0.2427423366696264,0.03792904653288694,0.9123835262746656,123.46910945207694,65.03736042105164,8.768092552297793,0.12117679166666663,118.6056367285031,52.75591232751195,1230.84,85.2561824678252,256.78200558569074,27.717353366985456,211.43560675137863,1292.46,50.76899783333333,77.12525366666667,4.153219987782556,5.322360241167787,0.029034768997962285,0.014111336194400142,184.01815615468772,104.35970526179746,3512.38,0.18681884765625,0.025712890625,0.03337646484375,0.00055908203125,0.0,0.017188720703125,0.0053955078125,0.000885009765625,0.004718017578125,0.000872802734375,0.34596435546875,0.07806396484375,0.010916748046875,9.27734375e-05,0.002430419921875,0.000731201171875,0.000157470703125,0.01185791015625,0.000765380859375,0.002698974609375,0.000543212890625,0.00085205078125,9.033203125e-05,0.080335693359375,0.000501708984375,0.108724365234375,0.00259521484375,0.000731201171875,0.0,0.007633056640625,0.03447021484375,0.001317138671875,0.5355733975659052,-1.6354461783640877
151,154,1.66,4.66,4.72,78.69661375,39.29650088022915,137.62339995833335,66.43518711030978,64.91899095833334,42.111636748765825,698.4027323027519,13.448873948086598,0.24516424840021522,0.03699841806704955,0.906150069060361,122.1776151257411,64.55380256094611,8.778529671111562,0.11982608333333329,118.92197266894586,52.724426188724195,1214.78,84.92177458495156,267.95650164978423,28.68198924666462,212.32280419907124,1279.7,53.01725366666667,75.6027635,4.1462100852465404,5.315619166581778,0.029633656941845672,0.014549043842448248,183.46413886669984,104.61107351630521,3463.34,0.187841796875,0.029918212890625,0.019906005859375,0.00052001953125,0.0,0.02078369140625,0.004171142578125,0.000885009765625,0.005279541015625,0.000455322265625,0.33555419921875,0.08515625,0.01421875,0.000157470703125,0.00218505859375,0.001754150390625,0.000198974609375,0.021978759765625,0.001524658203125,0.003236083984375,0.002646484375,0.00278076171875,0.00033447265625,0.08856201171875,0.001220703125,0.101241455078125,0.0018310546875,0.0,0.0,0.013828125,0.01595703125,0.000914306640625,0.5457021489109983,-1.5475728637222232
152,155,5.54,4.08,4.86,53.10865833333333,28.559146681276747,133.64945775,66.71565384993617,95.85562024999999,54.91035580076129,1074.5226763756568,19.691536936041597,0.1735367254511082,0.037140054556857954,0.8531859907658244,120.57994104294461,63.28279341661472,9.227945368576128,0.22704191666666662,118.4111991684091,52.28654191492767,2081.2,58.08257478179551,281.7522114404817,19.92959463341681,189.90999652075766,3059.32,48.200925749999996,80.69129425,3.447269048585298,3.99726638281948,0.02960820263621613,0.013290099778930885,180.46472695803052,101.77985636930345,5929.04,0.1674072265625,0.06355712890625,0.112138671875,0.037767333984375,0.018175048828125,0.000435791015625,0.014705810546875,0.00232666015625,0.001795654296875,0.000137939453125,0.001307373046875,0.36983154296875,0.099312744140625,0.045592041015625,7.32421875e-06,2.44140625e-06,9.765625e-06,0.00043212890625,0.0001806640625,0.000155029296875,6.103515625e-05,0.000118408203125,1.220703125e-06,0.0036669921875,1.220703125e-06,0.000751953125,1.220703125e-06,0.036171875,0.009404296875,0.0,0.0,0.0,0.9080310067765178,1.595858803841467
153,156,4.22,3.7,3.12,78.10197383333333,40.063064201562874,138.43339283333333,66.82508451692311,64.95550225,42.4630334715421,678.7209588781734,13.27746399533475,0.24881981390480085,0.03760910843118426,0.9086370138983597,123.02953306794842,65.03977085989825,8.75063581490067,0.12222745833333332,119.82577777582058,53.289601611864455,1199.84,84.10232604151943,268.386910010029,28.600263603207168,205.03652841073955,1330.96,51.20085808333333,77.03766641666667,3.865476428953035,5.136844119420542,0.0293885202132628,0.014153408098725662,183.47656829247936,103.23824235122018,3510.22,0.192479248046875,0.02734375,0.03382080078125,5.126953125e-05,0.0,0.012552490234375,0.005478515625,0.0,0.006724853515625,0.000863037109375,0.311964111328125,0.0924755859375,0.0128857421875,0.000208740234375,0.002039794921875,0.000233154296875,0.00016845703125,0.00762939453125,0.00128662109375,0.00337158203125,0.002587890625,0.002921142578125,0.00010986328125,0.082596435546875,0.00119140625,0.128768310546875,0.00177001953125,0.000731201171875,0.0,0.012498779296875,0.02813720703125,0.001021728515625,0.539825063392417,-1.598560292217211
154,157,2.86,2.92,2.76,,,,,,,,,,,,,,,,,,,,,,,,,,,,,,,,,,,,,,,,,,,,,,,,,,,,,,,,,,,,,,,,,,
155,158,3.18,4.66,4.56,79.176331375,40.472305297107226,137.8639775,67.66209938760466,63.626685458333334,41.3405247179933,676.208730718905,13.316047737265594,0.24320290905754866,0.03872063703809214,0.9119718650752594,122.61237106179773,65.33808406107053,8.761865803785625,0.11955799999999997,119.84651006839314,53.72006595127177,1236.66,82.3967670698119,251.4814204779477,28.22539852204074,199.32910765634801,1316.84,51.847301916666666,76.72999141666668,3.915816609386438,5.246768266326047,0.02927107590029339,0.014090373226572282,183.44024491249886,103.90990345677321,3554.3,0.18592041015625,0.031900634765625,0.0250634765625,0.00055908203125,0.0,0.026497802734375,0.005631103515625,0.000885009765625,0.002938232421875,0.000498046875,0.31744873046875,0.10305908203125,0.014708251953125,0.0002294921875,0.002254638671875,0.001116943359375,0.000157470703125,0.019420166015625,0.00118896484375,0.00126953125,0.0023876953125,0.001103515625,0.00032958984375,0.083402099609375,0.000777587890625,0.112684326171875,0.002313232421875,0.000731201171875,0.0,0.00382080078125,0.021397705078125,0.00086669921875,0.5645550624723367,-1.3840119321870723
156,159,6.2,4.46,5.18,54.063489708333336,27.602520037331878,136.89596504166667,65.92843847863787,95.28627966666667,53.88236320607085,1039.4458326425888,19.474313052263156,0.17722243142080107,0.04076588153879615,0.8488966815372219,122.93964219325021,62.49066870153865,9.187005625014802,0.22574062499999997,119.12806689086132,51.87227512193502,2050.68,57.81231350346806,283.3830333973961,19.517863641774507,184.9969603848891,3066.62,45.76338233333333,80.46108183333334,3.4063863900457974,3.7766380778252904,0.029194043656555615,0.012752106097695592,179.65767103166203,101.76829669141202,5855.4,0.169373779296875,0.04542236328125,0.1019189453125,0.043890380859375,0.01612060546875,0.000533447265625,0.00951171875,0.007694091796875,0.0027978515625,1.708984375e-05,0.001248779296875,0.38802978515625,0.093526611328125,0.0440478515625,1.8310546875e-05,7.32421875e-06,0.003831787109375,0.001160888671875,2.44140625e-06,0.000189208984375,0.0,0.0,0.0,0.0036669921875,1.220703125e-06,0.003443603515625,1.220703125e-06,0.03792724609375,0.009515380859375,0.0,0.0,0.0,0.9088154268960714,1.6026641437721716
157,160,2.04,3.7,3.94,78.98733108333333,40.77720173406178,135.15586091666665,66.27094471124627,63.33153883333333,39.90788266918025,657.2603049122813,13.110370200135767,0.24381085432107238,0.03710896212757603,0.9086834785685625,119.87555309175109,63.26351320323869,8.746356101723116,0.12139549999999996,120.90608319585432,52.78244711432622,1221.72,83.49425669261568,277.64020278327587,30.165082340053104,237.4054877386847,1298.36,51.97628675,74.27508641666667,4.074378699669722,5.230307150769887,0.029096303322810727,0.013992899806458271,183.3894682529743,104.45790682239998,3514.6,0.18299072265625,0.035927734375,0.029906005859375,0.00052001953125,0.0,0.02113037109375,0.00395263671875,0.000885009765625,0.003736572265625,0.000888671875,0.307626953125,0.101484375,0.012193603515625,0.0002294921875,0.0021826171875,0.00122314453125,0.00014892578125,0.018941650390625,0.0007373046875,0.0024755859375,0.002569580078125,0.00089111328125,0.000330810546875,0.08295166015625,0.00084228515625,0.1173486328125,0.0008740234375,0.000731201171875,0.0,0.006824951171875,0.026781005859375,0.00152099609375,0.550057266169187,-1.5097894710717148
158,161,2.54,2.46,2.26,,,,,,,,,,,,,,,,,,,,,,,,,,,,,,,,,,,,,,,,,,,,,,,,,,,,,,,,,,,,,,,,,,
159,162,5.98,5.12,5.02,55.96490675,27.52010655754822,135.43718570833332,66.34031366231568,95.05296645833334,53.82960106423366,1042.0911917276042,19.344678888988035,0.18069705755616602,0.04077705416255524,0.8529912809681732,121.68958848065064,62.7926009419621,9.184722843954434,0.2233565833333333,117.95251269246087,52.159350396650865,2017.78,59.55522954211184,292.24743671386454,20.207736066228094,187.2375767865406,2972.98,46.57335783333333,78.81934866666667,3.428115928159341,3.915812845088904,0.0294518532509257,0.01310228173850817,180.1045703281891,101.81109888334868,5786.0,0.17376708984375,0.06281494140625,0.1226611328125,0.0474658203125,0.02346435546875,0.000401611328125,0.007333984375,0.0097900390625,0.002879638671875,3.41796875e-05,0.001199951171875,0.368294677734375,0.079552001953125,0.048695068359375,2.44140625e-05,7.32421875e-06,0.003831787109375,0.000233154296875,1.3427734375e-05,4.150390625e-05,5.9814453125e-05,0.000118408203125,1.220703125e-06,8.544921875e-06,0.0,0.003443603515625,1.220703125e-06,0.02106201171875,0.01137451171875,0.0,0.0,0.0,0.9093403466701717,1.6072181543209245
160,163,4.08,4.76,4.38,78.02362087499999,41.105296765137645,139.41413083333333,65.79497289660483,63.993013125,40.4863134713137,661.2163054212228,13.089044427242623,0.24642348968241534,0.036041592763369816,0.9081193361832957,123.60957123223359,63.16780765231874,8.742455498888543,0.11794287499999997,120.24876187461545,52.377868174236525,1200.62,84.56375777977591,261.20039311616785,29.941089203191694,221.93904951272256,1247.88,51.782090333333336,76.21384866666666,4.097364063740681,5.299042259107382,0.029482379181221065,0.014325826561226771,183.42410756882634,104.22830206035015,3422.44,0.196533203125,0.032191162109375,0.03004638671875,0.000513916015625,0.0,0.029637451171875,0.003900146484375,0.000885009765625,0.004937744140625,0.0010693359375,0.315277099609375,0.070096435546875,0.014329833984375,0.000157470703125,0.00156494140625,0.001204833984375,0.00016357421875,0.016788330078125,0.00104248046875,0.002685546875,0.000650634765625,0.002513427734375,0.00030029296875,0.082615966796875,0.0013525390625,0.112279052734375,0.00171875,0.000731201171875,0.0,0.015462646484375,0.0288427734375,0.001201171875,0.5356966993609984,-1.6343764574214978
161,164,3.48,3.68,4.92,,,,,,,,,,,,,,,,,,,,,,,,,,,,,,,,,,,,,,,,,,,,,,,,,,,,,,,,,,,,,,,,,,
162,165,3.36,2.84,3.5,,,,,,,,,,,,,,,,,,,,,,,,,,,,,,,,,,,,,,,,,,,,,,,,,,,,,,,,,,,,,,,,,,
163,166,5.78,5.52,6.5,53.202612458333334,26.5375463218819,132.62350979166666,65.78752615446597,98.11282404166667,54.48353826011269,1172.333886929128,21.138565157191877,0.15450188605487059,0.03505062055284465,0.830814440551234,119.1755860600968,62.52942905796675,9.360237947571282,0.24086524999999998,119.6904800598649,53.383206116972985,2152.02,58.193210821015434,291.47649632808316,19.84213007860145,188.78198359835343,3252.8,49.5477245,77.675976,3.42609505397254,3.87609541703049,0.030034862529297518,0.013305484869230286,179.56348907749344,101.83380598223992,6301.82,0.140230712890625,0.0432177734375,0.10849365234375,0.0550341796875,0.01242919921875,0.000396728515625,0.0041015625,0.009285888671875,0.003026123046875,0.00013671875,0.000245361328125,0.423702392578125,0.096488037109375,0.036778564453125,2.3193359375e-05,4.8828125e-06,0.00383544921875,0.00015380859375,0.000172119140625,0.000189208984375,0.0,0.0,0.0,0.0036669921875,1.220703125e-06,0.003446044921875,1.220703125e-06,0.0326220703125,0.009447021484375,0.0,0.0,0.0,0.9131787478752312,1.6405187088830926
164,167,1.68,2.9,2.3,76.62149166666666,40.00925194599822,137.74382566666668,65.29283987439379,64.1199695,42.784277055657604,718.5871156459591,14.011887980484735,0.22974788838416554,0.03484741686108771,0.899593865382177,122.93788984463163,63.52803886300283,8.883498498347649,0.12998279166666662,121.02444937919297,53.401557812458,1289.72,83.26682847025123,284.13761751594984,30.359138324050107,251.5935172747513,1399.78,52.458648000000004,73.78505766666667,3.8513802376937964,5.0799059074558635,0.029311988572733653,0.013854259171745244,182.69452587475652,103.88305898862849,3749.0,0.1627880859375,0.03588623046875,0.027646484375,0.000565185546875,0.0,0.017550048828125,0.003350830078125,0.000885009765625,0.004610595703125,0.00045654296875,0.32239501953125,0.116478271484375,0.012701416015625,0.00017822265625,0.002255859375,0.000701904296875,0.000164794921875,0.020882568359375,0.0008447265625,0.002728271484375,0.00271728515625,0.003006591796875,0.0003369140625,0.09321533203125,0.00106201171875,0.109293212890625,0.00171142578125,0.000731201171875,0.0,0.011995849609375,0.01701171875,0.000977783203125,0.5600045111932279,-1.4234908383936875
165,168,3.02,3.7,3.06,78.56697779166667,39.16075607775529,140.45668908333334,67.28715062265053,64.14482183333334,42.83418133688574,724.3280117044276,13.94249245168779,0.24386639048904052,0.037447589943790154,0.9047874929998959,125.15620576828756,65.57474565226654,8.810899791143042,0.12958679166666662,120.87099313167019,53.39171060481387,1267.18,83.83018560371357,272.8893475425065,29.717578700721884,233.83386815503434,1422.72,50.97304608333333,79.08563875,4.052934926056039,5.1941534451401505,0.029666251503311654,0.014256438876084519,183.53236608262108,103.69951499460554,3674.54,0.191845703125,0.025531005859375,0.036651611328125,0.00052001953125,0.0,0.028629150390625,0.005467529296875,0.000885009765625,0.00362548828125,0.00066650390625,0.298115234375,0.091800537109375,0.01442138671875,0.000113525390625,0.001494140625,0.00178955078125,0.000189208984375,0.022965087890625,0.001556396484375,0.0031005859375,0.00061279296875,0.00074462890625,0.00031005859375,0.087882080078125,0.00117431640625,0.1066162109375,0.00183349609375,0.000731201171875,0.0,0.012635498046875,0.027745361328125,0.00024658203125,0.5591514446968396,-1.4308917289964436
166,169,2.74,4.08,4.36,78.71314354166667,41.372164993346814,136.452295375,64.6535544077226,65.64476891666666,42.119614583795894,689.9053437958237,13.491562287417084,0.23956400327439964,0.03868819457050834,0.9011197778078618,120.81041013123514,62.88071312204221,8.773753826959682,0.12224070833333331,118.15284714223625,52.550306613419394,1244.38,88.68730940943668,272.8820936569338,31.33428145042317,241.08435389758267,1261.96,51.34669591666667,72.38960875,3.888826146796522,5.0778914784484295,0.029166382461926398,0.014166211020287955,182.81621727863788,103.79438756060334,3597.12,0.168516845703125,0.035755615234375,0.0178125,0.000565185546875,0.0,0.030010986328125,0.0027685546875,0.000885009765625,0.005286865234375,0.00064697265625,0.338553466796875,0.08486572265625,0.008760986328125,0.000167236328125,0.001993408203125,0.002183837890625,0.0002001953125,0.01472412109375,0.001766357421875,0.00392578125,0.00264892578125,0.00289794921875,3.41796875e-05,0.078681640625,0.000989990234375,0.118480224609375,0.001689453125,0.000731201171875,0.0,0.013673095703125,0.02857666015625,0.001639404296875,0.520383524486995,-1.7672279203534091
167,170,2.62,2.24,2.4,,,,,,,,,,,,,,,,,,,,,,,,,,,,,,,,,,,,,,,,,,,,,,,,,,,,,,,,,,,,,,,,,,
168,171,4.6,3.78,3.98,,,,,,,,,,,,,,,,,,,,,,,,,,,,,,,,,,,,,,,,,,,,,,,,,,,,,,,,,,,,,,,,,,
169,172,2.56,5.0,4.14,77.58266025,41.297187981802836,137.65138904166668,66.56902564318199,62.774797875000004,42.013510510650434,703.7638739727014,13.650007247354006,0.2412876703451192,0.0390200973011875,0.9076609767044387,123.27152206763283,64.97230400669541,8.799735078702392,0.12488583333333331,120.73525314241219,53.090687571498165,1255.96,82.29838078382082,251.19630168928776,28.789811490311976,201.74913292232003,1343.18,51.29136825,76.74931991666666,4.071915488125672,5.089900759719764,0.029765463255866216,0.014500250475685294,182.67212608774207,103.74836210284788,3684.56,0.17785400390625,0.037034912109375,0.033369140625,0.000565185546875,0.0,0.027344970703125,0.005474853515625,0.000885009765625,0.004810791015625,0.000821533203125,0.31122802734375,0.095799560546875,0.012509765625,0.000208740234375,0.0022412109375,0.00161865234375,0.000186767578125,0.0203271484375,0.0015380859375,0.00201171875,0.00214599609375,0.001094970703125,3.41796875e-05,0.09107421875,0.001082763671875,0.090850830078125,0.001929931640625,0.000731201171875,0.0,0.012642822265625,0.02742919921875,0.000966796875,0.5542775834770735,-1.4731755531217912
170,173,4.68,3.94,4.28,56.14416691666666,27.47252415919135,134.20935466666666,68.35089193543304,97.06778158333333,55.903289174770265,1134.7418596504115,20.22505152391696,0.1737125287110477,0.035973026979748066,0.8493631027770254,120.48764697841588,64.71311741272237,9.270348012396623,0.22654408333333328,117.41742075302365,53.29733166473989,2020.04,57.13132139438583,290.71238333764336,19.139800716287937,182.97655390357025,3125.88,48.044641666666664,82.21104766666667,3.4472750904984952,3.9036128227200004,0.030614082494730285,0.013962739671133205,179.694524506889,101.7833396931262,5774.88,0.172498779296875,0.040535888671875,0.10806640625,0.046417236328125,0.01826171875,0.000419921875,0.007406005859375,0.002738037109375,0.00304443359375,0.000147705078125,0.001343994140625,0.377081298828125,0.09391845703125,0.05006591796875,2.44140625e-05,7.32421875e-06,0.00383544921875,0.0004638671875,0.00018310546875,4.150390625e-05,5.9814453125e-05,0.000118408203125,1.220703125e-06,0.003658447265625,0.0,0.003443603515625,1.220703125e-06,0.032613525390625,0.0207275390625,0.0,0.0,0.0,0.9055611694543109,1.5744314052674417
171,174,3.72,3.72,3.6,,,,,,,,,,,,,,,,,,,,,,,,,,,,,,,,,,,,,,,,,,,,,,,,,,,,,,,,,,,,,,,,,,
172,175,1.26,1.92,1.2,,,,,,,,,,,,,,,,,,,,,,,,,,,,,,,,,,,,,,,,,,,,,,,,,,,,,,,,,,,,,,,,,,
173,176,5.12,4.62,4.44,54.129919,27.861990590437305,134.93870229166666,66.40927039290199,96.48831287499999,55.422710124714925,1048.3248885233022,19.4990789533866,0.1751188365612537,0.037294527540609905,0.8497905106946905,121.19263613080338,62.856567423706075,9.225948380005997,0.22648595833333332,117.24563478321488,51.86533041284503,2048.84,59.17220784796759,293.3257949736584,20.0261102816494,190.3856633454385,3009.08,47.67489275,78.56949875000001,3.4416934678351403,4.020189434846265,0.029484713848074183,0.013274826646203552,179.81893274560537,101.70795225360678,5843.66,0.168414306640625,0.0598046875,0.129154052734375,0.05380126953125,0.022750244140625,0.0009326171875,0.009456787109375,0.003056640625,0.0014892578125,0.0001611328125,0.000684814453125,0.3541650390625,0.091444091796875,0.04774169921875,2.3193359375e-05,0.0,0.00029052734375,0.0014404296875,0.0001806640625,3.662109375e-06,6.103515625e-05,0.000118408203125,1.220703125e-06,0.003658447265625,0.0,0.00074951171875,0.0,0.028580322265625,0.011331787109375,0.0,0.0,0.0,0.9089789120373267,1.604082480620154
174,177,2.36,4.7,3.88,85.47402658333333,41.27482716079498,139.07202895833333,67.5340229183727,61.592381249999995,40.365009503880096,650.7976663526039,12.953102543765771,0.24822621175602622,0.04166738284442128,0.9179128630390109,124.05669474212301,66.25133260078964,8.726225490606783,0.11349804166666663,121.85848071022369,53.80644374431302,1188.46,87.59430093420023,255.4374623771846,30.22004859970812,185.3659875650257,1169.16,51.18686808333333,76.48718625000001,4.120669171258373,5.376502386683103,0.029347233674995952,0.014132573372310402,182.60847218391584,104.01502937417015,3539.72,0.18218994140625,0.027255859375,0.02708251953125,0.00052001953125,0.0,0.01271240234375,0.000660400390625,0.000885009765625,0.001497802734375,0.000855712890625,0.33940185546875,0.098304443359375,0.00574462890625,2.0751953125e-05,0.002239990234375,0.0005908203125,7.32421875e-06,0.020263671875,0.000469970703125,0.004583740234375,0.000361328125,0.000206298828125,0.0003125,0.078731689453125,0.000458984375,0.118306884765625,0.001676025390625,0.0,0.0,0.008905029296875,0.030194091796875,0.00101318359375,0.5371509620384547,-1.6217598102678537
175,178,3.3,4.04,4.1,55.958762500000006,28.734354031547074,135.51716570833335,66.73508950521095,91.01538079166667,54.52894002883097,1132.1894303143135,20.340813643675407,0.1729326395903458,0.03480081669753449,0.8451097146568444,122.10152946947909,63.407481762035275,9.273942445124757,0.23204362499999998,120.7006179696195,52.61927554336097,2068.72,55.94958335639328,284.1530233582145,19.282670723296846,181.31587678260763,3224.56,48.20220466666667,79.44952716666667,3.4110022106141544,3.8447795423298783,0.030530089229446368,0.013673615552647648,180.2285257831397,101.67568423694495,5972.6,0.17280029296875,0.0448828125,0.09010009765625,0.056416015625,0.023533935546875,0.000458984375,0.007452392578125,0.003914794921875,0.00154296875,0.000147705078125,0.001529541015625,0.384898681640625,0.093919677734375,0.050509033203125,2.44140625e-05,7.32421875e-06,0.003829345703125,0.0001611328125,0.000172119140625,3.7841796875e-05,1.220703125e-06,0.0,0.0,0.0036669921875,1.220703125e-06,0.002696533203125,0.0,0.016722412109375,0.020640869140625,0.0,0.0,0.0,0.9066575606950381,1.5839432916969258
176,179,4.32,4.68,2.76,78.993219625,39.822940894452806,138.9186115,66.71143158055119,60.96419745833333,40.496707797424754,704.926751129484,13.709824064935129,0.24197215709134845,0.036976040622379996,0.9050019688093671,124.57336778799323,64.60447981061138,8.819111534943389,0.12685104166666664,121.0587906977631,54.07042227493203,1228.48,84.9355792420705,275.31981544201983,30.27293273876796,236.74475611017152,1353.7,50.590345916666664,76.61293841666667,4.052858697713199,5.030156951626864,0.02948055140091014,0.014230400395239949,183.60394570034086,104.49344801899207,3615.94,0.179569091796875,0.032891845703125,0.03079833984375,0.00052001953125,0.0,0.029241943359375,0.0042724609375,0.000885009765625,0.0021484375,0.000517578125,0.32529052734375,0.09082275390625,0.00760986328125,0.000113525390625,0.001463623046875,0.002264404296875,0.000186767578125,0.019525146484375,0.001103515625,0.00253173828125,0.0023583984375,0.00096435546875,0.000115966796875,0.08944580078125,0.001103515625,0.115662841796875,0.00182373046875,0.000731201171875,0.0,0.006907958984375,0.025640869140625,0.001094970703125,0.5463883543920839,-1.5416195978068137
177,180,5.84,5.68,5.5,55.15838025,28.656761569599656,134.61734433333334,66.69032752217915,97.01856599999999,56.511049318218646,1112.903178768717,20.268154564970313,0.17419298698276287,0.0407392041141836,0.8481710812098491,120.74295459563542,63.46581406753614,9.237001715353546,0.234074875,119.12628045050472,52.727781675749156,2058.02,56.98379513552146,296.4973149091843,19.857848537459446,195.1304296329929,3197.26,47.332259750000006,79.27806308333334,3.4125765883460395,3.883486970554358,0.03015138475764821,0.013512050439852279,180.45567130544543,101.76007746681469,6059.0,0.172196044921875,0.028336181640625,0.09470458984375,0.052265625,0.023944091796875,0.00019775390625,0.0075439453125,0.01019775390625,0.001712646484375,1.46484375e-05,0.000953369140625,0.387152099609375,0.106944580078125,0.039915771484375,1.708984375e-05,4.8828125e-06,0.00382568359375,0.0002392578125,1.3427734375e-05,0.00019287109375,6.103515625e-05,0.000118408203125,1.220703125e-06,8.544921875e-06,0.0,0.002696533203125,1.220703125e-06,0.029295654296875,0.018887939453125,0.0,0.0,0.0,0.9128784687113948,1.6379135974981656
178,181,4.0,4.0,4.0,,,,,,,,,,,,,,,,,,,,,,,,,,,,,,,,,,,,,,,,,,,,,,,,,,,,,,,,,,,,,,,,,,
179,182,6.8,5.64,6.54,53.501069,27.833958448016148,134.78882762499998,66.37700816172048,96.04936883333333,56.22998707007952,1082.9795774085953,19.855997364705498,0.17727067878480698,0.0394001359483515,0.8496952924264837,121.43567394044061,63.13867496431249,9.213176704160519,0.22927349999999996,117.7374238080126,52.008941162232716,2050.24,57.51488187466176,304.6323365029937,19.905723491583558,197.74515107845414,3098.16,47.26831491666667,79.61072475,3.4022576051514775,3.9125715237589724,0.02990320858740934,0.013413991138569203,180.14270729093911,101.53301754186174,5925.44,0.17281494140625,0.04578125,0.110343017578125,0.053712158203125,0.0232373046875,0.00019775390625,0.011466064453125,0.007880859375,0.001712646484375,1.46484375e-05,0.001571044921875,0.36822998046875,0.09374755859375,0.044461669921875,1.8310546875e-05,7.32421875e-06,0.00382568359375,0.000426025390625,1.3427734375e-05,4.150390625e-05,6.103515625e-05,0.000118408203125,1.220703125e-06,0.0036669921875,0.0,0.002696533203125,1.220703125e-06,0.026099853515625,0.010364990234375,0.0,0.0,0.0,0.911717671093241,1.627842945069229
180,183,1.52,4.72,3.72,76.24462783333334,39.79796137749921,136.54018183333335,66.3323601334725,65.58505541666666,43.03059179472968,706.6608328694493,13.848382986809767,0.23179177267391401,0.037377247487392455,0.9053963231903884,121.90305854968803,64.87814127606906,8.84682819817736,0.12804812499999996,118.97521814836897,53.3790323958888,1255.84,84.58142633081049,265.71373443891883,30.844255738126762,237.60803680131554,1372.98,53.521247083333336,74.28186925,4.10442973187695,5.332177856136066,0.029359085569344683,0.01437286575492967,182.6120840265273,104.14726579313883,3626.82,0.169395751953125,0.028330078125,0.033704833984375,0.000565185546875,0.0,0.017364501953125,0.00455322265625,0.000885009765625,0.007259521484375,0.00068603515625,0.357203369140625,0.0904833984375,0.008031005859375,6.2255859375e-05,0.0017041015625,0.00124267578125,5.7373046875e-05,0.011475830078125,0.001397705078125,0.00209716796875,0.002578125,0.0023876953125,0.0001123046875,0.0918212890625,0.00094482421875,0.087230224609375,0.001646728515625,0.0,0.0,0.016153564453125,0.023875732421875,0.000885009765625,0.5528346363667671,-1.4856940305841642
181,184,2.9,4.1,3.96,81.79794933333334,42.65202640227118,138.84866379166667,65.90012414223334,62.63209775,40.49913832342788,676.0353643578928,13.383547422726291,0.23855426756739995,0.0369477710245991,0.9100761763175911,123.47887586393587,64.08091184830013,8.815584986243524,0.11976037499999997,118.7728983801876,53.02801194321169,1251.44,85.13269435672288,254.39547353878493,29.463957103652454,198.66090218562294,1259.1,51.690965500000004,73.7159025,4.134500774209522,5.262594177414092,0.02889031374801724,0.014031777901232096,183.24880626981047,104.19699244891657,3615.38,0.180941162109375,0.027347412109375,0.033682861328125,5.126953125e-05,0.0,0.027200927734375,0.00387939453125,0.0,0.002734375,0.001229248046875,0.355938720703125,0.07944091796875,0.0096630859375,0.000208740234375,0.002056884765625,0.002196044921875,0.00019775390625,0.013016357421875,0.001207275390625,0.003333740234375,0.002265625,0.00293701171875,0.00010986328125,0.06367919921875,0.001015625,0.100106201171875,0.0017333984375,0.0,0.0,0.01864013671875,0.0310400390625,0.001649169921875,0.5234509315679883,-1.7406162267320247
182,185,4.56,3.94,2.16,81.177427375,39.10821876528959,136.419803,66.69703679435328,62.25068891666667,40.12937364096603,671.8417160034982,13.2075484962139,0.24904928631765658,0.036319720747890104,0.9101600183138763,122.22169004400435,65.20424897412663,8.73613717846833,0.1202794583333333,119.34867673449816,53.64094214629956,1223.72,85.78826316564513,256.19109611870505,28.8288711336606,215.0465649510315,1277.96,50.9563315,77.61774083333334,3.917763932333189,5.109604436399789,0.029338443751937428,0.014055044411328401,183.70545031375707,104.10653832032412,3469.74,0.18243896484375,0.025111083984375,0.0268701171875,5.126953125e-05,0.0,0.03076171875,0.0014404296875,0.0,0.005966796875,0.00081787109375,0.320225830078125,0.082008056640625,0.011199951171875,0.0,0.00231689453125,0.002122802734375,0.0001904296875,0.020146484375,0.00170166015625,0.004105224609375,0.000274658203125,0.000880126953125,9.1552734375e-05,0.092972412109375,0.00139892578125,0.111947021484375,0.002564697265625,0.000731201171875,0.0,0.0123974609375,0.02715576171875,0.0010791015625,0.5202523225065362,-1.7683661803933373
183,186,4.58,3.18,3.04,,,,,,,,,,,,,,,,,,,,,,,,,,,,,,,,,,,,,,,,,,,,,,,,,,,,,,,,,,,,,,,,,,
184,187,4.0,4.0,4.0,82.33464904166667,40.74578913061917,138.73459433333335,65.7669526756972,63.17602845833333,40.53595860416717,656.8683737662583,13.037846078044927,0.2485007005203423,0.037153643209054725,0.909816306020203,123.2618932678199,64.24083896275171,8.741849393934373,0.1175149583333333,119.02937825101733,52.503337394664385,1194.14,87.65416340015344,268.5899474425932,30.844931347064648,209.88791139512728,1205.8,51.64874966666666,74.9330915,4.10322331431023,5.271682466243635,0.02905632232005474,0.014101998804624928,183.7820857121212,104.34167154594867,3444.34,0.187835693359375,0.02762939453125,0.019248046875,6.103515625e-06,0.0,0.012742919921875,0.001611328125,0.0,0.0064892578125,0.000872802734375,0.36648681640625,0.072347412109375,0.0132470703125,0.000115966796875,0.00125244140625,0.001116943359375,0.000203857421875,0.0146337890625,0.0013330078125,0.00262939453125,0.002574462890625,0.002845458984375,0.000250244140625,0.085262451171875,0.001168212890625,0.11121337890625,0.0025439453125,0.000731201171875,0.0,0.0122607421875,0.02645263671875,0.000968017578125,0.5273431273526833,-1.7068489702180292
185,188,2.06,4.44,4.16,78.22240370833333,38.547080692960286,134.98714804166667,66.46485159676953,60.54638845833333,40.76752665998245,695.9078180134148,13.866547038883887,0.23251381524616807,0.03781314808535808,0.9091684202207834,121.59955008040606,65.35298697354744,8.8572355385191,0.13072612499999997,120.46848947412933,53.82646002026102,1308.5,86.1681090274111,268.6706689910652,28.61709743602403,223.9737359932079,1404.0,53.20599058333333,74.56215575,3.8799020833857467,4.9462552872858865,0.028694921791496842,0.013627928556109992,183.50217947735283,104.15437864528828,3760.24,0.149605712890625,0.028150634765625,0.033232421875,6.103515625e-06,0.0,0.0288037109375,0.005579833984375,0.0,0.005352783203125,0.00080322265625,0.336859130859375,0.103380126953125,0.010694580078125,0.000113525390625,0.0022900390625,0.001112060546875,0.000155029296875,0.019083251953125,0.0013525390625,0.00286865234375,0.002318115234375,0.000997314453125,0.0001123046875,0.086827392578125,0.001119384765625,0.12134765625,0.002406005859375,0.000731201171875,0.0,0.007410888671875,0.029798583984375,0.001082763671875,0.5337818935570569,-1.650988607049333
186,189,4.36,3.2,3.04,,,,,,,,,,,,,,,,,,,,,,,,,,,,,,,,,,,,,,,,,,,,,,,,,,,,,,,,,,,,,,,,,,
187,190,2.86,1.82,1.96,,,,,,,,,,,,,,,,,,,,,,,,,,,,,,,,,,,,,,,,,,,,,,,,,,,,,,,,,,,,,,,,,,
188,191,3.98,3.6,3.94,,,,,,,,,,,,,,,,,,,,,,,,,,,,,,,,,,,,,,,,,,,,,,,,,,,,,,,,,,,,,,,,,,
189,192,2.06,4.4,4.9,82.21476754166666,41.23163465436203,140.944163625,65.72072054450572,61.21430445833334,39.59786265726209,700.4784118110672,13.582767680629145,0.24386967747209792,0.03880565352111907,0.9060518147974435,125.65677677633498,63.92494670250943,8.782962538281174,0.12365024999999998,120.818253475552,52.70570313058817,1267.18,84.16041552336623,263.46211234324187,29.457423571633853,209.7334868140931,1291.12,50.48287716666667,75.12155616666666,3.8390470356220443,4.9778172271751915,0.029321559004328635,0.013974929800477492,182.43933377935872,104.02449259090669,3742.94,0.192366943359375,0.029210205078125,0.029400634765625,6.103515625e-06,0.0,0.014254150390625,0.002384033203125,0.0,0.0062158203125,0.000975341796875,0.32854736328125,0.083780517578125,0.0133837890625,0.000167236328125,0.001490478515625,0.001651611328125,0.00019775390625,0.01676025390625,0.001240234375,0.00396728515625,0.0023046875,0.002825927734375,0.00033203125,0.0765771484375,0.000972900390625,0.112998046875,0.00045654296875,0.0,0.0,0.01749267578125,0.03038330078125,0.00137451171875,0.5328187482628903,-1.6593445007421055
190,193,5.5,5.02,4.86,54.973648499999996,27.326729427800856,135.09191691666666,67.03688246485743,94.25002104166666,54.632382243745276,1032.8423564021382,19.292994333783703,0.1769153363127302,0.03443982032225521,0.8555160853569593,121.96346137553205,63.461556626281144,9.216711224084158,0.22417087499999996,116.38328854966672,51.74497742597658,2046.08,57.79179463549727,287.9302750299562,19.381574475375327,191.60420879222818,3048.76,45.80204441666667,82.33292475,3.4195579359544443,3.9054498870265686,0.02910621946335206,0.012806570372615678,178.82344929151364,101.78776203804186,5698.28,0.17424072265625,0.051019287109375,0.088856201171875,0.049959716796875,0.019090576171875,0.000380859375,0.006871337890625,0.004322509765625,0.003026123046875,0.00013671875,0.00165283203125,0.363050537109375,0.110377197265625,0.055704345703125,2.44140625e-05,7.32421875e-06,0.00383544921875,0.00015625,0.000172119140625,0.000189208984375,1.220703125e-06,0.0,0.0,0.0036669921875,0.0,0.003446044921875,1.220703125e-06,0.03516845703125,0.009510498046875,0.0,0.0,0.0,0.9050097365235921,1.569647376340873
191,194,1.12,1.94,1.32,,,,,,,,,,,,,,,,,,,,,,,,,,,,,,,,,,,,,,,,,,,,,,,,,,,,,,,,,,,,,,,,,,
192,195,2.24,4.2,4.58,81.58350404166667,39.355238711741706,137.99636891666668,66.86138026640188,62.18757241666666,41.706098062189206,688.7323591939987,13.590962519800035,0.2444291041598818,0.0387956909672377,0.9097393644981309,123.50799268735487,66.03302910294056,8.801843454820876,0.1257915833333333,118.48827646567516,53.3940882723702,1246.6,88.95445267809072,277.2260120109354,30.783247871313506,236.3939687676229,1329.64,52.315781083333334,76.51740525,4.09252455889657,5.305519713855806,0.02909479209251292,0.013992918761537871,183.63063777921133,103.80211087348748,3591.34,0.174259033203125,0.031295166015625,0.03414794921875,0.00052001953125,0.0,0.016002197265625,0.00555908203125,0.000885009765625,0.005234375,0.000887451171875,0.336497802734375,0.08868896484375,0.010145263671875,0.000113525390625,0.00139892578125,0.000650634765625,0.000157470703125,0.01219970703125,0.0010302734375,0.0042919921875,0.000540771484375,0.000701904296875,3.662109375e-06,0.084053955078125,0.001199951171875,0.124127197265625,0.001785888671875,0.000731201171875,0.0,0.01122314453125,0.03068359375,0.00108154296875,0.5349681114852372,-1.6406974173769453
193,196,5.5,5.34,5.92,55.32079466666667,27.49644207280012,132.89663033333332,67.39803665427732,96.36114429166666,56.17863665049488,1150.2507982916359,20.583067786287234,0.1696416561993284,0.03442005066933214,0.8422774256261707,119.8146251855842,63.8357468543183,9.292518260312129,0.23268166666666665,117.9370015975551,53.672901140777434,2049.74,56.78799493149191,298.2722597601249,19.71718995496243,193.38446512534202,3186.88,49.180289,78.98310433333333,3.4520934062416484,3.967469874976211,0.030589578992856716,0.013738902866052885,179.95849311739178,101.97542843140019,6027.26,0.16425048828125,0.02690185546875,0.13473876953125,0.053492431640625,0.0146240234375,0.000689697265625,0.0143603515625,0.004185791015625,0.0018798828125,0.0001416015625,0.00162841796875,0.37164306640625,0.094344482421875,0.05017578125,1.8310546875e-05,7.32421875e-06,0.003829345703125,0.00134033203125,0.00018310546875,4.150390625e-05,6.103515625e-05,0.000118408203125,1.220703125e-06,8.544921875e-06,1.220703125e-06,0.000751953125,1.220703125e-06,0.02587158203125,0.01890625,0.0,0.0,0.0,0.9154943777068438,1.660608260087838
194,197,6.02,5.04,4.82,56.263371291666665,27.89095154479134,136.150718375,67.96364613104011,98.70908125,55.66061057179061,1048.7654959053832,19.472452688854897,0.18088588775824035,0.03597036486894298,0.8582413824349966,122.09045578378328,64.13316431792806,9.220986460741774,0.22513729166666663,119.06347200819741,52.1081485245994,2014.5,56.74507279394363,285.53937669915746,19.042615234072088,185.9146994728853,3101.5,47.3688405,81.05440766666666,3.4492734765104354,3.9917841317403586,0.029616213279919985,0.013098936539211323,179.59868203995492,101.70651522137568,5646.86,0.179886474609375,0.053299560546875,0.119381103515625,0.058095703125,0.016658935546875,0.000875244140625,0.007230224609375,0.009468994140625,0.002867431640625,4.39453125e-05,0.000830078125,0.379405517578125,0.05282958984375,0.044385986328125,6.103515625e-06,4.8828125e-06,0.003551025390625,0.0013134765625,1.3427734375e-05,4.150390625e-05,6.103515625e-05,0.000118408203125,1.220703125e-06,0.0036669921875,0.0,0.00074951171875,1.220703125e-06,0.032677001953125,0.01975341796875,0.0,0.0,0.0,0.9077640201164334,1.593542525952175
195,198,2.8,3.82,4.4,80.05437491666666,40.666609576579724,135.54706670833332,67.1855239223667,63.641309125,41.753166377130896,705.2270292238956,13.718489302276428,0.23856933045668163,0.03576896491098592,0.9075439801192323,121.37844725074066,65.71935679031867,8.8009440562417,0.12464883333333329,119.21280756660477,53.463101685684585,1256.28,83.85718405786682,250.73996308278657,28.773923103636502,198.8885439569761,1381.92,52.31456325,78.32816658333333,4.109300797478362,5.192727742096775,0.029705248629547015,0.014628117625840794,184.10628945320929,103.986573797023,3653.1,0.1649072265625,0.034188232421875,0.02495361328125,0.000565185546875,0.0,0.026622314453125,0.00547607421875,0.000885009765625,0.006839599609375,0.00032958984375,0.320120849609375,0.100975341796875,0.0156005859375,0.000113525390625,0.001468505859375,0.000626220703125,0.0001611328125,0.022459716796875,0.001417236328125,0.00282470703125,0.002225341796875,0.00285888671875,0.00033447265625,0.079229736328125,0.000699462890625,0.109984130859375,0.001739501953125,0.000731201171875,0.0,0.013828125,0.0300439453125,0.000877685546875,0.5581158192354332,-1.4398764339142311
196,199,6.68,5.46,6.86,54.127329375,26.216259477868192,134.91258429166666,66.26611604373693,98.09305358333333,56.190264437993534,1038.0796274210202,19.577245022062833,0.17595498396512863,0.04034416934804539,0.8526277995995476,121.48578650758718,63.10211196058595,9.21357572584396,0.23057145833333328,117.82083394992158,52.2693899710781,2063.7,58.217582017123334,300.5772711257108,19.648961747473788,193.4467890047043,3125.18,46.85968149999999,79.0958305,3.4118154811510606,3.7875280238554643,0.029389028010999855,0.013177474528619997,179.49629131558282,101.61017620403645,5784.5,0.161573486328125,0.03626220703125,0.130013427734375,0.038101806640625,0.027823486328125,0.000919189453125,0.01412841796875,0.00792724609375,0.001561279296875,0.00015625,0.000799560546875,0.38351806640625,0.085980224609375,0.04717529296875,2.3193359375e-05,4.8828125e-06,0.003829345703125,0.0014404296875,0.00018310546875,4.150390625e-05,6.103515625e-05,0.000118408203125,1.220703125e-06,0.0036669921875,0.0,0.002696533203125,0.0,0.028878173828125,0.01027587890625,0.0,0.0,0.0,0.9141057239816768,1.6485608120300557
197,200,1.54,5.5,4.84,83.89810683333333,41.52319951377656,138.10960708333334,66.76782930144867,61.12351920833333,38.56276297455715,654.6364401424672,13.02509757302644,0.24829186279227286,0.035820500460626195,0.9111902157775621,122.57787137141126,64.66905534004441,8.742776091640936,0.1167634583333333,119.7131347449189,53.198420592123874,1198.52,86.03697245639958,267.1728581751094,29.530335487264033,216.54055665030228,1186.54,49.58321316666667,77.56453733333333,4.10383701723697,5.249827111940704,0.02942251752630305,0.014292068004048038,184.68492327335946,104.48126645507449,3606.92,0.194150390625,0.026148681640625,0.02005126953125,0.000513916015625,0.0,0.021077880859375,0.001280517578125,0.000885009765625,0.004149169921875,0.001119384765625,0.3243310546875,0.0910986328125,0.008857421875,5.126953125e-05,0.002471923828125,0.00225830078125,0.00019287109375,0.01910888671875,0.0008154296875,0.004005126953125,0.000577392578125,0.00078125,0.00022705078125,0.088697509765625,0.001109619140625,0.120859375,0.0019775390625,0.000731201171875,0.0,0.003072509765625,0.02802490234375,0.001103515625,0.5211047635617799,-1.7609707158875016
198,201,3.66,3.62,3.7,,,,,,,,,,,,,,,,,,,,,,,,,,,,,,,,,,,,,,,,,,,,,,,,,,,,,,,,,,,,,,,,,,
199,202,4.32,3.36,3.84,,,,,,,,,,,,,,,,,,,,,,,,,,,,,,,,,,,,,,,,,,,,,,,,,,,,,,,,,,,,,,,,,,
200,203,5.12,4.22,4.12,53.38046691666666,27.406848432080373,134.42050258333333,66.54878711572681,96.48603141666666,54.978009873410436,1059.1696713490833,19.674020517196038,0.17311873051352603,0.03898365450539889,0.8537097420035247,120.91421969908912,62.95030342188543,9.244156963077721,0.22711579166666662,119.802922682905,52.70676345522531,2057.54,59.30163225948207,281.1380634114127,20.475131625540495,188.76287729482573,3004.36,48.65905791666667,78.92738991666667,3.446129872120879,3.8942166474964766,0.029680345207398495,0.013259688019495374,180.01498971975568,101.95926893306068,6152.06,0.154661865234375,0.0479736328125,0.134710693359375,0.040257568359375,0.026075439453125,0.0009375,0.009324951171875,0.00391845703125,0.001849365234375,0.000157470703125,0.000565185546875,0.3813232421875,0.079598388671875,0.048997802734375,6.103515625e-06,4.8828125e-06,0.003548583984375,0.00108642578125,0.000172119140625,0.000189208984375,1.220703125e-06,0.0,0.0,0.0036669921875,1.220703125e-06,0.003446044921875,1.220703125e-06,0.033175048828125,0.01234375,0.0,0.0,0.0,0.9111403594780668,1.622834402211558
201,204,3.54,3.86,3.38,,,,,,,,,,,,,,,,,,,,,,,,,,,,,,,,,,,,,,,,,,,,,,,,,,,,,,,,,,,,,,,,,,
202,205,3.86,2.32,1.82,,,,,,,,,,,,,,,,,,,,,,,,,,,,,,,,,,,,,,,,,,,,,,,,,,,,,,,,,,,,,,,,,,
203,206,2.32,3.46,3.46,82.66019454166666,39.535181407116575,136.172927,65.82277437938492,61.757735458333336,39.51397674973563,654.6189725212839,13.073159845168938,0.24938648077996578,0.0358774351300771,0.9104246299369693,121.29373112106057,63.99236448640117,8.745156597685831,0.12082866666666664,119.24110413350805,52.88780886525066,1225.96,88.49884231030481,266.52477038041087,29.591613092571734,194.8977450855781,1251.2,53.04209041666667,76.36026775,3.92717239080275,5.237552718743241,0.02865127790521238,0.013557517293430042,184.05540640964998,104.68641978116699,3522.14,0.18577392578125,0.026341552734375,0.026632080078125,4.5166015625e-05,0.0,0.018365478515625,0.00149658203125,0.0,0.00457275390625,0.000811767578125,0.34127197265625,0.081820068359375,0.015301513671875,0.00013671875,0.002630615234375,0.00225341796875,0.00018798828125,0.021407470703125,0.00112548828125,0.00405517578125,0.002391357421875,0.00098876953125,0.000335693359375,0.083470458984375,0.0007470703125,0.114190673828125,0.0018212890625,0.000731201171875,0.0,0.008731689453125,0.0255712890625,0.0012841796875,0.5245720561369697,-1.7308897630598217
204,207,3.56,4.84,5.34,81.40839095833333,40.01780930737485,136.92128120833334,68.94789619544638,63.480004625,40.5355950042465,630.1104309247587,12.485923403754638,0.2599068667257056,0.04136801542036463,0.9197247284084099,121.70572743235202,66.59663726424291,8.651514370064211,0.11180354166666664,118.60096384526902,53.86567939818629,1119.26,85.88017827674524,257.2623040378666,31.12467105625181,196.97029707285012,1177.06,50.607815083333335,79.49871825,4.14730813858751,5.421088924118285,0.029433598131122486,0.01445972036240076,184.53722568756885,104.16079664879688,3255.68,0.201756591796875,0.028311767578125,0.024114990234375,0.00055908203125,0.0,0.006234130859375,0.0031640625,0.000885009765625,0.005211181640625,0.00056640625,0.317301025390625,0.09409912109375,0.00699951171875,0.000157470703125,0.0016845703125,0.001737060546875,5.4931640625e-05,0.017003173828125,0.000654296875,0.002115478515625,0.002232666015625,0.0024267578125,0.0001123046875,0.09461669921875,0.0010107421875,0.1185693359375,0.00170654296875,0.000731201171875,0.0,0.00682861328125,0.030809326171875,0.001104736328125,0.5432073364051865,-1.5692169377868777
205,208,4.96,4.84,3.36,54.135829208333334,27.38521732625783,131.72857325,66.72004216698993,97.31995095833334,55.26204858464469,1168.159031816644,20.990929929760433,0.15245399384040076,0.028560936021118172,0.8386871311967845,118.56938149307118,63.041599665283066,9.399548946730409,0.23827666666666666,120.14718718073188,53.40910203738177,2132.3,57.34401143022602,295.56431102342145,19.53158049961813,189.1673003071421,3245.18,49.261454916666665,76.20350225,3.43426852618843,3.9713804853408567,0.030507640778815584,0.013775732074302181,179.47486704352343,101.6532699307274,6260.76,0.148037109375,0.052742919921875,0.111182861328125,0.058297119140625,0.015723876953125,0.000458984375,0.007049560546875,0.00997802734375,0.00310546875,0.000147705078125,0.001627197265625,0.403800048828125,0.086729736328125,0.04426025390625,2.44140625e-05,7.32421875e-06,0.00383544921875,0.00034423828125,0.00018310546875,4.150390625e-05,6.103515625e-05,0.000118408203125,1.220703125e-06,0.003658447265625,0.0,0.003446044921875,1.220703125e-06,0.02128662109375,0.012315673828125,0.0,0.0,0.0,0.9121224808324939,1.631354925211254
206,209,2.36,4.94,4.2,77.36238679166667,40.78111970696494,135.9592385,64.73330855382527,64.73862100000001,41.72794420192853,702.5107423443073,14.005658557292733,0.23072425302773816,0.034262663146863964,0.9019288122550968,121.15170915278428,62.66585315756126,8.869555389643171,0.13206899999999996,118.3268742434016,52.68509448378765,1342.76,82.64282892424735,258.93389230090787,27.320273589351178,193.3219639643829,1453.12,52.43564516666666,72.36273383333334,3.866873748546717,5.03630243666694,0.028747604472633408,0.01383566133694052,183.54526413770228,103.63080674881223,3923.22,0.170091552734375,0.02863525390625,0.03528564453125,6.103515625e-06,0.0,0.0235400390625,0.0054931640625,0.0,0.005233154296875,0.00093505859375,0.321806640625,0.1010498046875,0.015040283203125,0.000113525390625,0.001492919921875,0.001197509765625,0.000152587890625,0.024512939453125,0.001197509765625,0.003834228515625,0.002398681640625,0.0009033203125,0.00033447265625,0.074105224609375,0.001031494140625,0.10738037109375,0.0016357421875,0.0,0.0,0.012559814453125,0.027740478515625,0.001241455078125,0.5469523916356924,-1.5367262185057853
207,210,4.84,4.36,4.2,54.3751465,27.082884036698662,133.72307725000002,65.35830003661705,93.75326383333334,54.11810517484206,1117.487529774882,20.348972218019647,0.16537029689433325,0.034933731315901786,0.8439660237975217,120.93952691673037,62.29587191601381,9.297462046238662,0.23232287499999998,119.73179417157489,52.65887689891098,2097.58,58.22405036397767,291.01124200732806,19.966429550948,199.71951267802126,3143.78,47.72209275,77.38500391666666,3.4133950316972,3.8626035486703274,0.030008942468753533,0.01331742874400888,179.12284998224538,101.74018870916065,6137.54,0.15139892578125,0.05199462890625,0.106224365234375,0.064921875,0.021661376953125,0.000875244140625,0.00922607421875,0.00277099609375,0.002723388671875,0.000150146484375,0.000301513671875,0.38417724609375,0.092265625,0.050977783203125,2.3193359375e-05,4.8828125e-06,0.00383544921875,0.00139404296875,0.00018310546875,0.00019287109375,5.9814453125e-05,0.000118408203125,1.220703125e-06,0.003658447265625,1.220703125e-06,0.003446044921875,0.0,0.03397705078125,0.00298095703125,0.0,0.0,0.0,0.9137715199231057,1.6456613807583398
208,211,2.18,4.46,3.58,80.91033566666665,39.04170358340073,137.39665541666668,68.21817343695062,63.98890229166666,42.21832974148061,703.5936341025752,13.682322659599977,0.24092093132505102,0.04173136162545757,0.9120356979543369,122.75910898888418,67.33063066330281,8.80605225545864,0.12406412499999997,120.30510268455633,53.598853743253855,1274.66,84.08936550393194,253.04808004544327,30.013304284418208,214.58880312264722,1291.42,52.75305983333334,79.59048216666667,4.0837142984558366,5.187747434075502,0.029206911275704357,0.01413281040632264,184.24180025530939,104.58862528014238,3772.08,0.17073486328125,0.02660888671875,0.0297802734375,6.103515625e-06,0.0,0.0204541015625,0.002940673828125,0.0,0.00734130859375,0.000576171875,0.34937744140625,0.097674560546875,0.008433837890625,0.00018798828125,0.001370849609375,0.0017578125,5.4931640625e-05,0.016583251953125,0.001658935546875,0.002554931640625,0.002335205078125,0.002332763671875,0.00024658203125,0.080526123046875,0.0011572265625,0.11146240234375,0.002418212890625,0.000731201171875,0.0,0.017327880859375,0.021185302734375,0.001181640625,0.5417008050882528,-1.582287048397784
209,212,1.64,4.22,3.78,79.30626658333334,40.5358646595599,138.77848779166666,65.45759980136053,62.90486870833333,39.576110679835494,638.3232366387734,12.811875010714088,0.24927233252613412,0.0385557318030104,0.910946372262877,123.59732205548251,63.533353987248574,8.716439309913778,0.11521770833333331,119.64052298380939,52.29797053888874,1189.54,87.4799604983055,266.51156971192296,31.008936762599806,220.3980596945741,1184.72,51.549418583333335,74.24178891666666,4.097134040475897,5.255702104397643,0.029042314597370347,0.013954494180532535,183.8895162501123,104.36983921423605,3414.18,0.192525634765625,0.029949951171875,0.028380126953125,0.00055908203125,0.0,0.02139404296875,0.0030615234375,0.000885009765625,0.004984130859375,0.00098876953125,0.342152099609375,0.07870849609375,0.011317138671875,0.000157470703125,0.002138671875,0.001258544921875,1.708984375e-05,0.0139111328125,0.00057373046875,0.00161376953125,0.00261474609375,0.002333984375,0.0003271484375,0.0844970703125,0.000670166015625,0.11331298828125,0.000924072265625,0.0,0.0,0.013389892578125,0.019664306640625,0.001217041015625,0.5464886267044942,-1.5407496721705638
210,213,3.24,2.68,3.22,,,,,,,,,,,,,,,,,,,,,,,,,,,,,,,,,,,,,,,,,,,,,,,,,,,,,,,,,,,,,,,,,,
211,214,5.16,5.04,4.8,55.47667475,27.964298101009994,135.74746845833334,67.94960135902052,94.50318529166667,54.880266058721816,1051.6520500463103,19.527201826401523,0.1778125060948882,0.036195647886125115,0.8592224477893801,121.87340229377807,64.01683902399378,9.222723454357425,0.2276258333333333,117.53248161088169,51.81976278583398,2058.1,58.595437336262556,287.4499889031236,20.25137591945934,183.91467127749388,3022.18,47.29312633333333,80.61569366666667,3.3860071094081197,3.860182583493874,0.02954636091927081,0.013139949707917382,179.88422085001704,101.59405330482593,6106.98,0.175775146484375,0.050523681640625,0.09224609375,0.053900146484375,0.022996826171875,0.000831298828125,0.010560302734375,0.0039453125,0.002664794921875,0.000150146484375,0.001407470703125,0.39797607421875,0.08073974609375,0.055587158203125,2.44140625e-05,7.32421875e-06,0.00383544921875,0.001396484375,0.00018310546875,0.00019287109375,6.103515625e-05,0.000118408203125,1.220703125e-06,0.0036669921875,0.0,0.0,0.0,0.024818115234375,0.012325439453125,0.0,0.0,0.0,0.9100876932931707,1.6137018582555809
212,215,3.88,3.32,2.94,,,,,,,,,,,,,,,,,,,,,,,,,,,,,,,,,,,,,,,,,,,,,,,,,,,,,,,,,,,,,,,,,,
213,216,1.12,1.44,4.56,,,,,,,,,,,,,,,,,,,,,,,,,,,,,,,,,,,,,,,,,,,,,,,,,,,,,,,,,,,,,,,,,,
214,217,3.28,4.08,3.9,80.35969095833333,41.33507636286973,135.07767016666668,67.32275369712693,62.74890045833334,40.65153388872991,691.3246938575335,13.481955370984036,0.2473745698192557,0.03728225109458416,0.9106757232996722,120.88562690745826,65.80263151400104,8.749808154119334,0.12391912499999996,118.50623589369748,53.88685935058571,1241.76,84.17064076463936,250.79693126945105,26.998095588952438,178.38212600060285,1365.66,51.23019633333333,78.01821,3.889075383604659,5.115481031205425,0.029381704065620018,0.014345347372631474,184.26839013148955,103.89895851272009,3644.96,0.182779541015625,0.02612548828125,0.024212646484375,0.000565185546875,0.0,0.026651611328125,0.005555419921875,0.000885009765625,0.00341064453125,0.000987548828125,0.301302490234375,0.10564453125,0.011881103515625,0.000113525390625,0.00205810546875,0.001697998046875,0.000185546875,0.023607177734375,0.0015185546875,0.00458984375,0.0001513671875,0.00070556640625,1.220703125e-05,0.07896240234375,0.00114990234375,0.121612548828125,0.00189697265625,0.000731201171875,0.0,0.007320556640625,0.0308544921875,0.0006787109375,0.53771070451044,-1.616903690822982
215,218,5.12,4.22,5.34,56.953393625,28.91162753286491,135.151920125,68.55535077889054,91.02480266666667,53.57880718127377,1123.818814756001,19.954253403925257,0.17694348240298477,0.037112459577135166,0.858691610929911,121.66615929701517,64.65019654440157,9.251022830937833,0.22239029166666666,118.92931461806789,52.647140483878296,2034.66,58.04952271226389,281.1378243878644,19.349341931533473,182.56869910984696,3038.24,48.97181416666666,80.90298083333333,3.4746220985539873,4.012668817818012,0.03019401405847969,0.013614134955530696,179.3958548320822,101.54624443712225,5804.14,0.174171142578125,0.0567431640625,0.11572265625,0.0573583984375,0.02176513671875,0.000914306640625,0.00967529296875,0.002745361328125,0.001461181640625,0.000157470703125,0.001241455078125,0.372698974609375,0.067589111328125,0.05810791015625,7.32421875e-06,2.44140625e-06,9.765625e-06,0.001146240234375,0.000169677734375,0.0001513671875,0.0,0.0,0.0,8.544921875e-06,1.220703125e-06,0.003443603515625,0.0,0.027589111328125,0.012315673828125,0.0,0.0,0.0,0.9081050188214924,1.5965009050732726
216,219,3.26,4.06,3.86,87.11969825,41.04013264415109,137.612832,67.48558543520386,58.8449805,37.449987879827624,622.0347139259836,12.405880166671848,0.2609089890601314,0.04142907075175312,0.9199381219444447,122.63366439173068,65.28324409051555,8.665646416207423,0.1076568333333333,119.63143713765452,53.07908995416265,1127.34,89.2085111355544,252.65362375537515,29.543279581887965,166.5082968806948,1087.4,50.61105216666667,76.823326,4.124053853471157,5.278735401023717,0.029262333692713357,0.014109967993262442,184.17464205398267,105.02541696810573,3314.62,0.201605224609375,0.03522705078125,0.029296875,0.000513916015625,0.0,0.016539306640625,0.00404541015625,0.000885009765625,0.0005419921875,0.000845947265625,0.344100341796875,0.074820556640625,0.008365478515625,0.000208740234375,0.001551513671875,0.002239990234375,4.150390625e-05,0.012440185546875,0.000546875,0.004046630859375,0.000372314453125,9.1552734375e-05,0.00030029296875,0.078543701171875,0.000579833984375,0.126123046875,0.0015478515625,0.0,0.0,0.00688232421875,0.026033935546875,0.0013525390625,0.5344100731415078,-1.64553875243297
217,220,4.0,3.32,3.7,,,,,,,,,,,,,,,,,,,,,,,,,,,,,,,,,,,,,,,,,,,,,,,,,,,,,,,,,,,,,,,,,,
218,221,3.08,4.42,4.9,79.53400845833333,39.636821841375024,134.32565695833333,65.75427064510916,66.17174483333334,41.975919690609736,677.9842950330883,13.3710804104359,0.24175537271683162,0.03209066749943772,0.9054267607891805,119.1691518918393,63.82278636987572,8.788841562702139,0.12182691666666663,116.8039326709133,52.45418379398266,1217.12,87.52852926321086,267.3645824133499,29.985884368744983,228.20060270928118,1272.36,51.65368516666666,74.030979,4.126345079917988,5.312716796319087,0.029338029587557907,0.014384462599367926,183.39764962084445,104.24780472858419,3596.28,0.175548095703125,0.037164306640625,0.026392822265625,0.000565185546875,0.0,0.0186328125,0.003031005859375,0.000885009765625,0.00535400390625,0.000491943359375,0.33641845703125,0.093634033203125,0.01354248046875,0.00018798828125,0.00207275390625,0.0011962890625,0.0001904296875,0.0122412109375,0.00125732421875,0.002467041015625,0.00232177734375,0.001104736328125,0.0002490234375,0.0933447265625,0.00094482421875,0.098856201171875,0.00100341796875,0.0,0.0,0.010992431640625,0.02582275390625,0.000804443359375,0.5558457328559893,-1.4595708669088494
219,222,4.42,4.06,4.32,55.333202166666666,27.983637081340042,133.977728375,68.16228480707592,95.77977170833334,54.97283393672316,1083.1784242117185,19.71274316419453,0.17505767981572543,0.03403057995575195,0.860876966916593,120.37404229050469,64.36653291025799,9.257567651653323,0.22489316666666664,117.97262746400331,52.04438843746695,2052.78,57.09111903304879,278.2263077080266,18.776221278469055,180.99280080787707,3123.36,48.62098666666667,81.79198666666667,3.4368267767162286,4.000848044900037,0.029784484300270378,0.013418048648907195,179.96399347834466,101.78647855505524,5800.56,0.177637939453125,0.058438720703125,0.09391845703125,0.03478271484375,0.032196044921875,0.000433349609375,0.012642822265625,0.0025,0.002713623046875,0.000137939453125,0.001343994140625,0.386556396484375,0.080997314453125,0.05592529296875,7.32421875e-06,7.32421875e-06,0.0035546875,0.000408935546875,0.00018310546875,0.00019287109375,5.9814453125e-05,0.000118408203125,1.220703125e-06,8.544921875e-06,1.220703125e-06,0.003446044921875,0.0,0.0287353515625,0.002952880859375,0.0,0.0,0.0,0.9070506200340259,1.5873533296957876
220,223,2.32,3.06,3.6,,,,,,,,,,,,,,,,,,,,,,,,,,,,,,,,,,,,,,,,,,,,,,,,,,,,,,,,,,,,,,,,,,
221,224,1.94,1.98,2.0,,,,,,,,,,,,,,,,,,,,,,,,,,,,,,,,,,,,,,,,,,,,,,,,,,,,,,,,,,,,,,,,,,
222,225,4.14,3.52,3.48,,,,,,,,,,,,,,,,,,,,,,,,,,,,,,,,,,,,,,,,,,,,,,,,,,,,,,,,,,,,,,,,,,
223,226,4.36,3.4,3.64,,,,,,,,,,,,,,,,,,,,,,,,,,,,,,,,,,,,,,,,,,,,,,,,,,,,,,,,,,,,,,,,,,
224,227,5.14,4.68,5.38,54.24636,27.18650906072016,135.43558804166668,66.52441484756413,96.499339,55.59928746630493,1118.906929462054,20.338441976765854,0.1683362808416565,0.03434340150905496,0.8455011690468743,122.40108663688798,63.30565485564285,9.272396181008954,0.23200929166666664,119.84313157225306,52.41165882590002,2087.08,57.13813570561317,289.6489510175237,19.2146846679179,193.16696553395573,3230.06,47.52460441666667,79.83240041666667,3.4179229200765984,3.911130926155094,0.0299508733024699,0.013230175919498986,179.82856576366717,101.90019765788877,5934.66,0.160804443359375,0.042447509765625,0.12499267578125,0.047557373046875,0.020819091796875,0.000360107421875,0.013294677734375,0.0094189453125,0.00270751953125,0.00013671875,0.000799560546875,0.380985107421875,0.091201171875,0.041497802734375,2.3193359375e-05,4.8828125e-06,0.00383544921875,0.0002880859375,0.000172119140625,0.000189208984375,1.220703125e-06,0.0,0.0,0.0036669921875,1.220703125e-06,2.44140625e-06,0.0,0.031241455078125,0.0028662109375,0.0,0.0,0.0,0.9138155304826994,1.6460432001572933
225,228,5.56,5.96,5.1,56.52499733333333,28.125743911443124,134.677834375,67.54394138110604,94.73829229166665,55.67594931448039,1102.1627043453511,19.99682750927297,0.1783427131318671,0.03496776894077516,0.8530162644622372,120.93019073976873,63.89815617106183,9.251325233164232,0.22652941666666662,117.36558380030445,53.11891359875428,2026.82,57.55310770973678,286.73453458821854,19.49134199662483,188.99559529035767,3112.12,48.82861483333333,80.7376935,3.444795018399036,3.914277630430986,0.030066959546685163,0.013361439785112618,180.49452593563169,101.56426040877655,5800.24,0.17501708984375,0.025445556640625,0.129716796875,0.045240478515625,0.030859375,0.000838623046875,0.011563720703125,0.008740234375,0.001497802734375,0.00015625,0.00125,0.36392822265625,0.078778076171875,0.062703857421875,2.44140625e-05,7.32421875e-06,0.003829345703125,0.001385498046875,0.00018310546875,0.00019287109375,6.103515625e-05,0.000118408203125,1.220703125e-06,0.0,1.220703125e-06,0.003443603515625,0.0,0.0280322265625,0.010322265625,0.0,0.0,0.0,0.9132003929568073,1.6407064936355251
226,229,5.18,4.8,5.3,54.486477750000006,29.048329153524072,132.55405612500002,67.2084449319887,94.214385875,54.697480268247006,1095.960690360123,19.853132615841194,0.16602718930344335,0.03177074479303197,0.8501638901828139,119.07767089667584,63.22525367338507,9.305276307832917,0.223961625,119.35831147977265,53.07056136608307,2054.98,57.64374373244316,265.7895312661152,19.05017354995858,170.01775294485702,3075.8,49.14669175,77.73059858333333,3.452763045648847,3.91507249110408,0.03015108448775893,0.013824606479280523,180.20714117352153,101.65797210229886,5871.16,0.160224609375,0.048001708984375,0.1097216796875,0.052220458984375,0.022999267578125,0.000479736328125,0.01235107421875,0.008272705078125,0.001561279296875,0.000147705078125,0.00140869140625,0.367884521484375,0.108121337890625,0.047025146484375,2.44140625e-05,7.32421875e-06,0.003829345703125,0.00047119140625,0.00018310546875,4.150390625e-05,6.103515625e-05,0.000118408203125,1.220703125e-06,0.0036669921875,0.0,0.000751953125,0.0,0.021907958984375,0.012242431640625,0.0,0.0,0.0,0.9135387979515798,1.6436423706818533
227,230,5.34,2.34,2.48,,,,,,,,,,,,,,,,,,,,,,,,,,,,,,,,,,,,,,,,,,,,,,,,,,,,,,,,,,,,,,,,,,
228,231,3.92,3.76,4.0,56.090719666666665,28.02421863250045,135.45516949999998,68.8386138143307,96.23956254166667,56.123407404405434,1119.996293900979,19.97139635123072,0.18086790087488164,0.038413095221052525,0.8568262811910238,122.01664870140186,64.90667375719072,9.227046513375004,0.22429412499999998,117.52622832168697,53.09587466032808,2003.62,57.73593879417984,279.53306649221827,19.500962496214974,181.26627054091946,3082.76,48.749022999999994,81.31114416666667,3.441456357126416,3.911247840154264,0.03036609631625618,0.01376158996753488,180.33110034222747,101.8423315907616,5737.26,0.18738037109375,0.037008056640625,0.129964599609375,0.04587646484375,0.023001708984375,0.00089599609375,0.011767578125,0.00258056640625,0.002867431640625,3.90625e-05,0.00140869140625,0.355328369140625,0.085533447265625,0.05613525390625,7.32421875e-06,7.32421875e-06,0.003551025390625,0.001385498046875,1.3427734375e-05,0.00019287109375,6.103515625e-05,0.000118408203125,1.220703125e-06,8.544921875e-06,1.220703125e-06,0.00074951171875,1.220703125e-06,0.028785400390625,0.01234375,0.0,0.0,0.0,0.9100028570835988,1.612965850559987
229,232,2.1,4.66,4.16,83.55761366666665,41.058956702488175,136.80877879166667,66.63029848625243,61.74931695833333,39.38862051699023,641.5466041326113,12.945866411818585,0.2496106480513124,0.036779918686968456,0.9137062861314778,121.96932553699774,64.47423452459671,8.744551444851899,0.1194839583333333,119.22334188773975,53.072394344579486,1200.82,86.57484392600298,265.6993625905578,29.24654992361934,208.56193831340053,1224.32,51.32737358333334,75.44048491666666,4.069211296811112,5.19982189366185,0.029041515323614372,0.014078844320320062,183.9067504116091,104.83785268906168,3585.1,0.18994873046875,0.028228759765625,0.02239990234375,0.000565185546875,0.0,0.010347900390625,0.001561279296875,0.000885009765625,0.00399169921875,0.00097412109375,0.333173828125,0.096558837890625,0.01281494140625,5.126953125e-05,0.00135498046875,0.000718994140625,0.000146484375,0.013897705078125,0.000438232421875,0.0037548828125,0.0003271484375,0.000726318359375,0.000225830078125,0.087392578125,0.000850830078125,0.12065185546875,0.001173095703125,0.0,0.0,0.005167236328125,0.029095458984375,0.001318359375,0.5400823950087869,-1.5963277779296998
230,233,1.7,4.42,4.34,75.077341375,41.030383248757246,136.44729875000002,65.2721698916448,65.531358,43.09899536221611,743.5396224516312,14.401209411219295,0.22035046444414574,0.03141751590247057,0.8955093009430125,121.35081757522428,62.78613905747476,8.930020393158632,0.13574662499999998,120.176826890621,53.13448096414221,1328.06,81.6516017671982,277.0293113201672,28.350453435368262,241.11619137772,1467.48,52.7044205,73.22661416666666,3.8154648542771157,5.011822107496618,0.02956428757890297,0.014147732296122926,182.8804120199526,104.23875719399224,3911.14,0.16314208984375,0.033551025390625,0.0403662109375,0.000565185546875,0.0,0.030189208984375,0.00443603515625,0.000885009765625,0.0060693359375,0.000771484375,0.309334716796875,0.100653076171875,0.013424072265625,0.0002294921875,0.001474609375,0.002222900390625,0.000203857421875,0.019442138671875,0.001239013671875,0.002216796875,0.002655029296875,0.00301025390625,0.000328369140625,0.098472900390625,0.001094970703125,0.09279052734375,0.000810546875,0.0,0.0,0.01864013671875,0.025247802734375,0.000792236328125,0.5597795068504239,-1.425442893167012
231,234,4.02,3.5,3.0,,,,,,,,,,,,,,,,,,,,,,,,,,,,,,,,,,,,,,,,,,,,,,,,,,,,,,,,,,,,,,,,,,
232,235,4.72,3.68,4.2,,,,,,,,,,,,,,,,,,,,,,,,,,,,,,,,,,,,,,,,,,,,,,,,,,,,,,,,,,,,,,,,,,
233,236,3.7,4.02,3.62,,,,,,,,,,,,,,,,,,,,,,,,,,,,,,,,,,,,,,,,,,,,,,,,,,,,,,,,,,,,,,,,,,
234,237,5.5,4.68,5.12,54.78810875,27.30649740720653,133.80728470833333,67.83983288580767,92.984479625,55.041881545754904,1102.7648480926148,19.977755761484474,0.1700720842258103,0.03453555720015315,0.851809253637366,120.84314771987505,64.3410885741723,9.290174906041933,0.22768562499999997,116.91385738240075,52.369640717218225,2069.72,58.01151282110624,284.3649685809115,19.46870770284959,181.9444211124175,3072.14,48.916759,80.77709733333333,3.4297688054438904,4.042005700289765,0.030037017332763143,0.013566993974462595,180.36481439521103,101.48299777602335,5860.5,0.160406494140625,0.056639404296875,0.12140380859375,0.056180419921875,0.02603515625,0.000966796875,0.014139404296875,0.0016748046875,0.00148681640625,0.000155029296875,0.0013037109375,0.35361083984375,0.087626953125,0.05587646484375,2.44140625e-05,2.44140625e-06,0.00029052734375,0.0014404296875,0.0001806640625,3.662109375e-06,6.103515625e-05,0.000118408203125,1.220703125e-06,0.003658447265625,0.0,0.003446044921875,0.0,0.028685302734375,0.012237548828125,0.0,0.0,0.0,0.9120868440233312,1.6310457533856555
235,238,5.44,4.84,4.52,54.84680666666667,26.884677912862273,135.45451291666666,66.70281618632596,93.74105545833334,54.89597590119278,1188.2536987011633,21.233332008094198,0.1622836512607562,0.030972282110488934,0.8380623095331231,121.91796860011321,63.27391125007309,9.376584931096076,0.24133291666666665,120.70275807578223,53.669179357911325,2139.56,56.72633562948294,310.8574519816905,19.774864083643436,209.55982087385485,3333.16,49.81740391666666,78.21384891666666,3.4105208297500784,3.9370086154302273,0.030555432621312776,0.013393137412775778,179.89551709272942,101.46181143987548,6200.86,0.154830322265625,0.039525146484375,0.11991455078125,0.0587353515625,0.02778076171875,0.000653076171875,0.009656982421875,0.008922119140625,0.000455322265625,2.8076171875e-05,0.0013037109375,0.3707568359375,0.0749365234375,0.061064453125,1.8310546875e-05,2.44140625e-06,0.00028076171875,0.001025390625,0.0,0.0001513671875,1.220703125e-06,0.0,0.0,0.0,1.220703125e-06,0.003446044921875,1.220703125e-06,0.03666259765625,0.01968017578125,0.0,0.0,0.0,0.920005643299938,1.6997463381577491
236,239,1.24,2.04,2.72,,,,,,,,,,,,,,,,,,,,,,,,,,,,,,,,,,,,,,,,,,,,,,,,,,,,,,,,,,,,,,,,,,
237,240,2.26,4.58,4.3,83.530339375,39.80714234678272,136.206920875,67.41225615852903,64.59062333333333,41.58053870561328,675.789328235812,13.168646533244333,0.2513735727516686,0.03276119052723659,0.9119316570608053,120.66733031259275,65.57198357309098,8.752939992358028,0.11611937499999997,118.90303460218588,53.47532188708724,1181.88,83.95107569890402,253.225171453939,27.646134723793804,186.12439457505695,1269.46,52.25334616666667,76.74193416666667,4.116961460262899,5.245468027864424,0.029749520702217577,0.014574578717066298,184.26495914996005,104.20162462506596,3477.54,0.195589599609375,0.032847900390625,0.0192236328125,4.5166015625e-05,0.0,0.014185791015625,0.00447509765625,0.0,0.0026806640625,0.000743408203125,0.3483056640625,0.0933935546875,0.016026611328125,0.00017822265625,0.002359619140625,0.001190185546875,0.00019287109375,0.012958984375,0.0010986328125,0.004007568359375,0.002431640625,0.001063232421875,0.00032958984375,0.0794921875,0.001021728515625,0.107493896484375,0.00104736328125,0.0,0.0,0.002408447265625,0.031107177734375,0.00070556640625,0.5403584412608274,-1.5939329023586821
238,241,3.14,4.3,4.32,76.04054500000001,39.76218905075414,137.85726379166667,67.13921746516269,64.08925195833334,43.06461522009001,710.0325662686045,13.656716969911626,0.23972847720896226,0.037094713174927574,0.9070564990356087,123.55413316989987,65.83929136990693,8.800564707860417,0.12272791666666663,119.6540810120022,54.27898639894929,1230.48,83.52544148718314,254.587886558884,28.395795795341375,197.67433587936776,1336.16,50.806379416666665,77.22908525,4.111614996840952,5.180944097261992,0.0299718218769563,0.01481027190562878,183.59000077265435,103.78043156647408,3505.56,0.17318603515625,0.034896240234375,0.026978759765625,0.000565185546875,0.0,0.015670166015625,0.00453857421875,0.000885009765625,0.00489501953125,0.000928955078125,0.327041015625,0.093687744140625,0.010174560546875,0.00017822265625,0.002174072265625,0.001248779296875,0.000201416015625,0.016783447265625,0.0014794921875,0.002110595703125,0.002257080078125,0.00291259765625,3.0517578125e-05,0.092806396484375,0.00126220703125,0.1072900390625,0.00177734375,0.000731201171875,0.0,0.017730712890625,0.031219482421875,0.0005126953125,0.5409397110534189,-1.5888900198121638
239,242,3.6,3.98,3.66,,,,,,,,,,,,,,,,,,,,,,,,,,,,,,,,,,,,,,,,,,,,,,,,,,,,,,,,,,,,,,,,,,
240,243,4.08,1.92,2.22,,,,,,,,,,,,,,,,,,,,,,,,,,,,,,,,,,,,,,,,,,,,,,,,,,,,,,,,,,,,,,,,,,
241,244,5.56,4.9,5.14,54.953924416666666,28.401785175602672,132.065632875,66.45237215960836,97.07100720833334,54.72677601954204,1100.1266317674733,20.02439584205349,0.16644183621156333,0.029458674296893486,0.8432933316307324,118.27300422257262,62.58868703221122,9.298834290669738,0.22880837499999998,116.89543524800915,52.60509842917619,2057.44,57.5983003804279,278.1255767858926,19.301224501429672,176.83184389010836,3114.24,48.064645,78.96774616666667,3.4294572387685793,3.965225386428881,0.02983091743681074,0.013387990381055474,179.71141822832223,101.84677994894642,5976.4,0.162901611328125,0.048121337890625,0.105643310546875,0.05418701171875,0.020599365234375,0.0001171875,0.009189453125,0.0094287109375,0.00304443359375,0.000128173828125,0.001630859375,0.3606640625,0.10031005859375,0.051697998046875,1.8310546875e-05,7.32421875e-06,0.00383544921875,0.00037109375,0.00018310546875,4.150390625e-05,6.103515625e-05,0.000118408203125,1.220703125e-06,0.0,1.220703125e-06,0.003443603515625,1.220703125e-06,0.02785888671875,0.018878173828125,0.0,0.0,0.0,0.9112539905341801,1.623820223386027
242,245,3.14,3.98,4.1,79.29535991666667,38.9137695824346,137.070133,67.79420314012596,64.69359091666666,41.652604478170296,702.7740696773917,13.461497111632013,0.2452163283654113,0.03301582441335553,0.909383008288995,121.96558071431348,65.80399070300986,8.798327717426785,0.12108174999999997,118.16476837579508,53.73419718878466,1203.46,85.32722890729974,259.21344248771646,27.91508811327402,187.13742388501296,1304.24,53.076909416666666,77.88620191666666,4.1334239515031665,5.217012063861574,0.02951651490091811,0.014519365105483453,183.64753700536653,104.51274622055986,3513.08,0.18749755859375,0.0260205078125,0.032210693359375,5.126953125e-05,0.0,0.00535400390625,0.00424560546875,0.0,0.006617431640625,0.000401611328125,0.3425244140625,0.08668701171875,0.012491455078125,0.00017822265625,0.00244140625,0.00123779296875,0.000201416015625,0.0131005859375,0.001385498046875,0.002613525390625,0.002257080078125,0.00291259765625,0.0001123046875,0.0860888671875,0.00127685546875,0.102996826171875,0.001722412109375,0.000731201171875,0.0,0.017730712890625,0.03093994140625,0.0008837890625,0.5410077927496112,-1.5882993681013031
243,246,3.94,4.18,4.06,,,,,,,,,,,,,,,,,,,,,,,,,,,,,,,,,,,,,,,,,,,,,,,,,,,,,,,,,,,,,,,,,,
244,247,3.88,3.94,3.94,74.10462625,39.89789567608187,137.09153058333334,66.03515391540614,63.95767145833334,43.12976814142693,703.6001639834534,13.87201316399329,0.23151157969036837,0.03716565493324219,0.90461642982125,122.75358567015036,64.77277649816577,8.860095985974974,0.12851612499999995,121.01942055759835,54.22321263587874,1277.26,84.52450401132529,273.64830859704244,30.081271895068983,223.64392903714213,1416.36,53.743493,74.0784585,4.112847769907273,5.417704039521039,0.029380693216980683,0.014294223547909778,182.6075376219918,103.23868167354912,3588.22,0.1568359375,0.031287841796875,0.0364599609375,0.00055908203125,0.0,0.0259521484375,0.005654296875,0.000885009765625,0.006968994140625,0.000379638671875,0.330001220703125,0.0949462890625,0.012818603515625,0.0002294921875,0.001851806640625,0.000623779296875,0.00016845703125,0.023182373046875,0.00130126953125,0.002730712890625,0.00254150390625,0.002921142578125,0.0001171875,0.095625,0.001314697265625,0.09721435546875,0.002484130859375,0.000731201171875,0.0,0.015552978515625,0.011983642578125,0.001292724609375,0.5575943602870862,-1.4444004196139197
245,248,1.04,1.28,1.1,,,,,,,,,,,,,,,,,,,,,,,,,,,,,,,,,,,,,,,,,,,,,,,,,,,,,,,,,,,,,,,,,,
246,249,3.26,3.1,2.66,83.85406620833334,40.10881930401965,138.69180104166665,65.84043574060871,60.42852429166666,40.266145070373355,651.2127713880606,13.13700141246828,0.2477735898805845,0.03893693998057799,0.9105411992683536,123.68634424579697,64.25273523507262,8.769056757606144,0.12218341666666664,120.28856832189383,53.0173827093171,1247.84,88.43662711005449,278.835576603733,30.98074929156348,224.0542410820777,1253.46,52.373487999999995,74.97995533333334,3.884362055428072,5.084821647251663,0.028458684379846243,0.013296470228564974,183.79563762662178,104.13912811381766,3557.82,0.18285400390625,0.023426513671875,0.023955078125,5.126953125e-05,0.0,0.015736083984375,0.00128173828125,0.0,0.005443115234375,0.00093994140625,0.35447509765625,0.083775634765625,0.012852783203125,0.000167236328125,0.002274169921875,0.00158447265625,0.0002001953125,0.0142919921875,0.00100830078125,0.002449951171875,0.002579345703125,0.00288818359375,0.000252685546875,0.07783203125,0.00112060546875,0.118004150390625,0.002630615234375,0.000731201171875,0.0,0.0117578125,0.031334228515625,0.00130615234375,0.5196843652477956,-1.7732935683012883
247,250,2.76,4.72,4.74,78.86680979166667,38.50483784240726,136.803195875,66.64023889306482,62.863221375,40.551008390793235,678.4422056356519,13.581712334022859,0.23591076943423822,0.03249592663859964,0.9072102477270185,122.2480668496442,64.70719768488972,8.847452626704127,0.12776587499999997,117.92706695444701,53.30336172348478,1248.52,86.73359380085031,279.1452243928241,29.723868200488088,240.12614703239566,1347.28,52.29204141666667,76.49067191666667,4.113378595832984,5.325034868963927,0.02891079558140647,0.014043431343696318,183.64324140720825,104.23727670946897,3607.68,0.171126708984375,0.027550048828125,0.029486083984375,0.00055908203125,0.0,0.018140869140625,0.00333251953125,0.000885009765625,0.0056103515625,0.000810546875,0.3416015625,0.0912158203125,0.010010986328125,6.2255859375e-05,0.001593017578125,0.00072021484375,0.000166015625,0.021087646484375,0.000413818359375,0.00377197265625,0.0024365234375,0.002994384765625,3.2958984375e-05,0.08929931640625,0.001151123046875,0.1030859375,0.001767578125,0.000731201171875,0.0,0.0136376953125,0.0309814453125,0.000970458984375,0.5371013858489785,-1.6221899150209635
248,251,1.98,4.24,2.98,80.82566758333333,40.77058917922834,137.589505125,67.28611646362822,66.42253575,42.31592987551393,654.9616432926254,13.013348335621506,0.2503474478243696,0.04106395497349964,0.9154925990087779,121.64012027559167,65.38983342178837,8.719508503656074,0.11789099999999998,119.41144611334573,53.17318687360076,1222.94,83.2879452822325,247.73839427285148,29.627217964178552,182.7195064441265,1290.26,50.76883808333333,76.24869941666667,4.1137892639452565,5.366634928042687,0.029152441517160576,0.014183181108816676,183.6312087214046,104.29012582956462,3519.58,0.19853515625,0.02782958984375,0.035860595703125,5.126953125e-05,0.0,0.00589111328125,0.004395751953125,0.0,0.00319580078125,0.00119140625,0.330357666015625,0.096268310546875,0.006810302734375,0.0002294921875,0.002340087890625,0.000115966796875,7.32421875e-06,0.022952880859375,0.00057861328125,0.00395751953125,0.00236328125,0.0005126953125,0.000118408203125,0.07154541015625,0.000452880859375,0.1060693359375,0.00030029296875,0.0,0.0,0.009150390625,0.0329150390625,0.00128173828125,0.5454470366480119,-1.549786123717521
249,252,5.4,4.26,4.74,55.48527441666667,27.90507869160735,134.4806514583333,68.21423985891515,94.94498695833335,54.746548445375936,1044.3735950313007,19.377666818766617,0.1766474350156522,0.03613991148709754,0.8634549079622641,121.07244497141247,64.30309560747621,9.212937646971556,0.22533854166666664,117.16383369448657,52.21755011544612,2049.38,57.58416988410323,282.24249184367807,19.43558081201635,188.59079909834415,3066.6,46.222246500000004,81.46683466666667,3.4191774766226426,3.982630233331644,0.029201663644324402,0.012974992342648248,179.5173245833307,101.72581197090301,5728.5,0.1756787109375,0.042803955078125,0.122572021484375,0.038868408203125,0.0209765625,0.000653076171875,0.013846435546875,0.0091943359375,0.002774658203125,0.000133056640625,0.000731201171875,0.37374267578125,0.074505615234375,0.0431982421875,0.0,4.8828125e-06,0.0035546875,0.001400146484375,0.00018310546875,4.150390625e-05,6.103515625e-05,0.000118408203125,1.220703125e-06,0.003658447265625,1.220703125e-06,0.003446044921875,0.0,0.03849609375,0.009510498046875,0.0,0.0,0.0,0.9077391103427889,1.5933264179342614
250,253,4.92,4.82,4.12,54.50794470833333,27.02531597195091,133.04222733333333,66.67302564008719,92.579689375,55.8987723364287,1266.3239191319879,21.87200899891967,0.15628925914856548,0.03383847335400396,0.8287056800898678,120.66186188856233,63.70743556050175,9.402991908139017,0.24147591666666662,122.55837418910873,54.4687773874951,2131.34,55.91354351063095,288.40993634739925,18.993306727346067,184.3158480097324,3405.48,50.35925708333333,78.34896141666667,3.4265930943439313,3.8916457421641213,0.03138886571903762,0.014201509989730052,179.87369243244706,101.94411711703883,6172.94,0.142772216796875,0.04010498046875,0.121851806640625,0.06566650390625,0.02038818359375,0.0009326171875,0.007467041015625,0.001640625,0.001800537109375,0.0001611328125,0.00129150390625,0.38326904296875,0.095677490234375,0.048232421875,2.44140625e-05,7.32421875e-06,0.003829345703125,0.00125,0.000172119140625,3.7841796875e-05,0.0,0.0,0.0,0.0036669921875,1.220703125e-06,0.0,1.220703125e-06,0.028758544921875,0.02061279296875,0.0,0.0,0.0,0.9170878268951184,1.6744324381248379
251,254,4.68,5.14,4.4,54.423576125,28.55480766541757,133.90137833333333,66.483767176488,92.897271875,56.10154281208319,1120.4067545995288,20.218051054344595,0.1770852162001311,0.041785079657623535,0.8492536614773202,121.1141364215773,63.367777224116814,9.213246574227115,0.2315808333333333,119.30781687468783,53.04163449870809,2059.26,57.08835092035425,298.32049519843343,20.027095286267127,197.31430685080034,3182.8,47.97762675,77.98735325,3.42204787646089,3.999853917723336,0.030153272242096504,0.013578100069182635,180.17514548534626,101.97742341431398,5995.18,0.17246826171875,0.040926513671875,0.121629638671875,0.0537060546875,0.015931396484375,0.000992431640625,0.0101318359375,0.010245361328125,0.0016943359375,4.7607421875e-05,0.000662841796875,0.382742919921875,0.0924462890625,0.035057373046875,2.3193359375e-05,4.8828125e-06,0.00382568359375,0.001197509765625,2.44140625e-06,0.000189208984375,1.220703125e-06,0.0,0.0,8.544921875e-06,1.220703125e-06,0.003446044921875,1.220703125e-06,0.020762939453125,0.01136474609375,0.0,0.0,0.0,0.91028084165419,1.6153775422685586
252,255,4.18,3.1,4.04,,,,,,,,,,,,,,,,,,,,,,,,,,,,,,,,,,,,,,,,,,,,,,,,,,,,,,,,,,,,,,,,,,
253,256,1.92,4.8,3.9,77.712173,39.688794296294006,138.6547725833333,67.50729902012154,66.49725470833333,43.03286998817196,688.1727184831112,13.338843793046921,0.24678301165051741,0.03908547202605174,0.9089467859538164,123.10278910565177,65.46554854902462,8.74491212898915,0.12256216666666664,119.33803077063223,53.73580866711179,1213.72,81.99888059959427,270.0839950971616,29.362953127639493,219.72460000716623,1316.56,50.683443749999995,78.42544041666667,4.07544778352847,5.316509103433044,0.029687653831528996,0.014522433159326007,183.80909052761598,104.23810908942407,3511.64,0.20337158203125,0.034295654296875,0.030020751953125,0.000565185546875,0.0,0.01112060546875,0.0017138671875,0.000885009765625,0.00556884765625,0.000787353515625,0.280640869140625,0.1041357421875,0.015162353515625,0.0,0.00133056640625,0.001251220703125,0.0002001953125,0.017840576171875,0.001397705078125,0.00300048828125,0.00069091796875,0.0027783203125,0.0003076171875,0.099482421875,0.001376953125,0.10280517578125,0.00083251953125,0.0,0.0,0.0174853515625,0.0261279296875,0.001134033203125,0.5562406800508328,-1.4561444505681782
254,257,3.7,2.06,2.04,,,,,,,,,,,,,,,,,,,,,,,,,,,,,,,,,,,,,,,,,,,,,,,,,,,,,,,,,,,,,,,,,,
255,258,2.4,4.42,3.78,81.26142670833333,39.991969207681244,138.85643587500002,66.89987231662536,64.25664758333333,41.45569019795767,677.2911068384482,13.266903462312628,0.24968681284812688,0.04047278271964143,0.9090667273123602,123.45482328407621,65.26293611050123,8.75391978635459,0.11883791666666664,120.53319222909394,53.74187111755935,1207.88,84.95448391049625,268.0671506438528,29.972637934291793,230.42671721057678,1271.24,51.828800666666666,77.08593549999999,4.16749342169491,5.416354164918704,0.02939608983755535,0.01440575823779288,184.13581948586827,104.1548579940858,3452.6,0.19025634765625,0.026890869140625,0.03503662109375,0.00052001953125,0.0,0.01752685546875,0.00131591796875,0.000885009765625,0.003819580078125,0.00095947265625,0.34811279296875,0.071243896484375,0.006075439453125,0.00018798828125,0.0022607421875,7.2021484375e-05,0.00016357421875,0.017635498046875,0.000556640625,0.00341064453125,0.002607421875,0.002708740234375,0.000118408203125,0.070906982421875,0.001090087890625,0.112320556640625,0.001978759765625,0.000731201171875,0.0,0.01690673828125,0.026915283203125,0.001317138671875,0.52997205021958,-1.684041404074752
256,259,3.68,2.9,2.64,,,,,,,,,,,,,,,,,,,,,,,,,,,,,,,,,,,,,,,,,,,,,,,,,,,,,,,,,,,,,,,,,,
257,260,3.3,3.18,3.28,,,,,,,,,,,,,,,,,,,,,,,,,,,,,,,,,,,,,,,,,,,,,,,,,,,,,,,,,,,,,,,,,,
258,261,3.54,2.54,3.0,,,,,,,,,,,,,,,,,,,,,,,,,,,,,,,,,,,,,,,,,,,,,,,,,,,,,,,,,,,,,,,,,,
259,262,2.9,4.54,4.02,82.62245879166667,42.4440494380036,139.69892929166667,66.0802502203714,60.16133383333334,39.02585188416079,651.902057984123,12.992026538932242,0.2434659628126386,0.035303446839337414,0.9116687702061735,124.53709934203076,63.96200151166405,8.775315087321582,0.11619545833333329,120.65193097667787,53.38798930954513,1203.62,87.16812754197282,265.00910990970607,30.420319059038093,223.52313208372024,1162.42,52.293065166666665,76.35438783333333,3.8690997450408497,5.127131524572393,0.02891270002796984,0.013813475169954736,183.64624096340577,104.45772537417399,3525.06,0.185966796875,0.03035400390625,0.02047607421875,0.00052001953125,0.0,0.030498046875,0.0027880859375,0.000885009765625,0.00542236328125,0.00111328125,0.3403564453125,0.07247314453125,0.00904541015625,0.000157470703125,0.001636962890625,0.00222900390625,5.4931640625e-05,0.016722412109375,0.00108154296875,0.002557373046875,0.00037109375,0.002100830078125,0.0002197265625,0.096083984375,0.001029052734375,0.1128173828125,0.001719970703125,0.000731201171875,0.0,0.01182373046875,0.02153076171875,0.001282958984375,0.5271896475946847,-1.708180504047449
260,263,6.56,3.78,4.52,56.57335633333333,28.190297567749905,136.909694875,66.04302990901789,92.92910295833333,53.77970662429621,978.5743762206789,18.78461111165356,0.18220007032110352,0.04075069375492017,0.8617730507535905,122.99676957136728,62.761644097953,9.144116293834497,0.22274541666666664,117.43996437622873,51.883772585296,2016.06,59.74416838705237,301.848005009888,20.546208985324924,203.6325726744255,2923.0,46.114377,78.99179066666666,3.413718491061413,3.8910928767692496,0.02924961884048091,0.013188111587504507,180.60988557298265,101.47072147473486,5787.9,0.173988037109375,0.041517333984375,0.10495849609375,0.02484375,0.027911376953125,0.000911865234375,0.00995849609375,0.00955810546875,0.002723388671875,0.000155029296875,0.00051025390625,0.384998779296875,0.0927001953125,0.049951171875,2.3193359375e-05,4.8828125e-06,0.00383544921875,0.001329345703125,0.00018310546875,0.00019287109375,5.9814453125e-05,0.000118408203125,1.220703125e-06,0.0,0.0,0.002696533203125,0.0,0.032432861328125,0.019661865234375,0.0,0.0,0.0,0.9075937459677756,1.5920652901774388
261,264,2.56,3.56,3.44,77.79793620833333,40.165270124652125,134.00437308333335,66.04808155616111,63.19428191666667,41.155668950709234,731.6126396925737,14.224387434051817,0.22813436966337072,0.033862808713293446,0.9013830224925714,120.04928022761878,64.13613181363716,8.895689696992106,0.13399454166666663,119.2290314284965,53.135832826427034,1318.04,82.95632159202701,263.6470942087631,27.77667565969512,218.9498827502808,1461.96,53.98941083333333,73.98369916666667,4.075554249510106,5.105932038119657,0.029149383288870373,0.014194158642871966,183.5091608318046,104.5353148067192,3852.0,0.157188720703125,0.0227197265625,0.03639892578125,0.000565185546875,0.0,0.022342529296875,0.004312744140625,0.000885009765625,0.0059130859375,0.0009326171875,0.33354736328125,0.101807861328125,0.014796142578125,0.000113525390625,0.00195556640625,0.00223876953125,0.00019287109375,0.02145751953125,0.00107666015625,0.002391357421875,0.00233154296875,0.002811279296875,0.0003369140625,0.08704833984375,0.0010693359375,0.08728759765625,0.002427978515625,0.000731201171875,0.0,0.01855712890625,0.028314208984375,0.00097900390625,0.5460894171935563,-1.5442130667951801
262,265,3.66,4.36,3.86,83.05396858333333,39.37954478155701,138.08732175,67.1906320406547,59.30240825,40.00215175501574,686.4898545551271,13.7756727006897,0.23606925730210926,0.03967215718991586,0.9124919525474017,124.06810942052641,65.97371594496595,8.839585201263185,0.1300878333333333,120.45215373341969,53.186325950435105,1334.12,85.310500121356,270.58563826037806,29.226040342493466,228.750777181578,1375.0,51.9779125,76.27630666666667,3.8328710554032694,4.96009058718269,0.028529458951525814,0.013280483651104206,182.798294405344,104.36185496137722,3872.26,0.17209228515625,0.028369140625,0.0277099609375,5.126953125e-05,0.0,0.019334716796875,0.005399169921875,0.0,0.005032958984375,0.000985107421875,0.347353515625,0.1069189453125,0.01546142578125,0.000208740234375,0.002232666015625,0.00072998046875,0.0001513671875,0.01877685546875,0.001043701171875,0.003829345703125,0.00029052734375,0.00083984375,0.00031005859375,0.07781982421875,0.00038330078125,0.10947265625,0.001806640625,0.0,0.0,0.0059912109375,0.024698486328125,0.0010205078125,0.5473641313094253,-1.5331541168056093
263,266,1.2,4.46,3.16,77.85391066666666,39.05271092449243,137.34089866666667,66.55491174609712,64.80910191666666,42.90098010207268,712.6977918877972,14.013330091955492,0.2304188497495767,0.033566698400989387,0.9051094642088142,122.64930504928444,64.63853844308173,8.890825207349282,0.13139124999999996,119.8262150858053,52.830066940580544,1298.52,82.07143953746619,259.87670723942256,28.37530735529468,213.84822439284665,1427.58,53.20371358333334,75.03634108333334,4.079395980119403,5.173787726625737,0.029121259367346875,0.01401686325633738,183.37211509412396,104.49026146355136,3818.02,0.1683251953125,0.023887939453125,0.03113037109375,5.126953125e-05,0.0,0.017200927734375,0.005589599609375,0.0,0.005909423828125,0.000611572265625,0.33806396484375,0.115037841796875,0.011922607421875,0.000113525390625,0.001446533203125,0.000712890625,1.953125e-05,0.019193115234375,0.001298828125,0.00189697265625,0.0024072265625,0.002440185546875,0.00033447265625,0.076431884765625,0.000914306640625,0.110732421875,0.002371826171875,0.000731201171875,0.0,0.010921630859375,0.02666259765625,0.000780029296875,0.5597858308733259,-1.4253880282744555
264,267,2.12,3.98,3.52,84.470332375,40.5636303766199,137.20364425,66.37443411082926,63.0972095,40.56059301160927,628.4428716398689,12.698457627514092,0.25648233534566184,0.03955353165591566,0.914535660677433,122.03675269631037,64.51917951082781,8.700664466616809,0.1149250833333333,119.06924497971816,52.713064744510014,1174.2,85.84165651825698,251.20777847082903,30.440702580988113,217.79433379484067,1208.54,51.92794816666667,73.83720083333334,4.119654356780638,5.252159142505248,0.028876171674499598,0.01402215448088745,184.57134262024283,104.44985051133706,3361.3,0.192386474609375,0.0264794921875,0.022662353515625,5.126953125e-05,0.0,0.030994873046875,0.000703125,0.0,0.002498779296875,0.0011279296875,0.349166259765625,0.078734130859375,0.008389892578125,0.00013671875,0.001624755859375,0.00203857421875,0.0001904296875,0.012620849609375,0.001248779296875,0.00316162109375,0.000350341796875,0.000872802734375,8.544921875e-05,0.080731201171875,0.00136474609375,0.122911376953125,0.00178466796875,0.000731201171875,0.0,0.00666259765625,0.033870849609375,0.0010693359375,0.5166387728676967,-1.7997160056155326
265,268,1.52,5.88,4.1,79.19300508333333,38.83468163562194,140.58208879166668,67.79711560288116,61.69479616666666,41.049586134527544,687.4411286465541,13.23084677219319,0.2521502042426091,0.0406885194933249,0.9118526248279373,125.6032431097306,66.01535780796816,8.749790709336885,0.1195943333333333,121.47769356648277,54.10066537570119,1185.94,83.86362821710321,269.63928410298917,29.975232836034003,211.03693802657253,1286.68,52.40316808333333,78.80923558333333,4.129918589699805,5.4133090598213665,0.029606150998010936,0.014357888820880182,183.8516368732363,104.46506449164741,3353.7,0.199306640625,0.0257958984375,0.03626708984375,6.103515625e-06,0.0,0.004844970703125,0.00503173828125,0.0,0.006561279296875,0.0009130859375,0.32923583984375,0.079215087890625,0.010289306640625,0.000208740234375,0.0021435546875,0.001558837890625,0.000203857421875,0.013712158203125,0.001363525390625,0.003623046875,0.002540283203125,0.002777099609375,0.000115966796875,0.084710693359375,0.001248779296875,0.111617431640625,0.001845703125,0.000731201171875,0.0,0.017730712890625,0.02408203125,0.00142333984375,0.5302155172806062,-1.6819291735608852
266,269,6.14,6.08,6.04,57.16181458333333,29.614146148802728,135.80994170833333,68.22516763431994,93.089789,55.16204709762619,1073.8731646504696,19.54472325461406,0.17879651609430236,0.036665846996878325,0.8590288121179341,122.13909626378228,64.53133230086851,9.234916565246031,0.222053125,118.25185653798542,52.39858860687565,2016.5,58.12238939534895,275.59261941376434,19.626894607557233,179.13924783546543,2997.58,48.03282266666667,81.9953705,3.4565497801165477,3.939380166443168,0.02990087019943331,0.013309888876289,179.491643923053,101.9598147902876,5827.82,0.177529296875,0.05370361328125,0.100968017578125,0.06260009765625,0.0221728515625,0.000394287109375,0.005670166015625,0.009266357421875,0.001239013671875,2.44140625e-05,0.00083251953125,0.3764111328125,0.0760400390625,0.045487060546875,6.103515625e-06,4.8828125e-06,0.003544921875,0.000101318359375,2.44140625e-06,0.000189208984375,1.220703125e-06,0.0,0.0,8.544921875e-06,1.220703125e-06,0.00074951171875,0.0,0.02689208984375,0.0189013671875,0.0,0.0,0.0,0.9108080933207786,1.619951783457334
267,270,2.34,2.28,2.48,,,,,,,,,,,,,,,,,,,,,,,,,,,,,,,,,,,,,,,,,,,,,,,,,,,,,,,,,,,,,,,,,,
268,271,2.7,2.82,2.48,,,,,,,,,,,,,,,,,,,,,,,,,,,,,,,,,,,,,,,,,,,,,,,,,,,,,,,,,,,,,,,,,,
269,272,3.38,3.62,4.02,,,,,,,,,,,,,,,,,,,,,,,,,,,,,,,,,,,,,,,,,,,,,,,,,,,,,,,,,,,,,,,,,,
270,273,3.82,3.56,3.6,,,,,,,,,,,,,,,,,,,,,,,,,,,,,,,,,,,,,,,,,,,,,,,,,,,,,,,,,,,,,,,,,,
271,274,1.98,3.46,2.98,79.85004808333333,39.38849042433106,136.093573,67.40011914205665,64.08695804166666,41.286913684093996,647.9795133765804,12.725416861649828,0.2566988054828372,0.041299423481553174,0.9138851232890822,121.46068232327546,65.34610439593362,8.669197654740447,0.11282204166666662,118.20480552222436,53.36734358008084,1134.88,85.52138800054419,252.4605524252561,30.3351365200841,212.97198935021072,1202.22,51.02520525,77.83522008333334,4.158600360209402,5.488089737045352,0.029576851797804303,0.014595982823161378,183.91603755347364,103.48520236047392,3305.0,0.192354736328125,0.036416015625,0.0294970703125,0.00052001953125,0.0,0.016351318359375,0.002874755859375,0.000885009765625,0.005115966796875,0.0007861328125,0.306585693359375,0.09108154296875,0.008123779296875,7.2021484375e-05,0.00203857421875,0.00171875,5.0048828125e-05,0.0086376953125,0.001129150390625,0.002325439453125,0.002337646484375,0.0021826171875,0.000330810546875,0.084908447265625,0.000872802734375,0.119404296875,0.00016845703125,0.0,0.0,0.01583251953125,0.030123291015625,0.001585693359375,0.5434502141611354,-1.5671098198667257
272,275,3.86,3.58,3.84,,,,,,,,,,,,,,,,,,,,,,,,,,,,,,,,,,,,,,,,,,,,,,,,,,,,,,,,,,,,,,,,,,
273,276,3.62,3.26,3.04,,,,,,,,,,,,,,,,,,,,,,,,,,,,,,,,,,,,,,,,,,,,,,,,,,,,,,,,,,,,,,,,,,
274,277,4.88,4.84,5.0,53.6047355,26.127145909942584,135.37542020833334,66.09481020670421,97.53116016666667,54.35301639587052,1088.8127070648989,19.934193078002448,0.17247553908837204,0.034580745952924125,0.8449271750628524,121.36998662652609,62.61137418221465,9.24879166267006,0.22833654166666664,117.96382417827694,52.131194811399276,2061.78,58.90907474160465,290.8769854625661,20.306056400011474,193.85564197871813,3071.24,46.97356416666666,80.29822116666666,3.4056056493276463,3.943812194873808,0.02984303521521373,0.013197473624203569,180.19770662002574,101.90922760131114,5957.34,0.16592041015625,0.050814208984375,0.110357666015625,0.047913818359375,0.020406494140625,0.0001123046875,0.0115185546875,0.004183349609375,0.0029833984375,0.0001220703125,0.00068603515625,0.376605224609375,0.116556396484375,0.04470947265625,1.708984375e-05,4.8828125e-06,0.00383544921875,0.000426025390625,0.00018310546875,0.00019287109375,6.103515625e-05,0.000118408203125,1.220703125e-06,0.0036669921875,0.0,0.002694091796875,1.220703125e-06,0.01076171875,0.017908935546875,0.0,0.0,0.0,0.9090617871078076,1.6048014741955927
275,278,5.34,4.94,4.12,53.79629325,26.899671018208366,133.30187670833334,67.0362133304749,92.02365720833333,54.81424296731097,1111.1188134994027,20.165171703049406,0.1670228074820993,0.03764856812262702,0.8479740058067526,120.62546780210992,64.1450670800522,9.269616118491955,0.2300813333333333,119.82486319285069,53.27194450819596,2084.88,57.203633350499004,276.2761269152712,18.7375448854743,173.28994892111456,3187.06,47.812406833333334,79.70264283333333,3.4007081154911196,3.9075877568324904,0.030315638355599868,0.013867905112518689,180.27044599706304,101.66341495352825,6018.76,0.149417724609375,0.048568115234375,0.0900048828125,0.05669189453125,0.020093994140625,0.000140380859375,0.013480224609375,0.008094482421875,0.003089599609375,0.000128173828125,0.00142822265625,0.39194580078125,0.104259033203125,0.03661376953125,1.8310546875e-05,7.32421875e-06,0.00383544921875,0.000238037109375,0.000172119140625,0.000189208984375,1.220703125e-06,0.0,0.0,0.0036669921875,0.0,0.002696533203125,1.220703125e-06,0.03622802734375,0.02061279296875,0.0,0.0,0.0,0.9153631675960454,1.6594699295120787
276,279,4.38,4.1,4.7,52.64317604166666,27.667882821405357,133.68763041666668,65.40031777497296,97.14857233333333,54.785043802033904,1120.0642100102384,20.44123428056308,0.16148664441298483,0.03441306153683846,0.8392488929900698,120.23783540877945,62.19624172109876,9.307531347111095,0.2340263333333333,120.0106707929985,52.4138141217011,2106.76,57.6543765179446,291.01870001820134,19.89608358082563,194.8042494797065,3175.92,49.093289416666664,77.03992491666666,3.4430598822733174,3.9235337329354745,0.030010742845171218,0.013454159368183989,180.07463538636148,101.94014391710931,6193.8,0.15684326171875,0.044063720703125,0.128677978515625,0.0390673828125,0.0148681640625,0.000911865234375,0.01236083984375,0.003095703125,0.002877197265625,4.150390625e-05,0.001649169921875,0.388568115234375,0.100460205078125,0.038948974609375,2.44140625e-05,7.32421875e-06,0.003831787109375,0.0014013671875,1.3427734375e-05,0.00019287109375,6.103515625e-05,0.000118408203125,1.220703125e-06,0.0036669921875,1.220703125e-06,0.000751953125,1.220703125e-06,0.036109619140625,0.00298095703125,0.0,0.0,0.0,0.9118626344361468,1.6291005936192529
277,280,1.34,5.72,4.6,76.42572429166667,39.38325046949745,137.27796016666667,66.34998125828734,63.261310125,41.46714217752186,700.7414452574495,13.797757867778271,0.23723638344164905,0.03817988492193782,0.9069977668806221,122.80922762327377,64.3391876784547,8.818577720792382,0.12957141666666663,119.99818653021372,53.614294839931574,1285.82,80.18597568947425,252.53035616358522,28.99363075279887,212.27960073346168,1441.1,50.52692608333333,75.49667208333334,3.8740752174351427,5.136968934855853,0.029005052950613185,0.013900643194474791,183.53076741702222,103.89408547891792,3752.1,0.179013671875,0.027171630859375,0.038004150390625,6.103515625e-06,0.0,0.0175634765625,0.00524658203125,0.0,0.005859375,0.00078369140625,0.296739501953125,0.11129150390625,0.011214599609375,0.000113525390625,0.001761474609375,0.001268310546875,5.4931640625e-05,0.02334716796875,0.001395263671875,0.0015185546875,0.00041259765625,0.002100830078125,0.0003125,0.08400146484375,0.001373291015625,0.11077392578125,0.00099609375,0.0,0.0,0.016146240234375,0.02971923828125,0.00044677734375,0.5645454157399674,-1.3840956236826836
278,281,2.86,4.38,3.82,79.02194383333334,41.676534068084926,139.708223375,66.2350158000134,63.81102333333333,41.57816185648023,685.1319446818416,13.436667443376628,0.2434573871791671,0.041235808198832595,0.9064565789263966,124.33777734515793,64.58757888444187,8.757605511337477,0.12211666666666664,121.03457192163688,53.53650924161906,1236.26,86.3618384842275,276.7668505021204,30.93270513809971,224.89540316146963,1283.8,51.59475808333334,75.24641808333334,4.0989882056947025,5.2143312192973745,0.029308147197346153,0.014242584394328484,182.9806685658867,103.58140157416547,3547.46,0.175657958984375,0.034190673828125,0.01971435546875,0.000565185546875,0.0,0.015977783203125,0.001534423828125,0.000885009765625,0.0065771484375,0.0010693359375,0.34811279296875,0.0872021484375,0.015142822265625,0.00013671875,0.001156005859375,0.0016015625,0.000203857421875,0.014930419921875,0.0014599609375,0.00277099609375,0.0025341796875,0.00295654296875,0.00024658203125,0.088798828125,0.001175537109375,0.110289306640625,0.00151123046875,0.0,0.0,0.0122607421875,0.031463623046875,0.000872802734375,0.5307619025788092,-1.6771889360341796
279,282,4.18,3.56,3.94,,,,,,,,,,,,,,,,,,,,,,,,,,,,,,,,,,,,,,,,,,,,,,,,,,,,,,,,,,,,,,,,,,
280,283,4.48,3.54,3.64,,,,,,,,,,,,,,,,,,,,,,,,,,,,,,,,,,,,,,,,,,,,,,,,,,,,,,,,,,,,,,,,,,
281,284,1.46,1.28,3.9,,,,,,,,,,,,,,,,,,,,,,,,,,,,,,,,,,,,,,,,,,,,,,,,,,,,,,,,,,,,,,,,,,
282,285,4.42,4.12,4.36,56.21817083333333,27.7919862454671,133.864641375,66.82506591736373,95.782092625,53.68964476986833,1078.7290355697585,19.78375106540075,0.16974223033991687,0.03309780963610137,0.8514000565126291,120.15659975549424,63.140163998567544,9.276672847090817,0.22731120833333332,118.58310799713098,53.0563908009841,2049.04,57.73847184147238,287.5491871916605,19.409776283975315,189.3308421118512,3082.06,47.676103999999995,79.16270349999999,3.4551257483765134,3.953547937213059,0.029819454680600672,0.0134731389834938,180.49784643471008,101.45884062933833,5847.02,0.158555908203125,0.037655029296875,0.126107177734375,0.048485107421875,0.027091064453125,0.000177001953125,0.010672607421875,0.00435791015625,0.0018798828125,0.000128173828125,0.000545654296875,0.368873291015625,0.093291015625,0.05268310546875,1.708984375e-05,4.8828125e-06,0.003829345703125,0.00035888671875,0.00018310546875,0.00019287109375,5.9814453125e-05,0.000118408203125,1.220703125e-06,8.544921875e-06,0.0,0.003446044921875,1.220703125e-06,0.02172607421875,0.01975341796875,0.0,0.0,0.0,0.9132745430993205,1.641349792950693
283,286,2.92,5.96,3.62,82.30146124999999,41.61474376338303,137.62165379166666,65.59491894722792,62.98807683333334,40.879791935205596,634.0603859162995,12.838818583520979,0.2465308651586321,0.037822605943007646,0.9125367905629826,121.9350220231836,63.861674677949935,8.723132172559787,0.11497729166666665,119.09924358029645,52.846973010321626,1198.94,85.49437106840516,262.9904698670616,28.941139541554847,220.1585013146544,1175.56,50.221598,75.52008133333334,3.919296432836133,5.2599026880535344,0.02869986671301888,0.013775651459844572,183.96146210106465,103.72519109423833,3451.72,0.184127197265625,0.023626708984375,0.0190185546875,0.000513916015625,0.0,0.0287109375,0.001390380859375,0.000885009765625,0.00728515625,0.00104736328125,0.329361572265625,0.081177978515625,0.010020751953125,0.000115966796875,0.002425537109375,0.00223388671875,5.7373046875e-05,0.01897705078125,0.00137939453125,0.00340576171875,0.00062255859375,0.002113037109375,0.00022705078125,0.096124267578125,0.001280517578125,0.113695068359375,0.00185302734375,0.000731201171875,0.0,0.00849853515625,0.02887451171875,0.00107421875,0.5156589811394577,-1.8082163176367916
284,287,1.9,5.14,3.18,79.15065704166666,41.61377931631345,138.75803895833332,67.26749022115044,66.27682375,42.46975682139769,684.5888368012564,13.44203991325805,0.2422145359115906,0.04024689897409495,0.9093602685526139,122.91197720630866,65.31790414664151,8.75786410148487,0.12080091666666663,119.41644731703671,53.44248010083932,1238.76,85.38684091344516,263.2563397548007,29.73306652750995,204.83159540641932,1289.24,51.129246583333334,77.36019175,4.106950201779028,5.289766614878724,0.02929417979517189,0.014321934912021703,183.9690085122828,103.69537424609098,3600.76,0.18517822265625,0.032100830078125,0.02547607421875,0.00052001953125,0.0,0.025704345703125,0.003282470703125,0.000885009765625,0.005927734375,0.000860595703125,0.3284130859375,0.0928515625,0.008076171875,0.00017822265625,0.0013232421875,0.00158203125,5.7373046875e-05,0.02561767578125,0.001221923828125,0.002393798828125,0.00247314453125,0.002320556640625,0.00033447265625,0.081072998046875,0.001009521484375,0.10093994140625,0.002484130859375,0.000731201171875,0.0,0.0118310546875,0.028487548828125,0.00044677734375,0.5487721719406075,-1.520938475094517
285,288,3.94,2.64,3.2,,,,,,,,,,,,,,,,,,,,,,,,,,,,,,,,,,,,,,,,,,,,,,,,,,,,,,,,,,,,,,,,,,
286,289,1.34,2.34,2.04,,,,,,,,,,,,,,,,,,,,,,,,,,,,,,,,,,,,,,,,,,,,,,,,,,,,,,,,,,,,,,,,,,
287,290,2.2,4.18,4.22,77.18218441666666,39.223654493888084,136.099157875,67.13709691693451,64.42081370833334,42.8438188224519,710.3120421034272,13.808971964811635,0.23581174871699442,0.035198858482625044,0.9078940313163824,121.84400029631256,65.96939177530383,8.839258526989667,0.12642316666666664,117.8431658436006,53.89231783386152,1271.52,82.64505079558045,261.0308506050053,29.00792729410755,225.06749562921982,1399.44,53.06366508333333,76.12878175,4.122143642005488,5.377537740178692,0.029425108899669962,0.01451769728088915,183.7287205628996,104.04658246923815,3618.32,0.17121337890625,0.0237158203125,0.029158935546875,0.00055908203125,0.0,0.009132080078125,0.00454833984375,0.000885009765625,0.007303466796875,0.00042236328125,0.328468017578125,0.104993896484375,0.012476806640625,6.2255859375e-05,0.0022998046875,0.001260986328125,0.000201416015625,0.02203369140625,0.001119384765625,0.002288818359375,0.002362060546875,0.002998046875,0.0001171875,0.104915771484375,0.001376953125,0.095821533203125,0.001019287109375,0.0,0.0,0.014140625,0.0180224609375,0.000394287109375,0.5616647301509983,-1.4090873904384549
288,291,5.34,6.06,6.2,,,,,,,,,,,,,,,,,,,,,,,,,,,,,,,,,,,,,,,,,,,,,,,,,,,,,,,,,,,,,,,,,,
289,292,2.36,4.24,4.02,77.91874879166667,39.290676704865206,137.78816266666666,65.2580991909407,65.874123375,42.397027618597505,695.745742085579,13.73296561690119,0.2359994832469422,0.03798641035339338,0.9058394475888797,122.20673126128936,63.508457812668524,8.84405448297402,0.12559749999999997,117.36400930410788,52.58993720146143,1276.54,88.40258511938283,266.5228552074737,31.04976765834061,228.75780032860217,1325.16,52.62964066666667,72.54235533333333,3.946217279648784,5.170303679411854,0.028515856726838425,0.013759621002717432,182.78955864518622,104.40742278990683,3658.34,0.16893310546875,0.029853515625,0.031861572265625,0.000565185546875,0.0,0.01826171875,0.00531982421875,0.000885009765625,0.005306396484375,0.00102294921875,0.3682177734375,0.08085693359375,0.0070751953125,0.0002294921875,0.002301025390625,0.001534423828125,5.37109375e-05,0.01572509765625,0.00139892578125,0.00345703125,0.00257568359375,0.00244873046875,0.0001123046875,0.08015869140625,0.00090087890625,0.09824951171875,0.001688232421875,0.0,0.0,0.016153564453125,0.025902099609375,0.001573486328125,0.5256912397959063,-1.7211801380080225
290,293,4.04,3.2,3.82,,,,,,,,,,,,,,,,,,,,,,,,,,,,,,,,,,,,,,,,,,,,,,,,,,,,,,,,,,,,,,,,,,
291,294,6.46,6.1,6.1,54.22345670833333,27.35005035861744,135.47199179166665,66.81161775862392,96.864096625,53.08012420126542,1142.741145512222,20.46042549566508,0.1672560328706166,0.03289502960092312,0.8443856278303873,121.40055063611499,63.08419047141392,9.29286488275684,0.23109837499999997,120.03247893341042,52.532304241024846,2093.48,57.50577943471435,287.86790675048735,19.59297625273805,191.03774453744643,3193.52,48.904779749999996,78.53967875000001,3.395748270192128,3.8923418917474417,0.030185548407473613,0.013379475511197858,179.7317808191612,101.62528456044332,6097.58,0.16654052734375,0.045750732421875,0.107374267578125,0.045205078125,0.02740478515625,0.000404052734375,0.0115673828125,0.0100732421875,0.001871337890625,0.000142822265625,0.000689697265625,0.38434814453125,0.0856787109375,0.044700927734375,2.3193359375e-05,0.0,0.00029052734375,0.00030517578125,0.0001806640625,0.000155029296875,6.103515625e-05,0.000118408203125,1.220703125e-06,0.0036669921875,1.220703125e-06,2.44140625e-06,1.220703125e-06,0.022855224609375,0.019735107421875,0.0,0.0,0.0,0.9104010526567208,1.6164204486337073
292,295,2.54,5.46,4.64,78.20577475,39.95479366788425,137.9705820416667,66.56703819340338,60.92105133333334,41.044732681836415,725.0818465295303,14.080328001478113,0.23347898764540861,0.03272704100534422,0.9022045601614544,124.26942272635914,64.77738436508552,8.88823032678521,0.13291929166666663,121.01161131706787,54.26765502643393,1306.84,84.37816171982779,274.36873275815833,27.33921545493554,218.94960015529267,1450.84,52.51301633333333,76.01257016666666,3.8571227484005903,5.007913556253982,0.0290052029622716,0.013759132668873283,184.29817244885098,104.01042443618715,3841.86,0.163343505859375,0.029959716796875,0.033746337890625,0.000565185546875,0.0,0.01066650390625,0.0040771484375,0.000885009765625,0.00493408203125,0.000733642578125,0.311805419921875,0.115760498046875,0.014278564453125,0.0002294921875,0.002291259765625,0.0010986328125,0.000185546875,0.021788330078125,0.000814208984375,0.0039599609375,0.002313232421875,0.0009619140625,0.0003369140625,0.094085693359375,0.001331787109375,0.120289306640625,0.00190673828125,0.000731201171875,0.0,0.01064453125,0.022142333984375,0.00139404296875,0.5425214799479009,-1.5751671757004002
293,296,6.98,6.36,6.44,55.78382658333333,27.749764363214553,134.24531766666666,67.8945688118175,94.68540666666667,54.79791783298904,1133.7284268931462,20.230172440055682,0.16928974105519817,0.029606317777846187,0.8509144049855678,120.59243402416628,63.914417981470045,9.323854925932867,0.22445974999999996,118.53869240749485,52.7793651302093,2037.58,58.437530222045936,283.29651423379875,20.031364973177066,188.15687444547987,3053.2,48.93000666666667,80.4498885,3.4412163844649757,3.932310184848642,0.030513399951262607,0.013625035436830737,179.55346827433794,102.05821972256534,5925.22,0.167525634765625,0.055677490234375,0.12898193359375,0.046444091796875,0.027679443359375,0.00097412109375,0.01235595703125,0.009276123046875,0.001531982421875,0.0001611328125,0.001466064453125,0.356202392578125,0.080440673828125,0.062672119140625,2.44140625e-05,2.44140625e-06,0.00029052734375,0.001148681640625,0.000169677734375,0.0,1.220703125e-06,0.0,0.0,0.0,0.0,0.003446044921875,0.0,0.025521240234375,0.008564453125,0.0,0.0,0.0,0.9134446627716454,1.6428256885456833
294,297,5.56,5.3,5.46,53.12660054166667,27.27226590293893,131.66167995833334,66.8594539150011,98.02858,55.84803999858266,1157.3477563008487,20.95209638564224,0.16011297807710229,0.03592999722654941,0.8423610185479586,118.54416087696383,63.71455146080802,9.332951471366446,0.24004191666666663,118.18929679175237,52.88960078688981,2156.66,58.80415818689872,312.4142830066482,20.756188733266775,211.07360632735973,3215.88,48.929431750000006,78.73631608333334,3.3892491365626647,3.830200912729805,0.030131312509143155,0.013309878698248014,179.5593113825285,101.83636679220226,6367.02,0.1463916015625,0.052711181640625,0.11240966796875,0.059041748046875,0.017457275390625,0.000870361328125,0.00962646484375,0.00930908203125,0.00157958984375,4.150390625e-05,0.000726318359375,0.414716796875,0.0818359375,0.044854736328125,2.3193359375e-05,0.0,0.000286865234375,0.001385498046875,1.0986328125e-05,0.000155029296875,6.103515625e-05,0.000118408203125,1.220703125e-06,8.544921875e-06,1.220703125e-06,0.002694091796875,1.220703125e-06,0.0245263671875,0.00851806640625,0.0,0.0,0.0,0.918247819972172,1.6844961106516294
295,298,2.88,4.12,4.5,78.04644516666666,40.79685539402895,140.81056316666667,66.53362586685019,67.73171183333334,44.367637302679206,737.7765518753092,14.174886049955003,0.23508281066096207,0.03651815272465588,0.9019855231251321,124.6109792480212,64.81520378756242,8.86842497610143,0.13127874999999997,121.90735618326671,53.42553125867683,1308.7,82.90122112574312,267.3366730223399,28.259528542700618,213.80288681647843,1418.18,51.7933875,76.00973433333334,4.037838589814861,5.119999949214402,0.029522537864110614,0.014342953023965465,182.65533661964014,103.9707180209257,3898.62,0.18575439453125,0.0203271484375,0.03889892578125,5.126953125e-05,0.0,0.03136962890625,0.00529296875,0.0,0.0054296875,0.000894775390625,0.32771728515625,0.089036865234375,0.00910400390625,0.0002294921875,0.001163330078125,0.000703125,1.8310546875e-05,0.023912353515625,0.001468505859375,0.003089599609375,0.0026171875,0.002376708984375,0.000115966796875,0.061663818359375,0.00096923828125,0.10591796875,0.001949462890625,0.000731201171875,0.0,0.01756591796875,0.031815185546875,0.0009912109375,0.5472562207012822,-1.5340903094812388
296,299,1.6,3.88,3.58,82.88135675,41.377014836025246,138.91525716666666,65.3779570674227,64.312793875,40.93341820899002,670.0117773904716,13.439540474679372,0.24437991682630714,0.039696266988747626,0.9063427534457271,123.26495543856402,63.57655384487341,8.800464720963243,0.12392762499999996,119.94690857217684,52.016245539360206,1267.72,86.08936673408743,250.6172249980911,30.86813343274615,220.9221272022182,1294.88,53.48513416666667,73.19604183333333,4.118442453492786,5.19609175971734,0.02888872597932789,0.013953404588062048,182.7327042731053,104.05823096140954,3688.06,0.1833544921875,0.026221923828125,0.03517578125,5.126953125e-05,0.0,0.029991455078125,0.002630615234375,0.0,0.005240478515625,0.001085205078125,0.37581787109375,0.06569091796875,0.011300048828125,0.00018798828125,0.001591796875,0.0011669921875,0.000152587890625,0.012001953125,0.00121337890625,0.003165283203125,0.000506591796875,0.000799560546875,8.544921875e-05,0.065411376953125,0.0009326171875,0.100361328125,0.001700439453125,0.0,0.0,0.012314453125,0.033084716796875,0.001678466796875,0.5250392666567454,-1.7268364167381032
297,300,2.48,4.92,4.42,77.75550958333334,40.567530008908825,138.54697983333332,66.62477767701493,63.47350304166666,41.86834969985909,707.3699510021137,13.940191977179875,0.23174517061230207,0.03263717981972706,0.9051334434118509,123.63063735503245,64.91115195114531,8.8677721136197,0.13034387499999997,121.58259842398861,54.12646638840828,1291.48,83.36245095518352,276.8191180797154,29.411168396785218,239.60233494043447,1410.48,53.01187208333333,75.83608475,4.061942030441292,5.363653113425539,0.029520089431113523,0.014164233468697884,183.25449991446837,104.17156726032518,3752.08,0.177950439453125,0.019866943359375,0.039879150390625,0.000565185546875,0.0,0.029930419921875,0.00413818359375,0.000885009765625,0.00586181640625,0.00079833984375,0.320635986328125,0.09208740234375,0.014876708984375,0.000113525390625,0.002171630859375,0.000748291015625,0.00016845703125,0.02024169921875,0.001015625,0.00438232421875,0.00069580078125,0.002706298828125,0.000306396484375,0.0931005859375,0.001173095703125,0.092366943359375,0.001619873046875,0.0,0.0,0.0186328125,0.019559326171875,0.00061279296875,0.5512560783910995,-1.4993890179473852
298,301,5.84,5.82,5.46,56.107968166666666,28.02557373572232,136.418038875,68.00255729507344,95.75095529166667,55.30309307121001,993.2115113521952,18.64338656241712,0.18734721214944916,0.03915512314595484,0.8648018696270189,122.39783489904238,64.20077868369427,9.162372196154406,0.21436329166666662,117.24121098557978,51.70186295213698,1967.72,58.17087525823006,258.2936643607128,18.804074164259518,162.68856098867553,2932.02,46.77101533333334,81.93169750000001,3.4559781981220925,4.063342871968162,0.02936885203718058,0.01334804263923629,180.46500985270058,101.2467775278701,5537.12,0.180418701171875,0.055491943359375,0.124515380859375,0.041146240234375,0.032672119140625,0.000955810546875,0.00988525390625,0.002666015625,0.002786865234375,0.0001611328125,0.00060546875,0.35655029296875,0.070291748046875,0.0533251953125,2.3193359375e-05,4.8828125e-06,0.00383544921875,0.0014453125,0.00018310546875,4.150390625e-05,6.103515625e-05,0.000118408203125,1.220703125e-06,0.003658447265625,1.220703125e-06,0.003446044921875,0.0,0.026466064453125,0.012315673828125,0.0,0.0,0.0,0.9040366618991427,1.5612053394371153
299,302,1.74,4.46,3.9,82.93692720833333,41.070225550938346,138.8352475,67.32422717231195,62.38252691666666,40.787120794791285,681.2578864498333,13.425032900226636,0.24084745660080542,0.0368369499879978,0.9104490699741649,123.76448817344361,65.62691783285469,8.802466262401682,0.12084541666666664,120.74006058190034,53.37468626405803,1228.3,89.1951271538751,264.2391582576568,30.60716131624992,209.4607751801845,1240.44,51.15653033333333,77.46072016666668,4.132584936911318,5.295427078364992,0.029188870913253076,0.014120695690443115,183.43922606960868,104.34068914219128,3631.76,0.1719873046875,0.032528076171875,0.02157470703125,0.00052001953125,0.0,0.018746337890625,0.0006396484375,0.000885009765625,0.00267822265625,0.00074462890625,0.347303466796875,0.09889404296875,0.005771484375,0.00013671875,0.001563720703125,0.00172607421875,4.39453125e-05,0.021917724609375,0.000828857421875,0.0040087890625,0.00025634765625,0.00021484375,0.00031005859375,0.083857421875,0.000936279296875,0.11999267578125,0.002496337890625,0.000731201171875,0.0,0.003673095703125,0.034356689453125,0.0005712890625,0.5315468313671188,-1.6703791830807708
300,303,2.56,3.6,3.9,78.247120625,41.89422189930865,133.91842375,65.79051050466317,63.22219066666666,41.431051839630555,670.2989756639466,13.365226757428983,0.23677485007913063,0.03643118843304274,0.9083829066878937,119.75417521288335,64.0291689062058,8.791954207144487,0.12364966666666664,118.9810894629695,53.77713428762147,1259.48,82.4001748364364,254.13679385267534,29.256389455629204,220.75820053049674,1345.7,51.960212750000004,73.84296158333333,3.9202710973623325,5.126831922965298,0.02898253657942125,0.014168706621505118,183.95855278375018,104.16685537678495,3581.6,0.1679443359375,0.03288330078125,0.031173095703125,0.000565185546875,0.0,0.023028564453125,0.002708740234375,0.000885009765625,0.005736083984375,0.00045654296875,0.3131640625,0.100955810546875,0.011046142578125,7.2021484375e-05,0.002303466796875,0.00223876953125,0.0001904296875,0.020557861328125,0.00157958984375,0.002064208984375,0.0002880859375,0.000880126953125,9.3994140625e-05,0.0999853515625,0.00115966796875,0.105592041015625,0.0016357421875,0.0,0.0,0.0123974609375,0.02122314453125,0.00102783203125,0.5525254922142409,-1.4883760513445798
301,304,6.06,5.52,5.78,54.529537041666664,27.2827496184319,133.54651541666667,67.10625350980571,94.85308654166667,55.6592333302747,1195.9337049815333,21.309731973289086,0.15903409577472474,0.035222974581286384,0.8382601099101946,120.37098360424757,63.733670555892274,9.38581895995596,0.24291058333333332,120.42292851115535,54.20576264999034,2130.06,57.59337703988616,313.5239275642195,20.56063616176305,213.16920936426231,3278.32,51.31023041666666,78.38632458333333,3.423777857464797,3.895244417648669,0.03068993360011804,0.013666027046733203,179.89009531801443,102.05213350260681,6315.92,0.15230224609375,0.03361328125,0.1251708984375,0.04317138671875,0.0214111328125,0.0009326171875,0.00873046875,0.00872802734375,0.001806640625,0.000157470703125,0.0007958984375,0.389254150390625,0.08974365234375,0.04505615234375,6.103515625e-06,4.8828125e-06,0.003548583984375,0.001258544921875,0.00018310546875,4.150390625e-05,6.103515625e-05,0.000118408203125,1.220703125e-06,8.544921875e-06,1.220703125e-06,0.003443603515625,1.220703125e-06,0.036883544921875,0.020654296875,0.0,0.0,0.0,0.9147240323900787,1.6539250279601407
302,305,3.98,3.26,3.82,,,,,,,,,,,,,,,,,,,,,,,,,,,,,,,,,,,,,,,,,,,,,,,,,,,,,,,,,,,,,,,,,,
303,306,1.42,5.54,4.56,81.53464425,39.944304469356055,137.07710916666667,66.6339942824438,63.786858249999995,41.97754516029415,682.8263012757352,13.491517914394755,0.23922398076884455,0.039545651476200365,0.912071804346094,121.85362353024482,65.40510200775435,8.813190281875936,0.12163241666666663,119.5976842847046,52.527035257342305,1243.46,88.11850326251334,258.08527199610876,28.777422463719546,182.85451064964755,1276.06,54.691319416666666,73.71214891666666,4.1763784500666326,5.4423955500628685,0.02895436247199584,0.014075568230141841,183.25075883860856,104.93228807578042,3633.74,0.167720947265625,0.020968017578125,0.03360107421875,0.000565185546875,0.0,0.00501220703125,0.004390869140625,0.000885009765625,0.004810791015625,0.00113037109375,0.3728662109375,0.08885986328125,0.0096923828125,0.0002294921875,0.002412109375,0.00056640625,2.197265625e-05,0.0165869140625,0.00069091796875,0.004530029296875,0.00244384765625,0.002398681640625,0.000330810546875,0.076651611328125,0.000390625,0.098631591796875,0.002440185546875,0.000731201171875,0.0,0.015650634765625,0.029190673828125,0.001358642578125,0.5271668184254542,-1.7083785615080822
304,307,1.84,4.1,3.7,78.18680441666666,39.69708087403795,138.778411375,66.29349901776632,63.99628191666667,42.114110466034745,705.7829610728791,13.75978741991502,0.23665889100569068,0.033014881170531515,0.9049665925901047,124.0090954836266,64.4069338618715,8.860562033942104,0.1259529583333333,122.73843124435456,53.35231592882449,1283.4,81.76968575550157,260.31640618580104,26.653478601715825,189.18676964212327,1368.52,51.245118416666664,75.32159858333334,4.0847573804812525,5.160201521283454,0.029644638100605736,0.01427776041304848,182.96868032676676,104.13530661692363,3665.26,0.177647705078125,0.027496337890625,0.027451171875,5.126953125e-05,0.0,0.0269580078125,0.001859130859375,0.0,0.00349609375,0.00057373046875,0.33311279296875,0.098675537109375,0.01514892578125,0.00013671875,0.002476806640625,0.00109375,0.000152587890625,0.026015625,0.0013232421875,0.00406982421875,0.002420654296875,0.001021728515625,0.0003369140625,0.080743408203125,0.001082763671875,0.102318115234375,0.001134033203125,0.0,0.0,0.01232177734375,0.023326416015625,0.000267333984375,0.550895304033072,-1.502518963347124
305,308,1.26,1.6,1.3,,,,,,,,,,,,,,,,,,,,,,,,,,,,,,,,,,,,,,,,,,,,,,,,,,,,,,,,,,,,,,,,,,
306,309,2.78,4.78,4.78,78.17608554166667,40.60189933464106,137.72259720833333,64.68570306209337,64.37556745833334,41.68010045607653,673.5034840003289,13.488704566149773,0.2335530939387936,0.03438766923555251,0.9044155592177785,122.17984006699797,62.625926137617,8.847290912680842,0.1224915833333333,119.10196557970508,52.49817136733914,1249.2,85.31003510564241,263.90191437463335,31.252605458756708,235.55041262100892,1298.64,52.686599083333334,71.72927675,3.9272996588785474,5.152932209394451,0.02875309308464712,0.013801921606466497,182.17296784775164,104.28531984589986,3639.9,0.17134033203125,0.0255859375,0.027646484375,4.5166015625e-05,0.0,0.018424072265625,0.002860107421875,0.0,0.00420166015625,0.000562744140625,0.361370849609375,0.08498779296875,0.0122509765625,0.000157470703125,0.00207275390625,0.000262451171875,0.000164794921875,0.0176025390625,0.00056640625,0.00177734375,0.0026806640625,0.003006591796875,0.000333251953125,0.078656005859375,0.00113525390625,0.103271484375,0.001195068359375,0.0,0.0,0.0136376953125,0.028809814453125,0.00122802734375,0.5453007217652143,-1.5510554977296585
307,310,5.8,5.44,5.78,56.27470491666667,28.440312666683763,135.39637354166666,68.027764735582,98.28009741666666,56.53011598407923,1094.0869127534822,19.846547886576726,0.180363353990718,0.03237006080839372,0.8540602512200813,121.6604416321574,63.990736634792704,9.232589386348314,0.2270485833333333,116.82962525791858,52.414435323237555,2029.14,57.467159964249404,296.4396641929212,19.39561971880828,194.24844400944184,3106.22,47.12386891666667,82.48526775,3.427779821405636,3.9898554883273887,0.02970286858499346,0.013218431853619714,179.67495344229425,101.61895041502,5729.0,0.18597900390625,0.055552978515625,0.121302490234375,0.04266357421875,0.02887939453125,0.000137939453125,0.010767822265625,0.008997802734375,0.002864990234375,1.0986328125e-05,0.000830078125,0.357999267578125,0.068436279296875,0.052833251953125,0.0,4.8828125e-06,0.003551025390625,0.00037109375,1.3427734375e-05,4.150390625e-05,6.103515625e-05,0.000118408203125,1.220703125e-06,0.0,1.220703125e-06,0.00074951171875,1.220703125e-06,0.026505126953125,0.01046142578125,0.0,0.0,0.0,0.9097689690502581,1.610936724160841
308,311,3.34,4.14,4.46,79.71048020833332,41.03689214077247,138.99070420833334,65.6716896628831,64.10434170833334,40.86204223892775,670.9219197229843,13.338756296359147,0.24066816157916887,0.03792977893936193,0.9084733751676027,123.27828728375894,63.75357888569492,8.808429642924652,0.12083920833333331,119.66581453333397,52.50270032252741,1241.56,87.36704372497306,256.0573083401916,31.039119100626795,215.78705118052667,1268.3,52.42625558333333,73.95168341666667,4.130065554496371,5.265240492054193,0.028786397119673207,0.013888707026788327,183.06105634067717,104.00914149176825,3554.98,0.173565673828125,0.025181884765625,0.02556396484375,4.5166015625e-05,0.0,0.021251220703125,0.003369140625,0.0,0.005802001953125,0.0010498046875,0.34860107421875,0.08365478515625,0.01427001953125,0.00017822265625,0.0024609375,0.00119140625,0.000162353515625,0.017117919921875,0.000830078125,0.003804931640625,0.000406494140625,0.002755126953125,0.000223388671875,0.0785986328125,0.00139404296875,0.112003173828125,0.00093994140625,0.0,0.0,0.015042724609375,0.0336376953125,0.001258544921875,0.520295113703689,-1.7679949397336363
309,312,6.02,3.7,4.86,55.9970795,28.340661202565208,134.17638629166666,67.24707822383148,91.14392174999999,55.18455659532415,1104.76337834822,20.1545130843774,0.17147156923659565,0.0355681494874154,0.8533543836792228,120.92953555211666,63.62228377830788,9.259868341068172,0.23112154166666662,118.68138932356099,52.90797213962539,2080.98,58.78619376889996,302.3687637979693,20.372437473594253,203.32245328976325,3092.44,46.829717499999994,81.11744316666667,3.4004083968259367,3.8776580659077826,0.02989121656705892,0.013292179366250413,179.91374134976803,101.72596867334295,6127.6,0.169183349609375,0.0446142578125,0.124276123046875,0.045498046875,0.0261669921875,9.8876953125e-05,0.00920166015625,0.009144287109375,0.00270751953125,0.000128173828125,0.001468505859375,0.370596923828125,0.07543701171875,0.0596728515625,1.8310546875e-05,7.32421875e-06,0.00383544921875,0.000194091796875,0.000172119140625,0.000189208984375,1.220703125e-06,0.0,0.0,0.003658447265625,0.0,0.00074951171875,0.0,0.04210205078125,0.002884521484375,0.0,0.0,0.0,0.9136569105143686,1.6446670717569882
310,313,6.12,5.42,4.54,81.49504391666666,40.956129842808934,137.098638125,66.74961458808868,63.015067499999994,40.908828340134434,667.6739084695695,13.113438253003583,0.249540585509477,0.037168110416296314,0.9140245902959727,122.38067047984755,64.88322770817821,8.740957347708642,0.11898791666666662,118.5302490321008,53.624915443546115,1216.34,85.75157059577771,249.06343869381857,28.28400564032912,174.19762490184613,1272.54,51.03359625,77.08089541666666,3.871051651920636,5.011888178979587,0.02906103485317693,0.014063986845667328,184.4032729355341,104.33569349313304,3505.26,0.1890185546875,0.030767822265625,0.015740966796875,0.000565185546875,0.0,0.018162841796875,0.004522705078125,0.000885009765625,0.005360107421875,0.001007080078125,0.310494384765625,0.099434814453125,0.0089111328125,6.2255859375e-05,0.001575927734375,0.0021044921875,4.0283203125e-05,0.02455322265625,0.00166015625,0.0029931640625,0.000107421875,0.000240478515625,9.765625e-06,0.089678955078125,0.00101318359375,0.122752685546875,0.00261474609375,0.000731201171875,0.0,0.005826416015625,0.0284765625,0.001400146484375,0.5303498023693488,-1.6807641656094854
311,314,4.0,3.26,3.38,,,,,,,,,,,,,,,,,,,,,,,,,,,,,,,,,,,,,,,,,,,,,,,,,,,,,,,,,,,,,,,,,,
312,315,6.86,6.16,6.5,56.235479375,29.154027320227407,137.071979625,67.82700138152282,94.006584375,55.3488411941828,1043.9824695345935,19.105923176688187,0.18460401455356468,0.036227446621396535,0.8607719588597874,123.5079897097475,64.08928710312568,9.174285445641388,0.21664741666666665,117.32811365383688,51.64631175251526,1987.42,58.70094651411627,287.7683446205813,19.88310835940765,196.52031618445912,2919.32,46.53002641666667,81.69517075,3.4220918882440894,3.8461016252791103,0.029778950303257178,0.013284465760830278,179.8102038843621,101.60619539099861,5696.44,0.1800048828125,0.049454345703125,0.117744140625,0.06033203125,0.02910888671875,0.00038818359375,0.0098486328125,0.002412109375,0.0013671875,2.9296875e-05,0.0005712890625,0.33994140625,0.080069580078125,0.054248046875,2.3193359375e-05,0.0,0.000286865234375,0.00023681640625,0.0,0.0001513671875,0.0,0.0,0.0,0.0036669921875,1.220703125e-06,0.002696533203125,0.0,0.031851806640625,0.012320556640625,0.0,0.0,0.0,0.9085731639125804,1.600562359391346
313,316,2.86,4.1,4.0,80.88905666666666,38.25670116981388,138.52328141666666,67.09325223728997,59.89715279166667,40.50791694479002,715.0784888444457,13.864941614384117,0.23979744058299676,0.0356378860157352,0.909020827131438,124.52819483966901,65.76756864559255,8.83989166755148,0.12919779166666662,121.58661930171294,53.95221159714606,1269.54,84.51752973986346,272.96120705273574,28.557415750387815,205.07337960479367,1372.46,52.10504458333333,78.73473591666666,3.855792392011407,5.010161037348508,0.02950073461992774,0.014074796078110957,184.022210564676,104.40085769023071,3761.98,0.178345947265625,0.0287353515625,0.03087158203125,0.000513916015625,0.0,0.005614013671875,0.00446044921875,0.000885009765625,0.004716796875,0.001048583984375,0.312039794921875,0.100126953125,0.014703369140625,6.2255859375e-05,0.00168212890625,0.00123291015625,0.0001904296875,0.022425537109375,0.000867919921875,0.00411376953125,0.002215576171875,0.00098388671875,0.000333251953125,0.103544921875,0.00105224609375,0.110623779296875,0.00188232421875,0.000731201171875,0.0,0.007640380859375,0.03148193359375,0.00133056640625,0.5337130140892501,-1.6515861799327738
314,317,2.26,4.62,4.44,78.51351704166666,40.695072248106534,139.70674516666665,66.35578768145834,63.390799083333334,41.751992507136826,710.1707692932079,13.867938302502301,0.23477051001445384,0.03725344554892732,0.9058363463067276,124.73690447542354,64.6774568479234,8.848991879921616,0.1271940833333333,122.56053035839676,53.44505875548738,1292.5,80.59468771926011,255.18003541286566,27.324381763048276,186.23732897734703,1379.98,51.29566358333334,75.81728541666666,4.0311353585934135,5.0242156180147886,0.029665559559326343,0.014369320183934527,182.64153532641186,103.90532259028998,3736.54,0.17790771484375,0.03479736328125,0.0343994140625,6.103515625e-06,0.0,0.014515380859375,0.002882080078125,0.0,0.00694580078125,0.0008740234375,0.332705078125,0.093741455078125,0.012125244140625,0.00018798828125,0.00119873046875,0.001103515625,0.0001953125,0.01567626953125,0.001240234375,0.001834716796875,0.000548095703125,0.002568359375,0.000303955078125,0.086392822265625,0.001219482421875,0.106224365234375,0.00095703125,0.0,0.0,0.01740234375,0.025125732421875,0.0007958984375,0.5560978433456283,-1.4573836491930836
315,318,3.66,3.74,3.6,,,,,,,,,,,,,,,,,,,,,,,,,,,,,,,,,,,,,,,,,,,,,,,,,,,,,,,,,,,,,,,,,,
316,319,2.4,4.96,4.52,81.860724375,40.581286773938494,137.01826983333333,65.76550451584014,61.852186208333336,40.057430480686456,665.2562153210431,13.325830665384569,0.24306848693861785,0.0379528855188803,0.9088685236427113,122.21363927544236,64.14459875695101,8.763134487256531,0.12263216666666663,118.71494128146409,52.7194916410742,1230.62,86.86320672809306,264.49234865338974,30.260731374971407,223.0020556518356,1315.74,52.00333558333334,74.26813491666667,4.126287994150795,5.259573791567671,0.02890921668272395,0.01393385823919279,183.47002485289897,104.30519394115157,3487.88,0.17570068359375,0.027781982421875,0.02238525390625,0.00055908203125,0.0,0.017825927734375,0.004212646484375,0.000885009765625,0.006029052734375,0.000653076171875,0.341539306640625,0.097564697265625,0.01352294921875,6.2255859375e-05,0.001378173828125,0.001741943359375,4.638671875e-05,0.019871826171875,0.00113037109375,0.0018310546875,0.000499267578125,0.000338134765625,0.000308837890625,0.0962109375,0.001180419921875,0.1168505859375,0.002364501953125,0.000731201171875,0.0,0.000823974609375,0.03091552734375,0.001212158203125,0.538981004626616,-1.6058830350683702
317,320,5.26,5.24,5.04,55.06174108333334,28.381660726659604,132.31329491666668,65.40382189798373,94.18711433333334,54.01820739094949,1100.5058263178855,20.094903627663875,0.16118891986753567,0.0321954474549853,0.8437680094596759,119.13068993265668,61.899649558624176,9.318357371148371,0.22873458333333332,118.38936050815734,52.68655358135632,2077.78,58.3864162134694,273.9540728096836,19.50020092335955,177.32625967662932,3099.9,48.81370891666666,75.75397724999999,3.43396022412937,3.9965382871001913,0.029944900626686453,0.013563676990554229,180.0529859575445,101.632458058866,6043.08,0.152216796875,0.044642333984375,0.120587158203125,0.059300537109375,0.023804931640625,0.00042236328125,0.012078857421875,0.00763427734375,0.002786865234375,0.000142822265625,0.000574951171875,0.3691552734375,0.0924462890625,0.0414404296875,2.3193359375e-05,4.8828125e-06,0.00383544921875,0.000416259765625,0.00018310546875,4.150390625e-05,6.103515625e-05,0.000118408203125,1.220703125e-06,0.0,1.220703125e-06,0.003446044921875,0.0,0.037454833984375,0.01038330078125,0.0,0.0,0.0,0.9167736485297755,1.671706742388925
318,321,3.78,5.0,5.22,76.68827695833333,40.61746016963999,136.45823583333333,66.9985765643037,65.39489808333333,42.57926784731035,694.8059809990044,13.615827334471616,0.23667439908257193,0.03365337067934286,0.9054294888905418,121.19195806028634,64.66565026519378,8.832860190479952,0.12514316666666664,119.69810029100029,53.43695156694219,1264.94,81.9859391190447,267.3101870544429,26.81449349165244,211.54589811786485,1335.5,52.68983533333333,76.63191450000001,4.129293256990237,5.372355702918591,0.02942627204726511,0.014456349921716141,183.9310644459796,104.18614347597726,3692.02,0.18249755859375,0.023809814453125,0.03578857421875,0.00055908203125,0.0,0.02220947265625,0.0016015625,0.000885009765625,0.0059912109375,0.000614013671875,0.318363037109375,0.092222900390625,0.013427734375,0.000167236328125,0.002496337890625,0.001763916015625,0.000198974609375,0.019720458984375,0.00081787109375,0.002724609375,0.002613525390625,0.002928466796875,0.000333251953125,0.0991845703125,0.001319580078125,0.086837158203125,0.00182861328125,0.000731201171875,0.0,0.01472900390625,0.025635986328125,0.0005712890625,0.5496013430986274,-1.5137448916429952
319,322,3.16,3.76,3.52,76.8034785,39.118881752562395,135.04924183333333,66.1332671485804,65.10883633333333,43.490001790877734,715.9814387839542,14.076222340439692,0.22810641148856134,0.033410651876758124,0.9014992563607751,120.41901908377213,64.30684800722877,8.899205201706826,0.13149929166666663,119.4732813898747,53.14358057380422,1287.84,85.52610031924276,269.64315705138813,27.466580842209076,207.73831567277358,1423.28,54.19899508333333,74.12162125,4.150579695390218,5.329568439701571,0.029269704841031873,0.014339743058677563,183.32103931077484,104.08346083020442,3730.24,0.1476708984375,0.024404296875,0.03265380859375,0.000565185546875,0.0,0.01861572265625,0.00439697265625,0.000885009765625,0.00664794921875,0.0007080078125,0.351810302734375,0.093095703125,0.01118896484375,0.0002294921875,0.002373046875,0.001590576171875,5.2490234375e-05,0.0234716796875,0.000897216796875,0.00458984375,0.0025390625,0.002374267578125,0.000255126953125,0.088414306640625,0.001334228515625,0.0950244140625,0.001884765625,0.000731201171875,0.0,0.015567626953125,0.030372314453125,0.001651611328125,0.5226877779944923,-1.7472370659449807
320,323,4.66,3.88,4.4,52.86864166666666,26.95704940394361,134.83360895833334,65.56238975913381,95.20109791666665,53.7313438777181,1199.2525274382826,21.19079834933102,0.15958794679969016,0.03235683342398717,0.8327579673227811,121.27815510162777,62.24192219481195,9.348206269465514,0.2367437083333333,122.74647794462527,53.13746094190704,2123.02,56.30062883723518,278.70541516456234,18.875260825410678,177.37102678694697,3327.82,49.40338375,77.28119091666666,3.4401012545464895,3.9981199814010036,0.030523337648944708,0.013537750381525403,180.60400002148634,101.74145503448386,6044.6,0.153388671875,0.050059814453125,0.121661376953125,0.0536767578125,0.02175537109375,0.000611572265625,0.01175048828125,0.007138671875,0.003028564453125,0.0001416015625,0.001363525390625,0.38607177734375,0.094658203125,0.04332275390625,1.8310546875e-05,7.32421875e-06,0.00383544921875,0.001168212890625,0.000172119140625,0.000189208984375,1.220703125e-06,0.0,0.0,0.0036669921875,1.220703125e-06,0.0,1.220703125e-06,0.017532958984375,0.008546142578125,0.0,0.0,0.0,0.9135611305755815,1.6438361202990384
321,324,3.1,4.6,3.5,80.04106025,39.05158006430776,138.38162229166667,66.86757543418133,62.621359375000004,41.601401722566955,731.1837628977654,14.15106674056378,0.2328612135285126,0.037190120332536415,0.9030450255438781,123.91649120009981,65.53244585993824,8.864002964414693,0.1331565833333333,120.42497310689187,54.33585032636384,1299.34,84.61439443231542,269.5911574976779,29.679725727768613,232.4713242867174,1462.3,52.67824208333334,76.50742375,3.849451725725324,5.090136520828075,0.029345296395186602,0.013890277153262343,183.4365714676246,104.3198358320735,3709.02,0.170321044921875,0.028074951171875,0.028477783203125,0.000565185546875,0.0,0.01936279296875,0.005546875,0.000885009765625,0.007579345703125,0.000794677734375,0.32485595703125,0.107432861328125,0.00947998046875,0.000113525390625,0.001220703125,0.001231689453125,5.7373046875e-05,0.020357666015625,0.001502685546875,0.003812255859375,0.0005908203125,0.002119140625,9.1552734375e-05,0.090921630859375,0.00105712890625,0.114110107421875,0.001024169921875,0.0,0.0,0.010914306640625,0.028740234375,0.001221923828125,0.5420441507502156,-1.579308307943346
322,325,4.1,3.74,3.68,,,,,,,,,,,,,,,,,,,,,,,,,,,,,,,,,,,,,,,,,,,,,,,,,,,,,,,,,,,,,,,,,,
323,326,2.52,4.5,3.54,78.62968158333334,41.19001218753347,139.05358183333334,66.1469041183361,65.00724691666666,41.12329716783386,641.780245583749,12.744364705302546,0.2557676971537843,0.041081586005657436,0.912027918448513,123.08831352195784,63.87823358997385,8.68076142459207,0.1146315833333333,120.27427385459741,53.30904889660071,1181.56,86.09072087137889,268.93693723988736,31.200605820999304,226.94304560715327,1207.86,51.13627675,73.54850141666667,4.102635177472864,5.338341155668019,0.0291714380054817,0.014251141419711566,183.79662076815603,104.14273916560444,3332.22,0.203721923828125,0.03292236328125,0.020506591796875,0.00055908203125,0.0,0.0230029296875,0.001611328125,0.000885009765625,0.0053564453125,0.00074951171875,0.314324951171875,0.088355712890625,0.014891357421875,0.00013671875,0.002227783203125,0.001038818359375,0.000164794921875,0.01735107421875,0.001312255859375,0.002200927734375,0.00071533203125,0.002698974609375,0.00030517578125,0.08726806640625,0.0013427734375,0.114246826171875,0.00232177734375,0.000731201171875,0.0,0.01007568359375,0.02244384765625,0.000977783203125,0.542384574830229,-1.5763549140574185
324,327,3.68,3.18,3.84,,,,,,,,,,,,,,,,,,,,,,,,,,,,,,,,,,,,,,,,,,,,,,,,,,,,,,,,,,,,,,,,,,
325,328,4.78,1.62,2.0,,,,,,,,,,,,,,,,,,,,,,,,,,,,,,,,,,,,,,,,,,,,,,,,,,,,,,,,,,,,,,,,,,
326,329,5.12,4.5,4.72,54.702039166666665,27.413350214949606,139.37694666666667,66.67367399566412,95.36016745833332,55.23962061039548,1104.845234339605,20.339259406040323,0.1793584745294314,0.04318106142353142,0.8479346472113979,125.40592101836265,63.51845904673407,9.212541850392382,0.2369714583333333,119.03359852917471,52.03274147918888,2094.28,58.064979437098735,321.95491700493307,20.613425454487643,221.42596520031813,3193.36,47.55205825,80.40702225,3.3879153593790163,3.8674215869634914,0.02958616509129364,0.012715434818344423,179.71338637717906,101.68346039776281,6118.38,0.17750244140625,0.031439208984375,0.11677001953125,0.043236083984375,0.024288330078125,0.0005517578125,0.010264892578125,0.00375244140625,0.001746826171875,0.000130615234375,0.00072998046875,0.372974853515625,0.093084716796875,0.054727783203125,1.708984375e-05,0.0,0.00029052734375,0.00134033203125,0.0001806640625,0.000155029296875,6.103515625e-05,0.000118408203125,1.220703125e-06,8.544921875e-06,1.220703125e-06,0.0,1.220703125e-06,0.03931884765625,0.009501953125,0.0,0.0,0.0,0.9112940365433555,1.6241676478063254
327,330,5.98,4.94,4.78,55.26065920833334,28.1769809934,133.98302900000002,67.87253418618167,98.16313945833333,55.48097529022211,1079.8702226443952,19.894897108373623,0.16732133782075667,0.03400758762407375,0.8563628105892938,119.89309019387119,63.73568118944618,9.291697079022315,0.2287908333333333,117.56270228209728,52.51703215707326,2076.26,59.49303840334446,281.94904619357465,20.41775951740454,186.48766767952594,3035.94,47.90697033333333,80.53665483333333,3.397030871886307,3.7551403430059564,0.02955941122411732,0.01310950586770454,179.4583316105736,102.08266469540143,6080.84,0.1668017578125,0.04478271484375,0.1149169921875,0.04654052734375,0.023968505859375,0.000648193359375,0.010135498046875,0.0096142578125,0.0025439453125,1.3427734375e-05,0.00073486328125,0.397845458984375,0.0834326171875,0.04611572265625,0.0,4.8828125e-06,0.003551025390625,0.00120849609375,1.3427734375e-05,0.00019287109375,6.103515625e-05,0.000118408203125,1.220703125e-06,0.0,0.0,0.003446044921875,0.0,0.0337939453125,0.00298583984375,0.0,0.0,0.0,0.9156828353996105,1.6622432495913742
328,331,1.44,1.56,1.7,,,,,,,,,,,,,,,,,,,,,,,,,,,,,,,,,,,,,,,,,,,,,,,,,,,,,,,,,,,,,,,,,,
329,332,4.74,3.62,5.18,55.853558125,27.581400138328558,133.57090895833332,67.52386379182492,98.13482975,55.48466458645846,1067.0769459210119,19.53590800065172,0.17786999387038854,0.03717202094475984,0.8541859934331106,119.11455460989283,63.5373263286795,9.204994390674678,0.22638216666666666,116.99897024203231,52.82069662030856,2013.28,56.84400061111799,276.17055699062615,18.96202598226257,173.48473829352895,3121.72,48.20337925,79.75772275,3.407004243713839,3.9159559980121883,0.02991572863959151,0.013747011523868612,180.35107826154683,101.61271070934819,5816.58,0.185968017578125,0.034700927734375,0.103472900390625,0.041826171875,0.02698486328125,0.000177001953125,0.01336669921875,0.0099755859375,0.003095703125,0.00012451171875,0.00095458984375,0.37726806640625,0.09148681640625,0.03896728515625,0.0,4.8828125e-06,0.0035546875,0.000430908203125,0.00018310546875,0.00019287109375,6.103515625e-05,0.000118408203125,1.220703125e-06,0.0036669921875,1.220703125e-06,0.003446044921875,1.220703125e-06,0.026650390625,0.01137451171875,0.0,0.0,0.0,0.9056757511840223,1.5754254741357647
330,333,5.32,4.66,4.8,55.33903908333334,28.220993105676907,136.152190125,67.6294301187783,96.20899725,54.44520327436023,1087.8192190568295,19.918057236414107,0.17161068718009445,0.03344704445920517,0.8531940357771411,121.83218778284932,63.54075005969608,9.280597062416758,0.2278214583333333,118.63512336609455,51.529609452297215,2077.1,57.460146523686326,282.682632838861,19.131523536800525,182.76574781956293,3141.14,47.65736991666667,79.94414508333334,3.43247412890379,3.8870476051610785,0.029522582439480867,0.013032099915290418,179.50196673723352,101.50244030481095,5877.22,0.1726220703125,0.04538818359375,0.128270263671875,0.047003173828125,0.028807373046875,0.000362548828125,0.011715087890625,0.007825927734375,0.001473388671875,0.000142822265625,0.001529541015625,0.3630029296875,0.069195556640625,0.0542578125,2.44140625e-05,2.44140625e-06,0.00029052734375,0.0002880859375,0.000169677734375,0.0,1.220703125e-06,0.0,0.0,0.0036669921875,1.220703125e-06,0.003443603515625,0.0,0.0348583984375,0.00298095703125,0.0,0.0,0.0,0.9098945966914423,1.6120266232871387
331,334,3.86,2.48,2.72,,,,,,,,,,,,,,,,,,,,,,,,,,,,,,,,,,,,,,,,,,,,,,,,,,,,,,,,,,,,,,,,,,
332,335,2.86,3.06,3.3,,,,,,,,,,,,,,,,,,,,,,,,,,,,,,,,,,,,,,,,,,,,,,,,,,,,,,,,,,,,,,,,,,
333,336,3.48,4.2,4.06,82.94840020833334,39.83658052144795,139.358453625,67.09986052373307,62.60775433333333,40.723969604789346,651.1106347459163,12.871764365614133,0.25378226300707896,0.03939168050580701,0.9151327047941803,123.67892125295735,65.69664584540988,8.714568495312403,0.11225062499999997,119.67651404635258,52.948048683418335,1178.26,87.4295557916298,260.16191414300806,30.81325571302432,218.2263082287475,1176.4,52.446889,76.69818116666666,4.172021258021435,5.349543024438108,0.029257850570219932,0.014226224961058553,184.84574238424904,104.21313809939706,3377.52,0.18566650390625,0.036788330078125,0.016146240234375,0.000513916015625,0.0,0.02048583984375,0.004237060546875,0.000885009765625,0.00441162109375,0.0008447265625,0.334822998046875,0.08049560546875,0.014071044921875,0.000157470703125,0.001962890625,0.00063232421875,0.00016845703125,0.020609130859375,0.00104248046875,0.0029345703125,0.000716552734375,0.002626953125,0.000308837890625,0.0847216796875,0.0008349609375,0.109693603515625,0.00246826171875,0.000731201171875,0.0,0.010313720703125,0.030751953125,0.0016259765625,0.5299339939852608,-1.68437156594155
334,337,2.36,5.02,4.2,82.28324591666666,40.43242821012106,137.2217295833333,64.86112215781031,62.59827375,40.92480754118457,697.5092324904857,13.644189342445099,0.2387386675112815,0.036032987576976525,0.9031840437341239,122.39955835023659,63.656029215571635,8.813977725625405,0.12476237499999997,119.63187311118172,53.14323554598728,1258.68,88.10562793007435,280.723878037694,28.785569549132415,227.9176362176082,1270.7,51.179801749999996,72.86797541666667,3.8774065606053556,5.034799931816227,0.028955740861346082,0.013797055227621478,183.25682052299518,104.38977533156698,3714.64,0.17153076171875,0.01978515625,0.021439208984375,0.000565185546875,0.0,0.0301513671875,0.001441650390625,0.000885009765625,0.0075390625,0.000670166015625,0.32939208984375,0.093194580078125,0.0125830078125,0.0,0.001954345703125,0.001728515625,5.37109375e-05,0.0178857421875,0.001690673828125,0.00392333984375,0.002650146484375,0.00244873046875,0.00033447265625,0.09532470703125,0.00105712890625,0.113887939453125,0.00259765625,0.000731201171875,0.0,0.012095947265625,0.02575927734375,0.000972900390625,0.5255772342672206,-1.7221692079685516
335,338,4.34,5.02,5.46,,,,,,,,,,,,,,,,,,,,,,,,,,,,,,,,,,,,,,,,,,,,,,,,,,,,,,,,,,,,,,,,,,
336,339,3.48,3.6,3.16,83.834051125,40.57694045412717,136.82616495833335,65.96568111331571,58.835659625,37.15117711347056,645.9997829570552,12.970266604631393,0.24667969243232094,0.036888652516757145,0.9122546078182814,122.50060576368702,63.807649331088875,8.744156158672574,0.11667249999999997,120.14024054327048,53.18747172888259,1198.82,88.94989104128962,252.46381164849518,29.60134063574626,204.87834704241985,1190.58,52.416117083333326,75.13098525000001,3.907646348254877,5.00218017963975,0.02878996614967118,0.013800381903799768,183.57323503939722,104.52174671585986,3514.6,0.174439697265625,0.0281201171875,0.02477294921875,0.00052001953125,0.0,0.029007568359375,0.0040771484375,0.000885009765625,0.003575439453125,0.000693359375,0.346927490234375,0.07732177734375,0.00876953125,9.27734375e-05,0.002572021484375,0.00216796875,3.5400390625e-05,0.012369384765625,0.000931396484375,0.00367919921875,0.000260009765625,8.9111328125e-05,0.00022216796875,0.08283935546875,0.000865478515625,0.12310302734375,0.001739501953125,0.000731201171875,0.0,0.010472412109375,0.031697998046875,0.001627197265625,0.5188173517631602,-1.7808154578351845
337,340,1.46,4.52,3.54,79.16459575,39.57304726081472,137.15373829166666,66.99016755369377,60.5880945,40.53240519940823,717.0441238477608,13.932116645224564,0.23303359117270595,0.03487040794984765,0.9050030081768229,123.10930452589784,65.59753532876232,8.867218631289713,0.12846962499999998,120.8732614608939,54.39326033262566,1265.16,85.56922559003384,274.09769433631317,29.158655394687685,228.15569508414134,1353.14,53.26005533333333,75.76990733333334,4.120927340422111,5.211884960740179,0.02952618789958283,0.014297467799357512,182.59065106265308,104.04791841350651,3726.3,0.1607763671875,0.018818359375,0.0302783203125,6.103515625e-06,0.0,0.0175146484375,0.0029833984375,0.0,0.00580810546875,0.000574951171875,0.35317138671875,0.09035400390625,0.00780517578125,6.2255859375e-05,0.00218505859375,0.00171875,0.000201416015625,0.02146240234375,0.00078857421875,0.0039599609375,0.002435302734375,0.002818603515625,3.662109375e-05,0.086800537109375,0.00134765625,0.10863037109375,0.00247802734375,0.000731201171875,0.0,0.017227783203125,0.030938720703125,0.000968017578125,0.5231836572735847,-1.7429350000306882
338,341,3.82,3.26,3.06,,,,,,,,,,,,,,,,,,,,,,,,,,,,,,,,,,,,,,,,,,,,,,,,,,,,,,,,,,,,,,,,,,
339,342,3.84,2.68,4.2,,,,,,,,,,,,,,,,,,,,,,,,,,,,,,,,,,,,,,,,,,,,,,,,,,,,,,,,,,,,,,,,,,
340,343,3.8,3.88,4.12,,,,,,,,,,,,,,,,,,,,,,,,,,,,,,,,,,,,,,,,,,,,,,,,,,,,,,,,,,,,,,,,,,
341,344,4.9,4.44,4.26,80.09320141666666,42.40942025818147,139.08138691666667,64.55731938340172,61.28851583333333,40.71503131376144,658.53906548779,13.210869891475161,0.24143655391170896,0.042100091542384026,0.9095523443971237,124.17055033931203,63.04412730030396,8.77290039616906,0.1203199583333333,119.6113351580449,51.700144168982895,1221.6,85.16392535374155,252.46962999434672,29.540444696806194,193.23494259018727,1270.14,50.89281833333334,69.08345333333334,4.128574519656644,5.29779017637366,0.028753456265046728,0.014036193625295122,182.71028709747097,104.71797344164939,3425.8,0.175677490234375,0.029249267578125,0.02625,0.00055908203125,0.0,0.005101318359375,0.001944580078125,0.000885009765625,0.005098876953125,0.000933837890625,0.357227783203125,0.08697509765625,0.013765869140625,0.00013671875,0.00200439453125,0.00171875,0.000189208984375,0.0126806640625,0.0011181640625,0.002445068359375,0.000433349609375,0.000875244140625,0.00030517578125,0.0962646484375,0.001097412109375,0.10978515625,0.00173583984375,0.000731201171875,0.0,0.00739501953125,0.02755859375,0.0012939453125,0.5317935215473463,-1.6682389899723
342,345,4.32,4.34,3.82,76.41156641666666,40.47136138558535,139.53894229166667,66.51484893975763,64.75352620833333,42.07716994262823,737.5155481048038,14.234677634339421,0.23255638164388567,0.03536888872363495,0.8978894609751162,124.3628921351421,64.21691495241414,8.86694653142038,0.13463004166666664,122.86366955695472,54.294108411208484,1318.06,80.08040538093971,267.79026978951924,27.484005837960723,227.04464006506154,1495.34,50.82233625,74.91629208333333,3.793689025345302,4.937697803598674,0.029698572085179724,0.014234370492656833,183.4813507845116,103.91028964410802,3872.76,0.1807861328125,0.02747802734375,0.035184326171875,5.126953125e-05,0.0,0.031644287109375,0.004368896484375,0.0,0.004422607421875,0.00050537109375,0.31217041015625,0.09888671875,0.01024169921875,0.0002294921875,0.00145751953125,0.001588134765625,0.00019287109375,0.025618896484375,0.00123046875,0.003077392578125,0.00260009765625,0.001080322265625,0.000115966796875,0.08155517578125,0.00114501953125,0.112236328125,0.000999755859375,0.000731201171875,0.0,0.012139892578125,0.02303955078125,0.0005517578125,0.5604419260960223,-1.4196959878664392
343,346,2.84,2.84,3.78,,,,,,,,,,,,,,,,,,,,,,,,,,,,,,,,,,,,,,,,,,,,,,,,,,,,,,,,,,,,,,,,,,
344,347,3.82,3.94,3.14,,,,,,,,,,,,,,,,,,,,,,,,,,,,,,,,,,,,,,,,,,,,,,,,,,,,,,,,,,,,,,,,,,
345,348,2.44,3.98,3.2,82.30360920833333,41.50041937093927,139.34361758333333,64.75091151581152,61.025455375,39.095242356870045,663.0950895400728,13.378068979123402,0.23617736733239483,0.03623215190777114,0.907683185617608,124.20976668527061,63.30984770434517,8.803590717494538,0.12207941666666663,121.1336260685824,52.44174015604368,1272.2,84.74233377764571,261.90608951176347,29.668095817104422,231.73100654118662,1248.38,51.06719124999999,71.60664758333333,4.070437892754603,5.097266245938236,0.02900500421382454,0.013883552645922628,182.01927151575393,104.76240822564272,3649.58,0.175460205078125,0.02189208984375,0.022515869140625,0.00055908203125,0.0,0.03147705078125,0.001378173828125,0.000885009765625,0.006329345703125,0.001126708984375,0.359056396484375,0.07840087890625,0.010848388671875,0.000115966796875,0.00186767578125,0.00075927734375,0.000162353515625,0.020416259765625,0.00114013671875,0.002716064453125,0.0004736328125,0.002725830078125,8.544921875e-06,0.0855419921875,0.00090087890625,0.09484619140625,0.0018310546875,0.0,0.0,0.0153076171875,0.02662353515625,0.000897216796875,0.5329440670963139,-1.6582572807181566
346,349,4.24,3.62,3.48,,,,,,,,,,,,,,,,,,,,,,,,,,,,,,,,,,,,,,,,,,,,,,,,,,,,,,,,,,,,,,,,,,
347,350,2.16,3.28,3.56,77.88862341666668,40.24228123753222,134.933112875,65.31252159969358,64.409682,42.060407123145076,723.3994693546947,13.94999704795797,0.2338348619093969,0.03399916591917209,0.9004059918796138,120.33877897295821,63.49750190486764,8.851863426037198,0.1282200833333333,118.9822513413417,52.77422455199975,1294.86,86.53908793159735,275.8243077207024,29.45916681414665,238.39987319246603,1368.68,53.337712833333335,73.33581866666667,3.8445964145831426,4.94706421548324,0.02934339961949369,0.01392540922344083,182.58971290274715,104.1115928901605,3712.8,0.16333984375,0.036893310546875,0.02189453125,0.000565185546875,0.0,0.030506591796875,0.004495849609375,0.000885009765625,0.007373046875,0.000657958984375,0.32687255859375,0.097252197265625,0.015635986328125,0.00017822265625,0.002117919921875,0.00204345703125,0.0001953125,0.017208251953125,0.0015478515625,0.002928466796875,0.002598876953125,0.002852783203125,0.000330810546875,0.09929931640625,0.000965576171875,0.096676025390625,0.001492919921875,0.0,0.0,0.013828125,0.0262939453125,0.00059326171875,0.5456883861834764,-1.5476922640752055
348,351,5.34,5.64,5.62,54.174246624999995,26.661236834904766,135.51584879166666,67.1164031444578,99.82769645833334,55.79343506947394,1151.2950784290028,20.731370572971876,0.16790857363608766,0.032721151378980545,0.8393165062457629,121.24925743882842,62.98298239314457,9.324305535084733,0.235208125,118.85218404967212,52.77738504880736,2080.08,57.277513812729055,302.0112483651517,19.898476958506617,199.5498716717077,3216.9,48.173506833333334,79.52796166666667,3.4141245183104223,3.817768670656025,0.030415912995673696,0.013494927605549926,179.29418681621323,101.62589488730256,6096.76,0.162767333984375,0.05379150390625,0.141019287109375,0.046834716796875,0.022066650390625,0.000955810546875,0.012813720703125,0.003201904296875,0.0017041015625,4.7607421875e-05,0.00146240234375,0.35965576171875,0.071478271484375,0.05478759765625,2.44140625e-05,2.44140625e-06,0.000286865234375,0.0014453125,1.0986328125e-05,3.662109375e-06,6.103515625e-05,0.000118408203125,1.220703125e-06,0.0036669921875,1.220703125e-06,0.003446044921875,1.220703125e-06,0.025216064453125,0.01890625,0.0,0.0,0.0,0.9108682564192666,1.62047373633219
349,352,2.22,4.72,3.74,76.52093666666667,37.2899391134358,139.821414,66.06140992001217,65.15512966666667,42.28767068686668,716.1089274178115,13.7608455876551,0.24222999442173573,0.03480042443604136,0.9029553397469091,124.46271852398476,63.91786612192309,8.81751744004167,0.12721016666666662,119.33659143110076,53.539580244680174,1237.92,85.92305560263327,281.1751278718156,29.751995587093504,233.69189091585758,1349.86,50.32494116666667,76.56125816666666,3.8720588807419154,4.970008591146154,0.029539877043218424,0.014201708996723066,183.33199029405688,104.93442136945855,3540.84,0.191253662109375,0.028262939453125,0.037825927734375,0.000565185546875,0.0,0.022747802734375,0.005108642578125,0.000885009765625,0.00535400390625,0.000675048828125,0.315982666015625,0.07647216796875,0.01203369140625,9.27734375e-05,0.00131103515625,0.001258544921875,0.000164794921875,0.014713134765625,0.001591796875,0.00283935546875,0.002723388671875,0.003006591796875,0.000107421875,0.08812255859375,0.00135986328125,0.10559326171875,0.001778564453125,0.000731201171875,0.0,0.01914306640625,0.031412353515625,0.000980224609375,0.5422655584922795,-1.5773874559528438
350,353,4.66,4.28,4.86,55.364331875,28.235922476771247,134.92268991666666,66.12754539370749,95.75233954166666,53.99499846219052,1058.107649027275,19.465680412913866,0.17532650393890875,0.03808295783198944,0.8532977423926286,120.96550956033552,62.61082037497627,9.213622301779386,0.22312074999999998,118.60451559366453,51.68828310913564,2037.0,58.579112192335394,278.24497752817507,19.759973017649394,179.81332957693138,3007.1,47.42350325,77.63059658333333,3.433843873041447,4.010597554226378,0.029647054935153194,0.013357964181805073,180.02835738430932,101.42353758406209,5943.54,0.173048095703125,0.049661865234375,0.119571533203125,0.070264892578125,0.01761962890625,0.00015380859375,0.011390380859375,0.008524169921875,0.001640625,8.544921875e-06,0.0007080078125,0.3710888671875,0.079268798828125,0.041737060546875,1.708984375e-05,0.0,0.000286865234375,0.000382080078125,1.0986328125e-05,0.000155029296875,6.103515625e-05,0.000118408203125,1.220703125e-06,0.0036669921875,0.0,0.003446044921875,1.220703125e-06,0.02140869140625,0.012310791015625,0.0,0.0,0.0,0.9117701928819308,1.6282986047557844
351,354,4.32,3.96,3.94,,,,,,,,,,,,,,,,,,,,,,,,,,,,,,,,,,,,,,,,,,,,,,,,,,,,,,,,,,,,,,,,,,
352,355,5.26,3.96,4.24,51.90214766666667,26.722091232166967,134.86264145833331,65.90668049360775,97.66447404166667,56.03663248961843,1098.0695185129664,20.28437225171596,0.16820005685001746,0.039097468522095884,0.8479234545989747,121.42608534407276,62.77292441010267,9.26814007662822,0.23600066666666664,119.61935744968518,52.30016951454314,2114.02,57.17183497713059,295.17047189308994,19.819696764645386,193.54173501309862,3226.78,48.348616666666665,78.45212533333333,3.3963998873345527,3.85110433182009,0.029791564478959132,0.013251498176137754,179.63158750269807,101.65652930118114,6097.2,0.158052978515625,0.051929931640625,0.115257568359375,0.05168212890625,0.02312255859375,0.000955810546875,0.01396728515625,0.003720703125,0.00139404296875,4.7607421875e-05,0.00085205078125,0.403109130859375,0.0890576171875,0.03844970703125,2.3193359375e-05,4.8828125e-06,0.00382568359375,0.0014404296875,1.3427734375e-05,0.00019287109375,6.103515625e-05,0.000118408203125,1.220703125e-06,0.0036669921875,0.0,0.002696533203125,0.0,0.0202587890625,0.00111328125,0.0,0.0,0.0,0.9141143040605365,1.6486352496328371
353,356,3.6,3.66,3.38,,,,,,,,,,,,,,,,,,,,,,,,,,,,,,,,,,,,,,,,,,,,,,,,,,,,,,,,,,,,,,,,,,
354,357,3.14,2.68,2.8,,,,,,,,,,,,,,,,,,,,,,,,,,,,,,,,,,,,,,,,,,,,,,,,,,,,,,,,,,,,,,,,,,
355,358,2.2,5.04,4.7,81.03708245833333,39.84865842518131,138.37246687500001,67.45992643511092,63.18372508333333,40.98204858109285,690.3808873367916,13.42504173287997,0.24619733062910537,0.04220839058803013,0.9094160596997921,123.25456655830367,65.82709855354342,8.751604355418184,0.12142454166666664,119.49451530689579,54.01587086478395,1230.08,85.71843337298078,261.768054342289,29.85043571980922,215.8593020068366,1280.18,51.59073866666667,76.28653433333334,4.114367394929784,5.389494304277364,0.0295472570251996,0.01429995172071572,183.47180766905214,104.03458507297053,3591.46,0.182919921875,0.027869873046875,0.03022216796875,0.00052001953125,0.0,0.0170166015625,0.002945556640625,0.000885009765625,0.005328369140625,0.000849609375,0.319029541015625,0.099105224609375,0.00955810546875,7.2021484375e-05,0.002174072265625,0.001517333984375,5.7373046875e-05,0.01892333984375,0.00124267578125,0.0037744140625,0.00062255859375,0.002037353515625,0.000230712890625,0.086287841796875,0.001151123046875,0.114925537109375,0.001722412109375,0.000731201171875,0.0,0.015908203125,0.025826416015625,0.0012939453125,0.5346569903410496,-1.6433965897885747
356,359,7.0,7.0,7.0,54.58858062499999,26.626923404225845,133.82504516666665,65.6473109766409,98.96772800000001,54.608644468980835,1117.448017888693,20.26739838474339,0.16814260975464787,0.030046778504124436,0.8387327982936518,119.79742213667843,61.80488157474907,9.30513693463947,0.22925299999999996,119.11655250144342,52.803661570806355,2053.8,58.27976105148595,279.21486034254997,19.766476129132904,178.07677626425323,3139.5,47.988777166666665,77.22437033333334,3.414025805238493,3.761087760540458,0.03041947385491968,0.013701980121220899,180.09859909011595,101.8179059342016,6143.1,0.157869873046875,0.0383642578125,0.13911865234375,0.04765380859375,0.0294775390625,0.0001611328125,0.0136376953125,0.00336181640625,0.00047607421875,1.46484375e-05,0.001409912109375,0.3543359375,0.10189697265625,0.05966552734375,1.8310546875e-05,2.44140625e-06,0.00028076171875,0.000430908203125,1.0986328125e-05,0.000155029296875,6.103515625e-05,0.000118408203125,1.220703125e-06,0.0036669921875,1.220703125e-06,0.002696533203125,1.220703125e-06,0.012857666015625,0.01878662109375,0.0,0.0,0.0,0.9165667707307966,1.6699119468309422
357,360,2.92,4.0,4.1,82.00037083333332,41.01158043460195,141.38983858333333,66.33710660604046,61.15034058333334,40.099808141003024,706.8577928150424,13.692045526535106,0.24074211582412805,0.03386569444300635,0.907483939480297,126.15734188137586,64.39668284684795,8.842577300250111,0.12256837499999997,121.75763172287792,52.61239793269462,1270.24,86.6504554045831,254.87974994993553,29.169711089356706,189.70505760147688,1278.58,51.42289933333333,76.44761816666667,4.086684432804733,5.090228853793211,0.029439524824850544,0.01415134478034199,182.98155646050895,104.33261606621014,3782.98,0.179105224609375,0.027393798828125,0.028134765625,5.126953125e-05,0.0,0.02535888671875,0.005068359375,0.0,0.0024560546875,0.00088623046875,0.3418505859375,0.081763916015625,0.014609375,0.000208740234375,0.002564697265625,0.0011181640625,0.0001513671875,0.021322021484375,0.001324462890625,0.004534912109375,0.002176513671875,0.0010546875,0.00033447265625,0.0684033203125,0.000399169921875,0.119913330078125,0.002579345703125,0.000731201171875,0.0,0.012642822265625,0.024896240234375,0.0010693359375,0.5311882386997208,-1.6734902009364714
358,361,3.48,3.84,3.14,,,,,,,,,,,,,,,,,,,,,,,,,,,,,,,,,,,,,,,,,,,,,,,,,,,,,,,,,,,,,,,,,,
359,362,1.08,2.04,1.74,,,,,,,,,,,,,,,,,,,,,,,,,,,,,,,,,,,,,,,,,,,,,,,,,,,,,,,,,,,,,,,,,,
360,363,5.62,4.1,4.6,56.01222262500001,27.715684444882054,135.3439555,68.06999999871992,95.7391095,55.34552638201555,1111.8916990561788,19.99947730234954,0.17257342589921362,0.031249356725291437,0.8497673080358491,121.76813861453853,64.18023547469187,9.28696450554197,0.22572604166666665,118.23843681545955,52.921609802036556,2041.22,58.23197023880864,287.63265685284927,19.663232795323694,192.07947068124236,3066.22,48.14229674999999,81.66068341666667,3.4562755263123086,3.9364836874328035,0.02996566622234047,0.013400225349761166,179.63194142503625,101.63303461637953,5811.3,0.16769287109375,0.050286865234375,0.135762939453125,0.04609619140625,0.02077880859375,0.000911865234375,0.011455078125,0.00931640625,0.001470947265625,0.000150146484375,0.001533203125,0.346900634765625,0.080645751953125,0.06029541015625,2.44140625e-05,2.44140625e-06,0.00029052734375,0.00121337890625,0.000169677734375,0.0001513671875,1.220703125e-06,0.0,0.0,0.0036669921875,1.220703125e-06,0.000751953125,0.0,0.03023193359375,0.01975341796875,0.0,0.0,0.0,0.9108074697766472,1.6199463738182
361,364,3.88,3.96,3.94,53.95373854166666,27.216858758722534,133.46389299999998,66.31295635709202,100.10431291666666,54.30256245496218,1057.5169563544605,19.384073126922612,0.16964684488711534,0.02836658587215979,0.8535378644326509,119.07364018460066,62.273191870408475,9.26420468866335,0.22058191666666663,118.62112855891927,52.059525872474254,2016.94,58.03754181497291,262.8051841487864,19.106498669935284,167.61740583184255,2988.1,47.74733341666666,77.85852958333334,3.4379608893905735,3.9259162828662912,0.029978171168485935,0.01369980840946182,180.03994965509457,101.88476085576895,5879.26,0.166817626953125,0.056812744140625,0.127047119140625,0.04694580078125,0.0231005859375,0.000953369140625,0.013544921875,0.009288330078125,0.00309326171875,0.000157470703125,0.0015869140625,0.364505615234375,0.084061279296875,0.040545654296875,7.32421875e-06,7.32421875e-06,0.0035546875,0.001396484375,0.00018310546875,4.150390625e-05,6.103515625e-05,0.000118408203125,1.220703125e-06,0.003658447265625,0.0,0.003446044921875,1.220703125e-06,0.01832275390625,0.011402587890625,0.0,0.0,0.0,0.9072841549524172,1.5893793925997406
362,365,6.4,5.34,5.42,55.53495191666667,28.02802995174726,133.27982041666667,65.68495960212931,93.68062133333333,53.87455671841697,1108.1060062400102,20.084731149214193,0.1676911165459471,0.030044410931038996,0.838555514124357,119.86438198913952,62.07024009346014,9.296243988719603,0.22688399999999997,117.99669331522695,52.71846341983538,2068.16,58.51114024722769,272.8002753254048,19.732930882123863,172.76911824524694,3077.86,48.80426491666666,77.56464224999999,3.4681130504632303,4.0208184241263245,0.030039555744443773,0.013494138317399495,180.03297388288243,101.89139123008019,6003.6,0.1583447265625,0.036693115234375,0.1272900390625,0.041280517578125,0.019061279296875,0.000966796875,0.011954345703125,0.010113525390625,0.00055908203125,0.000155029296875,0.001466064453125,0.37782958984375,0.10200927734375,0.0511181640625,2.44140625e-05,2.44140625e-06,0.000284423828125,0.00125732421875,0.000169677734375,0.0,1.220703125e-06,0.0,0.0,0.003658447265625,1.220703125e-06,0.003446044921875,1.220703125e-06,0.01775390625,0.017899169921875,0.0,0.0,0.0,0.9117461335704975,1.6280898750346546
363,366,4.62,5.14,4.72,56.52605983333333,28.378568163277535,136.06542195833333,66.5924688790838,92.49084616666667,55.43962402015051,1035.5396844006198,19.3620387474198,0.17989143688610093,0.036453512387552886,0.8533941904352595,122.89884217408111,63.18134712661267,9.21373915511461,0.22349049999999998,118.15747625561505,51.965509438966194,2027.6,58.84057288493383,284.76291006931746,19.849512858508284,188.6898681738109,3016.82,47.42787333333334,80.5004155,3.436315092927889,3.931777173487098,0.029286921483530827,0.012856488711201082,179.61767348916797,102.17592629637622,5869.48,0.173731689453125,0.04085693359375,0.133507080078125,0.046744384765625,0.031541748046875,0.00089599609375,0.005189208984375,0.009132080078125,0.00148193359375,0.0001611328125,0.000614013671875,0.358720703125,0.082401123046875,0.05125244140625,2.3193359375e-05,4.8828125e-06,0.003829345703125,0.001123046875,0.000172119140625,3.7841796875e-05,0.0,0.0,0.0,0.0036669921875,1.220703125e-06,0.00074951171875,0.0,0.029674072265625,0.001025390625,0.0,0.0,0.0,0.9089632443270215,1.6039465533384527
364,367,1.56,4.58,3.94,81.65071658333333,41.889546730494466,136.94715529166666,65.41918087669514,62.65534141666667,40.465637178466665,665.1140024258988,13.304227933023284,0.23910321930951894,0.04046844445427968,0.9113651419717143,121.94528961268628,63.845686058819076,8.784082243476133,0.12028224999999998,118.59765381859924,52.59897338803275,1252.92,86.64251733113889,254.5931210338821,30.67362382248124,217.2380122568962,1237.42,50.553213166666666,72.7831555,3.9096448878444328,5.1956561837279684,0.02868003777024484,0.013769153687296006,182.56209032790176,104.61346045044452,3639.4,0.1717333984375,0.02808349609375,0.02724853515625,0.00055908203125,0.0,0.01829833984375,0.004046630859375,0.000885009765625,0.003328857421875,0.001041259765625,0.34875,0.093231201171875,0.006976318359375,0.000157470703125,0.002275390625,0.00151123046875,4.0283203125e-05,0.019171142578125,0.001007080078125,0.004501953125,0.002242431640625,0.000550537109375,0.00011474609375,0.0846533203125,0.000723876953125,0.114151611328125,0.001651611328125,0.0,0.0,0.006063232421875,0.022979736328125,0.001573486328125,0.5272378615787258,-1.7077622172867775
365,368,1.88,2.18,2.5,,,,,,,,,,,,,,,,,,,,,,,,,,,,,,,,,,,,,,,,,,,,,,,,,,,,,,,,,,,,,,,,,,
366,369,4.72,4.62,4.56,54.20275529166666,27.01368048125253,135.031390875,66.20872362936562,96.76169470833332,54.75815828530559,1136.1522160613913,20.390626249831236,0.17214790943097566,0.039166599962388825,0.841697315256198,121.27475626262952,62.98539496683722,9.262965649731944,0.23018270833333332,119.98863555442418,52.78236029767463,2051.14,57.776028794835014,293.83941683314663,19.96573473447502,192.6147903853527,3159.24,48.721947,78.98795366666667,3.446073895538397,3.962587102810121,0.030462078804774917,0.013719985518126462,180.59566607284785,102.0644220952236,5962.2,0.162679443359375,0.040245361328125,0.11751708984375,0.048543701171875,0.0221728515625,0.000684814453125,0.01215576171875,0.00351806640625,0.001630859375,2.197265625e-05,0.00068603515625,0.385306396484375,0.10933837890625,0.03928466796875,1.708984375e-05,4.8828125e-06,0.00382568359375,0.00115234375,2.44140625e-06,0.000189208984375,1.220703125e-06,0.0,0.0,8.544921875e-06,1.220703125e-06,2.44140625e-06,1.220703125e-06,0.0185107421875,0.01975830078125,0.0,0.0,0.0,0.9158935286710759,1.664071146782807
367,370,2.2,4.46,3.9,81.84605783333333,39.37910926324833,138.909190625,67.42832082765736,61.00586704166667,40.23287880948453,684.5773533036103,13.47865565187908,0.2456046719724745,0.04041553166846399,0.9106495174668742,124.27108552667568,65.84639639466549,8.795854676597523,0.12206987499999997,121.23289573078091,53.546630677059824,1235.56,88.0693117032302,267.48528583871627,29.998723212132536,208.89144087704943,1281.52,53.7651305,77.85120549999999,4.122560499645077,5.393686013098238,0.029530994811976838,0.014189468593331865,183.2728766772225,104.11894795668411,3636.82,0.181341552734375,0.032191162109375,0.034913330078125,0.000513916015625,0.0,0.0288330078125,0.00430908203125,0.000885009765625,0.003709716796875,0.000916748046875,0.3303955078125,0.084178466796875,0.008992919921875,0.000113525390625,0.002359619140625,0.000721435546875,1.708984375e-05,0.02219970703125,0.000467529296875,0.004508056640625,0.0005517578125,0.002020263671875,0.000311279296875,0.07306884765625,0.000902099609375,0.110413818359375,0.0018798828125,0.000731201171875,0.0,0.013382568359375,0.022266845703125,0.001429443359375,0.5377652982890636,-1.616430055315205
368,371,5.8,3.6,4.02,55.01491454166667,27.727608751075596,135.41510229166667,67.69418278785417,98.47936679166668,56.04673024488157,1124.3870909447025,20.32240411984437,0.17310518884934264,0.03564853831562529,0.8489400385266914,121.59855849878433,64.11723178434106,9.281900412592403,0.23069191666666666,119.0184434504206,53.065462234877366,2051.02,57.20650554741723,300.7331480156139,19.844120100335314,203.10387690076277,3144.66,48.51638875,81.14165508333333,3.4191767221934963,3.8429589580159735,0.0303057060514545,0.013502354575402924,180.7716420603917,101.59299297758433,6053.46,0.1699560546875,0.0464697265625,0.11591552734375,0.04090087890625,0.02709716796875,0.00090087890625,0.010545654296875,0.004146728515625,0.001871337890625,0.00015625,0.001259765625,0.380364990234375,0.074134521484375,0.048515625,2.44140625e-05,2.44140625e-06,0.00029052734375,0.0014013671875,0.0001806640625,3.662109375e-06,6.103515625e-05,0.000118408203125,1.220703125e-06,0.0036669921875,1.220703125e-06,0.003446044921875,1.220703125e-06,0.036473388671875,0.011402587890625,0.0,0.0,0.0,0.9066939165454206,1.5842587016592098
369,372,2.64,3.88,3.4,83.20469091666666,41.166139184912474,137.13020774999998,66.08638160139184,62.519806333333335,39.752753230693216,648.0033229405594,12.92929213169695,0.24977568371615935,0.03519647667921002,0.9149380243737695,121.91520373352901,64.71430081976362,8.7311587959689,0.11600279166666663,119.25119868056761,52.55707658140262,1197.7,86.90354117849864,265.22121164651685,31.71701597022398,213.17267446499096,1213.38,51.595793416666666,76.05769141666667,4.086379836804375,5.242751127814689,0.0292378233459057,0.0139744075681692,183.011561701436,104.23465140305856,3475.22,0.191468505859375,0.026026611328125,0.0250634765625,5.126953125e-05,0.0,0.0259326171875,0.0040625,0.0,0.00445556640625,0.000697021484375,0.331593017578125,0.089063720703125,0.01264892578125,4.150390625e-05,0.00212646484375,0.001246337890625,0.00015380859375,0.014945068359375,0.0013427734375,0.003568115234375,0.0004296875,0.00087158203125,8.544921875e-05,0.080538330078125,0.000830078125,0.1166552734375,0.000882568359375,0.0,0.0,0.007403564453125,0.027589111328125,0.0008154296875,0.5438985730252434,-1.563220023563521
370,373,3.72,3.52,3.28,,,,,,,,,,,,,,,,,,,,,,,,,,,,,,,,,,,,,,,,,,,,,,,,,,,,,,,,,,,,,,,,,,
371,374,3.7,3.78,4.48,,,,,,,,,,,,,,,,,,,,,,,,,,,,,,,,,,,,,,,,,,,,,,,,,,,,,,,,,,,,,,,,,,
372,375,4.5,4.08,4.06,55.367799999999995,28.147310316516677,136.085841375,68.12375676677394,92.227364,55.23981574315846,1096.3147814757162,19.852514776481392,0.18163475543713478,0.04192942024314088,0.8545941533402823,123.05667054672938,64.64953730708126,9.210650555252492,0.22836729166666664,118.48074313288933,52.81915054847862,2036.46,57.19068128371135,286.95040572960346,19.471480762410586,184.7767275814045,3119.64,49.32598608333333,80.55684308333333,3.434267265343232,3.9816248789869344,0.030078015008768312,0.013724993619832346,179.89750939821226,101.56948721228582,5839.86,0.177694091796875,0.05367431640625,0.089498291015625,0.0436865234375,0.02100830078125,0.000966796875,0.010618896484375,0.009466552734375,0.00254638671875,3.7841796875e-05,0.00112548828125,0.395032958984375,0.0790673828125,0.054739990234375,7.32421875e-06,7.32421875e-06,0.003551025390625,0.00143798828125,1.3427734375e-05,0.00019287109375,5.9814453125e-05,0.000118408203125,1.220703125e-06,0.0036669921875,1.220703125e-06,0.003446044921875,0.0,0.026304931640625,0.012242431640625,0.0,0.0,0.0,0.9081333180815944,1.5967464190268044
373,376,2.6,3.42,3.72,81.76538070833334,41.91621161375869,137.41129916666668,66.18646404670267,61.53635191666666,40.79454835278842,676.618232033956,13.37908034419632,0.24165658077203134,0.039038435607851626,0.9076347201980604,122.64935479423387,64.47133128493921,8.793442730202445,0.12125179166666664,120.99607505082841,54.12871692094121,1231.98,85.81005540908183,265.65132040388175,29.37403250205275,204.17936418707532,1289.12,51.65443058333333,75.02346358333334,3.9040689606067565,5.137025100220476,0.029333256527479302,0.014182884520085813,183.2853915114494,103.9588530417574,3519.4,0.1749609375,0.032174072265625,0.029913330078125,0.00055908203125,0.0,0.015247802734375,0.000709228515625,0.000885009765625,0.00213134765625,0.001005859375,0.34397216796875,0.08537841796875,0.012626953125,0.00013671875,0.0014990234375,0.0016943359375,0.00019287109375,0.01833740234375,0.000665283203125,0.00369140625,0.00043701171875,0.000806884765625,0.000308837890625,0.094366455078125,0.00130126953125,0.113934326171875,0.001885986328125,0.000731201171875,0.0,0.00689208984375,0.027100830078125,0.001451416015625,0.5275791968275212,-1.704800918436225
374,377,5.58,4.9,4.84,56.07332066666667,27.866152816708915,135.07178604166668,67.02855067944351,96.62071383333334,53.888935540737286,1118.3976856450263,20.21542788340987,0.16777183885995814,0.029577855706396775,0.8460475685224453,121.25983952206208,63.18207931178666,9.29527473475061,0.23041941666666663,119.37635487504849,52.79018098233227,2088.28,58.214467779305096,292.43559464820623,20.078463841829272,195.70543950090973,3109.24,48.14176608333333,78.97792774999999,3.4207948207354235,3.9515242940835025,0.03010395794487565,0.01332510239748006,179.964551835799,101.93211963876799,6098.32,0.16174560546875,0.0479052734375,0.10871337890625,0.050782470703125,0.02472900390625,0.0005859375,0.01,0.003812255859375,0.001744384765625,0.000135498046875,0.00044677734375,0.38453369140625,0.0815185546875,0.052080078125,1.708984375e-05,0.0,0.00029052734375,0.0012890625,0.0001806640625,3.662109375e-06,5.9814453125e-05,0.000118408203125,1.220703125e-06,0.0,1.220703125e-06,0.0,1.220703125e-06,0.034847412109375,0.020714111328125,0.0,0.0,0.0,0.9142053121111441,1.6494248019471853
375,378,6.0,5.52,5.54,55.617509375,27.193965416139473,136.10241399999998,67.08281364391962,97.710929875,54.50336064569676,1105.499370921697,20.188408942695904,0.16855283828431053,0.03087090654440851,0.8466233674138129,121.77910422906106,63.165518765027464,9.308833037480618,0.2312950833333333,119.12886571567137,52.540531121253515,2085.28,57.02496128750624,284.36665169890676,19.021316063214268,178.71774303818344,3173.38,47.844975416666664,79.36036108333333,3.420573713017296,3.857655084810159,0.029818377177567173,0.013204609777702382,179.40829831782935,101.45987523503878,5966.68,0.16620849609375,0.0272021484375,0.108375244140625,0.05960205078125,0.023089599609375,5.4931640625e-05,0.01119873046875,0.009134521484375,0.001588134765625,3.662109375e-06,0.001363525390625,0.384775390625,0.0701220703125,0.06279541015625,1.8310546875e-05,7.32421875e-06,0.00382568359375,0.000426025390625,1.3427734375e-05,4.150390625e-05,6.103515625e-05,0.000118408203125,1.220703125e-06,0.0036669921875,0.0,0.003443603515625,1.220703125e-06,0.028494873046875,0.017899169921875,0.0,0.0,0.0,0.9170302174735876,1.6739326400103396
376,379,6.26,5.9,5.82,56.76843654166667,27.18249281375033,135.29388754166666,69.05132392466672,98.59975070833335,56.87665862630022,1042.0842889672822,19.44893932249918,0.18123684307720225,0.036913646361304765,0.8645252571588067,121.4246102571579,65.29118163739179,9.207997653968157,0.22717066666666663,116.66919110862518,52.70016442217443,2009.54,56.88543267507479,293.82012293523985,19.388826796034294,194.27446577516253,3103.36,46.01857441666667,84.10492158333332,3.388386510134603,3.830893984150255,0.02963759960966084,0.013306776614329316,179.591473085597,101.65378338133598,5794.2,0.1859716796875,0.04088623046875,0.1101806640625,0.04702392578125,0.022509765625,0.00063720703125,0.01159912109375,0.010394287109375,0.002926025390625,1.953125e-05,0.00072998046875,0.380765380859375,0.0752001953125,0.0428271484375,0.0,4.8828125e-06,0.003551025390625,0.00133544921875,1.3427734375e-05,0.00019287109375,6.103515625e-05,0.000118408203125,1.220703125e-06,0.0,0.0,0.000751953125,1.220703125e-06,0.027001953125,0.01890625,0.0,0.0,0.0,0.9099769544676712,1.612741129008248
377,380,4.8,3.8,3.94,54.018903124999994,26.453940200116694,135.62629358333334,65.07988213322774,97.07640241666667,53.594521021538505,1097.6344893005612,20.154359781217543,0.16984146261560557,0.03460069833828717,0.8433514994548371,122.40423048913374,62.11653438287258,9.251591811852428,0.2333078333333333,119.80700581275302,52.423935681227476,2093.34,57.252910650772954,301.8145679652801,19.662294174338786,199.3429788864869,3177.7,47.172954,76.6693485,3.4232078573607656,3.84184434143889,0.029977360501660603,0.013287756478244357,179.56515906142124,101.5971067331356,6010.76,0.157833251953125,0.041099853515625,0.097303466796875,0.05807373046875,0.01677001953125,0.000360107421875,0.01176513671875,0.00339111328125,0.001646728515625,2.3193359375e-05,0.0012109375,0.402259521484375,0.095792236328125,0.0456640625,2.44140625e-05,7.32421875e-06,0.00382568359375,0.000408935546875,1.3427734375e-05,0.00019287109375,5.9814453125e-05,0.000118408203125,1.220703125e-06,0.0,1.220703125e-06,0.002696533203125,1.220703125e-06,0.021998291015625,0.020640869140625,0.0,0.0,0.0,0.9152721768639666,1.6586805274469036
378,381,5.4,5.66,5.02,56.35512320833333,27.51208116740389,137.32559158333333,67.23897031801624,96.34996191666667,53.66554681242933,1054.0792728056904,19.3920241320342,0.18449802415828237,0.03395225289514674,0.8520334446586666,122.70270027168935,62.92221501452628,9.183912203350081,0.22188324999999998,117.65028914522877,52.07155898156188,2028.14,58.222245767002626,293.4825103486257,19.91811739781547,189.41586843564298,3022.8,45.63534025,81.18526508333333,3.4065489782676717,3.7351371226043892,0.029547106334917684,0.012862128321827133,179.62504432007026,101.90227990018222,5786.28,0.19052490234375,0.04287841796875,0.097279052734375,0.030640869140625,0.02505859375,0.000357666015625,0.005633544921875,0.00264892578125,0.00050048828125,0.00013671875,0.0013134765625,0.375184326171875,0.10772705078125,0.05949951171875,2.44140625e-05,2.44140625e-06,0.000284423828125,0.00015380859375,0.000169677734375,0.0001513671875,0.0,0.0,0.0,0.0036669921875,1.220703125e-06,0.003443603515625,1.220703125e-06,0.01361083984375,0.0206591796875,0.0,0.0,0.0,0.8992315664259017,1.519518101591273
379,382,5.9,5.06,5.74,55.244680375,27.60941638652725,135.78243041666667,66.3041010504444,92.24500524999999,55.488632535648094,1160.0485077602023,20.764059296658637,0.1711312927556904,0.03613534147896463,0.8417110522911555,122.96195686756668,62.9673141708006,9.306773233782385,0.23533633333333331,120.53391047904887,53.291733295197574,2079.66,56.303505773980895,295.58504600359083,19.25902704339865,194.67202338246167,3272.7,48.26391775,79.38887141666667,3.392886965288574,3.8355424342600806,0.030585109562531274,0.013622539268460522,180.36556142016354,101.41625319461316,6022.14,0.16337158203125,0.044132080078125,0.1283154296875,0.04426025390625,0.0347216796875,0.000919189453125,0.0116650390625,0.0009765625,0.001859130859375,0.00015625,0.00130615234375,0.341588134765625,0.09162109375,0.07172119140625,2.44140625e-05,7.32421875e-06,0.003829345703125,0.001197509765625,0.000172119140625,0.000189208984375,1.220703125e-06,0.0,0.0,0.0,1.220703125e-06,0.002696533203125,1.220703125e-06,0.03102783203125,0.011341552734375,0.0,0.0,0.0,0.9144985260990047,1.6519686184685738
380,383,6.9,5.76,6.24,55.193941875,26.762732041361428,134.7797575,66.0481399565571,96.03954420833334,53.888882343436464,1032.0088536121268,19.273910584015795,0.17690758752439023,0.03324598121920256,0.8515860153676388,120.5673800881773,62.25716830202766,9.215940276176163,0.22358987499999997,116.90429210639739,52.24380078206858,2032.5,58.47974454931551,288.3217306697926,20.078972123416726,193.18349198227773,3000.1,46.54480341666667,79.31490358333333,3.3848766177602987,3.880354674912557,0.02944220360584956,0.0130877637946038,180.24925288668578,101.6301114517783,5930.08,0.17387939453125,0.037724609375,0.09844482421875,0.04388671875,0.0244140625,0.000611572265625,0.0140966796875,0.003037109375,0.002877197265625,1.708984375e-05,0.00055419921875,0.38113525390625,0.097926025390625,0.046024169921875,1.708984375e-05,4.8828125e-06,0.003831787109375,0.001395263671875,1.3427734375e-05,0.00019287109375,6.103515625e-05,0.000118408203125,1.220703125e-06,0.0036669921875,0.0,0.003446044921875,1.220703125e-06,0.03175048828125,0.020631103515625,0.0,0.0,0.0,0.9108258067442598,1.62010545859279
381,384,4.7,4.46,5.08,54.997380916666664,28.070038974458495,134.03970829166667,66.15288295858313,96.65591083333332,53.981404738456796,1115.9626399892095,20.086538841931333,0.16916830440305866,0.03184432697048367,0.8484353552471876,120.03504189351257,62.33116552021127,9.298339216693934,0.2247047083333333,120.19858821818157,52.45735086318862,2040.76,58.41064706476939,287.1997747879483,20.381073859942934,189.31314258506535,3031.92,49.057463500000004,76.97208916666666,3.4555248350598307,3.9153423887114456,0.030555005058042185,0.013785955543995327,180.298501552817,101.81140476481596,6095.8,0.16253173828125,0.0464111328125,0.127498779296875,0.049234619140625,0.0251025390625,0.00097412109375,0.01374267578125,0.002557373046875,0.00047607421875,4.7607421875e-05,0.001405029296875,0.37635498046875,0.082037353515625,0.0511181640625,2.44140625e-05,2.44140625e-06,0.00028076171875,0.001396484375,1.0986328125e-05,3.662109375e-06,6.103515625e-05,0.000118408203125,1.220703125e-06,0.0036669921875,0.0,0.003446044921875,1.220703125e-06,0.016732177734375,0.020755615234375,0.0,0.0,0.0,0.9127480046803182,1.6367817396351745
382,385,5.22,4.5,4.92,55.48022979166667,28.71199942684122,133.683529625,68.469489261456,96.64288833333335,56.19980292849332,1130.7418636708953,20.232215486197525,0.1737619382947947,0.03777318508212431,0.8534151478971634,120.31379995024854,64.8512231296791,9.273889056548729,0.22649129166666665,117.9651779160918,52.99817469252427,2046.16,57.62686059166897,295.0971502256106,19.70112658572655,194.01990809077796,3099.98,48.417801499999996,84.15890499999999,3.4555075464281084,3.9596022348527242,0.030198931791607958,0.013355704824594992,180.46558951703526,102.05918477925943,5922.52,0.168187255859375,0.0431396484375,0.123857421875,0.03266845703125,0.025535888671875,0.000992431640625,0.008643798828125,0.01044921875,0.00061279296875,0.000157470703125,0.00162841796875,0.382708740234375,0.076533203125,0.04593505859375,7.32421875e-06,2.44140625e-06,3.662109375e-06,0.00113037109375,0.000169677734375,0.0001513671875,1.220703125e-06,0.0,0.0,0.0036669921875,1.220703125e-06,0.000751953125,1.220703125e-06,0.040841064453125,0.008541259765625,0.0,0.0,0.0,0.9080374440877123,1.5959146515815055
383,386,5.72,3.86,4.28,53.144595958333326,27.359579422138175,133.90419479166667,65.39095963589038,99.18900945833333,55.76376879597653,1224.2334506223672,21.54500443347064,0.15801039038380088,0.03179458175338551,0.8284167243830924,120.05506395141988,61.88329717206714,9.38887136195619,0.24106666666666665,121.80801534690403,53.68021696703917,2121.04,56.34459118809061,293.5190440324915,19.545107580325055,188.1083850002958,3340.36,50.52883883333333,75.87645433333333,3.4238721882140863,3.8873582920756222,0.031162463964649754,0.013992479189521545,180.38331700173578,101.61798837844626,6217.04,0.148914794921875,0.04584716796875,0.1326416015625,0.049813232421875,0.025311279296875,0.0009326171875,0.008489990234375,0.008455810546875,0.00181640625,0.0001611328125,0.000439453125,0.381241455078125,0.0868603515625,0.0468701171875,2.3193359375e-05,4.8828125e-06,0.003829345703125,0.0014453125,0.00018310546875,4.150390625e-05,6.103515625e-05,0.000118408203125,1.220703125e-06,0.003658447265625,1.220703125e-06,0.002694091796875,1.220703125e-06,0.0226171875,0.010377197265625,0.0,0.0,0.0,0.9134591808850676,1.6429516423484067
384,387,4.72,4.92,4.0,54.103370166666664,26.36815195147434,135.38363195833332,66.47366566152182,96.19920195833335,54.582113480090655,1191.5658173597167,21.17662433733473,0.1633935177263493,0.03407284917526179,0.8357248207375055,122.32915709281971,62.963489494642715,9.342033850862661,0.23993104166666665,121.13121434412888,53.17628925576002,2107.52,55.0387903660585,295.8301769206053,18.837547811100684,193.27807037829044,3389.52,49.54129233333333,78.673004,3.419991250710958,3.8840997292288844,0.030649979432883435,0.013643988408054333,178.8017723194641,101.79846734940139,6032.64,0.16232666015625,0.054007568359375,0.091756591796875,0.0608251953125,0.01665771484375,0.00041748046875,0.00529052734375,0.010484619140625,0.003026123046875,0.0001416015625,0.001302490234375,0.38869140625,0.091024169921875,0.04699462890625,2.44140625e-05,7.32421875e-06,0.00383544921875,0.00015380859375,0.000172119140625,0.000189208984375,0.0,0.0,0.0,0.0036669921875,1.220703125e-06,0.003446044921875,1.220703125e-06,0.032340087890625,0.00298583984375,0.0,0.0,0.0,0.9078692687859347,1.5944556246289623
385,388,5.22,4.26,4.64,54.90876766666666,28.02554448141778,134.90746029166667,67.27341188866055,95.51595125,55.497161389408205,1133.4289339508666,20.452245136301336,0.16555954123451969,0.03769410976266954,0.8500822211609023,121.38258935727677,63.91790501965601,9.30869927821166,0.23172299999999996,119.97098171859442,53.18026899668,2076.76,58.76916287395211,300.61126834718095,20.490796752692827,198.71462502521186,3084.16,48.60164508333333,79.00565858333333,3.4160885875352163,3.8259319979731936,0.030559517700334236,0.013778637214610801,180.12283751170824,101.66591359434398,6290.32,0.156339111328125,0.035899658203125,0.123280029296875,0.049827880859375,0.0234326171875,0.0004248046875,0.008333740234375,0.00301513671875,0.001558837890625,0.000142822265625,0.001123046875,0.3866650390625,0.077008056640625,0.052745361328125,2.44140625e-05,7.32421875e-06,0.003829345703125,0.0004248046875,0.00018310546875,0.00019287109375,5.9814453125e-05,0.000118408203125,1.220703125e-06,0.003658447265625,1.220703125e-06,2.44140625e-06,0.0,0.039537353515625,0.019730224609375,0.0,0.0,0.0,0.914183091205524,1.6492320215575145
386,389,5.06,4.2,5.1,54.17439129166667,26.56871152499161,133.48655004166667,66.93138385402428,95.85491329166668,53.99984284626287,1142.3643807611056,20.49413472582295,0.163434161530901,0.0313590980617832,0.8425326547072077,119.98796565724496,63.297332641345236,9.328608654434413,0.23195675,118.54215090067733,52.82428644330789,2090.82,57.94556226782433,286.0525343385748,20.054802068061505,188.7380435922366,3123.66,48.91681766666667,79.47276033333334,3.422282032414376,3.951583159282441,0.030373149451942312,0.013619288432034818,179.60872057785986,101.83350010382286,6095.4,0.15908203125,0.059412841796875,0.111480712890625,0.0551220703125,0.01851318359375,0.00097412109375,0.012005615234375,0.009053955078125,0.001868896484375,0.0001611328125,0.00134765625,0.3844580078125,0.097900390625,0.044510498046875,2.44140625e-05,2.44140625e-06,0.00029052734375,0.001329345703125,0.0001806640625,3.662109375e-06,5.9814453125e-05,0.000118408203125,1.220703125e-06,0.0,0.0,0.003446044921875,1.220703125e-06,0.0232861328125,0.008564453125,0.0,0.0,0.0,0.9133928753518843,1.6423763999733691
387,390,5.18,3.74,4.62,54.53250954166667,28.23973644676568,133.25812912499998,67.43559704765542,98.99613991666666,55.888115519717395,1084.9498050191823,19.78081790611537,0.17700560663944864,0.037850162403504355,0.8541588936596339,119.70903845277886,63.65553070299906,9.219983672700268,0.2268725833333333,115.5211276151846,51.848948829615495,2055.72,59.494596072860176,300.3989292800416,20.25362492645417,196.62152685483193,3013.0,47.358890583333334,79.59703825000001,3.414594526102994,3.884275649737794,0.029587051526005253,0.013245240279589215,179.34716223176582,101.55172051697217,5943.7,0.1698681640625,0.0528857421875,0.11572509765625,0.04507568359375,0.02961181640625,0.000955810546875,0.011507568359375,0.002138671875,0.001689453125,3.90625e-05,0.000673828125,0.37458984375,0.076055908203125,0.057269287109375,6.103515625e-06,0.0,6.103515625e-06,0.0014453125,1.0986328125e-05,3.662109375e-06,6.103515625e-05,0.000118408203125,1.220703125e-06,0.003658447265625,1.220703125e-06,0.002696533203125,1.220703125e-06,0.02819091796875,0.010369873046875,0.0,0.0,0.0,0.9110140816212977,1.6217388620544242
388,391,5.34,4.78,5.22,55.19419104166666,27.61498125346103,132.84911979166668,66.57523943197276,95.68250391666666,55.14990065438113,1170.971139057642,20.89538673300818,0.1585262893123519,0.028521933938339163,0.8402304359306569,119.30131254069205,62.88573653549084,9.376326755279715,0.23233504166666663,121.39378959315304,53.4497093533136,2100.58,58.223381888779215,269.15613978871676,19.518430907597942,176.24214505971494,3191.38,50.03972266666667,77.32538166666667,3.4405791767377805,3.869854037496741,0.030701628038444385,0.013790061572818786,180.68106975626912,102.01540587177423,6373.98,0.149493408203125,0.02513671875,0.148883056640625,0.051776123046875,0.0265283203125,0.000875244140625,0.008182373046875,0.00774169921875,0.001788330078125,0.000157470703125,0.0007275390625,0.390286865234375,0.07647705078125,0.045467529296875,6.103515625e-06,4.8828125e-06,0.003548583984375,0.00113037109375,0.000172119140625,0.000189208984375,1.220703125e-06,0.0,0.0,0.0036669921875,1.220703125e-06,0.00074951171875,1.220703125e-06,0.02974365234375,0.0123388671875,0.0,0.0,0.0,0.9170228037795927,1.673868321532881
389,392,5.7,4.72,5.4,56.933191625,29.03213985482231,132.214239875,68.61407098267323,96.77756566666667,56.20067405526195,1091.959146636221,19.696000739844248,0.17520689936423647,0.03553912959230115,0.8565789624382664,118.27278143670245,64.36192790759392,9.245017042734737,0.2232869583333333,115.81342460781612,53.386685611248346,2012.14,57.90568372644395,274.03173640836195,19.469951916805936,178.15798751640793,3056.14,48.122771666666665,82.90898333333332,3.4094308140825644,3.8648164139170227,0.029979949102399407,0.013685824327184334,180.45161375647527,101.74788263678487,5836.04,0.177288818359375,0.051669921875,0.12594970703125,0.032965087890625,0.03414306640625,0.000179443359375,0.010189208984375,0.009254150390625,0.003089599609375,0.000128173828125,0.00036865234375,0.343778076171875,0.09270751953125,0.052647705078125,1.708984375e-05,4.8828125e-06,0.00383544921875,0.0001318359375,0.000172119140625,0.000189208984375,0.0,0.0,0.0,8.544921875e-06,1.220703125e-06,0.003446044921875,1.220703125e-06,0.0350732421875,0.002884521484375,0.0,0.0,0.0,0.9086021346425792,1.6008136987702937
390,393,5.02,4.24,5.12,54.93698429166667,28.190481870206824,136.56038191666667,66.85221359756908,95.865192375,53.695780841534095,1020.5157635006764,18.825768705114644,0.18793570039267274,0.0391309785399459,0.8611102544069511,122.74367357491911,63.50556620912379,9.135140385819046,0.2142540833333333,118.70012010106252,51.0982013424759,1977.28,58.07957885413135,267.1107511309506,18.75071953623091,167.89612217117582,2965.42,46.2875745,79.35371483333333,3.4484968822549478,3.975316426338852,0.029618521576742055,0.013437836237299845,180.26314193839616,101.3484388335837,5548.2,0.177257080078125,0.058917236328125,0.1007568359375,0.054896240234375,0.025491943359375,0.0004248046875,0.013983154296875,0.002884521484375,0.0017041015625,3.41796875e-05,0.00153076171875,0.357647705078125,0.08949951171875,0.049986572265625,2.44140625e-05,2.44140625e-06,0.000286865234375,0.00042724609375,1.0986328125e-05,3.662109375e-06,6.103515625e-05,0.000118408203125,1.220703125e-06,0.0036669921875,0.0,0.002696533203125,1.220703125e-06,0.01729248046875,0.02061279296875,0.0,0.0,0.0,0.9079534127671345,1.5951856268062568
391,394,5.52,4.62,4.12,55.453398208333326,27.486063494335955,132.0135346666667,67.55730427123984,93.80170429166667,55.5518281736453,1115.7558268076634,20.137866123094575,0.17308769832626322,0.0343036848338173,0.8483176129721203,118.99147479439935,63.89604289653329,9.270855226733676,0.2293968333333333,117.72668511904159,53.381906226542085,2044.0,56.862570455062325,284.0997649660948,19.296214012201887,178.77705657160382,3166.9,49.30570383333334,80.66437616666667,3.437285629924741,3.9379200948975255,0.030114929041327593,0.01354759703582618,179.3950703044694,102.15172428687238,5825.18,0.1652392578125,0.03982421875,0.12263916015625,0.043970947265625,0.01651123046875,0.000992431640625,0.008961181640625,0.0029833984375,0.001549072265625,0.000157470703125,0.001246337890625,0.3762841796875,0.095941162109375,0.05247802734375,7.32421875e-06,7.32421875e-06,0.003548583984375,0.00131103515625,0.00018310546875,0.00019287109375,5.9814453125e-05,0.000118408203125,1.220703125e-06,0.0036669921875,1.220703125e-06,0.003446044921875,0.0,0.0242333984375,0.01968017578125,0.0,0.0,0.0,0.9067849097636389,1.5850481252932125
392,395,5.38,4.0,3.7,56.37106204166666,28.307616401711865,137.19370979166666,67.57368698161167,90.86462391666666,54.91023535064904,1094.906598446431,19.65950970072207,0.18589803629160442,0.039050648578136324,0.857742367111368,123.89136740852669,64.11493352969484,9.189016801713874,0.22160854166666663,118.8075596038687,51.762980424842574,2006.7,58.04268414021622,295.17604887809375,19.87208261166215,193.4244855653328,3018.12,47.87328466666667,81.12873966666668,3.415570364039843,4.00485057784719,0.030015118894900585,0.013369065414255938,179.9973050612316,101.47507221073818,5781.92,0.186873779296875,0.061722412109375,0.095469970703125,0.06725830078125,0.02455322265625,0.000948486328125,0.006263427734375,0.0093115234375,0.00270751953125,0.000155029296875,0.001241455078125,0.362373046875,0.075535888671875,0.061939697265625,2.44140625e-05,7.32421875e-06,0.00383544921875,0.00107421875,0.000172119140625,3.7841796875e-05,0.0,0.0,0.0,0.0036669921875,0.0,2.44140625e-06,0.0,0.010880126953125,0.010438232421875,0.0,0.0,0.0,0.9061639607541193,1.5796610004807838
393,396,5.6,5.9,5.94,54.763187458333334,26.55634242673696,134.78003870833334,66.18235397973176,96.00332391666667,55.29246058411384,1209.2895069410824,21.424745379370453,0.1590808535136115,0.03580769004533128,0.8347856689588312,121.07997811265048,62.82925442113554,9.357807901686733,0.24084062499999997,122.89670467889614,53.90817339239867,2116.14,56.187812089453566,282.55098882647695,19.655504975250047,178.14677642751406,3344.4,48.8721255,78.51123666666666,3.410237548141753,3.739501799104583,0.030993522280526643,0.013796076025142146,179.8319185031048,101.95597679909862,6332.26,0.15505126953125,0.03073486328125,0.122852783203125,0.0650439453125,0.013126220703125,0.000364990234375,0.009415283203125,0.00943359375,0.00148193359375,0.000142822265625,0.001146240234375,0.4164501953125,0.08318359375,0.0385009765625,2.44140625e-05,7.32421875e-06,0.003829345703125,0.00023681640625,0.000172119140625,0.000189208984375,0.0,0.0,0.0,0.0036669921875,1.220703125e-06,0.003443603515625,0.0,0.019495849609375,0.011402587890625,0.0,0.0,0.0,0.9149229126906018,1.6556504401682697
394,397,4.96,4.82,4.84,54.54391316666667,28.574723421915156,135.977303875,65.78342000341739,95.00995495833332,54.04684278611781,1058.806321481656,19.552416995778934,0.17754558811939486,0.040240529748726474,0.8518524254904858,122.06270723496205,62.54502942317601,9.185270610844743,0.22677891666666664,117.85383439712487,51.8532535060532,2066.04,59.32155822578226,296.5089894456147,20.355200760934032,199.63574696131104,3015.88,45.894895999999996,79.62479483333334,3.416952151491513,3.8988040444769907,0.029500671849367232,0.013111497115261404,180.2630166947403,101.53805404235047,5895.92,0.1697412109375,0.049122314453125,0.10867919921875,0.0323046875,0.0244775390625,0.000955810546875,0.008140869140625,0.009888916015625,0.0018505859375,0.00015625,0.000975341796875,0.357366943359375,0.108399658203125,0.052357177734375,2.44140625e-05,2.44140625e-06,0.00029052734375,0.00125,0.000169677734375,0.0001513671875,0.0,0.0,0.0,0.003658447265625,1.220703125e-06,0.002696533203125,1.220703125e-06,0.03822021484375,0.00852294921875,0.0,0.0,0.0,0.90563345015768,1.5750584860174073
395,398,6.06,4.32,6.02,54.950684583333334,28.39025515464253,134.05201325,67.71218109427772,94.23266833333334,56.16126390690494,1144.1835617092368,20.60124817878726,0.1675019170506464,0.03297142992476015,0.8424554998356614,121.26895822981807,64.32734763102718,9.31269373534448,0.2353428333333333,118.8053826724537,52.40945235588321,2108.2,57.34177735158956,295.67964552409484,19.588778744084312,187.86859608785613,3214.28,48.94771775,79.51694991666668,3.4117056974729056,3.8212465095606643,0.030280962846802942,0.013615719854064815,179.5638948797737,101.76665154918892,6087.72,0.163336181640625,0.05378173828125,0.102943115234375,0.05225830078125,0.02136962890625,0.0004541015625,0.0075146484375,0.008519287109375,0.001787109375,0.0001416015625,0.001751708984375,0.37734619140625,0.103658447265625,0.059930419921875,2.44140625e-05,2.44140625e-06,0.00029052734375,0.000101318359375,0.000169677734375,0.0,1.220703125e-06,0.0,0.0,0.0,1.220703125e-06,0.002696533203125,1.220703125e-06,0.016585693359375,0.01229248046875,0.0,0.0,0.0,0.911765102629955,1.6282544436051907
396,399,1.9,5.42,4.62,80.075176,41.734020308438495,136.968032625,66.01793521102586,64.67367645833333,42.02245453318873,669.2197375173834,13.18487122257464,0.24104025312822255,0.03585220699423872,0.9099145985440361,121.66033031386334,64.0721135843183,8.791496220667433,0.11754129166666663,119.1481049484284,52.707504675921584,1210.28,84.92252855716653,246.45663908431987,28.29038974828232,180.98492877333567,1236.4,52.01329833333333,73.2283775,4.119772028416202,5.190084886237104,0.029116382868668612,0.014471113703125583,183.5828150684388,104.00289469429221,3527.88,0.174107666015625,0.022357177734375,0.022955322265625,0.000565185546875,0.0,0.0173291015625,0.003189697265625,0.000885009765625,0.00571044921875,0.0006103515625,0.33267822265625,0.094820556640625,0.006695556640625,0.000157470703125,0.0023779296875,0.002154541015625,5.126953125e-05,0.018509521484375,0.001319580078125,0.00193359375,0.002197265625,0.00235107421875,3.41796875e-05,0.081201171875,0.001302490234375,0.1163232421875,0.0017822265625,0.000731201171875,0.0,0.01706298828125,0.031971435546875,0.00131103515625,0.5303442469466954,-1.680812362409481
397,400,5.9,5.22,4.44,54.96808575,27.29116633851072,132.67935366666666,66.31713561107449,96.09757287500001,55.59740776249122,1173.0047795817338,20.908433442334964,0.16548290003424312,0.03290989134891793,0.8390254421607031,119.96676421745887,63.2235273674127,9.314673436825858,0.2352600833333333,121.19168777604158,53.50097816924901,2097.26,56.18993778993718,288.2032487010861,19.186693440372213,187.7077355255,3285.2,48.65466066666667,78.14043916666667,3.4325220097245404,3.8598137395659133,0.03084136299435805,0.013890227888787991,179.88293569302195,101.86416222202304,6159.22,0.157646484375,0.044659423828125,0.120736083984375,0.0481689453125,0.02193115234375,0.00093505859375,0.011700439453125,0.008677978515625,0.000443115234375,4.39453125e-05,0.0007958984375,0.417371826171875,0.0602294921875,0.041552734375,6.103515625e-06,0.0,0.0,0.00125732421875,0.0,0.0,1.220703125e-06,0.0,0.0,0.003658447265625,1.220703125e-06,0.003446044921875,1.220703125e-06,0.0258154296875,0.011268310546875,0.0,0.0,0.0,0.9140938653263914,1.6484579307062261
398,401,5.64,4.46,4.96,53.28557733333333,27.556525323282504,136.86759108333334,65.55691154251195,97.05952425,55.83594659627755,1143.2426869318235,20.725350752208342,0.16553706057914322,0.03664289442877964,0.8369651138476134,123.08434051071674,62.13800392982648,9.312168180118876,0.23615387499999996,120.41259692061823,52.21424928506764,2107.22,57.77927096472091,294.75858018599916,19.55641619446065,191.97920757161296,3243.68,47.651805583333335,78.28365975000001,3.4154253895926168,3.9523480996662874,0.02974412311926712,0.012945005925588584,180.32784594013788,101.75375023020504,6018.7,0.16444091796875,0.03319580078125,0.142977294921875,0.0566845703125,0.025025634765625,0.000101318359375,0.00652099609375,0.001358642578125,0.00304443359375,0.000123291015625,0.00147705078125,0.354505615234375,0.09879150390625,0.050244140625,1.8310546875e-05,7.32421875e-06,0.00383544921875,0.000303955078125,0.00018310546875,0.00019287109375,6.103515625e-05,0.000118408203125,1.220703125e-06,0.003658447265625,1.220703125e-06,0.002694091796875,1.220703125e-06,0.02303466796875,0.009390869140625,0.0,0.0,0.0,0.9093502850168278,1.6073043757546406
399,402,6.16,3.6,6.96,55.685069416666664,27.996424460043254,136.52039383333332,66.88830388918916,96.1210385,54.80917515714227,1118.3679899373074,20.16548654579888,0.17770976357728066,0.03802590538977625,0.8467019669142818,122.74261956406347,63.450796231811516,9.243352452308246,0.22786441666666665,118.67473441758037,52.221111169938524,2033.04,57.54234259825905,298.5564675481318,19.254238527872566,194.4297025463976,3150.12,47.96625825,79.56548658333332,3.42979689050196,3.9465688906535776,0.029983036417417938,0.013277550056984616,179.73379817961992,101.4209983308545,5775.6,0.17041748046875,0.05142333984375,0.110743408203125,0.04368408203125,0.03472412109375,0.000877685546875,0.004696044921875,0.007408447265625,0.002877197265625,4.7607421875e-05,0.000614013671875,0.368133544921875,0.063819580078125,0.05881103515625,2.3193359375e-05,4.8828125e-06,0.003831787109375,0.00126708984375,1.3427734375e-05,4.150390625e-05,5.9814453125e-05,0.000118408203125,1.220703125e-06,0.003658447265625,1.220703125e-06,0.002694091796875,1.220703125e-06,0.028707275390625,0.019656982421875,0.0,0.0,0.0,0.9074439654866744,1.5907658499113493
400,403,6.84,6.78,6.88,54.53149470833333,29.44153247226175,134.47777491666665,66.33128067210122,92.32987133333334,54.736463300663175,1079.3120609050354,19.80150187506614,0.17023089807785882,0.03719207512474296,0.8525959287965895,121.06800295076982,62.755440854284835,9.24831963010856,0.2260245833333333,119.62335124735519,52.24870029136183,2055.32,58.68510834114893,287.26717536652586,19.78096469609411,188.77901338907768,3055.28,47.42426816666667,78.03153533333334,3.4434947705207173,3.9625324163435187,0.029492219812387775,0.013180681623226618,179.3803690873816,101.75629653963722,6074.06,0.16155517578125,0.03535888671875,0.1347802734375,0.0526025390625,0.02069580078125,0.000142822265625,0.011871337890625,0.004608154296875,0.002589111328125,1.0986328125e-05,0.0017529296875,0.378587646484375,0.0706201171875,0.055244140625,1.220703125e-06,7.32421875e-06,0.003551025390625,0.000198974609375,2.44140625e-06,0.000189208984375,1.220703125e-06,0.0,0.0,0.003658447265625,1.220703125e-06,0.000751953125,0.0,0.0367529296875,0.001978759765625,0.0,0.0,0.0,0.9160184367989502,1.6651548036767385
401,404,5.24,6.24,5.38,82.87379345833332,39.09123515212898,137.57091054166668,67.62046729473579,60.559508791666666,39.20744048679208,656.6395221014452,13.133342738851214,0.2489645164022093,0.041139339911061196,0.914548248893408,123.26781851660395,66.20128641473329,8.744700148032448,0.11894508333333331,119.54077328628567,52.86485151460508,1234.24,87.3600890203005,251.98225273293238,30.042348020875227,207.76789814130933,1248.36,51.98937908333333,77.36421008333333,4.183262988977939,5.372917554692127,0.02917781690417262,0.014265962264996386,184.14296133412364,104.35029581290391,3570.36,0.171744384765625,0.020224609375,0.021993408203125,0.00055908203125,0.0,0.00863037109375,0.00277587890625,0.000885009765625,0.00548095703125,0.000931396484375,0.344388427734375,0.096322021484375,0.0133056640625,5.126953125e-05,0.002501220703125,0.000736083984375,0.000150146484375,0.016304931640625,0.000736083984375,0.003939208984375,0.00025146484375,0.000794677734375,0.00022705078125,0.083404541015625,0.000926513671875,0.131815185546875,0.001907958984375,0.000731201171875,0.0,0.00731201171875,0.028369140625,0.001749267578125,0.52084690114558,-1.7632078351987612
402,405,3.98,3.62,3.72,,,,,,,,,,,,,,,,,,,,,,,,,,,,,,,,,,,,,,,,,,,,,,,,,,,,,,,,,,,,,,,,,,
403,406,3.64,2.58,3.4,,,,,,,,,,,,,,,,,,,,,,,,,,,,,,,,,,,,,,,,,,,,,,,,,,,,,,,,,,,,,,,,,,
404,407,5.16,4.26,4.06,53.66310229166666,27.2444952830283,135.3631245,66.46712445421366,94.48480916666668,54.74152253938185,1093.5449936876623,20.006330918542698,0.17726559502152908,0.04145157934053024,0.8485228486957586,122.05065813191831,63.03386005155064,9.202702141154656,0.23257999999999995,119.03182352551063,52.027737611454924,2070.22,56.52331250437597,290.04791398189724,19.320316991782036,187.007229181368,3228.62,47.43860541666667,78.02701858333334,3.4093799636500846,3.9767050472093075,0.029696804343578152,0.013311759837206581,179.68472404642978,101.56059320505781,5777.14,0.177965087890625,0.050184326171875,0.124097900390625,0.051063232421875,0.0210302734375,0.00071044921875,0.014354248046875,0.003101806640625,0.0026220703125,2.8076171875e-05,0.00095458984375,0.37631591796875,0.092396240234375,0.04012939453125,1.708984375e-05,4.8828125e-06,0.003831787109375,0.00134033203125,1.3427734375e-05,0.00019287109375,6.103515625e-05,0.000118408203125,1.220703125e-06,8.544921875e-06,1.220703125e-06,0.002696533203125,0.0,0.013621826171875,0.002939453125,0.0,0.0,0.0,0.9096365115384465,1.6097875715935075
405,408,1.86,3.88,3.2,80.25033554166666,40.043307831337664,138.013550625,65.9332617871967,61.486290374999996,41.00454125709236,704.6482585256224,13.862788384531209,0.23385116249778612,0.03637076406323544,0.904559149368375,123.36227936958775,64.58816587717983,8.867090486534147,0.12855816666666664,119.66382307652174,52.8613239167709,1272.4,86.91954522239261,284.83414329318254,31.567768963272243,257.46652573214465,1346.9,53.59752975000001,75.20335441666666,4.094187293002592,5.359957614832106,0.029115846143438633,0.013828503578118028,183.2914808951496,104.02277464929078,3737.32,0.166165771484375,0.024368896484375,0.0352685546875,0.000513916015625,0.0,0.027060546875,0.004365234375,0.000885009765625,0.005526123046875,0.00070556640625,0.339820556640625,0.08871826171875,0.0124267578125,0.000113525390625,0.00167724609375,0.0012158203125,0.00016845703125,0.022352294921875,0.0005810546875,0.00445068359375,0.002652587890625,0.0028955078125,0.00025146484375,0.088985595703125,0.001143798828125,0.099298095703125,0.001097412109375,0.0,0.0,0.015050048828125,0.026610107421875,0.001328125,0.5373757088860781,-1.6198099894278397
406,409,5.24,4.58,4.58,84.28217683333332,39.41289156026878,137.67377324999998,67.89720779715944,63.846638000000006,40.421332331140846,654.7494207145169,12.970784758119624,0.2535425925891821,0.04210261879671087,0.9149229561341811,121.9786854162594,66.15618281732732,8.706441977147968,0.11459695833333329,119.80299111044984,53.26867629802284,1181.3,88.19287388483357,253.40989816973783,31.303234971931584,208.36538117083646,1189.88,51.623988499999996,76.7967675,4.170651778174128,5.402838914050426,0.029420024164170163,0.014439280270232717,184.1798282902722,104.31842385101592,3497.96,0.181744384765625,0.02528076171875,0.023348388671875,0.00052001953125,0.0,0.006981201171875,0.00174560546875,0.000885009765625,0.00417724609375,0.000931396484375,0.351043701171875,0.088179931640625,0.00597900390625,7.2021484375e-05,0.001627197265625,0.000736083984375,1.0986328125e-05,0.014029541015625,0.000606689453125,0.00448486328125,0.000469970703125,0.000223388671875,0.000303955078125,0.086031494140625,0.000732421875,0.1318310546875,0.001619873046875,0.000731201171875,0.0,0.003673095703125,0.03591064453125,0.00176025390625,0.5164005794842924,-1.8017824836454852
407,410,1.78,4.04,4.04,81.74945625000001,38.6302208448579,136.01811641666666,67.27174335345688,66.16404375,42.37497414525414,653.2923821577116,12.9115433542688,0.2517214270334069,0.041155372006159006,0.9136959613271125,120.16102548837637,65.59712568018816,8.714911439738648,0.11601104166666663,117.39738706171792,53.11335258239062,1178.14,88.37392205768512,273.6579131924738,30.872787703798682,227.21625351855357,1198.5,50.95520258333333,76.85385258333334,4.159640324352012,5.443515393990131,0.02909193359566091,0.014296998751758917,183.77186940462354,104.56456907941306,3320.62,0.19151611328125,0.031783447265625,0.024962158203125,0.00055908203125,0.0,0.0112890625,0.001678466796875,0.000885009765625,0.004766845703125,0.001025390625,0.341776123046875,0.07725341796875,0.008834228515625,0.000115966796875,0.002139892578125,0.001102294921875,0.0002001953125,0.014063720703125,0.001099853515625,0.00459716796875,0.002637939453125,0.0029052734375,0.00011474609375,0.086793212890625,0.000877685546875,0.10226318359375,0.001065673828125,0.0,0.0,0.013902587890625,0.0319189453125,0.00127685546875,0.5231409646802657,-1.7433053852398592
408,411,2.02,3.8,3.56,79.34212670833334,40.46848230244354,136.15922291666666,66.69998528477186,63.234646624999996,40.6165443260383,647.0722831293974,13.010934802089228,0.24867768254200043,0.04169022723875309,0.9118689569710315,121.31734646419041,64.60478427957156,8.723116400942146,0.12072987499999999,118.87168050773012,53.477422220057726,1204.16,85.21840053732089,267.2445625780117,29.736425507488953,205.33387904806077,1303.36,51.20618725,74.82234441666667,4.1068878986856845,5.39219245532774,0.028961051862855185,0.014167821924071244,183.9312043182533,103.98812758759894,3420.6,0.192286376953125,0.02701171875,0.030889892578125,0.000565185546875,0.0,0.013939208984375,0.00420166015625,0.000885009765625,0.00212890625,0.00086181640625,0.3200732421875,0.099654541015625,0.00976318359375,0.000208740234375,0.002340087890625,0.001182861328125,0.00018798828125,0.015731201171875,0.000802001953125,0.003482666015625,0.002401123046875,0.00094970703125,0.000115966796875,0.086719970703125,0.001214599609375,0.126265869140625,0.00024169921875,0.0,0.0,0.00541259765625,0.02310302734375,0.001461181640625,0.5413842269663238,-1.5850335635376265
409,412,5.72,4.8,4.6,56.74780116666667,27.975043449773494,138.49520916666665,66.08333484595026,95.80739100000001,53.147640248223205,1042.6018107049106,19.331128391160615,0.1839671656473504,0.04018152797973053,0.8555225678367403,123.84712442653398,62.15621540862794,9.157043517459705,0.2220538333333333,119.16944631421855,51.45214689428325,2020.06,59.47226550777886,290.0958486344093,20.264431441607364,184.77989294932377,2967.5,44.74663391666667,78.72710858333333,3.4127793514079143,3.8826257491814946,0.029245137456722824,0.012580553300286118,179.87672740560672,101.68433295181127,5818.7,0.184013671875,0.042799072265625,0.12478271484375,0.047489013671875,0.02146484375,5.7373046875e-05,0.00740478515625,0.0081591796875,0.002801513671875,0.0,0.001124267578125,0.3835400390625,0.063807373046875,0.055810546875,1.220703125e-06,7.32421875e-06,0.003551025390625,0.000252685546875,1.3427734375e-05,4.150390625e-05,5.9814453125e-05,0.000118408203125,1.220703125e-06,0.003658447265625,1.220703125e-06,0.003443603515625,1.220703125e-06,0.018642578125,0.011402587890625,0.0,0.0,0.0,0.9074080511255188,1.5904542701469282
410,413,2.16,1.72,1.66,,,,,,,,,,,,,,,,,,,,,,,,,,,,,,,,,,,,,,,,,,,,,,,,,,,,,,,,,,,,,,,,,,
411,414,2.26,5.28,5.24,78.1350065,40.39374200282766,137.67285195833335,66.23389129988834,64.84287062499999,42.598883624544044,688.575410448319,13.715230226715244,0.23424608850159767,0.032807155772159736,0.9044049015091998,122.19290210864261,64.05252411784397,8.848919263473244,0.1289405833333333,119.91958785675928,53.292031784235334,1298.36,81.2696862435421,265.8407650915405,28.33797036704705,225.19248960097178,1401.96,52.269649666666666,74.7980165,4.05923896379396,5.196396942316571,0.029262215875606064,0.014267526150820187,183.86933332283536,104.29745504052165,3726.82,0.184012451171875,0.029901123046875,0.020955810546875,4.5166015625e-05,0.0,0.020411376953125,0.00300537109375,0.0,0.007728271484375,0.0008837890625,0.338780517578125,0.09498779296875,0.013695068359375,0.00018798828125,0.0014013671875,0.001239013671875,0.000203857421875,0.02107177734375,0.001214599609375,0.002276611328125,0.000693359375,0.0027099609375,0.00022705078125,0.092894287109375,0.00129150390625,0.10030029296875,0.001904296875,0.000731201171875,0.0,0.008663330078125,0.023843994140625,0.001300048828125,0.5413578860952026,-1.5852620872299465
412,415,3.92,1.98,1.74,,,,,,,,,,,,,,,,,,,,,,,,,,,,,,,,,,,,,,,,,,,,,,,,,,,,,,,,,,,,,,,,,,
413,416,5.5,4.42,4.26,56.015385916666666,27.96084694794627,135.86044508333333,68.34227502562705,93.61324395833333,55.19385944597706,1046.5613135429248,19.40707664744667,0.17671833407268545,0.03766292769022415,0.8606013258184904,122.16371260188345,64.85622411402846,9.23016644100437,0.22306441666666665,118.03658881443033,52.54725211492918,2026.48,58.1645878309384,281.84018803729117,19.450679305911176,183.65193940825026,3039.0,47.82146275,81.52057541666667,3.4276886040990506,3.9136196645107773,0.029619700954758237,0.013322003443814533,180.01115304029162,101.53622428755278,5785.22,0.168427734375,0.04740966796875,0.094747314453125,0.04952880859375,0.022772216796875,0.0006298828125,0.012340087890625,0.00857177734375,0.00255859375,2.197265625e-05,0.00129150390625,0.39431396484375,0.082589111328125,0.051287841796875,1.8310546875e-05,7.32421875e-06,0.003831787109375,0.0012841796875,1.3427734375e-05,0.00019287109375,5.9814453125e-05,0.000118408203125,1.220703125e-06,8.544921875e-06,0.0,0.003446044921875,0.0,0.028502197265625,0.01967529296875,0.0,0.0,0.0,0.9143674652811193,1.6508315831031197
414,417,2.38,4.28,4.5,81.76765779166666,40.42116326548149,138.53739783333333,66.64098400509512,61.675106,41.025897429444925,659.4974638078886,13.187054759785145,0.2479617233375111,0.03987167945182443,0.9127130487004322,123.55702519427872,64.92425111426127,8.75723740870569,0.12108937499999996,120.51925712269048,52.64023611634077,1246.06,84.36301255465254,249.5356847810926,27.283081187428767,171.58494770637574,1305.96,52.05389933333333,76.34667916666668,4.127612308002346,5.256339128721777,0.028968379065056237,0.014183252564030904,184.82367643826015,103.80223430371709,3550.52,0.183828125,0.02410888671875,0.018724365234375,5.126953125e-05,0.0,0.018148193359375,0.005340576171875,0.0,0.004931640625,0.001048583984375,0.336795654296875,0.08755126953125,0.016441650390625,0.000208740234375,0.00263427734375,0.00226318359375,0.00018798828125,0.02123291015625,0.0014990234375,0.003812255859375,0.000364990234375,0.0007568359375,0.000228271484375,0.073966064453125,0.000933837890625,0.119442138671875,0.00112060546875,0.000731201171875,0.0,0.007320556640625,0.03504638671875,0.001744384765625,0.5166520366236906,-1.7996009341556771
415,418,3.64,3.6,3.64,,,,,,,,,,,,,,,,,,,,,,,,,,,,,,,,,,,,,,,,,,,,,,,,,,,,,,,,,,,,,,,,,,
416,419,3.4,4.14,4.14,,,,,,,,,,,,,,,,,,,,,,,,,,,,,,,,,,,,,,,,,,,,,,,,,,,,,,,,,,,,,,,,,,
417,420,2.44,5.02,5.02,82.17028770833332,40.237220875247125,139.23283954166666,66.02846707444111,64.12695254166667,40.95968716646742,678.8667593122439,13.456414523847007,0.24237868887765912,0.034422934674025456,0.9064534795175567,123.45267124165589,63.5535083988521,8.81039340483173,0.12332179166666664,118.91543770859904,52.41452309090589,1253.96,86.35452500816218,253.82026614469646,29.390717567186666,201.45607391750139,1289.2,52.42506933333333,73.76005083333334,4.082043974124901,5.113812432905264,0.028773187644585932,0.013805848698489852,183.11340563438495,104.54622457306158,3692.72,0.182498779296875,0.026790771484375,0.02450439453125,4.5166015625e-05,0.0,0.03121826171875,0.002669677734375,0.0,0.0057080078125,0.000689697265625,0.3428759765625,0.086463623046875,0.011427001953125,0.00018798828125,0.001536865234375,0.0021923828125,5.126953125e-05,0.02175048828125,0.001507568359375,0.003699951171875,0.000377197265625,0.00220458984375,0.00022705078125,0.069404296875,0.001390380859375,0.112706298828125,0.001640625,0.0,0.0,0.01373046875,0.029449462890625,0.00152587890625,0.5262827283383202,-1.7160486013532321
418,421,2.46,3.9,3.96,,,,,,,,,,,,,,,,,,,,,,,,,,,,,,,,,,,,,,,,,,,,,,,,,,,,,,,,,,,,,,,,,,
419,422,4.34,4.0,4.02,,,,,,,,,,,,,,,,,,,,,,,,,,,,,,,,,,,,,,,,,,,,,,,,,,,,,,,,,,,,,,,,,,
420,423,3.36,3.24,3.32,,,,,,,,,,,,,,,,,,,,,,,,,,,,,,,,,,,,,,,,,,,,,,,,,,,,,,,,,,,,,,,,,,
421,424,6.38,1.18,2.5,,,,,,,,,,,,,,,,,,,,,,,,,,,,,,,,,,,,,,,,,,,,,,,,,,,,,,,,,,,,,,,,,,
422,425,4.56,4.74,5.52,57.856949875,29.13564319225497,136.47532708333333,66.52174517720462,88.82486279166667,52.64162875959544,1075.2483240508113,19.57719317854539,0.1782877773379342,0.03750960484341375,0.8524805483296786,122.90284023530147,63.02996137505851,9.221795798207246,0.2238393333333333,118.9864271878803,51.82643635176397,2035.86,58.20737863227763,272.4579905425586,19.720308197605608,174.97187480901633,3017.78,48.49606575,78.68014941666667,3.4390614553117405,4.043727020763434,0.029904319359042,0.013398760145668596,180.4502747947268,101.5505658448904,5861.68,0.179281005859375,0.043382568359375,0.090184326171875,0.06573486328125,0.021165771484375,0.000966796875,0.006422119140625,0.008861083984375,0.001474609375,0.0001513671875,0.001243896484375,0.388387451171875,0.082327880859375,0.0504931640625,7.32421875e-06,2.44140625e-06,9.765625e-06,0.001251220703125,0.0001806640625,3.662109375e-06,5.9814453125e-05,0.000118408203125,1.220703125e-06,0.0,1.220703125e-06,0.003446044921875,0.0,0.028914794921875,0.0123388671875,0.0,0.0,0.0,0.9090561243377512,1.6047523460890813
423,426,1.2,3.78,3.92,81.53471558333332,40.6779416882633,138.352387375,66.65443779200926,60.326932500000005,39.32790420423885,723.8409995263588,13.96809700906952,0.23705458332063814,0.03494334018965019,0.9029125154076802,123.90851513751535,64.7207700039584,8.845461682799012,0.12911941666666663,121.71239941905354,54.055300802960765,1281.0,84.08525993372231,278.955585134952,29.984579281049903,242.4198612624898,1352.76,51.74402383333333,76.49621783333333,4.045881997835677,5.160151853728626,0.02994643687026755,0.01430039950052153,183.34556521204334,104.6182465326996,3809.72,0.18246826171875,0.030030517578125,0.034969482421875,0.00052001953125,0.0,0.0299755859375,0.00135986328125,0.000885009765625,0.005655517578125,0.00070068359375,0.312711181640625,0.090316162109375,0.01128173828125,7.2021484375e-05,0.00122314453125,0.00174072265625,0.000201416015625,0.02239013671875,0.001092529296875,0.0032080078125,0.00044677734375,0.002550048828125,0.00031005859375,0.08944091796875,0.001116943359375,0.10271728515625,0.00256103515625,0.000731201171875,0.0,0.018394775390625,0.019300537109375,0.000968017578125,0.5504136063398104,-1.5066979950480792
424,427,2.78,3.4,3.36,75.58953758333332,39.163644611453776,141.11693741666667,65.70662702014204,61.705793458333325,41.70575510934827,685.1231288118164,13.67291136063832,0.23289664243912708,0.038541969455899536,0.9072910625505244,126.78849051681418,64.45811974548114,8.84436110507682,0.1271103333333333,121.23553018866461,53.92193517810148,1280.74,84.23891111787185,273.9759520833741,28.482198063355437,220.99149311943256,1346.0,51.10923566666666,75.284001,3.9051234710489178,5.203963427099797,0.028863110065828233,0.013803817935213028,183.39357191456983,104.20752199537264,3615.5,0.17494873046875,0.0292822265625,0.036258544921875,0.000565185546875,0.0,0.02673095703125,0.0028466796875,0.000885009765625,0.006834716796875,0.000977783203125,0.31821533203125,0.091702880859375,0.014425048828125,5.126953125e-05,0.0020263671875,0.000643310546875,0.00016845703125,0.01181884765625,0.00157958984375,0.002288818359375,0.002579345703125,0.002989501953125,0.000328369140625,0.09876708984375,0.00103515625,0.101844482421875,0.001602783203125,0.000731201171875,0.0,0.018905029296875,0.025654296875,0.00139404296875,0.54120527885176,-1.5865860514445642
425,428,4.74,3.74,3.52,,,,,,,,,,,,,,,,,,,,,,,,,,,,,,,,,,,,,,,,,,,,,,,,,,,,,,,,,,,,,,,,,,
426,429,3.38,4.12,3.9,,,,,,,,,,,,,,,,,,,,,,,,,,,,,,,,,,,,,,,,,,,,,,,,,,,,,,,,,,,,,,,,,,
427,430,3.08,3.68,4.04,77.03546495833334,40.926410633371226,135.97423958333331,65.96775072766009,64.98642075,43.08835329442611,738.1679212546961,14.36416017845901,0.2281692823234577,0.0396017114672219,0.8984900313035722,121.59706902289946,64.61253242577276,8.881710572645378,0.1360063333333333,119.1967926832238,53.83302856768101,1353.64,83.31725621073076,266.8939641909255,29.164343862409,231.2534249285652,1506.94,53.778407916666666,73.62710441666667,3.860866700291469,5.087469838867082,0.02907167211487075,0.013931629766599403,183.08707575766624,103.73366946149761,3846.58,0.156522216796875,0.02944580078125,0.04060791015625,5.126953125e-05,0.0,0.019779052734375,0.00437255859375,0.0,0.006812744140625,0.00065673828125,0.33759521484375,0.10015625,0.01497802734375,0.0002294921875,0.00085205078125,0.00104248046875,0.000198974609375,0.0216162109375,0.000926513671875,0.002208251953125,0.0026123046875,0.002852783203125,0.00033447265625,0.08192138671875,0.001505126953125,0.102723388671875,0.00166748046875,0.000731201171875,0.0,0.017144775390625,0.026226806640625,0.001187744140625,0.5550489835546564,-1.4664831702778738
428,431,5.56,5.6,5.94,57.520705625,28.622328445478797,136.635794125,68.51495043130147,93.57066275,54.421758099529264,1082.3942184902469,19.538175188540304,0.18534754001556356,0.04044253478225479,0.8596711500479887,122.82221409157457,65.05750600068785,9.18812269541117,0.22096341666666663,117.61885708844193,51.8343915529429,1980.02,57.43735544826519,283.90531502530183,19.305189792839954,178.3830804797976,3029.0,47.877756,82.30588949999999,3.4404940959821046,4.022787572636016,0.03008698759471724,0.013504842751305089,180.586332934408,101.67503890715808,5719.6,0.187520751953125,0.04312744140625,0.104427490234375,0.05452880859375,0.02734619140625,0.000137939453125,0.012784423828125,0.003719482421875,0.001630859375,1.0986328125e-05,0.00162841796875,0.372242431640625,0.070048828125,0.046685791015625,1.220703125e-06,2.44140625e-06,6.103515625e-06,0.00037109375,1.0986328125e-05,3.662109375e-06,6.103515625e-05,0.000118408203125,1.220703125e-06,8.544921875e-06,1.220703125e-06,0.003443603515625,1.220703125e-06,0.0270703125,0.0207275390625,0.0,0.0,0.0,0.9088059099173393,1.6025815779713082
429,432,4.1,3.4,4.26,,,,,,,,,,,,,,,,,,,,,,,,,,,,,,,,,,,,,,,,,,,,,,,,,,,,,,,,,,,,,,,,,,
430,433,3.92,4.2,4.58,56.49488933333333,27.47564289006274,134.97489716666666,66.06214595459537,95.65336325,52.81160295296852,1053.1143254405465,19.282309264749653,0.17117518388316666,0.02757759617059852,0.8467850416771264,120.86519232139425,62.133238396451944,9.272363953655749,0.21691370833333332,118.84639725826575,52.19094429100383,1996.42,58.69239203447971,267.179838461594,19.366380978714545,173.80927727807185,2954.9,46.56577983333334,78.3399835,3.4264247243628962,3.872185054570397,0.029839920242325593,0.013413538677156491,179.71544074617032,102.10564432070721,5816.0,0.1603857421875,0.045419921875,0.12745361328125,0.056734619140625,0.024595947265625,0.000653076171875,0.010430908203125,0.0034423828125,0.00292236328125,2.3193359375e-05,0.0004052734375,0.349886474609375,0.0967333984375,0.047225341796875,1.708984375e-05,4.8828125e-06,0.003831787109375,0.001204833984375,2.44140625e-06,3.7841796875e-05,0.0,0.0,0.0,0.0036669921875,1.220703125e-06,0.003446044921875,1.220703125e-06,0.023636474609375,0.020755615234375,0.0,0.0,0.0,0.912318972145577,1.6330596114445979
431,434,4.06,2.96,3.1,,,,,,,,,,,,,,,,,,,,,,,,,,,,,,,,,,,,,,,,,,,,,,,,,,,,,,,,,,,,,,,,,,
432,435,2.5,4.38,3.76,79.27055745833333,42.78166069980489,138.512224875,65.98647572448922,63.793582875,41.40193740417469,659.3011103553938,13.18464763463729,0.24014109996670022,0.03422289020063095,0.9083074499913275,123.40443991018505,63.850614929786545,8.8007362054409,0.12091199999999996,120.03803428850433,53.64579030005873,1217.24,83.38852455542904,254.70297309051938,29.282767160700104,209.86599286090478,1293.66,51.223647666666665,74.50497066666667,4.080959041056508,5.286723690975069,0.02902161165564516,0.01413809844017474,183.52736777690203,103.97413525946872,3512.26,0.183790283203125,0.029281005859375,0.03218994140625,5.126953125e-05,0.0,0.02008544921875,0.001527099609375,0.0,0.006495361328125,0.0009619140625,0.342720947265625,0.086431884765625,0.00537109375,0.00018798828125,0.002044677734375,0.001583251953125,5.4931640625e-05,0.016060791015625,0.0010400390625,0.00247802734375,0.0003662109375,0.0021435546875,1.220703125e-05,0.08124267578125,0.00139404296875,0.108990478515625,0.001142578125,0.0,0.0,0.0154052734375,0.024075927734375,0.000577392578125,0.541781899078246,-1.5815835068204023
433,436,4.06,4.2,4.08,,,,,,,,,,,,,,,,,,,,,,,,,,,,,,,,,,,,,,,,,,,,,,,,,,,,,,,,,,,,,,,,,,
434,437,2.76,4.72,4.44,78.77751866666667,41.49933649956608,137.08661741666666,65.56977206116963,64.60201945833333,42.1750302989756,688.6353378884114,13.59095171235356,0.23533185800055967,0.038737384159113916,0.9064473404764917,121.87297121971147,63.95194624933901,8.825282489965415,0.12321849999999995,117.89991541851545,52.830890600027395,1248.06,85.27121240809065,255.9358181343841,29.94631800799109,220.3350106162303,1311.36,52.67460916666667,73.82343850000001,4.1572882446913155,5.402641531011372,0.029066276972270773,0.014193881627049876,182.62101395537152,103.92582221545312,3576.16,0.17156005859375,0.032335205078125,0.034761962890625,0.00052001953125,0.0,0.0277783203125,0.0055859375,0.000885009765625,0.00698486328125,0.000909423828125,0.3455419921875,0.077691650390625,0.00733154296875,0.000113525390625,0.001888427734375,0.000733642578125,2.197265625e-05,0.01914794921875,0.001312255859375,0.00329345703125,0.000555419921875,0.002041015625,1.220703125e-05,0.080966796875,0.000941162109375,0.089083251953125,0.0024853515625,0.000731201171875,0.0,0.01755859375,0.0288818359375,0.00140625,0.5369549785229328,-1.6234600910366586
435,438,2.34,2.3,2.3,,,,,,,,,,,,,,,,,,,,,,,,,,,,,,,,,,,,,,,,,,,,,,,,,,,,,,,,,,,,,,,,,,
436,439,4.94,5.08,5.08,,,,,,,,,,,,,,,,,,,,,,,,,,,,,,,,,,,,,,,,,,,,,,,,,,,,,,,,,,,,,,,,,,
437,440,6.28,4.72,5.6,81.59485325,41.070142415266346,135.25939670833333,64.53336670165847,64.54188595833334,42.15351853936932,695.9728970259519,13.934936967004864,0.2252698077750142,0.03264515336883671,0.9011394848984924,120.13629116421367,63.17757456450383,8.902654282675323,0.1284520833333333,119.56688128597983,52.526292541068734,1292.06,84.05117029353987,273.9736990827089,28.759773571571213,237.63370079026893,1352.16,52.74791675,70.61089725,4.107410594140891,5.173832590247139,0.029101262938723706,0.014066594795116285,182.99869890307218,104.30044149521302,3782.48,0.148441162109375,0.0291455078125,0.030826416015625,0.00055908203125,0.0,0.030528564453125,0.000743408203125,0.000885009765625,0.006336669921875,0.000816650390625,0.348231201171875,0.099044189453125,0.011953125,2.0751953125e-05,0.002017822265625,0.0010205078125,0.000164794921875,0.0178662109375,0.000859375,0.003203125,0.0026708984375,0.002999267578125,0.000335693359375,0.0860546875,0.00116943359375,0.094901123046875,0.002490234375,0.000731201171875,0.0,0.01481201171875,0.031405029296875,0.001429443359375,0.5307889841157836,-1.676953986597822
438,441,4.14,4.16,4.16,56.496646,27.073204785534617,135.78491041666666,66.71768023227692,91.73588025,53.006451421438605,1073.7827966265409,19.57208350388079,0.1789934077940371,0.038414224992539,0.8542694426254626,122.671215367859,63.496884192833114,9.194561705253125,0.22475145833333332,118.69607935391642,52.49595924715572,2029.34,57.92467136311743,285.8351152330822,19.657227502026455,188.90526591334975,3054.8,46.96895791666667,80.23813725,3.406112958438079,3.963627745451673,0.030077180328081772,0.013555056657161923,179.6922294910862,101.92711947491885,5771.3,0.178502197265625,0.058834228515625,0.089093017578125,0.049940185546875,0.020498046875,0.000394287109375,0.008719482421875,0.009384765625,0.002950439453125,0.000137939453125,0.000345458984375,0.385374755859375,0.08279052734375,0.032501220703125,6.103515625e-06,4.8828125e-06,0.0035546875,0.00028076171875,0.000172119140625,3.7841796875e-05,0.0,0.0,0.0,0.003658447265625,1.220703125e-06,0.003443603515625,1.220703125e-06,0.032911376953125,0.0206591796875,0.0,0.0,0.0,0.9038409978027755,1.5595078298312046
439,442,3.88,4.9,4.86,53.09175091666667,27.31478108352306,130.5604065,67.03776769287367,94.84897020833334,56.176406885056515,1187.7960887110175,21.201330779567847,0.15573028778591338,0.03617177225721402,0.844051817094689,118.5336245292945,64.12260293890178,9.375939059981762,0.24112308333333332,119.83171240506859,53.71529019770023,2143.88,58.1699468436232,308.9134134433405,20.413367570314097,212.89810412320188,3231.2,50.06878283333334,79.229366,3.436000958851939,3.894257964481443,0.030314491609046614,0.013685730449983412,180.24337631178366,101.75764391222427,6306.06,0.14201171875,0.036549072265625,0.139066162109375,0.0595263671875,0.01829345703125,0.000655517578125,0.011612548828125,0.00273681640625,0.003095703125,0.000133056640625,0.00142578125,0.3889501953125,0.08832275390625,0.051473388671875,1.220703125e-06,7.32421875e-06,0.0035546875,0.00129638671875,0.00018310546875,0.00019287109375,6.103515625e-05,0.000118408203125,1.220703125e-06,8.544921875e-06,1.220703125e-06,0.003446044921875,1.220703125e-06,0.029434814453125,0.002952880859375,0.0,0.0,0.0,0.9184348260985346,1.6861185068998867
440,443,5.7,3.12,3.8,57.060837041666666,28.96476039179181,136.15192208333335,68.42349929635034,92.597803625,54.18802227875597,1152.9373431308336,20.212409691250357,0.17719370733061915,0.034340155018282796,0.8517118413319238,122.32615673681366,64.48245190600439,9.273706268968319,0.22224966666666662,120.50418846588647,53.22093439028543,2006.06,56.78642675705275,271.82879836854346,19.003817118149733,177.52542128316844,3108.92,48.64760558333333,81.00965491666666,3.466361021536269,4.058712064167067,0.030695952952539452,0.013805534841685682,180.40900579481092,101.66037703251023,5829.96,0.176087646484375,0.0489208984375,0.105721435546875,0.06102783203125,0.02216796875,0.00097412109375,0.012393798828125,0.00391845703125,0.00155029296875,0.0001611328125,0.001363525390625,0.360491943359375,0.081778564453125,0.050152587890625,2.44140625e-05,2.44140625e-06,0.00029052734375,0.0014013671875,0.0001806640625,0.000155029296875,6.103515625e-05,0.000118408203125,1.220703125e-06,0.003658447265625,1.220703125e-06,0.000751953125,0.0,0.029949951171875,0.020760498046875,0.0,0.0,0.0,0.9080732878472024,1.5962256188318908
441,444,4.68,4.86,4.92,55.180123333333334,28.43938730854891,135.98315079166667,66.90641004728323,89.54958087499999,55.428610317846896,1174.9753399167887,20.894178728852516,0.17188433856718763,0.04044729466992018,0.8416197376435842,123.0980415953545,63.610298143742774,9.301773652890112,0.23524679166666665,120.04267547148343,53.5105089861503,2098.82,58.23317946471133,307.2487044441378,20.693542353332386,209.29080990062175,3171.64,49.48009016666667,78.81986816666667,3.403644627492454,3.865832366903802,0.030546293953433393,0.01347323776366808,179.8116766740784,101.72436714364449,6316.94,0.164908447265625,0.02634033203125,0.12946533203125,0.0520703125,0.024776611328125,0.0006298828125,0.01237548828125,0.00806396484375,9.1552734375e-05,1.708984375e-05,0.0012646484375,0.370858154296875,0.080640869140625,0.067569580078125,1.8310546875e-05,2.44140625e-06,0.00028076171875,0.001356201171875,1.0986328125e-05,0.000155029296875,6.103515625e-05,0.000118408203125,1.220703125e-06,0.003658447265625,1.220703125e-06,0.003446044921875,0.0,0.04380859375,0.00298095703125,0.0,0.0,0.0,0.9202022030271263,1.7014516179266623
442,445,5.7,3.9,5.2,56.223949041666664,28.592987314551984,135.6114415,65.11938878478985,90.90771508333333,53.70881701803806,1038.873816848104,19.638312559299465,0.1697841637571887,0.033664277916269726,0.8492497799670551,122.1832302939828,61.67686507910047,9.248480123448273,0.23317529166666662,118.87113930493746,52.00202915903593,2089.36,58.49248524711427,304.83535553964043,20.299143474056358,206.493672303245,3097.2,46.44939191666666,76.68147891666666,3.3790999287907426,3.8208020871575714,0.02937843255961725,0.01303362827108081,179.60926986947538,101.42246832979005,5991.38,0.163389892578125,0.047340087890625,0.10155029296875,0.052869873046875,0.02777587890625,0.000653076171875,0.006583251953125,0.009095458984375,0.0026220703125,2.8076171875e-05,0.00130859375,0.36869873046875,0.080355224609375,0.0592822265625,1.8310546875e-05,7.32421875e-06,0.003831787109375,0.001201171875,1.3427734375e-05,4.150390625e-05,5.9814453125e-05,0.000118408203125,1.220703125e-06,8.544921875e-06,0.0,0.002696533203125,0.0,0.03853759765625,0.0178076171875,0.0,0.0,0.0,0.9145749033372751,1.6526312392459368
443,446,2.5,4.26,3.68,77.76772545833333,43.154558185057915,136.47632629166665,64.73538075168388,63.52280708333333,41.31200928279379,668.9291973394481,13.497155740707093,0.23235372512980226,0.037328073277962594,0.907384863445299,121.32508202611346,62.89654769058666,8.814179794621609,0.12614004166666665,121.81130838142626,52.66547066331375,1296.6,80.9438413344635,259.40535742585155,28.749209922924905,216.60627101309282,1345.8,51.0312115,72.6851005,3.80972489608377,5.029489863682668,0.02875007704569743,0.013668929387127266,182.83774797678106,104.09456008318725,3784.44,0.172557373046875,0.026373291015625,0.033726806640625,6.103515625e-06,0.0,0.028939208984375,0.004012451171875,0.0,0.005650634765625,0.001053466796875,0.306983642578125,0.103448486328125,0.011781005859375,0.000157470703125,0.00202880859375,0.001204833984375,7.32421875e-06,0.024466552734375,0.001351318359375,0.002906494140625,0.000538330078125,0.000155029296875,0.00031005859375,0.082508544921875,0.000994873046875,0.118857421875,0.00189453125,0.000731201171875,0.0,0.011058349609375,0.019259033203125,0.0015380859375,0.5453136729239759,-1.5509431382482108
444,447,2.04,4.06,3.66,83.13164950000001,40.354389145197494,138.63411183333335,66.75542583696225,62.66675816666667,39.70276323492394,656.174789089236,12.95099514912644,0.2511066830350262,0.03321358731842127,0.9127550424844967,122.91196023897824,64.77275131307749,8.7540532739715,0.11416845833333329,119.1168709154813,53.22161211092208,1186.24,88.13001912789326,262.4957574776339,29.303681916963264,203.3455347337097,1174.94,51.19551766666667,75.96538016666666,4.142295406507865,5.237314938735883,0.029151477708658467,0.014133496215382093,184.15268299237832,104.64768807015163,3504.84,0.194932861328125,0.0315380859375,0.021361083984375,0.0,0.0,0.020989990234375,0.002564697265625,0.0,0.00455078125,0.000787353515625,0.3467333984375,0.083258056640625,0.011080322265625,0.00018798828125,0.002362060546875,0.001258544921875,0.000166015625,0.02096923828125,0.001043701171875,0.002767333984375,0.000478515625,0.00261474609375,0.000311279296875,0.075059814453125,0.00060791015625,0.104390869140625,0.001795654296875,0.0,0.0,0.01007568359375,0.031787109375,0.000506591796875,0.5409197184226859,-1.5890634685099403
445,448,4.0,4.0,4.0,81.0990645,38.42290709010468,139.56176279166667,65.00273748036986,64.97994862499999,42.19614036857161,673.5748546099858,13.388156366734659,0.24562756839854585,0.03945758859549882,0.906579991621538,123.91135465523128,63.76006615825547,8.787174734268884,0.12313120833333331,117.70620442480714,52.137165166662726,1272.26,88.76861697197555,273.9927193462627,31.097869130200497,238.8205619885852,1279.06,52.81454775,72.41248341666666,3.940349258205547,5.1420925657790395,0.0283342128104525,0.013505141921154167,183.9187933486242,104.6205124772836,3587.46,0.186588134765625,0.025726318359375,0.0255078125,6.103515625e-06,0.0,0.02043212890625,0.001787109375,0.0,0.0066845703125,0.001038818359375,0.36471435546875,0.0693359375,0.0090625,0.00013671875,0.001278076171875,0.001197509765625,0.00016845703125,0.019759521484375,0.00132080078125,0.00329345703125,0.00268310546875,0.0028515625,0.000115966796875,0.072730712890625,0.000859375,0.100947265625,0.001807861328125,0.0,0.0,0.018905029296875,0.033563232421875,0.001678466796875,0.5190099335265113,-1.7791446894148084
446,449,2.16,3.82,3.46,79.584974375,38.785009607011055,136.81492245833334,66.28354952885695,60.38108175,41.278117574125325,734.7025356119469,14.224254631202577,0.23015447412316475,0.03382792901334603,0.9008437015747178,123.17629755686708,65.06282621280744,8.906587432395094,0.13271354166666663,123.78341964318432,53.83896493578005,1287.12,83.09556740346153,278.8469649743123,27.26486107904119,219.24957222886695,1418.3,53.75475008333333,75.45823491666667,4.058912839965394,5.10308070791236,0.029727772873974906,0.01421283454875489,182.89342151553336,104.22119576235835,3854.18,0.155008544921875,0.016568603515625,0.032618408203125,6.103515625e-06,0.0,0.02967041015625,0.00289794921875,0.0,0.004560546875,0.000926513671875,0.331107177734375,0.10219482421875,0.010518798828125,6.2255859375e-05,0.002215576171875,0.002239990234375,0.000198974609375,0.024560546875,0.00109130859375,0.004637451171875,0.002679443359375,0.0028173828125,0.0003369140625,0.081654052734375,0.001307373046875,0.114949951171875,0.001915283203125,0.000731201171875,0.0,0.01855712890625,0.027420654296875,0.000760498046875,0.525400721645937,-1.7237005664331688
447,450,4.0,4.0,4.0,54.620755499999994,27.32883244178289,133.33151041666667,66.28118436989578,95.95299708333334,54.145855717194806,1122.2967160802216,20.195166375022993,0.168200634889441,0.035262635980893846,0.8427283658322335,119.8411730077956,62.81260188057116,9.270723348099459,0.22813629166666666,117.79443618174635,52.7605602505636,2061.06,59.21178282706375,294.3686385248486,20.2846685049984,196.18011768026642,3077.06,48.54613141666667,77.11970408333333,3.4214886344700193,3.9424340510302365,0.030327192984767652,0.013699738806054247,180.64065061832457,101.89238827668039,6065.12,0.15887939453125,0.04099853515625,0.09731689453125,0.04796630859375,0.018656005859375,0.000906982421875,0.0095947265625,0.009918212890625,0.0029833984375,0.000155029296875,0.000670166015625,0.39414306640625,0.11455322265625,0.034984130859375,2.3193359375e-05,4.8828125e-06,0.00383544921875,0.00143798828125,0.00018310546875,0.00019287109375,5.9814453125e-05,0.000118408203125,1.220703125e-06,0.0036669921875,1.220703125e-06,0.002694091796875,1.220703125e-06,0.021009521484375,0.020714111328125,0.0,0.0,0.0,0.9088949026671341,1.6033536462783602
448,451,2.18,2.84,3.12,,,,,,,,,,,,,,,,,,,,,,,,,,,,,,,,,,,,,,,,,,,,,,,,,,,,,,,,,,,,,,,,,,
449,452,3.58,3.82,3.76,,,,,,,,,,,,,,,,,,,,,,,,,,,,,,,,,,,,,,,,,,,,,,,,,,,,,,,,,,,,,,,,,,
450,453,3.9,3.26,2.42,,,,,,,,,,,,,,,,,,,,,,,,,,,,,,,,,,,,,,,,,,,,,,,,,,,,,,,,,,,,,,,,,,
451,454,4.04,4.76,4.3,80.699518625,40.35709319257854,136.44995916666667,65.11451963734682,62.06954733333333,39.45821777057921,681.0868963411053,13.686569784988613,0.23711613840939846,0.0356508199963443,0.9040082888290883,121.48060228933645,62.78807747686184,8.82587408090908,0.12956795833333332,119.32628761566717,52.142571008923035,1299.06,86.75223118082322,276.3939730722691,30.77427801286665,217.32267459405242,1366.94,51.481018166666665,73.0721915,4.077920118700561,5.095344988816404,0.028788208739830755,0.013731813872389776,183.0719181350651,103.925842393652,3771.96,0.168980712890625,0.02743408203125,0.0260791015625,0.00055908203125,0.0,0.0258935546875,0.00264404296875,0.000885009765625,0.007286376953125,0.00080810546875,0.323013916015625,0.10218994140625,0.014228515625,7.2021484375e-05,0.002288818359375,0.0021923828125,0.0001953125,0.021219482421875,0.0013818359375,0.00303955078125,0.00055419921875,0.002672119140625,0.000311279296875,0.085008544921875,0.00115234375,0.115791015625,0.00181884765625,0.0,0.0,0.00999267578125,0.02796875,0.001204833984375,0.5325628156248517,-1.661564878009081
452,455,3.16,4.5,4.64,79.4739015,40.22456955950619,138.02275600000002,65.65608988706353,62.93738108333333,40.643564878879516,678.117618272848,13.460737438423632,0.24260699892900375,0.03822513223841629,0.9056894957290923,123.23981605809986,63.95935897128337,8.785961534446637,0.12327637499999997,119.54015230230515,52.32400819509345,1239.44,86.03184932579222,259.6618364173638,29.385984967293506,215.90707956827177,1316.66,51.09652625,73.38373725000001,4.127031936606065,5.233169373881922,0.029246475049046868,0.014309773760892115,182.5888486432001,103.49625101126144,3613.28,0.17806396484375,0.02574462890625,0.032745361328125,0.00052001953125,0.0,0.02805908203125,0.002724609375,0.000885009765625,0.005565185546875,0.000574951171875,0.32749267578125,0.0829833984375,0.009266357421875,5.126953125e-05,0.002115478515625,0.000777587890625,0.000152587890625,0.017113037109375,0.001209716796875,0.0032421875,0.0005078125,0.00069580078125,9.1552734375e-05,0.082232666015625,0.001168212890625,0.115296630859375,0.00103515625,0.0,0.0,0.012314453125,0.03033935546875,0.000599365234375,0.5450096710444085,-1.553580546543153
453,456,4.52,4.96,5.0,54.59496704166667,27.57015290523966,134.24808825,67.69479762385404,94.05671583333333,55.83040892681963,1171.6922872809719,20.951878771572236,0.16474775733525276,0.03488356771140143,0.8424424748406538,121.80366684618626,64.41016783379163,9.343176301160833,0.23754637499999998,120.47143435486161,53.72306822465549,2114.24,57.06438583211963,307.59960585050175,19.85227146139137,209.2326089440445,3236.0,48.89282325,80.07061175,3.450990196543828,3.9366096796090266,0.030306765017554443,0.013424940377024863,179.2501769432548,102.02498993206557,6064.98,0.157984619140625,0.03880615234375,0.130272216796875,0.0611572265625,0.015528564453125,0.00063232421875,0.010902099609375,0.010714111328125,0.00181640625,0.0001416015625,0.00078857421875,0.3929296875,0.084139404296875,0.041748046875,1.708984375e-05,4.8828125e-06,0.003829345703125,0.001351318359375,0.00018310546875,4.150390625e-05,6.103515625e-05,0.000118408203125,1.220703125e-06,0.003658447265625,0.0,0.00074951171875,1.220703125e-06,0.027503662109375,0.0020068359375,0.0,0.0,0.0,0.9162711304837289,1.6673470809786508
454,457,4.78,4.66,4.88,78.98812616666666,42.13021567109454,138.393392625,65.89510808506564,63.924095791666666,41.32739193215271,675.4759299431526,13.469745476733248,0.2388349487009083,0.0369368047196034,0.9069273255595246,123.29149885599998,63.86417168594102,8.796353913597214,0.1243568333333333,120.82629930316149,53.17098254671678,1269.64,86.91277523647034,270.80111783696356,30.465379232667793,211.53595727688216,1305.7,52.54681074999999,74.53291125,4.081034334428055,5.308780173866812,0.02900844895078554,0.01399160728069342,183.28958431702347,104.05603211556507,3708.12,0.180281982421875,0.024599609375,0.034676513671875,0.000565185546875,0.0,0.02715087890625,0.001434326171875,0.000885009765625,0.004039306640625,0.0012060546875,0.339822998046875,0.090784912109375,0.008450927734375,0.00018798828125,0.001373291015625,0.002244873046875,4.150390625e-05,0.017864990234375,0.001094970703125,0.00348388671875,0.002325439453125,0.00040283203125,0.000328369140625,0.0794677734375,0.00085693359375,0.1069091796875,0.0002587890625,0.0,0.0,0.01024169921875,0.028416748046875,0.001241455078125,0.5380865565965121,-1.6136429366102514
455,458,5.7,3.58,5.92,56.178522125,28.553975551844744,132.12744316666667,67.30984665688844,94.85913766666667,54.933806069258864,1089.0604443708148,19.856400882844472,0.1640278066788334,0.026537142464319503,0.8519648298382658,118.48196333541375,63.470177186078075,9.331168940176122,0.22594795833333328,115.92092512503237,52.29548962718573,2059.96,58.91085914862823,278.01973089812515,19.581778710924276,178.14307699049508,3047.04,48.85084233333333,79.81312033333333,3.436578973789367,3.9666621686167733,0.029727559328034406,0.013543731625568146,180.06415333226957,101.65426352386172,5950.44,0.161949462890625,0.050267333984375,0.122337646484375,0.049361572265625,0.030733642578125,0.0009326171875,0.00952392578125,0.009088134765625,0.00255859375,4.7607421875e-05,0.001627197265625,0.3605859375,0.088349609375,0.049091796875,2.44140625e-05,7.32421875e-06,0.003831787109375,0.001385498046875,1.3427734375e-05,0.00019287109375,6.103515625e-05,0.000118408203125,1.220703125e-06,0.0,1.220703125e-06,0.003443603515625,0.0,0.022294921875,0.01045654296875,0.0,0.0,0.0,0.9121777126298584,1.6318340959345423
456,459,2.22,4.58,4.04,78.95597554166666,40.50315709795826,135.44945533333333,66.42680359931174,63.13442774999999,40.500706563204915,682.1663905775246,13.490679535861243,0.23799872545623826,0.03532224334688222,0.9073085731665016,120.71370016101967,64.32760920284181,8.806479049463906,0.1229823333333333,118.17634801688575,53.14970966853932,1251.78,85.96669549251966,253.8320616758926,28.78651393298833,211.81497149208744,1293.48,52.409195499999996,75.93689066666667,3.9316696734737437,5.170973711949345,0.029027971532140526,0.013960517897630576,183.91796951350912,104.5377064686986,3639.82,0.169716796875,0.022222900390625,0.031002197265625,0.00055908203125,0.0,0.030301513671875,0.004210205078125,0.000885009765625,0.005908203125,0.00075927734375,0.34423095703125,0.0821875,0.00963623046875,9.27734375e-05,0.002283935546875,0.001595458984375,5.2490234375e-05,0.015377197265625,0.000911865234375,0.00368896484375,0.002576904296875,0.002305908203125,0.000245361328125,0.08941650390625,0.001064453125,0.10943603515625,0.00247802734375,0.000731201171875,0.0,0.013389892578125,0.028326416015625,0.00061279296875,0.529862120492398,-1.6849951138832018
457,460,1.2,2.24,1.52,,,,,,,,,,,,,,,,,,,,,,,,,,,,,,,,,,,,,,,,,,,,,,,,,,,,,,,,,,,,,,,,,,
458,461,2.32,1.64,1.54,,,,,,,,,,,,,,,,,,,,,,,,,,,,,,,,,,,,,,,,,,,,,,,,,,,,,,,,,,,,,,,,,,
459,462,2.66,5.26,4.74,76.42545683333334,39.39822628773331,139.33436154166668,66.24984821568317,62.25760470833333,41.92461303547637,716.5996695477172,14.033981419066011,0.2344122113314879,0.03628953713698556,0.903927708635782,124.70052372080207,64.25887247369768,8.85827336252108,0.13313191666666663,122.10661952929064,53.325453631010845,1320.12,83.39141508931775,281.0849602835592,30.641531928403502,248.7773912965777,1434.86,52.397553333333335,76.16553566666667,3.841246565458935,4.952427963898273,0.029014497725725726,0.013630804587002204,182.5497921813376,103.53470138474923,3800.72,0.171976318359375,0.02984375,0.028236083984375,6.103515625e-06,0.0,0.0175634765625,0.004183349609375,0.0,0.005980224609375,0.000986328125,0.32141845703125,0.102803955078125,0.01487060546875,0.00017822265625,0.002144775390625,0.0017431640625,0.000186767578125,0.021844482421875,0.00128173828125,0.003795166015625,0.00235107421875,0.0010009765625,0.0003369140625,0.093048095703125,0.00131103515625,0.11158203125,0.001617431640625,0.0,0.0,0.00599853515625,0.0274267578125,0.000904541015625,0.5355648795824908,-1.6355200772496652
460,463,1.66,5.9,4.02,79.11141533333334,40.21983308857636,136.56429025,65.22686146427863,64.1762365,42.129526180327076,679.3560340224553,13.392603499428509,0.23962881553809837,0.038498335475890016,0.9080475043537392,121.20294756284012,63.39428116227977,8.799443988126283,0.12050774999999997,120.41767901630229,52.14798438582918,1226.48,84.96490095961441,258.4419555012634,30.505542894786426,214.11744080170433,1275.38,52.293549166666665,71.72142483333333,4.120823149167666,5.228245969220476,0.029202055271173144,0.01416774633995035,182.2611468356307,104.20334160790145,3544.8,0.16799560546875,0.027509765625,0.02302978515625,6.103515625e-06,0.0,0.0164697265625,0.004306640625,0.0,0.00388427734375,0.00054931640625,0.35509521484375,0.093251953125,0.011014404296875,0.000157470703125,0.00216064453125,0.001578369140625,4.2724609375e-05,0.018509521484375,0.00128173828125,0.00343994140625,0.00252685546875,0.000458984375,0.00033447265625,0.088795166015625,0.001173095703125,0.115179443359375,0.001070556640625,0.0,0.0,0.00442138671875,0.026832275390625,0.00122802734375,0.5339272422315041,-1.649727615504835
461,464,5.0,4.58,4.48,,,,,,,,,,,,,,,,,,,,,,,,,,,,,,,,,,,,,,,,,,,,,,,,,,,,,,,,,,,,,,,,,,
462,465,5.2,3.94,5.1,54.79483191666666,25.973240089483387,133.07397345833334,67.30510386252209,97.01848841666666,54.249013168261556,1156.1008381742238,20.646010549488523,0.16298026182776015,0.03217048210744575,0.8449713830944526,119.64746633288229,63.90817429533496,9.345043698278344,0.23352216666666664,120.24208056332301,53.86677198591488,2082.38,56.21098358981335,280.1495773802154,18.831396777893673,179.68487180979469,3248.58,50.694301249999995,78.63262891666668,3.4562715709747005,3.9935411973058823,0.03074275547496371,0.014021431873520588,179.69517097144012,101.95449981704802,5946.52,0.1592333984375,0.0427978515625,0.096500244140625,0.062027587890625,0.019091796875,0.000867919921875,0.011248779296875,0.00834716796875,0.00175537109375,0.000155029296875,0.00078857421875,0.398809814453125,0.096181640625,0.0347119140625,2.3193359375e-05,4.8828125e-06,0.003829345703125,0.001336669921875,0.00018310546875,0.00019287109375,6.103515625e-05,0.000118408203125,1.220703125e-06,8.544921875e-06,0.0,0.003443603515625,1.220703125e-06,0.02712158203125,0.0207275390625,0.0,0.0,0.0,0.9136064826182252,1.644229577910653
463,466,5.2,4.72,5.38,54.067697083333336,28.12732155165375,135.81072129166668,66.76862855346724,97.341431,55.39580103504094,1115.9523074482868,20.271640219407747,0.17178569176704428,0.0341664432730203,0.8453902503937382,121.98125720185354,62.82359159305595,9.277706139998406,0.23176216666666666,119.4250376187428,52.53243193370459,2063.32,56.86536343503498,299.91179372023316,19.251564537628624,193.68858474810622,3193.04,48.005373250000005,79.27678941666666,3.424246307023034,3.8618134475484553,0.030007088750482847,0.013402327586272612,179.569160018961,101.73107110310977,5970.42,0.171895751953125,0.0562158203125,0.099039306640625,0.0331396484375,0.02762939453125,0.00038330078125,0.0073388671875,0.008624267578125,0.003016357421875,0.00014404296875,0.001468505859375,0.37850341796875,0.08618896484375,0.060499267578125,7.32421875e-06,7.32421875e-06,0.0035546875,0.00028076171875,0.000172119140625,3.7841796875e-05,0.0,0.0,0.0,0.0036669921875,1.220703125e-06,0.003443603515625,1.220703125e-06,0.02249267578125,0.009505615234375,0.0,0.0,0.0,0.9045634379631876,1.565775454473463
464,467,6.22,4.96,4.7,79.92770591666667,40.74746380104397,139.83483995833333,66.23879256627981,64.05901475,40.55781116265189,679.0166966268511,13.375200277732311,0.24269934204355445,0.03520671199662089,0.9078132734429198,123.92565638577067,63.72294840655563,8.800219831492358,0.12288137499999997,121.13241167028313,52.73411544195142,1255.94,81.29181780024611,255.12710162501108,28.658591980741512,190.0477271715321,1318.7,51.3392465,74.42351933333333,4.090615256207628,5.282612989852546,0.029209422558626515,0.01401857427921678,183.71196095753797,104.35149251830364,3711.9,0.1933203125,0.022576904296875,0.030850830078125,4.5166015625e-05,0.0,0.005181884765625,0.002720947265625,0.0,0.00666259765625,0.00093994140625,0.323194580078125,0.105712890625,0.012135009765625,0.00018798828125,0.002576904296875,0.000712890625,2.197265625e-05,0.021046142578125,0.000885009765625,0.003182373046875,0.00251953125,0.002435302734375,0.000335693359375,0.07998046875,0.000880126953125,0.118204345703125,0.001888427734375,0.000731201171875,0.0,0.012325439453125,0.023548583984375,0.000880126953125,0.5434575323586492,-1.567046329881551
465,468,1.74,5.7,3.06,82.67863633333333,40.58204914245804,138.34568379166666,65.54513711009852,60.06605870833333,38.490049880991386,662.5365827923071,13.270392984225072,0.2422884925542922,0.03169887082056281,0.9074236798773007,123.12868635562323,62.9299660515434,8.808305557631478,0.1215373333333333,118.89047398718021,53.3089413049079,1224.9,85.80818036448476,270.29261699604615,27.78393226370066,194.4725243887662,1279.52,50.2110805,74.866484,3.89601572887311,5.025599591624327,0.02890000231394821,0.013798999688063645,183.59156203848332,104.56394819400016,3547.86,0.1869970703125,0.028677978515625,0.0237353515625,0.00055908203125,0.0,0.015552978515625,0.003836669921875,0.000885009765625,0.00508544921875,0.0008349609375,0.341192626953125,0.083447265625,0.009708251953125,0.000208740234375,0.002197265625,0.001732177734375,0.0001953125,0.017015380859375,0.000587158203125,0.002808837890625,0.000555419921875,0.002642822265625,8.544921875e-06,0.083424072265625,0.001063232421875,0.11483642578125,0.001143798828125,0.0,0.0,0.0083154296875,0.033004150390625,0.000892333984375,0.5337591186800495,-1.6511861934906429
466,469,4.56,4.08,4.16,55.54921245833333,28.150021988503134,135.779647125,67.57100754005573,94.0396175,55.533997088463536,1153.0474028461276,20.551423140025733,0.17542540844360624,0.038390006732231204,0.8473231375551715,123.00168406443808,64.34779527168443,9.262126328440354,0.2308158333333333,120.29256121657096,52.765832173546414,2073.84,56.3345996318578,298.26066919532883,19.400799669293434,193.99717814104,3207.26,48.63428641666666,80.97196658333333,3.4424282764285796,4.005940140243126,0.03055831840961484,0.013507696043794669,180.14609612014698,102.00842626231021,5936.44,0.174344482421875,0.0509716796875,0.104892578125,0.06125,0.018924560546875,0.000906982421875,0.008017578125,0.002979736328125,0.00050048828125,0.000155029296875,0.000726318359375,0.40138916015625,0.074249267578125,0.04012939453125,2.3193359375e-05,0.0,0.000284423828125,0.00125732421875,0.000169677734375,0.0001513671875,1.220703125e-06,0.0,0.0,0.0036669921875,1.220703125e-06,0.002694091796875,1.220703125e-06,0.02250244140625,0.011346435546875,0.0,0.0,0.0,0.9055151927052271,1.5740325279329301
467,470,4.88,5.34,5.08,56.762879625,26.76519742679137,135.51932566666667,66.40301371238905,99.51231241666666,53.666845967240995,1057.8347826812826,19.525955576076605,0.17028869392112259,0.025661366634710348,0.8490466262676116,120.3255104214048,61.95970324698467,9.29482561562704,0.222368875,118.06829507848512,52.35208755270483,2028.14,59.150704012443,276.4847091303311,19.807327038057906,176.21136961821742,3001.18,46.97284525,79.86342691666667,3.4011103179257924,3.755731339196522,0.029787019351929164,0.013315156603533931,180.23123131467378,101.9375495687639,6005.02,0.17317138671875,0.0312158203125,0.121864013671875,0.0400439453125,0.03427734375,0.000101318359375,0.012852783203125,0.003251953125,0.001639404296875,6.103515625e-06,0.000587158203125,0.38156982421875,0.08805908203125,0.041707763671875,0.0,4.8828125e-06,0.003544921875,0.000430908203125,1.3427734375e-05,0.00019287109375,6.103515625e-05,0.000118408203125,1.220703125e-06,0.0036669921875,1.220703125e-06,0.003443603515625,1.220703125e-06,0.0180078125,0.0189013671875,0.0,0.0,0.0,0.9108479198904541,1.6202973041013868
468,471,2.5,3.52,3.36,79.57719541666667,38.80758574313757,140.507272,67.25415902195854,61.303557125,40.74005856373414,707.5394715043897,13.590819071704189,0.24605806267239383,0.03812355397730529,0.9084636090411178,126.20129652370053,66.07873779594267,8.794148659451826,0.12055241666666663,121.43862750973226,54.218387661767856,1227.38,86.34192676622497,259.53243995989925,28.259986163383868,215.94125087073292,1268.54,53.058485,77.16336466666667,4.1637364900444345,5.266516077214727,0.029665272422688883,0.014565775038598279,183.37926068864942,104.07426397533382,3552.92,0.176038818359375,0.023653564453125,0.029969482421875,0.00052001953125,0.0,0.02877197265625,0.002559814453125,0.000885009765625,0.005009765625,0.000518798828125,0.3434228515625,0.07499267578125,0.008511962890625,7.2021484375e-05,0.00238037109375,0.001563720703125,0.000196533203125,0.01578369140625,0.001422119140625,0.003575439453125,0.002430419921875,0.0027978515625,0.0001123046875,0.088525390625,0.00131103515625,0.10733154296875,0.001763916015625,0.000731201171875,0.0,0.018822021484375,0.0290966796875,0.001287841796875,0.5229045838899667,-1.7453561378798974
469,472,4.18,3.84,3.22,,,,,,,,,,,,,,,,,,,,,,,,,,,,,,,,,,,,,,,,,,,,,,,,,,,,,,,,,,,,,,,,,,
470,473,4.1,3.56,4.08,,,,,,,,,,,,,,,,,,,,,,,,,,,,,,,,,,,,,,,,,,,,,,,,,,,,,,,,,,,,,,,,,,
471,474,3.78,3.28,3.34,,,,,,,,,,,,,,,,,,,,,,,,,,,,,,,,,,,,,,,,,,,,,,,,,,,,,,,,,,,,,,,,,,
472,475,2.34,4.32,3.62,82.72817258333333,40.494221591022686,139.08177216666667,65.56087178854177,63.521588208333334,40.294107363969644,689.6315717814664,13.63641609979315,0.2336006185271942,0.030876552015867576,0.9036075110195209,123.15153112698998,63.69129904170999,8.86023194787561,0.12392158333333331,120.40156188488565,52.83067674459491,1253.54,88.26920495607237,275.739660602707,30.178981820978915,228.79997530210156,1278.64,51.716232,75.15442933333334,4.079751580209681,5.162508693226946,0.029161928494703185,0.014049801473896527,183.42739217798393,104.15624153576113,3710.28,0.1709912109375,0.02376953125,0.0271435546875,5.126953125e-05,0.0,0.030670166015625,0.00387451171875,0.0,0.0055078125,0.0009228515625,0.3498876953125,0.07444091796875,0.012530517578125,0.000208740234375,0.001390380859375,0.0007666015625,0.00016845703125,0.016319580078125,0.001090087890625,0.004283447265625,0.000694580078125,0.002738037109375,0.0002197265625,0.071182861328125,0.00089599609375,0.125758056640625,0.000328369140625,0.0,0.0,0.0186328125,0.031778564453125,0.0013134765625,0.5259777891406888,-1.718694141474333
473,476,4.22,3.98,4.0,55.65260754166667,28.80246165479541,134.87622320833333,66.94319657582507,96.4802335,54.41947101722079,1080.7795539993085,19.871245353153103,0.17499764508591464,0.03613866919281167,0.8510311471292469,121.18722921713498,63.48304265648415,9.234437183231753,0.22877504166666665,118.16551002986822,52.505267739534446,2048.6,57.104835703595235,292.34002277730633,19.57459549687465,195.22577790592902,3130.4,48.660494666666665,78.02230233333334,3.4400755510915233,3.9104758051274295,0.02987272991891659,0.013366401362442291,179.62680841101815,101.69470175326803,5873.34,0.172335205078125,0.0383837890625,0.129864501953125,0.04177734375,0.019183349609375,0.0008984375,0.01254638671875,0.009705810546875,0.0017041015625,4.2724609375e-05,0.0005078125,0.36498291015625,0.081917724609375,0.047489013671875,2.3193359375e-05,0.0,0.000286865234375,0.001385498046875,1.0986328125e-05,0.000155029296875,6.103515625e-05,0.000118408203125,1.220703125e-06,8.544921875e-06,1.220703125e-06,0.000751953125,1.220703125e-06,0.033057861328125,0.01968017578125,0.0,0.0,0.0,0.9117448030680033,1.6280783320852512
474,477,2.32,3.88,3.92,80.40396483333333,40.12363600884311,136.87166158333332,65.76093394603586,63.97325991666666,40.82101766845021,656.0243626858785,13.210649735716757,0.24024522823039768,0.03518287865785908,0.9094724230689525,121.89467240144721,64.22678108953708,8.786407236943731,0.12116999999999997,119.67338221215032,52.71562439139529,1240.2,88.27680337528963,267.83764063329227,31.553202153573704,233.94062759248766,1243.08,51.589786249999996,74.82899541666667,4.095002987696238,5.247237997951654,0.028773981842267045,0.013723057268331795,183.68820576273686,104.07203501575621,3611.68,0.17309814453125,0.024644775390625,0.0307861328125,5.126953125e-05,0.0,0.03052001953125,0.002874755859375,0.0,0.006046142578125,0.00076416015625,0.341072998046875,0.09125732421875,0.01000244140625,0.000157470703125,0.002060546875,0.000704345703125,1.953125e-05,0.01346923828125,0.0011376953125,0.002596435546875,0.00239990234375,0.002364501953125,0.000328369140625,0.0733154296875,0.00098388671875,0.120614013671875,0.0018408203125,0.000731201171875,0.0,0.01706298828125,0.027578125,0.000955810546875,0.5389579938099471,-1.60608266843525
475,478,3.08,4.36,4.0,79.11072066666667,37.55970461347918,138.94526166666665,67.24220881419589,63.45782633333333,41.944883287121044,703.2405204183478,13.526805151415685,0.24703986792576438,0.036024827664486975,0.9089869327310065,124.30006869313189,65.34473052511663,8.794746523491874,0.12105562499999996,119.0661915118995,53.724412600225676,1208.7,86.19954439728545,256.1831840317676,26.89381260571738,175.20990167893035,1303.2,52.858696583333334,77.45145441666666,3.9683245638163003,5.172055802346943,0.02925487761612519,0.014290931791984873,184.32255267805212,104.4816773978967,3489.56,0.17985595703125,0.03048828125,0.03005615234375,0.00052001953125,0.0,0.01685791015625,0.002884521484375,0.000885009765625,0.005260009765625,0.0006103515625,0.33139404296875,0.07888671875,0.01298828125,0.00018798828125,0.002349853515625,0.00211181640625,0.000196533203125,0.02083984375,0.001533203125,0.004312744140625,0.002220458984375,0.0027880859375,0.0003369140625,0.087427978515625,0.00139892578125,0.096004638671875,0.001658935546875,0.0,0.0,0.018822021484375,0.032354736328125,0.001346435546875,0.5237331246247843,-1.7381680237477943
476,479,2.78,3.84,3.82,,,,,,,,,,,,,,,,,,,,,,,,,,,,,,,,,,,,,,,,,,,,,,,,,,,,,,,,,,,,,,,,,,
477,480,5.2,4.06,3.18,55.60815295833333,27.84961039904289,131.32318991666668,66.40803890964673,94.73205266666666,54.48555405569288,1127.8065088324286,20.39398373657925,0.1634134309688926,0.02782263594519723,0.8421882764085987,117.98096683326547,62.668813670055506,9.333556260817652,0.23134762499999997,118.4657450036225,52.86707770263144,2083.6,56.207682657648455,271.36868397150454,18.5370137242523,169.4621263516995,3254.9,48.70182533333334,77.7361165,3.389399569924638,3.904884566920614,0.03029933415298921,0.01371851897700551,180.16579520306666,101.47617377093086,6008.98,0.16105224609375,0.04059814453125,0.1164013671875,0.052713623046875,0.0289013671875,0.000653076171875,0.0145654296875,0.0081689453125,0.002938232421875,2.8076171875e-05,0.00152587890625,0.37178955078125,0.086124267578125,0.0572509765625,1.8310546875e-05,7.32421875e-06,0.003831787109375,0.00134033203125,1.3427734375e-05,4.150390625e-05,6.103515625e-05,0.000118408203125,1.220703125e-06,0.0,1.220703125e-06,0.003446044921875,1.220703125e-06,0.02824462890625,0.002952880859375,0.0,0.0,0.0,0.9187416542879115,1.6887804352173577
478,481,2.18,4.58,4.34,81.49527674999999,40.843840847961154,137.46905354166668,67.43764448707833,62.46704908333333,41.09679794094616,670.1166665328124,13.16758122242459,0.24448680358446467,0.03755521226115619,0.9138551403473614,122.71158839220787,65.5807712868204,8.779626901243283,0.11769487499999996,119.50593467161572,54.18128291723104,1206.4,82.4940558924492,248.03375724013523,27.924414444015518,198.4070015918836,1258.04,52.16138658333333,76.37910141666667,3.9309606611283594,5.229769260011234,0.02912230871005958,0.014258124971470228,184.41294878584264,104.60317900748363,3510.24,0.18328125,0.0315478515625,0.02799072265625,6.103515625e-06,0.0,0.009127197265625,0.00175048828125,0.0,0.002261962890625,0.000819091796875,0.34675537109375,0.092230224609375,0.005924072265625,7.2021484375e-05,0.0024658203125,0.001566162109375,0.0001904296875,0.011199951171875,0.000830078125,0.004296875,0.002276611328125,0.0010009765625,0.0001123046875,0.08525146484375,0.00131103515625,0.122886962890625,0.001619873046875,0.000731201171875,0.0,0.005257568359375,0.026700439453125,0.00173828125,0.5198113565514109,-1.7721918385421924
479,482,3.48,3.98,3.62,,,,,,,,,,,,,,,,,,,,,,,,,,,,,,,,,,,,,,,,,,,,,,,,,,,,,,,,,,,,,,,,,,
480,483,1.56,3.96,3.46,82.47633345833334,40.09725547423066,137.40783029166667,66.92156211772266,63.68223016666667,41.271614965132976,693.5225167382337,13.508731903832734,0.2406584565982705,0.037267517011844116,0.9086287268318738,122.22778247741309,65.27503757064694,8.784619630990592,0.12216924999999997,119.21811314976965,53.612043353550895,1235.26,86.36419437915202,262.18369927355377,28.66604208397415,206.9325648200218,1273.66,51.15444375,78.44045258333334,3.8905484670310453,5.153345319243044,0.029365181598462676,0.014068838202674253,184.08171406007287,104.39961836537798,3673.92,0.179385986328125,0.032225341796875,0.021357421875,0.000565185546875,0.0,0.03107421875,0.004263916015625,0.000885009765625,0.005078125,0.000972900390625,0.311334228515625,0.09833740234375,0.011883544921875,0.000157470703125,0.00146728515625,0.0017724609375,5.4931640625e-05,0.021085205078125,0.001671142578125,0.0042138671875,0.00037353515625,0.00217529296875,0.0003076171875,0.083887939453125,0.00057861328125,0.11386474609375,0.001746826171875,0.000731201171875,0.0,0.01232666015625,0.0279541015625,0.00173095703125,0.5326013790762159,-1.6612303157140906
481,484,2.88,4.68,4.62,81.38507983333334,41.03681887461478,135.217572625,65.67626795871405,60.92681825,39.981852853748535,677.1183737126071,13.489982790714441,0.24025423154005568,0.03740046547660378,0.9077222046318342,121.11925014283158,64.48274987935989,8.80476858139916,0.12406787499999997,121.72069392977747,53.249378735304774,1266.84,85.71191017230474,268.8517130384491,30.118880011174888,212.10912569966794,1315.28,53.102574999999995,73.70305,4.072389906206871,5.200467233102387,0.02940712268044227,0.014142290499655765,183.07027668421594,103.95617172781861,3689.66,0.16239501953125,0.02966796875,0.02674560546875,0.00055908203125,0.0,0.027408447265625,0.000689697265625,0.000885009765625,0.003692626953125,0.00105224609375,0.32979736328125,0.09951904296875,0.013238525390625,0.00013671875,0.00224609375,0.00164306640625,0.000184326171875,0.02538330078125,0.000692138671875,0.003563232421875,0.0023876953125,0.001025390625,0.000335693359375,0.09700927734375,0.00104736328125,0.110550537109375,0.001204833984375,0.000731201171875,0.0,0.008228759765625,0.01875,0.0013134765625,0.5361466468529286,-1.6304728787686509
482,485,4.08,3.18,3.18,,,,,,,,,,,,,,,,,,,,,,,,,,,,,,,,,,,,,,,,,,,,,,,,,,,,,,,,,,,,,,,,,,
483,486,5.74,3.96,5.54,53.658431625000006,28.943336377656134,132.11910425,67.38049085805518,99.68914420833333,56.8889125355552,1013.1868903529632,19.157040482142328,0.17605414895596663,0.034541065805451444,0.8623838063873173,118.8621313824755,63.849011737400694,9.21129997295179,0.22453337499999995,115.2895693154001,51.88816221765422,2047.64,58.600445037569855,304.2930064807884,19.95371187813544,206.45102503338654,3007.8,46.803809666666666,80.74984483333334,3.4341337591343257,3.909590135077994,0.029097896318807236,0.013015313434336822,179.70803365253778,101.78862499308805,5798.28,0.164405517578125,0.0609228515625,0.114464111328125,0.030638427734375,0.0229345703125,0.00042236328125,0.01164306640625,0.010194091796875,0.00310791015625,0.000147705078125,0.001627197265625,0.36416259765625,0.095843505859375,0.0537060546875,2.44140625e-05,7.32421875e-06,0.00383544921875,0.000411376953125,0.00018310546875,4.150390625e-05,6.103515625e-05,0.000118408203125,1.220703125e-06,8.544921875e-06,0.0,2.44140625e-06,1.220703125e-06,0.032808837890625,0.008551025390625,0.0,0.0,0.0,0.9107222129429922,1.6192067169430446
484,487,1.38,3.96,4.48,77.619056375,41.70671648575996,138.59785945833335,66.70740520097813,64.575424375,42.11247601450528,683.9977868326714,13.421463851592385,0.24189259051789155,0.03972993049304159,0.9098036332577959,123.4358079267125,64.79050105061143,8.787880391468962,0.12135999999999997,121.45684015516652,53.86262253854112,1243.12,81.6593743931592,250.81554921665688,27.851716621371292,182.00268080848386,1334.74,52.13957166666667,75.69899166666667,4.089751260514182,5.257214827030594,0.029627451516826477,0.014485321095824925,182.79122778680153,104.25393943992843,3530.88,0.189461669921875,0.028414306640625,0.02795654296875,5.126953125e-05,0.0,0.027572021484375,0.00328857421875,0.0,0.003846435546875,0.00108154296875,0.327227783203125,0.086778564453125,0.014031982421875,0.00017822265625,0.002093505859375,0.000618896484375,0.000159912109375,0.027861328125,0.000953369140625,0.00367431640625,0.000474853515625,0.002607421875,0.000230712890625,0.072615966796875,0.0012353515625,0.097086181640625,0.00113525390625,0.0,0.0,0.0185498046875,0.023809814453125,0.0013232421875,0.5412936876554447,-1.5858190492388022
485,488,2.94,4.74,3.72,77.73719379166667,42.68651342035216,136.25002237500001,64.60841424805511,64.798463625,41.60659303116579,706.0678778177005,13.874986060746261,0.22779066744215293,0.036780125735979,0.8996892362674318,121.49858717057255,62.73381957957804,8.847372864287053,0.12720474999999998,119.55970888611235,53.24083399161171,1300.76,81.47343230652939,259.2626412506129,28.824444445301907,220.01926289243312,1374.5,52.552907,72.32345049999999,3.9017138916066667,5.1181567652344615,0.02916693447639956,0.014119175761345837,182.8235002106985,104.20273792752582,3779.78,0.16458740234375,0.028992919921875,0.0321142578125,0.000565185546875,0.0,0.0190576171875,0.000345458984375,0.000885009765625,0.004814453125,0.000894775390625,0.3399462890625,0.105494384765625,0.00955078125,2.0751953125e-05,0.00196044921875,0.00170654296875,5.2490234375e-05,0.020123291015625,0.00092529296875,0.002271728515625,0.0025390625,0.002374267578125,0.0003369140625,0.081590576171875,0.0013232421875,0.1037109375,0.001092529296875,0.0,0.0,0.01532958984375,0.021378173828125,0.001541748046875,0.5438180963307949,-1.563918209712204
486,489,3.2,4.12,4.44,,,,,,,,,,,,,,,,,,,,,,,,,,,,,,,,,,,,,,,,,,,,,,,,,,,,,,,,,,,,,,,,,,
487,490,2.38,4.5,3.5,76.69239341666666,39.93375524357769,140.24084045833334,65.80268534538125,60.69581920833333,41.23730611360921,701.718618521427,13.743830057434334,0.23776325450240474,0.03942332461952165,0.9060570718796531,125.74659397454823,64.06876782485475,8.815315928303738,0.12731874999999998,122.85747716771616,53.74011068795351,1270.72,84.11557113468318,267.8671578733548,28.074168548880937,201.9828092697174,1351.02,51.265502749999996,73.89554708333333,3.8427438950921693,5.004994681292285,0.029369563743818827,0.014044131434101801,182.13884314889637,103.97283513207931,3686.3,0.17859619140625,0.0311328125,0.036553955078125,0.00052001953125,0.0,0.0258154296875,0.002974853515625,0.000885009765625,0.00458740234375,0.000693359375,0.31490234375,0.08450439453125,0.009317626953125,0.00018798828125,0.0022314453125,0.002264404296875,0.000189208984375,0.01823486328125,0.0014404296875,0.002596435546875,0.000440673828125,0.00076416015625,8.7890625e-05,0.100347900390625,0.0010498046875,0.102847900390625,0.000928955078125,0.000731201171875,0.0,0.0123974609375,0.027781982421875,0.001192626953125,0.5425630347632873,-1.5748066614333474
488,491,4.28,3.6,4.5,,,,,,,,,,,,,,,,,,,,,,,,,,,,,,,,,,,,,,,,,,,,,,,,,,,,,,,,,,,,,,,,,,
489,492,5.0,3.38,4.08,52.577897375,26.857255197120708,132.77797004166666,67.36544880292661,97.17626854166667,56.312022302186115,1116.9992764345561,20.476158837951314,0.16481347792275156,0.035423854734076,0.84605430271053,119.92875104578061,63.77293853960226,9.301324250461795,0.23778741666666664,118.67296842527483,53.24967077710734,2131.0,57.69629366367443,289.1956457044814,19.85635863819455,187.7022738140736,3219.08,48.40696333333333,79.5452535,3.4045906797781997,3.873419229246041,0.029844957558098573,0.013409160701339205,179.10804187302526,101.54471810704007,6285.52,0.155479736328125,0.057557373046875,0.117681884765625,0.047042236328125,0.018486328125,0.0004248046875,0.0130859375,0.009473876953125,0.001871337890625,0.000147705078125,0.001632080078125,0.392435302734375,0.09400390625,0.055391845703125,2.44140625e-05,2.44140625e-06,0.00029052734375,0.00042724609375,0.0001806640625,0.000155029296875,6.103515625e-05,0.000118408203125,1.220703125e-06,0.0036669921875,0.0,0.000751953125,1.220703125e-06,0.022249755859375,0.001131591796875,0.0,0.0,0.0,0.9151853825382927,1.6579275318574964
490,493,6.02,4.94,4.82,57.19064120833334,28.13005839628965,134.89549325,67.75711738839867,99.29018070833334,55.12833949535661,1012.3970811969527,18.681444981010507,0.18626243844894944,0.03216194002882921,0.8607998026355723,120.2152125567922,63.19340326257784,9.172228391012244,0.21420354166666664,114.42445854612117,52.04102201459056,1944.62,58.292621066402674,274.00543253596123,18.917415039638946,173.5771489709038,2915.78,45.87415883333333,82.52220366666667,3.4366756989657086,4.007237423201014,0.02938916655784339,0.01317060508279417,179.89671419539118,101.88989184348951,5377.26,0.1915087890625,0.059798583984375,0.117457275390625,0.04883056640625,0.0257861328125,0.000479736328125,0.007672119140625,0.003670654296875,0.00309326171875,0.00014404296875,0.001302490234375,0.310914306640625,0.095980224609375,0.051263427734375,7.32421875e-06,7.32421875e-06,0.0035546875,0.000281982421875,0.00018310546875,0.00019287109375,5.9814453125e-05,0.000118408203125,1.220703125e-06,0.0,1.220703125e-06,0.003446044921875,1.220703125e-06,0.03358154296875,0.01792724609375,0.0,0.0,0.0,0.8999704526868474,1.52592840654205
491,494,4.48,4.42,4.46,54.10076566666667,27.629540854082492,137.56704041666666,66.10076347262722,93.783003625,53.547878020610504,1107.4208376416952,20.076172395770044,0.17086796544953603,0.03463013278097996,0.8464499947249124,123.54747172901699,62.40762561834121,9.272293777586198,0.22722124999999999,121.47741915865501,51.968733934303984,2064.4,57.91834145139101,276.1552210649894,19.52512269462212,181.84893783654235,3113.76,48.795624,76.94730466666667,3.440827460468631,3.962663655742939,0.029905030150573615,0.01328249072799945,180.09950393577427,101.85655659962181,6015.68,0.170555419921875,0.048096923828125,0.1364697265625,0.042923583984375,0.0251171875,0.000914306640625,0.008466796875,0.003350830078125,0.0027099609375,0.0001611328125,0.00078857421875,0.365958251953125,0.082158203125,0.045103759765625,2.3193359375e-05,4.8828125e-06,0.00383544921875,0.00108642578125,0.000172119140625,0.000189208984375,1.220703125e-06,0.0,0.0,0.0036669921875,1.220703125e-06,0.002694091796875,0.0,0.01975341796875,0.01229736328125,0.0,0.0,0.0,0.9040789341690065,1.5615720780748623
492,495,2.12,4.28,3.76,79.02805220833334,39.882053337991586,138.973434875,66.35044441284882,63.2960035,41.25714510500213,680.4357601551515,13.499934263465054,0.24040535293189433,0.03780876832490227,0.9079400169754741,123.77353927143866,64.30397316141855,8.817914991541436,0.12433370833333329,120.25996175007378,53.48734816967263,1278.44,83.83989825179496,256.68883580144114,29.180888129427004,202.33254950343155,1319.8,52.39633191666667,75.76832191666666,3.9048880572642206,5.175292033663007,0.028699852419157366,0.013621606148536176,184.13699279096684,104.62392096530753,3719.08,0.1882177734375,0.02668212890625,0.032540283203125,0.0,0.0,0.022711181640625,0.00162841796875,0.0,0.003885498046875,0.000975341796875,0.335997314453125,0.09236328125,0.007266845703125,0.00018798828125,0.0021484375,0.00178955078125,5.2490234375e-05,0.02248779296875,0.000794677734375,0.002210693359375,0.00258544921875,0.0022265625,0.000335693359375,0.0734375,0.001053466796875,0.113226318359375,0.001796875,0.0,0.0,0.01315185546875,0.02347412109375,0.0007763671875,0.5429500311917641,-1.571449223012145
493,496,3.5,3.74,3.76,79.17775483333332,39.92777869459125,140.94110112500002,66.3219266766783,63.16138725,40.83575547402481,729.3028480191267,13.956380882620515,0.2421509502947439,0.03623443269427095,0.9019152412462921,125.71463436015671,64.4746799700873,8.828696601595057,0.12707495833333332,119.45610323687926,53.408144624967626,1267.62,84.31779524313407,267.5654356256839,29.47629711745271,208.10971911892827,1402.56,52.579500833333334,75.8246805,4.12168273332381,5.334501197851325,0.029784187393768785,0.0143259011060361,183.68097095065212,103.96957436145794,3640.34,0.189385986328125,0.029034423828125,0.025958251953125,0.000565185546875,0.0,0.01227294921875,0.00552001953125,0.000885009765625,0.00708984375,0.000418701171875,0.328094482421875,0.09980224609375,0.017091064453125,0.0002294921875,0.00229248046875,0.0012060546875,0.000198974609375,0.018787841796875,0.00134765625,0.003450927734375,0.000517578125,0.002635498046875,0.0003125,0.086319580078125,0.001136474609375,0.107484130859375,0.001104736328125,0.0,0.0,0.012408447265625,0.016453857421875,0.00089599609375,0.5570372250837313,-1.449233919356825
494,497,3.54,4.14,4.14,79.76926979166666,39.44966810810261,138.28400891666666,66.79012748120235,63.29536675,40.84587071421149,700.159017287267,13.75275976219727,0.2400719121470337,0.0388626338565996,0.9061243499256773,123.82589283099585,65.09560941107027,8.818969177665027,0.12736266666666662,121.10924980569126,53.31170444549675,1289.56,86.39401409060487,257.31011076818965,31.288350234527538,218.61651956717108,1341.28,51.152614916666664,78.58566175,4.077356069859532,5.173388081833727,0.0294103620407109,0.014167902669507204,183.3503776886634,103.96088473929625,3803.48,0.17163330078125,0.03642822265625,0.0337158203125,0.00052001953125,0.0,0.029481201171875,0.00278076171875,0.000885009765625,0.00326171875,0.00112548828125,0.324415283203125,0.0954345703125,0.005416259765625,7.2021484375e-05,0.00166259765625,0.000777587890625,3.662109375e-06,0.021156005859375,0.001190185546875,0.004632568359375,0.002186279296875,0.00032470703125,0.000115966796875,0.0693505859375,0.00072998046875,0.126239013671875,0.001688232421875,0.000731201171875,0.0,0.01074462890625,0.027227783203125,0.0013134765625,0.5343484416550655,-1.6460734445006762
495,498,3.8,3.76,3.96,,,,,,,,,,,,,,,,,,,,,,,,,,,,,,,,,,,,,,,,,,,,,,,,,,,,,,,,,,,,,,,,,,
496,499,1.84,1.56,1.84,,,,,,,,,,,,,,,,,,,,,,,,,,,,,,,,,,,,,,,,,,,,,,,,,,,,,,,,,,,,,,,,,,
497,500,5.26,4.62,5.46,56.26783433333333,28.46019682315025,133.62093979166667,67.93499601434722,92.85179629166667,55.60200765719622,1114.5185967226084,20.153775092046445,0.1700639325133337,0.03440914803905493,0.8500896904803359,120.29910579123504,64.283831879451,9.31100144817456,0.22886779166666663,119.29372473623495,53.35069827362866,2041.24,56.03225456388379,283.02870930968106,18.651022368665657,176.60418379355204,3205.88,48.62284966666667,79.96051416666667,3.4489308918452433,4.008736529582926,0.030324339683415434,0.013622045535373899,179.37413382065407,101.76100742891808,5754.1,0.163802490234375,0.04783935546875,0.113189697265625,0.06339111328125,0.018140869140625,0.000458984375,0.00460205078125,0.00862548828125,0.00154052734375,0.000147705078125,0.001585693359375,0.3526123046875,0.093607177734375,0.052667236328125,2.44140625e-05,7.32421875e-06,0.003829345703125,0.0001611328125,0.000172119140625,0.000189208984375,1.220703125e-06,0.0,0.0,0.003658447265625,1.220703125e-06,0.003446044921875,0.0,0.032623291015625,0.019776611328125,0.0,0.0,0.0,0.9086480326773833,1.6012118932087156
498,501,2.22,3.1,2.92,,,,,,,,,,,,,,,,,,,,,,,,,,,,,,,,,,,,,,,,,,,,,,,,,,,,,,,,,,,,,,,,,,
499,502,2.64,3.52,3.66,75.35813341666667,39.64077303027275,138.49770279166668,65.4253895066704,65.936017875,43.55929906572845,719.9444515799748,14.013575861066931,0.23290935126979984,0.03745655219206648,0.9023187014979059,123.02433092489257,63.83531925045576,8.84907874567213,0.12995287499999997,119.20381188190372,52.33929085854415,1282.38,83.94894023809579,272.3814253128383,27.85343971071073,200.52018660330512,1401.98,52.26702566666667,72.46835983333334,4.107680851963562,5.22121735883625,0.029322164051747854,0.014349639596107144,183.22661452334708,104.29189284250168,3724.64,0.1743701171875,0.029857177734375,0.036519775390625,0.00052001953125,0.0,0.01637939453125,0.00559326171875,0.000885009765625,0.007069091796875,0.00107666015625,0.317584228515625,0.09434814453125,0.0135546875,0.0002294921875,0.00186279296875,0.0006689453125,0.00016845703125,0.0232177734375,0.00145263671875,0.004183349609375,0.00255126953125,0.002802734375,0.0003369140625,0.07964111328125,0.00106201171875,0.1040966796875,0.001204833984375,0.0,0.0,0.01914306640625,0.026231689453125,0.001661376953125,0.5378464553010754,-1.6157259669820108
500,503,4.08,3.76,4.44,,,,,,,,,,,,,,,,,,,,,,,,,,,,,,,,,,,,,,,,,,,,,,,,,,,,,,,,,,,,,,,,,,
501,504,4.76,2.92,2.84,,,,,,,,,,,,,,,,,,,,,,,,,,,,,,,,,,,,,,,,,,,,,,,,,,,,,,,,,,,,,,,,,,
502,505,2.12,2.0,2.6,,,,,,,,,,,,,,,,,,,,,,,,,,,,,,,,,,,,,,,,,,,,,,,,,,,,,,,,,,,,,,,,,,
503,506,3.04,4.26,3.6,75.10499245833334,39.85536070195362,137.152392375,65.74222585793734,63.76240025,42.219454419881984,726.2675973972678,14.045646971998234,0.23337507937200835,0.03693767421444992,0.901581616955284,122.45238091070054,64.10784839186525,8.84940535262058,0.13012612499999995,119.87697751249952,53.87788756304855,1281.16,82.43957288540203,272.6135299907272,28.061564003946533,221.0916863763216,1443.7,52.50963191666667,72.58132925,4.110958673002548,5.216430464110015,0.029632881571435753,0.014474997356238533,183.75878875110186,104.44715671608135,3677.24,0.16831787109375,0.032845458984375,0.0251611328125,0.00055908203125,0.0,0.02351318359375,0.005556640625,0.000885009765625,0.00547119140625,0.000889892578125,0.320732421875,0.109906005859375,0.016268310546875,0.000113525390625,0.00204833984375,0.002122802734375,0.000203857421875,0.025350341796875,0.001517333984375,0.003785400390625,0.00267822265625,0.0029736328125,0.000335693359375,0.094083251953125,0.001297607421875,0.09619140625,0.00112548828125,0.0,0.0,0.010321044921875,0.02234375,0.0012353515625,0.5423936208620701,-1.5762764340182551
504,507,1.54,5.8,4.28,81.04542241666667,42.03137823529352,138.82442774999998,66.1562235419693,61.33842654166667,41.5803533000421,689.8532908227191,13.594344162750126,0.2447608171801795,0.04115053219813666,0.9053550827277209,124.61173942049675,65.17855909957964,8.775810081038241,0.12650154166666663,120.89513224714014,53.52964620955948,1254.34,87.36590110540564,269.6463726535947,31.288507550335474,236.97280110318476,1339.82,52.01366766666667,76.86134216666666,4.082968916025323,5.213475490107104,0.02926235292803649,0.014006302474634698,183.3152566491642,103.60576286731146,3617.26,0.177313232421875,0.0331201171875,0.026766357421875,0.000565185546875,0.0,0.031680908203125,0.002547607421875,0.000885009765625,0.00585693359375,0.001024169921875,0.33012451171875,0.088388671875,0.014044189453125,7.2021484375e-05,0.001307373046875,0.00176513671875,0.00018798828125,0.01735595703125,0.00154052734375,0.00342041015625,0.00050537109375,0.00070556640625,0.00031005859375,0.087369384765625,0.000819091796875,0.116177978515625,0.001131591796875,0.0,0.0,0.00708251953125,0.02711669921875,0.001317138671875,0.5360462565461027,-1.631343828080974
505,508,1.94,4.58,3.0,79.42475420833334,40.66440080194269,137.24315633333333,66.51554031254622,64.44322833333334,42.41278190580586,692.3397639864914,13.66597855979203,0.23584118943748344,0.03528962600366692,0.9097359408772066,122.29945344213591,64.96583506054604,8.829600085758912,0.12581487499999996,117.82391700641823,52.779730110719726,1279.12,85.2575168651385,261.85443667263,27.971476280735768,193.97924055470332,1363.86,53.190005416666665,74.10590258333333,4.111849272853976,5.208004565552709,0.028828953872886576,0.014251332805890632,184.06170964008092,104.47568826402284,3689.9,0.176483154296875,0.03249267578125,0.03232666015625,0.00052001953125,0.0,0.017523193359375,0.0055615234375,0.000885009765625,0.00487548828125,0.000841064453125,0.33148681640625,0.095948486328125,0.010435791015625,0.0002294921875,0.00114501953125,0.00171630859375,0.0001904296875,0.023125,0.0014404296875,0.0022412109375,0.002147216796875,0.0009765625,0.000115966796875,0.081746826171875,0.00108642578125,0.098018798828125,0.0017236328125,0.0,0.0,0.012642822265625,0.0286279296875,0.001456298828125,0.5497311575674556,-1.5126186691427328
506,509,4.98,4.0,4.2,55.363161874999996,28.286184667477947,136.943491125,67.06472361344481,96.48563029166665,56.467210739322,1063.4387456069448,19.677904489825895,0.1784076110026194,0.037339829359344094,0.8532520153248531,123.08499958586793,63.595539542368535,9.22720051506797,0.22872179166666662,116.88674673410246,52.109417101089846,2065.64,59.427897847493234,303.0923123803331,20.73845119914436,201.33279251994637,3019.76,46.95587475,80.59480574999999,3.4202028858189943,3.7884964733931197,0.029530977425561794,0.012986122484369445,179.61937978499415,101.94583531219747,5952.54,0.173642578125,0.03746337890625,0.140989990234375,0.038858642578125,0.02538818359375,0.00038330078125,0.01220947265625,0.010343017578125,9.6435546875e-05,2.9296875e-05,0.001488037109375,0.35805908203125,0.087852783203125,0.0556787109375,2.44140625e-05,2.44140625e-06,0.00028076171875,0.000416259765625,1.0986328125e-05,3.662109375e-06,6.103515625e-05,0.000118408203125,1.220703125e-06,8.544921875e-06,1.220703125e-06,0.002694091796875,0.0,0.028568115234375,0.008551025390625,0.0,0.0,0.0,0.9150248162273372,1.6565345177057262
507,510,5.02,5.38,5.2,54.92622970833333,27.30061233936643,136.86350804166668,67.28056522035772,96.73313604166668,55.21831184513125,1099.2258256039827,20.083881244634906,0.17143207530719423,0.035602103192346024,0.8518851439378797,123.10002640056436,63.74120276750681,9.281267769121246,0.22960912499999997,119.52504146913545,52.35278040955816,2067.36,57.96031632646674,286.2947839319957,19.42907143964511,185.54879372743616,3130.52,49.916942250000005,79.76792508333332,3.442482585778864,4.013501248313262,0.029950759221681812,0.013327318270975774,180.00344897449398,101.70350110124673,6029.82,0.164588623046875,0.04862548828125,0.11927734375,0.061766357421875,0.022510986328125,0.000849609375,0.00797119140625,0.0093359375,0.001416015625,0.0001513671875,0.001309814453125,0.37963623046875,0.062398681640625,0.053758544921875,7.32421875e-06,2.44140625e-06,9.765625e-06,0.00143798828125,0.0001806640625,0.000155029296875,5.9814453125e-05,0.000118408203125,1.220703125e-06,0.0036669921875,1.220703125e-06,0.00074951171875,0.0,0.0314453125,0.0094189453125,0.0,0.0,0.0,0.9109978307526737,1.6215978755060179
508,511,4.82,4.16,5.54,56.4029115,28.026542033294653,134.806585375,68.45234462297611,92.83845833333334,55.334875883324386,1129.8029399443028,20.203091074325297,0.17751319901400653,0.0362759358527798,0.8572143391196546,121.81843148901886,64.76858247745054,9.271130401586182,0.23020074999999998,120.48392093697198,53.04332816699045,2067.78,55.86478297081535,280.62098588169226,19.025715780172767,183.96688597488298,3206.92,49.195663999999994,80.67126933333333,3.434750872829751,4.004807090060014,0.03035973699717049,0.01370715834791759,179.7927089884927,101.43310103262624,5904.28,0.18369873046875,0.05332763671875,0.11521484375,0.05831787109375,0.024801025390625,0.00097412109375,0.01289794921875,0.0080224609375,0.0004638671875,4.39453125e-05,0.001507568359375,0.37783935546875,0.0622412109375,0.05302734375,7.32421875e-06,2.44140625e-06,0.0,0.001341552734375,1.0986328125e-05,0.000155029296875,6.103515625e-05,0.000118408203125,1.220703125e-06,8.544921875e-06,1.220703125e-06,0.003446044921875,1.220703125e-06,0.023349609375,0.002952880859375,0.0,0.0,0.0,0.9112249821108562,1.6235685569936797
509,512,5.12,3.96,4.56,54.62074641666666,28.44634672980926,133.69221370833333,68.97100530330229,92.59239775,57.17201573035804,1179.587936366444,20.898737068651503,0.16786032496409578,0.03676175965796769,0.85214168682086,121.01404590597069,65.5511996271043,9.311792599981615,0.23823587499999999,119.67317653771052,53.08614536799965,2118.34,56.37848358619876,296.6652633224582,19.891119531587314,202.09660383152456,3269.06,50.00644166666667,81.28625483333333,3.3852699688943293,3.8695687525624822,0.03064814922156364,0.013852513975708448,180.01425264798942,101.66764520741701,6260.1,0.16862060546875,0.044329833984375,0.115535888671875,0.05596435546875,0.025723876953125,0.000992431640625,0.01333740234375,0.00388671875,0.001522216796875,0.000157470703125,0.000830078125,0.3833642578125,0.07200927734375,0.05204345703125,6.103515625e-06,0.0,9.765625e-06,0.00125732421875,0.000169677734375,0.0001513671875,1.220703125e-06,0.0,0.0,0.0036669921875,1.220703125e-06,2.44140625e-06,0.0,0.03329345703125,0.0029345703125,0.0,0.0,0.0,0.9127207703061583,1.6365454642397095
510,513,5.56,5.34,5.42,56.03744466666667,27.920858400226397,135.4948755,66.40852266088763,94.87366758333333,53.443700705333775,1139.5855550163524,20.500135034539156,0.16314105866461062,0.03128999535614481,0.846075663525254,121.6680480978261,62.76937442680655,9.344562708006215,0.2329093333333333,120.02434741768894,52.26207900881488,2089.08,58.10349148828095,288.69047141188906,19.817004067805374,188.548953721072,3168.58,50.16871175,76.42703075,3.431810376014425,3.950157193094771,0.030279332396756578,0.013603199536553463,179.5760625303197,101.56983515614584,6122.96,0.159639892578125,0.04943115234375,0.124110107421875,0.04852783203125,0.02880859375,0.000684814453125,0.0065673828125,0.008382568359375,0.00147705078125,0.0001318359375,0.001412353515625,0.365096435546875,0.07459716796875,0.067010498046875,1.220703125e-06,2.44140625e-06,9.765625e-06,0.0012060546875,0.0001806640625,3.662109375e-06,5.9814453125e-05,0.000118408203125,1.220703125e-06,8.544921875e-06,1.220703125e-06,0.002696533203125,0.0,0.018612060546875,0.020635986328125,0.0,0.0,0.0,0.9115926865371605,1.626758625112343
511,514,5.62,4.48,4.42,57.9277005,28.226203788192006,134.80211841666667,66.59451146531241,90.29224129166667,53.611930765751225,1024.9804105004835,19.02596302993375,0.18448546695401927,0.0362612557428098,0.8566958454151355,121.5489211276522,63.189428833400605,9.177224034358872,0.21839512499999997,117.78319467453483,52.29735316738313,1989.68,58.49681630802573,279.95075344067374,19.80722151232932,182.73250775765501,2936.16,46.26227708333333,79.47513191666667,3.4373290686904943,3.9204185052694362,0.02978405472209249,0.013383069023350635,180.0045507691598,101.64564557263515,5746.36,0.1815625,0.0508154296875,0.11779296875,0.058802490234375,0.024779052734375,0.000877685546875,0.00893798828125,0.008394775390625,0.000396728515625,4.7607421875e-05,0.0015283203125,0.365865478515625,0.0712451171875,0.050272216796875,2.44140625e-05,2.44140625e-06,0.00028076171875,0.001148681640625,0.0,0.0,1.220703125e-06,0.0,0.0,8.544921875e-06,0.0,0.003443603515625,1.220703125e-06,0.0214306640625,0.020755615234375,0.0,0.0,0.0,0.9103927855859746,1.6163487265739882
512,515,5.94,4.3,3.64,55.57299941666666,26.50870864913597,137.02631516666668,65.96905155550708,97.48895675,55.17617311854488,1030.515027112956,19.5928971570158,0.17403970510370098,0.036426013619655404,0.8478528395909843,122.99079766005536,62.590795964051246,9.228621413226096,0.2321478333333333,117.67140411320399,51.870588221690625,2062.84,58.01975814815844,300.5521670988663,19.841741238123173,196.32862475482978,3107.02,45.395512,81.1697645,3.38926955399056,3.771883758976563,0.029143847408678654,0.01277892263701061,179.65159035052065,101.67259857411838,5926.7,0.1691064453125,0.03277099609375,0.099439697265625,0.046766357421875,0.024041748046875,0.000611572265625,0.0068505859375,0.00969482421875,0.003023681640625,0.000130615234375,0.00079833984375,0.388990478515625,0.0913427734375,0.045849609375,1.708984375e-05,4.8828125e-06,0.00383544921875,0.001080322265625,0.000172119140625,3.7841796875e-05,1.220703125e-06,0.0,0.0,0.003658447265625,0.0,0.003446044921875,1.220703125e-06,0.033905029296875,0.018804931640625,0.0,0.0,0.0,0.9088631714388609,1.6030783578335135
513,516,3.6,3.72,4.64,,,,,,,,,,,,,,,,,,,,,,,,,,,,,,,,,,,,,,,,,,,,,,,,,,,,,,,,,,,,,,,,,,
514,517,5.4,4.2,4.94,57.447564875,28.35062357181333,133.69053729166666,67.97626566259602,94.23957454166666,55.50613842679341,1080.2570692610002,19.5649032774945,0.17368038292532165,0.027430366336509762,0.8510151744472519,119.57863272110411,63.604200390752766,9.271859754063446,0.22136062499999998,116.91933018316621,52.87478790621342,2009.96,58.47513473928312,275.8984278272865,19.43559072366304,173.93452048352938,3003.0,46.75915641666666,79.40016308333334,3.3928452566302156,3.902578842292022,0.030174702624329818,0.013706744491460383,180.16031840215408,101.57860719264598,5935.58,0.17192138671875,0.04374267578125,0.103861083984375,0.06625244140625,0.02474853515625,0.000458984375,0.012828369140625,0.010716552734375,0.00261962890625,3.41796875e-05,0.0015869140625,0.37263427734375,0.083018798828125,0.05056884765625,2.44140625e-05,7.32421875e-06,0.003831787109375,0.00047119140625,1.3427734375e-05,4.150390625e-05,6.103515625e-05,0.000118408203125,1.220703125e-06,0.003658447265625,0.0,0.000751953125,0.0,0.02535400390625,0.011402587890625,0.0,0.0,0.0,0.9168353342369682,1.6722419048558843
515,518,4.34,4.9,4.94,54.81487154166667,27.33364747483431,132.87947620833333,67.97857149004983,93.340590125,56.38584260279727,1181.832250648231,20.850901001871403,0.17165184135145392,0.04039800359878819,0.8433269211326911,119.90529571098986,64.98369064549965,9.29242302342437,0.23427454166666664,118.60423058742701,53.65168744784124,2079.3,56.1591429694687,280.09776797541093,19.309955065287166,184.42116003066673,3249.18,49.718050999999996,81.34769299999999,3.402896981318766,3.9674835527194783,0.0310106562055876,0.014038055451448522,180.54648399938313,101.61567167326304,6039.22,0.16666259765625,0.04669921875,0.1021142578125,0.056365966796875,0.021910400390625,0.000966796875,0.011431884765625,0.00674072265625,0.001805419921875,0.000155029296875,0.00038330078125,0.36983154296875,0.101292724609375,0.05353759765625,2.3193359375e-05,0.0,0.00029052734375,0.0014404296875,0.0001806640625,0.000155029296875,6.103515625e-05,0.000118408203125,1.220703125e-06,0.003658447265625,0.0,0.003446044921875,1.220703125e-06,0.03791015625,0.01129638671875,0.0,0.0,0.0,0.9126973983033473,1.636342697354942
516,519,1.98,4.54,4.52,79.577363875,40.965117627537865,141.441849875,65.12063867031307,62.53275958333334,40.85356608757183,664.1813462393411,13.218769551534258,0.2430090823888179,0.03737799739757517,0.9065559910900883,126.09193094452564,63.565236033456706,8.78759513509729,0.1185927083333333,120.79282599770016,53.39652720169682,1179.86,86.58436661337286,278.6171184041612,30.63477624824842,236.49441964925674,1238.52,50.574279749999995,72.91032141666666,4.131601532532715,5.405725511797342,0.029082329335941695,0.014085698045973174,183.05475776360979,103.87682619202634,3428.14,0.18135986328125,0.0275341796875,0.03302001953125,0.00052001953125,0.0,0.01629150390625,0.000379638671875,0.000885009765625,0.00588623046875,0.000677490234375,0.3442724609375,0.077430419921875,0.006754150390625,0.00013671875,0.002027587890625,0.000736083984375,0.00016845703125,0.0102099609375,0.0007177734375,0.00311279296875,0.00068359375,0.00266357421875,8.7890625e-05,0.08986083984375,0.001400146484375,0.12260986328125,0.000902099609375,0.0,0.0,0.016982421875,0.025078125,0.000565185546875,0.537315027590035,-1.6203364379937488
517,520,5.9,2.82,6.34,53.550279833333335,26.9943804773236,134.301484125,66.42805260849664,95.62732125000001,55.353477861937826,1150.5577122123789,20.88969726054223,0.16336635913549336,0.0345410849135357,0.8368926943409598,121.88904776532972,63.13040336570457,9.33206068213121,0.23979604166666665,120.67808663792331,53.242052388467364,2136.66,56.856498016158746,301.40417765409563,19.73161614430757,199.85267728754548,3272.56,49.313903333333336,77.13391150000001,3.4405747028103826,3.819130377625787,0.03040829417640216,0.013488956697040477,179.5707955550541,101.76188156396914,6120.9,0.15306640625,0.03968017578125,0.138177490234375,0.052313232421875,0.01714599609375,0.00062744140625,0.01076904296875,0.003016357421875,0.00041259765625,2.197265625e-05,0.001630859375,0.385128173828125,0.084891357421875,0.060198974609375,1.8310546875e-05,2.44140625e-06,0.00028076171875,0.001400146484375,1.0986328125e-05,0.000155029296875,6.103515625e-05,0.000118408203125,1.220703125e-06,0.0036669921875,1.220703125e-06,0.002696533203125,1.220703125e-06,0.030433349609375,0.002939453125,0.0,0.0,0.0,0.917018914756511,1.6738345818015687
518,521,1.1,1.02,1.08,,,,,,,,,,,,,,,,,,,,,,,,,,,,,,,,,,,,,,,,,,,,,,,,,,,,,,,,,,,,,,,,,,
