,Subnum,Condition,Task,Block,BestOption,HighFreqOption,Unnamed: 0,naturalness,disorderliness,aesthetic,Hue,Bright,Saturaton,SDhue,SDsat,Sdbright,Entropy,Perc_Nat,pc1f,pc2f,pc3f,pc4f,SED,total_ED,NSED
0,1,Nature,IGT,1.0,,,,,,,,,,,,,,,,,,,,,
1,1,Nature,IGT,2.0,,,,,,,,,,,,,,,,,,,,,
2,1,Nature,IGT,3.0,,,,,,,,,,,,,,,,,,,,,
3,1,Nature,IGT,4.0,,,,,,,,,,,,,,,,,,,,,
4,1,Nature,IGT,5.0,,,,,,,,,,,,,,,,,,,,,
5,1,Nature,IGT,6.0,,,,,,,,,,,,,,,,,,,,,
6,1,Nature,IGT,7.0,,,,,,,,,,,,,,,,,,,,,
7,1,Nature,IGT,8.0,,,,,,,,,,,,,,,,,,,,,
8,1,Nature,IGT,9.0,,,,,,,,,,,,,,,,,,,,,
9,1,Nature,IGT,10.0,,,,,,,,,,,,,,,,,,,,,
10,1,Nature,IGT,11.0,,,,,,,,,,,,,,,,,,,,,
11,1,Nature,IGT,12.0,,,,,,,,,,,,,,,,,,,,,
12,1,Nature,IGT,13.0,,,,,,,,,,,,,,,,,,,,,
13,1,Nature,IGT,14.0,,,,,,,,,,,,,,,,,,,,,
14,1,Nature,IGT,15.0,,,,,,,,,,,,,,,,,,,,,
15,1,Nature,IGT,16.0,,,,,,,,,,,,,,,,,,,,,
16,1,Nature,IGT,17.0,,,,,,,,,,,,,,,,,,,,,
17,1,Nature,IGT,18.0,,,,,,,,,,,,,,,,,,,,,
18,1,Nature,IGT,19.0,,,,,,,,,,,,,,,,,,,,,
19,1,Nature,IGT,20.0,,,,,,,,,,,,,,,,,,,,,
40,1,Urban,IGT,1.0,,,0.0,2.4,4.06,3.16,0.2234415295,0.18251020182,0.14495535764,0.22246084534,0.15195987416,0.26751317462,7.356696362279999,1.58539477968,-0.05932716222,-0.01467088678,0.0119183413,0.0200760953999999,0.0704290249,0.10029182604,0.09556028404
41,1,Urban,IGT,2.0,,,0.0,2.4,4.06,3.16,0.2234415295,0.18251020182,0.14495535764,0.22246084534,0.15195987416,0.26751317462,7.356696362279999,1.58539477968,-0.05932716222,-0.01467088678,0.0119183413,0.0200760953999999,0.0704290249,0.10029182604,0.09556028404
42,1,Urban,IGT,3.0,,,0.0,2.4,4.06,3.16,0.2234415295,0.18251020182,0.14495535764,0.22246084534,0.15195987416,0.26751317462,7.356696362279999,1.58539477968,-0.05932716222,-0.01467088678,0.0119183413,0.0200760953999999,0.0704290249,0.10029182604,0.09556028404
43,1,Urban,IGT,4.0,,,0.0,2.4,4.06,3.16,0.2234415295,0.18251020182,0.14495535764,0.22246084534,0.15195987416,0.26751317462,7.356696362279999,1.58539477968,-0.05932716222,-0.01467088678,0.0119183413,0.0200760953999999,0.0704290249,0.10029182604,0.09556028404
44,1,Urban,IGT,5.0,,,0.0,2.4,4.06,3.16,0.2234415295,0.18251020182,0.14495535764,0.22246084534,0.15195987416,0.26751317462,7.356696362279999,1.58539477968,-0.05932716222,-0.01467088678,0.0119183413,0.0200760953999999,0.0704290249,0.10029182604,0.09556028404
45,1,Urban,IGT,6.0,,,0.0,2.4,4.06,3.16,0.2234415295,0.18251020182,0.14495535764,0.22246084534,0.15195987416,0.26751317462,7.356696362279999,1.58539477968,-0.05932716222,-0.01467088678,0.0119183413,0.0200760953999999,0.0704290249,0.10029182604,0.09556028404
46,1,Urban,IGT,7.0,,,0.0,2.4,4.06,3.16,0.2234415295,0.18251020182,0.14495535764,0.22246084534,0.15195987416,0.26751317462,7.356696362279999,1.58539477968,-0.05932716222,-0.01467088678,0.0119183413,0.0200760953999999,0.0704290249,0.10029182604,0.09556028404
47,1,Urban,IGT,8.0,,,0.0,2.4,4.06,3.16,0.2234415295,0.18251020182,0.14495535764,0.22246084534,0.15195987416,0.26751317462,7.356696362279999,1.58539477968,-0.05932716222,-0.01467088678,0.0119183413,0.0200760953999999,0.0704290249,0.10029182604,0.09556028404
48,1,Urban,IGT,9.0,,,0.0,2.4,4.06,3.16,0.2234415295,0.18251020182,0.14495535764,0.22246084534,0.15195987416,0.26751317462,7.356696362279999,1.58539477968,-0.05932716222,-0.01467088678,0.0119183413,0.0200760953999999,0.0704290249,0.10029182604,0.09556028404
49,1,Urban,IGT,10.0,,,0.0,2.4,4.06,3.16,0.2234415295,0.18251020182,0.14495535764,0.22246084534,0.15195987416,0.26751317462,7.356696362279999,1.58539477968,-0.05932716222,-0.01467088678,0.0119183413,0.0200760953999999,0.0704290249,0.10029182604,0.09556028404
50,1,Urban,IGT,11.0,0.5,0.4,0.0,2.4,4.06,3.16,0.2234415295,0.18251020182,0.14495535764,0.22246084534,0.15195987416,0.26751317462,7.356696362279999,1.58539477968,-0.05932716222,-0.01467088678,0.0119183413,0.0200760953999999,0.0704290249,0.10029182604,0.09556028404
51,1,Urban,IGT,12.0,0.6,0.5,0.0,2.4,4.06,3.16,0.2234415295,0.18251020182,0.14495535764,0.22246084534,0.15195987416,0.26751317462,7.356696362279999,1.58539477968,-0.05932716222,-0.01467088678,0.0119183413,0.0200760953999999,0.0704290249,0.10029182604,0.09556028404
52,1,Urban,IGT,13.0,0.6,0.7,0.0,2.4,4.06,3.16,0.2234415295,0.18251020182,0.14495535764,0.22246084534,0.15195987416,0.26751317462,7.356696362279999,1.58539477968,-0.05932716222,-0.01467088678,0.0119183413,0.0200760953999999,0.0704290249,0.10029182604,0.09556028404
53,1,Urban,IGT,14.0,0.4,0.5,0.0,2.4,4.06,3.16,0.2234415295,0.18251020182,0.14495535764,0.22246084534,0.15195987416,0.26751317462,7.356696362279999,1.58539477968,-0.05932716222,-0.01467088678,0.0119183413,0.0200760953999999,0.0704290249,0.10029182604,0.09556028404
54,1,Urban,IGT,15.0,0.5,0.5,0.0,2.4,4.06,3.16,0.2234415295,0.18251020182,0.14495535764,0.22246084534,0.15195987416,0.26751317462,7.356696362279999,1.58539477968,-0.05932716222,-0.01467088678,0.0119183413,0.0200760953999999,0.0704290249,0.10029182604,0.09556028404
55,1,Urban,IGT,16.0,0.4,0.5,0.0,2.4,4.06,3.16,0.2234415295,0.18251020182,0.14495535764,0.22246084534,0.15195987416,0.26751317462,7.356696362279999,1.58539477968,-0.05932716222,-0.01467088678,0.0119183413,0.0200760953999999,0.0704290249,0.10029182604,0.09556028404
56,1,Urban,IGT,17.0,0.5,0.6,0.0,2.4,4.06,3.16,0.2234415295,0.18251020182,0.14495535764,0.22246084534,0.15195987416,0.26751317462,7.356696362279999,1.58539477968,-0.05932716222,-0.01467088678,0.0119183413,0.0200760953999999,0.0704290249,0.10029182604,0.09556028404
57,1,Urban,IGT,18.0,0.4,0.5,0.0,2.4,4.06,3.16,0.2234415295,0.18251020182,0.14495535764,0.22246084534,0.15195987416,0.26751317462,7.356696362279999,1.58539477968,-0.05932716222,-0.01467088678,0.0119183413,0.0200760953999999,0.0704290249,0.10029182604,0.09556028404
58,1,Urban,IGT,19.0,0.7,0.4,0.0,2.4,4.06,3.16,0.2234415295,0.18251020182,0.14495535764,0.22246084534,0.15195987416,0.26751317462,7.356696362279999,1.58539477968,-0.05932716222,-0.01467088678,0.0119183413,0.0200760953999999,0.0704290249,0.10029182604,0.09556028404
59,1,Urban,IGT,20.0,0.3,0.5,0.0,2.4,4.06,3.16,0.2234415295,0.18251020182,0.14495535764,0.22246084534,0.15195987416,0.26751317462,7.356696362279999,1.58539477968,-0.05932716222,-0.01467088678,0.0119183413,0.0200760953999999,0.0704290249,0.10029182604,0.09556028404
80,1,Control,IGT,1.0,,,,,,,,,,,,,,,,,,,,,
81,1,Control,IGT,2.0,,,,,,,,,,,,,,,,,,,,,
82,1,Control,IGT,3.0,,,,,,,,,,,,,,,,,,,,,
83,1,Control,IGT,4.0,,,,,,,,,,,,,,,,,,,,,
84,1,Control,IGT,5.0,,,,,,,,,,,,,,,,,,,,,
85,1,Control,IGT,6.0,,,,,,,,,,,,,,,,,,,,,
86,1,Control,IGT,7.0,,,,,,,,,,,,,,,,,,,,,
87,1,Control,IGT,8.0,,,,,,,,,,,,,,,,,,,,,
88,1,Control,IGT,9.0,,,,,,,,,,,,,,,,,,,,,
89,1,Control,IGT,10.0,,,,,,,,,,,,,,,,,,,,,
90,1,Control,IGT,11.0,,,,,,,,,,,,,,,,,,,,,
91,1,Control,IGT,12.0,,,,,,,,,,,,,,,,,,,,,
92,1,Control,IGT,13.0,,,,,,,,,,,,,,,,,,,,,
93,1,Control,IGT,14.0,,,,,,,,,,,,,,,,,,,,,
94,1,Control,IGT,15.0,,,,,,,,,,,,,,,,,,,,,
95,1,Control,IGT,16.0,,,,,,,,,,,,,,,,,,,,,
96,1,Control,IGT,17.0,,,,,,,,,,,,,,,,,,,,,
97,1,Control,IGT,18.0,,,,,,,,,,,,,,,,,,,,,
98,1,Control,IGT,19.0,,,,,,,,,,,,,,,,,,,,,
99,1,Control,IGT,20.0,,,,,,,,,,,,,,,,,,,,,
120,2,Nature,IGT,1.0,,,1.0,6.0,5.66,5.94,0.16535387304,-0.10615902944,0.23000123788,0.1572969932,0.21067309828,0.26828397344,7.50392272314,6.24056061464,-0.05855660114,0.00651261658,-0.00436132656,-0.02322568006,0.01911048832,0.1364059315,0.18786545698
121,2,Nature,IGT,2.0,,,1.0,6.0,5.66,5.94,0.16535387304,-0.10615902944,0.23000123788,0.1572969932,0.21067309828,0.26828397344,7.50392272314,6.24056061464,-0.05855660114,0.00651261658,-0.00436132656,-0.02322568006,0.01911048832,0.1364059315,0.18786545698
122,2,Nature,IGT,3.0,,,1.0,6.0,5.66,5.94,0.16535387304,-0.10615902944,0.23000123788,0.1572969932,0.21067309828,0.26828397344,7.50392272314,6.24056061464,-0.05855660114,0.00651261658,-0.00436132656,-0.02322568006,0.01911048832,0.1364059315,0.18786545698
123,2,Nature,IGT,4.0,,,1.0,6.0,5.66,5.94,0.16535387304,-0.10615902944,0.23000123788,0.1572969932,0.21067309828,0.26828397344,7.50392272314,6.24056061464,-0.05855660114,0.00651261658,-0.00436132656,-0.02322568006,0.01911048832,0.1364059315,0.18786545698
124,2,Nature,IGT,5.0,,,1.0,6.0,5.66,5.94,0.16535387304,-0.10615902944,0.23000123788,0.1572969932,0.21067309828,0.26828397344,7.50392272314,6.24056061464,-0.05855660114,0.00651261658,-0.00436132656,-0.02322568006,0.01911048832,0.1364059315,0.18786545698
125,2,Nature,IGT,6.0,,,1.0,6.0,5.66,5.94,0.16535387304,-0.10615902944,0.23000123788,0.1572969932,0.21067309828,0.26828397344,7.50392272314,6.24056061464,-0.05855660114,0.00651261658,-0.00436132656,-0.02322568006,0.01911048832,0.1364059315,0.18786545698
126,2,Nature,IGT,7.0,,,1.0,6.0,5.66,5.94,0.16535387304,-0.10615902944,0.23000123788,0.1572969932,0.21067309828,0.26828397344,7.50392272314,6.24056061464,-0.05855660114,0.00651261658,-0.00436132656,-0.02322568006,0.01911048832,0.1364059315,0.18786545698
127,2,Nature,IGT,8.0,,,1.0,6.0,5.66,5.94,0.16535387304,-0.10615902944,0.23000123788,0.1572969932,0.21067309828,0.26828397344,7.50392272314,6.24056061464,-0.05855660114,0.00651261658,-0.00436132656,-0.02322568006,0.01911048832,0.1364059315,0.18786545698
128,2,Nature,IGT,9.0,,,1.0,6.0,5.66,5.94,0.16535387304,-0.10615902944,0.23000123788,0.1572969932,0.21067309828,0.26828397344,7.50392272314,6.24056061464,-0.05855660114,0.00651261658,-0.00436132656,-0.02322568006,0.01911048832,0.1364059315,0.18786545698
129,2,Nature,IGT,10.0,,,1.0,6.0,5.66,5.94,0.16535387304,-0.10615902944,0.23000123788,0.1572969932,0.21067309828,0.26828397344,7.50392272314,6.24056061464,-0.05855660114,0.00651261658,-0.00436132656,-0.02322568006,0.01911048832,0.1364059315,0.18786545698
130,2,Nature,IGT,11.0,1.0,1.0,1.0,6.0,5.66,5.94,0.16535387304,-0.10615902944,0.23000123788,0.1572969932,0.21067309828,0.26828397344,7.50392272314,6.24056061464,-0.05855660114,0.00651261658,-0.00436132656,-0.02322568006,0.01911048832,0.1364059315,0.18786545698
131,2,Nature,IGT,12.0,0.3,0.7,1.0,6.0,5.66,5.94,0.16535387304,-0.10615902944,0.23000123788,0.1572969932,0.21067309828,0.26828397344,7.50392272314,6.24056061464,-0.05855660114,0.00651261658,-0.00436132656,-0.02322568006,0.01911048832,0.1364059315,0.18786545698
132,2,Nature,IGT,13.0,0.5,0.7,1.0,6.0,5.66,5.94,0.16535387304,-0.10615902944,0.23000123788,0.1572969932,0.21067309828,0.26828397344,7.50392272314,6.24056061464,-0.05855660114,0.00651261658,-0.00436132656,-0.02322568006,0.01911048832,0.1364059315,0.18786545698
133,2,Nature,IGT,14.0,0.7,0.7,1.0,6.0,5.66,5.94,0.16535387304,-0.10615902944,0.23000123788,0.1572969932,0.21067309828,0.26828397344,7.50392272314,6.24056061464,-0.05855660114,0.00651261658,-0.00436132656,-0.02322568006,0.01911048832,0.1364059315,0.18786545698
134,2,Nature,IGT,15.0,0.9,0.9,1.0,6.0,5.66,5.94,0.16535387304,-0.10615902944,0.23000123788,0.1572969932,0.21067309828,0.26828397344,7.50392272314,6.24056061464,-0.05855660114,0.00651261658,-0.00436132656,-0.02322568006,0.01911048832,0.1364059315,0.18786545698
135,2,Nature,IGT,16.0,0.7,0.7,1.0,6.0,5.66,5.94,0.16535387304,-0.10615902944,0.23000123788,0.1572969932,0.21067309828,0.26828397344,7.50392272314,6.24056061464,-0.05855660114,0.00651261658,-0.00436132656,-0.02322568006,0.01911048832,0.1364059315,0.18786545698
136,2,Nature,IGT,17.0,0.3,0.7,1.0,6.0,5.66,5.94,0.16535387304,-0.10615902944,0.23000123788,0.1572969932,0.21067309828,0.26828397344,7.50392272314,6.24056061464,-0.05855660114,0.00651261658,-0.00436132656,-0.02322568006,0.01911048832,0.1364059315,0.18786545698
137,2,Nature,IGT,18.0,0.6,0.7,1.0,6.0,5.66,5.94,0.16535387304,-0.10615902944,0.23000123788,0.1572969932,0.21067309828,0.26828397344,7.50392272314,6.24056061464,-0.05855660114,0.00651261658,-0.00436132656,-0.02322568006,0.01911048832,0.1364059315,0.18786545698
138,2,Nature,IGT,19.0,1.0,1.0,1.0,6.0,5.66,5.94,0.16535387304,-0.10615902944,0.23000123788,0.1572969932,0.21067309828,0.26828397344,7.50392272314,6.24056061464,-0.05855660114,0.00651261658,-0.00436132656,-0.02322568006,0.01911048832,0.1364059315,0.18786545698
139,2,Nature,IGT,20.0,0.3,0.9,1.0,6.0,5.66,5.94,0.16535387304,-0.10615902944,0.23000123788,0.1572969932,0.21067309828,0.26828397344,7.50392272314,6.24056061464,-0.05855660114,0.00651261658,-0.00436132656,-0.02322568006,0.01911048832,0.1364059315,0.18786545698
160,2,Urban,IGT,1.0,,,,,,,,,,,,,,,,,,,,,
161,2,Urban,IGT,2.0,,,,,,,,,,,,,,,,,,,,,
162,2,Urban,IGT,3.0,,,,,,,,,,,,,,,,,,,,,
163,2,Urban,IGT,4.0,,,,,,,,,,,,,,,,,,,,,
164,2,Urban,IGT,5.0,,,,,,,,,,,,,,,,,,,,,
165,2,Urban,IGT,6.0,,,,,,,,,,,,,,,,,,,,,
166,2,Urban,IGT,7.0,,,,,,,,,,,,,,,,,,,,,
167,2,Urban,IGT,8.0,,,,,,,,,,,,,,,,,,,,,
168,2,Urban,IGT,9.0,,,,,,,,,,,,,,,,,,,,,
169,2,Urban,IGT,10.0,,,,,,,,,,,,,,,,,,,,,
170,2,Urban,IGT,11.0,,,,,,,,,,,,,,,,,,,,,
171,2,Urban,IGT,12.0,,,,,,,,,,,,,,,,,,,,,
172,2,Urban,IGT,13.0,,,,,,,,,,,,,,,,,,,,,
173,2,Urban,IGT,14.0,,,,,,,,,,,,,,,,,,,,,
174,2,Urban,IGT,15.0,,,,,,,,,,,,,,,,,,,,,
175,2,Urban,IGT,16.0,,,,,,,,,,,,,,,,,,,,,
176,2,Urban,IGT,17.0,,,,,,,,,,,,,,,,,,,,,
177,2,Urban,IGT,18.0,,,,,,,,,,,,,,,,,,,,,
178,2,Urban,IGT,19.0,,,,,,,,,,,,,,,,,,,,,
179,2,Urban,IGT,20.0,,,,,,,,,,,,,,,,,,,,,
200,2,Control,IGT,1.0,,,,,,,,,,,,,,,,,,,,,
201,2,Control,IGT,2.0,,,,,,,,,,,,,,,,,,,,,
202,2,Control,IGT,3.0,,,,,,,,,,,,,,,,,,,,,
203,2,Control,IGT,4.0,,,,,,,,,,,,,,,,,,,,,
204,2,Control,IGT,5.0,,,,,,,,,,,,,,,,,,,,,
205,2,Control,IGT,6.0,,,,,,,,,,,,,,,,,,,,,
206,2,Control,IGT,7.0,,,,,,,,,,,,,,,,,,,,,
207,2,Control,IGT,8.0,,,,,,,,,,,,,,,,,,,,,
208,2,Control,IGT,9.0,,,,,,,,,,,,,,,,,,,,,
209,2,Control,IGT,10.0,,,,,,,,,,,,,,,,,,,,,
210,2,Control,IGT,11.0,,,,,,,,,,,,,,,,,,,,,
211,2,Control,IGT,12.0,,,,,,,,,,,,,,,,,,,,,
212,2,Control,IGT,13.0,,,,,,,,,,,,,,,,,,,,,
213,2,Control,IGT,14.0,,,,,,,,,,,,,,,,,,,,,
214,2,Control,IGT,15.0,,,,,,,,,,,,,,,,,,,,,
215,2,Control,IGT,16.0,,,,,,,,,,,,,,,,,,,,,
216,2,Control,IGT,17.0,,,,,,,,,,,,,,,,,,,,,
217,2,Control,IGT,18.0,,,,,,,,,,,,,,,,,,,,,
218,2,Control,IGT,19.0,,,,,,,,,,,,,,,,,,,,,
219,2,Control,IGT,20.0,,,,,,,,,,,,,,,,,,,,,
240,3,Nature,IGT,1.0,,,2.0,5.04,4.28,4.46,0.14719888218,-0.14552898358,0.2070063453599999,0.15631180608,0.2118577198199999,0.2644659306399999,7.49328485434,6.297681965340001,-0.06012278696,0.01034477262,-0.00293311512,-0.02226296198,0.01909087162,0.1408671417599999,0.1901289287999999
241,3,Nature,IGT,2.0,,,2.0,5.04,4.28,4.46,0.14719888218,-0.14552898358,0.2070063453599999,0.15631180608,0.2118577198199999,0.2644659306399999,7.49328485434,6.297681965340001,-0.06012278696,0.01034477262,-0.00293311512,-0.02226296198,0.01909087162,0.1408671417599999,0.1901289287999999
242,3,Nature,IGT,3.0,,,2.0,5.04,4.28,4.46,0.14719888218,-0.14552898358,0.2070063453599999,0.15631180608,0.2118577198199999,0.2644659306399999,7.49328485434,6.297681965340001,-0.06012278696,0.01034477262,-0.00293311512,-0.02226296198,0.01909087162,0.1408671417599999,0.1901289287999999
243,3,Nature,IGT,4.0,,,2.0,5.04,4.28,4.46,0.14719888218,-0.14552898358,0.2070063453599999,0.15631180608,0.2118577198199999,0.2644659306399999,7.49328485434,6.297681965340001,-0.06012278696,0.01034477262,-0.00293311512,-0.02226296198,0.01909087162,0.1408671417599999,0.1901289287999999
244,3,Nature,IGT,5.0,,,2.0,5.04,4.28,4.46,0.14719888218,-0.14552898358,0.2070063453599999,0.15631180608,0.2118577198199999,0.2644659306399999,7.49328485434,6.297681965340001,-0.06012278696,0.01034477262,-0.00293311512,-0.02226296198,0.01909087162,0.1408671417599999,0.1901289287999999
245,3,Nature,IGT,6.0,,,2.0,5.04,4.28,4.46,0.14719888218,-0.14552898358,0.2070063453599999,0.15631180608,0.2118577198199999,0.2644659306399999,7.49328485434,6.297681965340001,-0.06012278696,0.01034477262,-0.00293311512,-0.02226296198,0.01909087162,0.1408671417599999,0.1901289287999999
246,3,Nature,IGT,7.0,,,2.0,5.04,4.28,4.46,0.14719888218,-0.14552898358,0.2070063453599999,0.15631180608,0.2118577198199999,0.2644659306399999,7.49328485434,6.297681965340001,-0.06012278696,0.01034477262,-0.00293311512,-0.02226296198,0.01909087162,0.1408671417599999,0.1901289287999999
247,3,Nature,IGT,8.0,,,2.0,5.04,4.28,4.46,0.14719888218,-0.14552898358,0.2070063453599999,0.15631180608,0.2118577198199999,0.2644659306399999,7.49328485434,6.297681965340001,-0.06012278696,0.01034477262,-0.00293311512,-0.02226296198,0.01909087162,0.1408671417599999,0.1901289287999999
248,3,Nature,IGT,9.0,,,2.0,5.04,4.28,4.46,0.14719888218,-0.14552898358,0.2070063453599999,0.15631180608,0.2118577198199999,0.2644659306399999,7.49328485434,6.297681965340001,-0.06012278696,0.01034477262,-0.00293311512,-0.02226296198,0.01909087162,0.1408671417599999,0.1901289287999999
249,3,Nature,IGT,10.0,,,2.0,5.04,4.28,4.46,0.14719888218,-0.14552898358,0.2070063453599999,0.15631180608,0.2118577198199999,0.2644659306399999,7.49328485434,6.297681965340001,-0.06012278696,0.01034477262,-0.00293311512,-0.02226296198,0.01909087162,0.1408671417599999,0.1901289287999999
250,3,Nature,IGT,11.0,0.3,0.3,2.0,5.04,4.28,4.46,0.14719888218,-0.14552898358,0.2070063453599999,0.15631180608,0.2118577198199999,0.2644659306399999,7.49328485434,6.297681965340001,-0.06012278696,0.01034477262,-0.00293311512,-0.02226296198,0.01909087162,0.1408671417599999,0.1901289287999999
251,3,Nature,IGT,12.0,0.6,0.6,2.0,5.04,4.28,4.46,0.14719888218,-0.14552898358,0.2070063453599999,0.15631180608,0.2118577198199999,0.2644659306399999,7.49328485434,6.297681965340001,-0.06012278696,0.01034477262,-0.00293311512,-0.02226296198,0.01909087162,0.1408671417599999,0.1901289287999999
252,3,Nature,IGT,13.0,0.7,0.2,2.0,5.04,4.28,4.46,0.14719888218,-0.14552898358,0.2070063453599999,0.15631180608,0.2118577198199999,0.2644659306399999,7.49328485434,6.297681965340001,-0.06012278696,0.01034477262,-0.00293311512,-0.02226296198,0.01909087162,0.1408671417599999,0.1901289287999999
253,3,Nature,IGT,14.0,0.8,0.4,2.0,5.04,4.28,4.46,0.14719888218,-0.14552898358,0.2070063453599999,0.15631180608,0.2118577198199999,0.2644659306399999,7.49328485434,6.297681965340001,-0.06012278696,0.01034477262,-0.00293311512,-0.02226296198,0.01909087162,0.1408671417599999,0.1901289287999999
254,3,Nature,IGT,15.0,0.3,0.5,2.0,5.04,4.28,4.46,0.14719888218,-0.14552898358,0.2070063453599999,0.15631180608,0.2118577198199999,0.2644659306399999,7.49328485434,6.297681965340001,-0.06012278696,0.01034477262,-0.00293311512,-0.02226296198,0.01909087162,0.1408671417599999,0.1901289287999999
255,3,Nature,IGT,16.0,0.7,0.4,2.0,5.04,4.28,4.46,0.14719888218,-0.14552898358,0.2070063453599999,0.15631180608,0.2118577198199999,0.2644659306399999,7.49328485434,6.297681965340001,-0.06012278696,0.01034477262,-0.00293311512,-0.02226296198,0.01909087162,0.1408671417599999,0.1901289287999999
256,3,Nature,IGT,17.0,0.3,0.7,2.0,5.04,4.28,4.46,0.14719888218,-0.14552898358,0.2070063453599999,0.15631180608,0.2118577198199999,0.2644659306399999,7.49328485434,6.297681965340001,-0.06012278696,0.01034477262,-0.00293311512,-0.02226296198,0.01909087162,0.1408671417599999,0.1901289287999999
257,3,Nature,IGT,18.0,0.7,0.4,2.0,5.04,4.28,4.46,0.14719888218,-0.14552898358,0.2070063453599999,0.15631180608,0.2118577198199999,0.2644659306399999,7.49328485434,6.297681965340001,-0.06012278696,0.01034477262,-0.00293311512,-0.02226296198,0.01909087162,0.1408671417599999,0.1901289287999999
258,3,Nature,IGT,19.0,0.8,0.4,2.0,5.04,4.28,4.46,0.14719888218,-0.14552898358,0.2070063453599999,0.15631180608,0.2118577198199999,0.2644659306399999,7.49328485434,6.297681965340001,-0.06012278696,0.01034477262,-0.00293311512,-0.02226296198,0.01909087162,0.1408671417599999,0.1901289287999999
259,3,Nature,IGT,20.0,0.7,0.4,2.0,5.04,4.28,4.46,0.14719888218,-0.14552898358,0.2070063453599999,0.15631180608,0.2118577198199999,0.2644659306399999,7.49328485434,6.297681965340001,-0.06012278696,0.01034477262,-0.00293311512,-0.02226296198,0.01909087162,0.1408671417599999,0.1901289287999999
280,3,Urban,IGT,1.0,,,,,,,,,,,,,,,,,,,,,
281,3,Urban,IGT,2.0,,,,,,,,,,,,,,,,,,,,,
282,3,Urban,IGT,3.0,,,,,,,,,,,,,,,,,,,,,
283,3,Urban,IGT,4.0,,,,,,,,,,,,,,,,,,,,,
284,3,Urban,IGT,5.0,,,,,,,,,,,,,,,,,,,,,
285,3,Urban,IGT,6.0,,,,,,,,,,,,,,,,,,,,,
286,3,Urban,IGT,7.0,,,,,,,,,,,,,,,,,,,,,
287,3,Urban,IGT,8.0,,,,,,,,,,,,,,,,,,,,,
288,3,Urban,IGT,9.0,,,,,,,,,,,,,,,,,,,,,
289,3,Urban,IGT,10.0,,,,,,,,,,,,,,,,,,,,,
290,3,Urban,IGT,11.0,,,,,,,,,,,,,,,,,,,,,
291,3,Urban,IGT,12.0,,,,,,,,,,,,,,,,,,,,,
292,3,Urban,IGT,13.0,,,,,,,,,,,,,,,,,,,,,
293,3,Urban,IGT,14.0,,,,,,,,,,,,,,,,,,,,,
294,3,Urban,IGT,15.0,,,,,,,,,,,,,,,,,,,,,
295,3,Urban,IGT,16.0,,,,,,,,,,,,,,,,,,,,,
296,3,Urban,IGT,17.0,,,,,,,,,,,,,,,,,,,,,
297,3,Urban,IGT,18.0,,,,,,,,,,,,,,,,,,,,,
298,3,Urban,IGT,19.0,,,,,,,,,,,,,,,,,,,,,
299,3,Urban,IGT,20.0,,,,,,,,,,,,,,,,,,,,,
320,3,Control,IGT,1.0,,,,,,,,,,,,,,,,,,,,,
321,3,Control,IGT,2.0,,,,,,,,,,,,,,,,,,,,,
322,3,Control,IGT,3.0,,,,,,,,,,,,,,,,,,,,,
323,3,Control,IGT,4.0,,,,,,,,,,,,,,,,,,,,,
324,3,Control,IGT,5.0,,,,,,,,,,,,,,,,,,,,,
325,3,Control,IGT,6.0,,,,,,,,,,,,,,,,,,,,,
326,3,Control,IGT,7.0,,,,,,,,,,,,,,,,,,,,,
327,3,Control,IGT,8.0,,,,,,,,,,,,,,,,,,,,,
328,3,Control,IGT,9.0,,,,,,,,,,,,,,,,,,,,,
329,3,Control,IGT,10.0,,,,,,,,,,,,,,,,,,,,,
330,3,Control,IGT,11.0,,,,,,,,,,,,,,,,,,,,,
331,3,Control,IGT,12.0,,,,,,,,,,,,,,,,,,,,,
332,3,Control,IGT,13.0,,,,,,,,,,,,,,,,,,,,,
333,3,Control,IGT,14.0,,,,,,,,,,,,,,,,,,,,,
334,3,Control,IGT,15.0,,,,,,,,,,,,,,,,,,,,,
335,3,Control,IGT,16.0,,,,,,,,,,,,,,,,,,,,,
336,3,Control,IGT,17.0,,,,,,,,,,,,,,,,,,,,,
337,3,Control,IGT,18.0,,,,,,,,,,,,,,,,,,,,,
338,3,Control,IGT,19.0,,,,,,,,,,,,,,,,,,,,,
339,3,Control,IGT,20.0,,,,,,,,,,,,,,,,,,,,,
360,4,Nature,IGT,1.0,,,3.0,5.24,4.96,5.0,0.16013382644,-0.18929344312,0.23391471738,0.15382811856,0.21508808818,0.25919451894,7.48698360038,6.20139725646,-0.05926851512,0.00994080302,-0.00770477546,-0.0216452483999999,0.01798722724,0.13942606022,0.1923682356799999
361,4,Nature,IGT,2.0,,,3.0,5.24,4.96,5.0,0.16013382644,-0.18929344312,0.23391471738,0.15382811856,0.21508808818,0.25919451894,7.48698360038,6.20139725646,-0.05926851512,0.00994080302,-0.00770477546,-0.0216452483999999,0.01798722724,0.13942606022,0.1923682356799999
362,4,Nature,IGT,3.0,,,3.0,5.24,4.96,5.0,0.16013382644,-0.18929344312,0.23391471738,0.15382811856,0.21508808818,0.25919451894,7.48698360038,6.20139725646,-0.05926851512,0.00994080302,-0.00770477546,-0.0216452483999999,0.01798722724,0.13942606022,0.1923682356799999
363,4,Nature,IGT,4.0,,,3.0,5.24,4.96,5.0,0.16013382644,-0.18929344312,0.23391471738,0.15382811856,0.21508808818,0.25919451894,7.48698360038,6.20139725646,-0.05926851512,0.00994080302,-0.00770477546,-0.0216452483999999,0.01798722724,0.13942606022,0.1923682356799999
364,4,Nature,IGT,5.0,,,3.0,5.24,4.96,5.0,0.16013382644,-0.18929344312,0.23391471738,0.15382811856,0.21508808818,0.25919451894,7.48698360038,6.20139725646,-0.05926851512,0.00994080302,-0.00770477546,-0.0216452483999999,0.01798722724,0.13942606022,0.1923682356799999
365,4,Nature,IGT,6.0,,,3.0,5.24,4.96,5.0,0.16013382644,-0.18929344312,0.23391471738,0.15382811856,0.21508808818,0.25919451894,7.48698360038,6.20139725646,-0.05926851512,0.00994080302,-0.00770477546,-0.0216452483999999,0.01798722724,0.13942606022,0.1923682356799999
366,4,Nature,IGT,7.0,,,3.0,5.24,4.96,5.0,0.16013382644,-0.18929344312,0.23391471738,0.15382811856,0.21508808818,0.25919451894,7.48698360038,6.20139725646,-0.05926851512,0.00994080302,-0.00770477546,-0.0216452483999999,0.01798722724,0.13942606022,0.1923682356799999
367,4,Nature,IGT,8.0,,,3.0,5.24,4.96,5.0,0.16013382644,-0.18929344312,0.23391471738,0.15382811856,0.21508808818,0.25919451894,7.48698360038,6.20139725646,-0.05926851512,0.00994080302,-0.00770477546,-0.0216452483999999,0.01798722724,0.13942606022,0.1923682356799999
368,4,Nature,IGT,9.0,,,3.0,5.24,4.96,5.0,0.16013382644,-0.18929344312,0.23391471738,0.15382811856,0.21508808818,0.25919451894,7.48698360038,6.20139725646,-0.05926851512,0.00994080302,-0.00770477546,-0.0216452483999999,0.01798722724,0.13942606022,0.1923682356799999
369,4,Nature,IGT,10.0,,,3.0,5.24,4.96,5.0,0.16013382644,-0.18929344312,0.23391471738,0.15382811856,0.21508808818,0.25919451894,7.48698360038,6.20139725646,-0.05926851512,0.00994080302,-0.00770477546,-0.0216452483999999,0.01798722724,0.13942606022,0.1923682356799999
370,4,Nature,IGT,11.0,0.4,0.5,3.0,5.24,4.96,5.0,0.16013382644,-0.18929344312,0.23391471738,0.15382811856,0.21508808818,0.25919451894,7.48698360038,6.20139725646,-0.05926851512,0.00994080302,-0.00770477546,-0.0216452483999999,0.01798722724,0.13942606022,0.1923682356799999
371,4,Nature,IGT,12.0,0.6,0.5,3.0,5.24,4.96,5.0,0.16013382644,-0.18929344312,0.23391471738,0.15382811856,0.21508808818,0.25919451894,7.48698360038,6.20139725646,-0.05926851512,0.00994080302,-0.00770477546,-0.0216452483999999,0.01798722724,0.13942606022,0.1923682356799999
372,4,Nature,IGT,13.0,0.4,0.6,3.0,5.24,4.96,5.0,0.16013382644,-0.18929344312,0.23391471738,0.15382811856,0.21508808818,0.25919451894,7.48698360038,6.20139725646,-0.05926851512,0.00994080302,-0.00770477546,-0.0216452483999999,0.01798722724,0.13942606022,0.1923682356799999
373,4,Nature,IGT,14.0,0.5,0.5,3.0,5.24,4.96,5.0,0.16013382644,-0.18929344312,0.23391471738,0.15382811856,0.21508808818,0.25919451894,7.48698360038,6.20139725646,-0.05926851512,0.00994080302,-0.00770477546,-0.0216452483999999,0.01798722724,0.13942606022,0.1923682356799999
374,4,Nature,IGT,15.0,0.5,0.5,3.0,5.24,4.96,5.0,0.16013382644,-0.18929344312,0.23391471738,0.15382811856,0.21508808818,0.25919451894,7.48698360038,6.20139725646,-0.05926851512,0.00994080302,-0.00770477546,-0.0216452483999999,0.01798722724,0.13942606022,0.1923682356799999
375,4,Nature,IGT,16.0,0.3,0.6,3.0,5.24,4.96,5.0,0.16013382644,-0.18929344312,0.23391471738,0.15382811856,0.21508808818,0.25919451894,7.48698360038,6.20139725646,-0.05926851512,0.00994080302,-0.00770477546,-0.0216452483999999,0.01798722724,0.13942606022,0.1923682356799999
376,4,Nature,IGT,17.0,0.6,0.6,3.0,5.24,4.96,5.0,0.16013382644,-0.18929344312,0.23391471738,0.15382811856,0.21508808818,0.25919451894,7.48698360038,6.20139725646,-0.05926851512,0.00994080302,-0.00770477546,-0.0216452483999999,0.01798722724,0.13942606022,0.1923682356799999
377,4,Nature,IGT,18.0,0.6,0.4,3.0,5.24,4.96,5.0,0.16013382644,-0.18929344312,0.23391471738,0.15382811856,0.21508808818,0.25919451894,7.48698360038,6.20139725646,-0.05926851512,0.00994080302,-0.00770477546,-0.0216452483999999,0.01798722724,0.13942606022,0.1923682356799999
378,4,Nature,IGT,19.0,0.6,0.4,3.0,5.24,4.96,5.0,0.16013382644,-0.18929344312,0.23391471738,0.15382811856,0.21508808818,0.25919451894,7.48698360038,6.20139725646,-0.05926851512,0.00994080302,-0.00770477546,-0.0216452483999999,0.01798722724,0.13942606022,0.1923682356799999
379,4,Nature,IGT,20.0,0.6,0.5,3.0,5.24,4.96,5.0,0.16013382644,-0.18929344312,0.23391471738,0.15382811856,0.21508808818,0.25919451894,7.48698360038,6.20139725646,-0.05926851512,0.00994080302,-0.00770477546,-0.0216452483999999,0.01798722724,0.13942606022,0.1923682356799999
400,4,Urban,IGT,1.0,,,,,,,,,,,,,,,,,,,,,
401,4,Urban,IGT,2.0,,,,,,,,,,,,,,,,,,,,,
402,4,Urban,IGT,3.0,,,,,,,,,,,,,,,,,,,,,
403,4,Urban,IGT,4.0,,,,,,,,,,,,,,,,,,,,,
404,4,Urban,IGT,5.0,,,,,,,,,,,,,,,,,,,,,
405,4,Urban,IGT,6.0,,,,,,,,,,,,,,,,,,,,,
406,4,Urban,IGT,7.0,,,,,,,,,,,,,,,,,,,,,
407,4,Urban,IGT,8.0,,,,,,,,,,,,,,,,,,,,,
408,4,Urban,IGT,9.0,,,,,,,,,,,,,,,,,,,,,
409,4,Urban,IGT,10.0,,,,,,,,,,,,,,,,,,,,,
410,4,Urban,IGT,11.0,,,,,,,,,,,,,,,,,,,,,
411,4,Urban,IGT,12.0,,,,,,,,,,,,,,,,,,,,,
412,4,Urban,IGT,13.0,,,,,,,,,,,,,,,,,,,,,
413,4,Urban,IGT,14.0,,,,,,,,,,,,,,,,,,,,,
414,4,Urban,IGT,15.0,,,,,,,,,,,,,,,,,,,,,
415,4,Urban,IGT,16.0,,,,,,,,,,,,,,,,,,,,,
416,4,Urban,IGT,17.0,,,,,,,,,,,,,,,,,,,,,
417,4,Urban,IGT,18.0,,,,,,,,,,,,,,,,,,,,,
418,4,Urban,IGT,19.0,,,,,,,,,,,,,,,,,,,,,
419,4,Urban,IGT,20.0,,,,,,,,,,,,,,,,,,,,,
440,4,Control,IGT,1.0,,,,,,,,,,,,,,,,,,,,,
441,4,Control,IGT,2.0,,,,,,,,,,,,,,,,,,,,,
442,4,Control,IGT,3.0,,,,,,,,,,,,,,,,,,,,,
443,4,Control,IGT,4.0,,,,,,,,,,,,,,,,,,,,,
444,4,Control,IGT,5.0,,,,,,,,,,,,,,,,,,,,,
445,4,Control,IGT,6.0,,,,,,,,,,,,,,,,,,,,,
446,4,Control,IGT,7.0,,,,,,,,,,,,,,,,,,,,,
447,4,Control,IGT,8.0,,,,,,,,,,,,,,,,,,,,,
448,4,Control,IGT,9.0,,,,,,,,,,,,,,,,,,,,,
449,4,Control,IGT,10.0,,,,,,,,,,,,,,,,,,,,,
450,4,Control,IGT,11.0,,,,,,,,,,,,,,,,,,,,,
451,4,Control,IGT,12.0,,,,,,,,,,,,,,,,,,,,,
452,4,Control,IGT,13.0,,,,,,,,,,,,,,,,,,,,,
453,4,Control,IGT,14.0,,,,,,,,,,,,,,,,,,,,,
454,4,Control,IGT,15.0,,,,,,,,,,,,,,,,,,,,,
455,4,Control,IGT,16.0,,,,,,,,,,,,,,,,,,,,,
456,4,Control,IGT,17.0,,,,,,,,,,,,,,,,,,,,,
457,4,Control,IGT,18.0,,,,,,,,,,,,,,,,,,,,,
458,4,Control,IGT,19.0,,,,,,,,,,,,,,,,,,,,,
459,4,Control,IGT,20.0,,,,,,,,,,,,,,,,,,,,,
480,5,Nature,IGT,1.0,,,,,,,,,,,,,,,,,,,,,
481,5,Nature,IGT,2.0,,,,,,,,,,,,,,,,,,,,,
482,5,Nature,IGT,3.0,,,,,,,,,,,,,,,,,,,,,
483,5,Nature,IGT,4.0,,,,,,,,,,,,,,,,,,,,,
484,5,Nature,IGT,5.0,,,,,,,,,,,,,,,,,,,,,
485,5,Nature,IGT,6.0,,,,,,,,,,,,,,,,,,,,,
486,5,Nature,IGT,7.0,,,,,,,,,,,,,,,,,,,,,
487,5,Nature,IGT,8.0,,,,,,,,,,,,,,,,,,,,,
488,5,Nature,IGT,9.0,,,,,,,,,,,,,,,,,,,,,
489,5,Nature,IGT,10.0,,,,,,,,,,,,,,,,,,,,,
490,5,Nature,IGT,11.0,,,,,,,,,,,,,,,,,,,,,
491,5,Nature,IGT,12.0,,,,,,,,,,,,,,,,,,,,,
492,5,Nature,IGT,13.0,,,,,,,,,,,,,,,,,,,,,
493,5,Nature,IGT,14.0,,,,,,,,,,,,,,,,,,,,,
494,5,Nature,IGT,15.0,,,,,,,,,,,,,,,,,,,,,
495,5,Nature,IGT,16.0,,,,,,,,,,,,,,,,,,,,,
496,5,Nature,IGT,17.0,,,,,,,,,,,,,,,,,,,,,
497,5,Nature,IGT,18.0,,,,,,,,,,,,,,,,,,,,,
498,5,Nature,IGT,19.0,,,,,,,,,,,,,,,,,,,,,
499,5,Nature,IGT,20.0,,,,,,,,,,,,,,,,,,,,,
520,5,Urban,IGT,1.0,,,4.0,1.8,4.88,4.72,0.22399315096,0.322357657,0.17494224024,0.22775227806,0.1700391188,0.2599998941799999,7.388083089079999,1.6471717921000002,-0.05925959684,-0.0116330145,0.01054148432,0.01570513684,0.0661187222,0.10462721062,0.1075957097799999
521,5,Urban,IGT,2.0,,,4.0,1.8,4.88,4.72,0.22399315096,0.322357657,0.17494224024,0.22775227806,0.1700391188,0.2599998941799999,7.388083089079999,1.6471717921000002,-0.05925959684,-0.0116330145,0.01054148432,0.01570513684,0.0661187222,0.10462721062,0.1075957097799999
522,5,Urban,IGT,3.0,,,4.0,1.8,4.88,4.72,0.22399315096,0.322357657,0.17494224024,0.22775227806,0.1700391188,0.2599998941799999,7.388083089079999,1.6471717921000002,-0.05925959684,-0.0116330145,0.01054148432,0.01570513684,0.0661187222,0.10462721062,0.1075957097799999
523,5,Urban,IGT,4.0,,,4.0,1.8,4.88,4.72,0.22399315096,0.322357657,0.17494224024,0.22775227806,0.1700391188,0.2599998941799999,7.388083089079999,1.6471717921000002,-0.05925959684,-0.0116330145,0.01054148432,0.01570513684,0.0661187222,0.10462721062,0.1075957097799999
524,5,Urban,IGT,5.0,,,4.0,1.8,4.88,4.72,0.22399315096,0.322357657,0.17494224024,0.22775227806,0.1700391188,0.2599998941799999,7.388083089079999,1.6471717921000002,-0.05925959684,-0.0116330145,0.01054148432,0.01570513684,0.0661187222,0.10462721062,0.1075957097799999
525,5,Urban,IGT,6.0,,,4.0,1.8,4.88,4.72,0.22399315096,0.322357657,0.17494224024,0.22775227806,0.1700391188,0.2599998941799999,7.388083089079999,1.6471717921000002,-0.05925959684,-0.0116330145,0.01054148432,0.01570513684,0.0661187222,0.10462721062,0.1075957097799999
526,5,Urban,IGT,7.0,,,4.0,1.8,4.88,4.72,0.22399315096,0.322357657,0.17494224024,0.22775227806,0.1700391188,0.2599998941799999,7.388083089079999,1.6471717921000002,-0.05925959684,-0.0116330145,0.01054148432,0.01570513684,0.0661187222,0.10462721062,0.1075957097799999
527,5,Urban,IGT,8.0,,,4.0,1.8,4.88,4.72,0.22399315096,0.322357657,0.17494224024,0.22775227806,0.1700391188,0.2599998941799999,7.388083089079999,1.6471717921000002,-0.05925959684,-0.0116330145,0.01054148432,0.01570513684,0.0661187222,0.10462721062,0.1075957097799999
528,5,Urban,IGT,9.0,,,4.0,1.8,4.88,4.72,0.22399315096,0.322357657,0.17494224024,0.22775227806,0.1700391188,0.2599998941799999,7.388083089079999,1.6471717921000002,-0.05925959684,-0.0116330145,0.01054148432,0.01570513684,0.0661187222,0.10462721062,0.1075957097799999
529,5,Urban,IGT,10.0,,,4.0,1.8,4.88,4.72,0.22399315096,0.322357657,0.17494224024,0.22775227806,0.1700391188,0.2599998941799999,7.388083089079999,1.6471717921000002,-0.05925959684,-0.0116330145,0.01054148432,0.01570513684,0.0661187222,0.10462721062,0.1075957097799999
530,5,Urban,IGT,11.0,0.4,0.6,4.0,1.8,4.88,4.72,0.22399315096,0.322357657,0.17494224024,0.22775227806,0.1700391188,0.2599998941799999,7.388083089079999,1.6471717921000002,-0.05925959684,-0.0116330145,0.01054148432,0.01570513684,0.0661187222,0.10462721062,0.1075957097799999
531,5,Urban,IGT,12.0,0.8,0.4,4.0,1.8,4.88,4.72,0.22399315096,0.322357657,0.17494224024,0.22775227806,0.1700391188,0.2599998941799999,7.388083089079999,1.6471717921000002,-0.05925959684,-0.0116330145,0.01054148432,0.01570513684,0.0661187222,0.10462721062,0.1075957097799999
532,5,Urban,IGT,13.0,0.7,0.4,4.0,1.8,4.88,4.72,0.22399315096,0.322357657,0.17494224024,0.22775227806,0.1700391188,0.2599998941799999,7.388083089079999,1.6471717921000002,-0.05925959684,-0.0116330145,0.01054148432,0.01570513684,0.0661187222,0.10462721062,0.1075957097799999
533,5,Urban,IGT,14.0,0.5,0.4,4.0,1.8,4.88,4.72,0.22399315096,0.322357657,0.17494224024,0.22775227806,0.1700391188,0.2599998941799999,7.388083089079999,1.6471717921000002,-0.05925959684,-0.0116330145,0.01054148432,0.01570513684,0.0661187222,0.10462721062,0.1075957097799999
534,5,Urban,IGT,15.0,0.7,0.7,4.0,1.8,4.88,4.72,0.22399315096,0.322357657,0.17494224024,0.22775227806,0.1700391188,0.2599998941799999,7.388083089079999,1.6471717921000002,-0.05925959684,-0.0116330145,0.01054148432,0.01570513684,0.0661187222,0.10462721062,0.1075957097799999
535,5,Urban,IGT,16.0,0.7,0.5,4.0,1.8,4.88,4.72,0.22399315096,0.322357657,0.17494224024,0.22775227806,0.1700391188,0.2599998941799999,7.388083089079999,1.6471717921000002,-0.05925959684,-0.0116330145,0.01054148432,0.01570513684,0.0661187222,0.10462721062,0.1075957097799999
536,5,Urban,IGT,17.0,1.0,0.0,4.0,1.8,4.88,4.72,0.22399315096,0.322357657,0.17494224024,0.22775227806,0.1700391188,0.2599998941799999,7.388083089079999,1.6471717921000002,-0.05925959684,-0.0116330145,0.01054148432,0.01570513684,0.0661187222,0.10462721062,0.1075957097799999
537,5,Urban,IGT,18.0,0.8,0.4,4.0,1.8,4.88,4.72,0.22399315096,0.322357657,0.17494224024,0.22775227806,0.1700391188,0.2599998941799999,7.388083089079999,1.6471717921000002,-0.05925959684,-0.0116330145,0.01054148432,0.01570513684,0.0661187222,0.10462721062,0.1075957097799999
538,5,Urban,IGT,19.0,0.9,0.1,4.0,1.8,4.88,4.72,0.22399315096,0.322357657,0.17494224024,0.22775227806,0.1700391188,0.2599998941799999,7.388083089079999,1.6471717921000002,-0.05925959684,-0.0116330145,0.01054148432,0.01570513684,0.0661187222,0.10462721062,0.1075957097799999
539,5,Urban,IGT,20.0,0.8,0.2,4.0,1.8,4.88,4.72,0.22399315096,0.322357657,0.17494224024,0.22775227806,0.1700391188,0.2599998941799999,7.388083089079999,1.6471717921000002,-0.05925959684,-0.0116330145,0.01054148432,0.01570513684,0.0661187222,0.10462721062,0.1075957097799999
560,5,Control,IGT,1.0,,,,,,,,,,,,,,,,,,,,,
561,5,Control,IGT,2.0,,,,,,,,,,,,,,,,,,,,,
562,5,Control,IGT,3.0,,,,,,,,,,,,,,,,,,,,,
563,5,Control,IGT,4.0,,,,,,,,,,,,,,,,,,,,,
564,5,Control,IGT,5.0,,,,,,,,,,,,,,,,,,,,,
565,5,Control,IGT,6.0,,,,,,,,,,,,,,,,,,,,,
566,5,Control,IGT,7.0,,,,,,,,,,,,,,,,,,,,,
567,5,Control,IGT,8.0,,,,,,,,,,,,,,,,,,,,,
568,5,Control,IGT,9.0,,,,,,,,,,,,,,,,,,,,,
569,5,Control,IGT,10.0,,,,,,,,,,,,,,,,,,,,,
570,5,Control,IGT,11.0,,,,,,,,,,,,,,,,,,,,,
571,5,Control,IGT,12.0,,,,,,,,,,,,,,,,,,,,,
572,5,Control,IGT,13.0,,,,,,,,,,,,,,,,,,,,,
573,5,Control,IGT,14.0,,,,,,,,,,,,,,,,,,,,,
574,5,Control,IGT,15.0,,,,,,,,,,,,,,,,,,,,,
575,5,Control,IGT,16.0,,,,,,,,,,,,,,,,,,,,,
576,5,Control,IGT,17.0,,,,,,,,,,,,,,,,,,,,,
577,5,Control,IGT,18.0,,,,,,,,,,,,,,,,,,,,,
578,5,Control,IGT,19.0,,,,,,,,,,,,,,,,,,,,,
579,5,Control,IGT,20.0,,,,,,,,,,,,,,,,,,,,,
600,6,Nature,IGT,1.0,,,,,,,,,,,,,,,,,,,,,
601,6,Nature,IGT,2.0,,,,,,,,,,,,,,,,,,,,,
602,6,Nature,IGT,3.0,,,,,,,,,,,,,,,,,,,,,
603,6,Nature,IGT,4.0,,,,,,,,,,,,,,,,,,,,,
604,6,Nature,IGT,5.0,,,,,,,,,,,,,,,,,,,,,
605,6,Nature,IGT,6.0,,,,,,,,,,,,,,,,,,,,,
606,6,Nature,IGT,7.0,,,,,,,,,,,,,,,,,,,,,
607,6,Nature,IGT,8.0,,,,,,,,,,,,,,,,,,,,,
608,6,Nature,IGT,9.0,,,,,,,,,,,,,,,,,,,,,
609,6,Nature,IGT,10.0,,,,,,,,,,,,,,,,,,,,,
610,6,Nature,IGT,11.0,,,,,,,,,,,,,,,,,,,,,
611,6,Nature,IGT,12.0,,,,,,,,,,,,,,,,,,,,,
612,6,Nature,IGT,13.0,,,,,,,,,,,,,,,,,,,,,
613,6,Nature,IGT,14.0,,,,,,,,,,,,,,,,,,,,,
614,6,Nature,IGT,15.0,,,,,,,,,,,,,,,,,,,,,
615,6,Nature,IGT,16.0,,,,,,,,,,,,,,,,,,,,,
616,6,Nature,IGT,17.0,,,,,,,,,,,,,,,,,,,,,
617,6,Nature,IGT,18.0,,,,,,,,,,,,,,,,,,,,,
618,6,Nature,IGT,19.0,,,,,,,,,,,,,,,,,,,,,
619,6,Nature,IGT,20.0,,,,,,,,,,,,,,,,,,,,,
640,6,Urban,IGT,1.0,,,,,,,,,,,,,,,,,,,,,
641,6,Urban,IGT,2.0,,,,,,,,,,,,,,,,,,,,,
642,6,Urban,IGT,3.0,,,,,,,,,,,,,,,,,,,,,
643,6,Urban,IGT,4.0,,,,,,,,,,,,,,,,,,,,,
644,6,Urban,IGT,5.0,,,,,,,,,,,,,,,,,,,,,
645,6,Urban,IGT,6.0,,,,,,,,,,,,,,,,,,,,,
646,6,Urban,IGT,7.0,,,,,,,,,,,,,,,,,,,,,
647,6,Urban,IGT,8.0,,,,,,,,,,,,,,,,,,,,,
648,6,Urban,IGT,9.0,,,,,,,,,,,,,,,,,,,,,
649,6,Urban,IGT,10.0,,,,,,,,,,,,,,,,,,,,,
650,6,Urban,IGT,11.0,,,,,,,,,,,,,,,,,,,,,
651,6,Urban,IGT,12.0,,,,,,,,,,,,,,,,,,,,,
652,6,Urban,IGT,13.0,,,,,,,,,,,,,,,,,,,,,
653,6,Urban,IGT,14.0,,,,,,,,,,,,,,,,,,,,,
654,6,Urban,IGT,15.0,,,,,,,,,,,,,,,,,,,,,
655,6,Urban,IGT,16.0,,,,,,,,,,,,,,,,,,,,,
656,6,Urban,IGT,17.0,,,,,,,,,,,,,,,,,,,,,
657,6,Urban,IGT,18.0,,,,,,,,,,,,,,,,,,,,,
658,6,Urban,IGT,19.0,,,,,,,,,,,,,,,,,,,,,
659,6,Urban,IGT,20.0,,,,,,,,,,,,,,,,,,,,,
680,6,Control,IGT,1.0,,,5.0,3.34,2.72,3.0,,,,,,,,,,,,,,,
681,6,Control,IGT,2.0,,,5.0,3.34,2.72,3.0,,,,,,,,,,,,,,,
682,6,Control,IGT,3.0,,,5.0,3.34,2.72,3.0,,,,,,,,,,,,,,,
683,6,Control,IGT,4.0,,,5.0,3.34,2.72,3.0,,,,,,,,,,,,,,,
684,6,Control,IGT,5.0,,,5.0,3.34,2.72,3.0,,,,,,,,,,,,,,,
685,6,Control,IGT,6.0,,,5.0,3.34,2.72,3.0,,,,,,,,,,,,,,,
686,6,Control,IGT,7.0,,,5.0,3.34,2.72,3.0,,,,,,,,,,,,,,,
687,6,Control,IGT,8.0,,,5.0,3.34,2.72,3.0,,,,,,,,,,,,,,,
688,6,Control,IGT,9.0,,,5.0,3.34,2.72,3.0,,,,,,,,,,,,,,,
689,6,Control,IGT,10.0,,,5.0,3.34,2.72,3.0,,,,,,,,,,,,,,,
690,6,Control,IGT,11.0,0.3,0.5,5.0,3.34,2.72,3.0,,,,,,,,,,,,,,,
691,6,Control,IGT,12.0,0.0,0.5,5.0,3.34,2.72,3.0,,,,,,,,,,,,,,,
692,6,Control,IGT,13.0,1.0,0.0,5.0,3.34,2.72,3.0,,,,,,,,,,,,,,,
693,6,Control,IGT,14.0,1.0,0.9,5.0,3.34,2.72,3.0,,,,,,,,,,,,,,,
694,6,Control,IGT,15.0,0.5,1.0,5.0,3.34,2.72,3.0,,,,,,,,,,,,,,,
695,6,Control,IGT,16.0,1.0,1.0,5.0,3.34,2.72,3.0,,,,,,,,,,,,,,,
696,6,Control,IGT,17.0,1.0,1.0,5.0,3.34,2.72,3.0,,,,,,,,,,,,,,,
697,6,Control,IGT,18.0,0.6,1.0,5.0,3.34,2.72,3.0,,,,,,,,,,,,,,,
698,6,Control,IGT,19.0,1.0,1.0,5.0,3.34,2.72,3.0,,,,,,,,,,,,,,,
699,6,Control,IGT,20.0,1.0,1.0,5.0,3.34,2.72,3.0,,,,,,,,,,,,,,,
720,7,Nature,IGT,1.0,,,,,,,,,,,,,,,,,,,,,
721,7,Nature,IGT,2.0,,,,,,,,,,,,,,,,,,,,,
722,7,Nature,IGT,3.0,,,,,,,,,,,,,,,,,,,,,
723,7,Nature,IGT,4.0,,,,,,,,,,,,,,,,,,,,,
724,7,Nature,IGT,5.0,,,,,,,,,,,,,,,,,,,,,
725,7,Nature,IGT,6.0,,,,,,,,,,,,,,,,,,,,,
726,7,Nature,IGT,7.0,,,,,,,,,,,,,,,,,,,,,
727,7,Nature,IGT,8.0,,,,,,,,,,,,,,,,,,,,,
728,7,Nature,IGT,9.0,,,,,,,,,,,,,,,,,,,,,
729,7,Nature,IGT,10.0,,,,,,,,,,,,,,,,,,,,,
730,7,Nature,IGT,11.0,,,,,,,,,,,,,,,,,,,,,
731,7,Nature,IGT,12.0,,,,,,,,,,,,,,,,,,,,,
732,7,Nature,IGT,13.0,,,,,,,,,,,,,,,,,,,,,
733,7,Nature,IGT,14.0,,,,,,,,,,,,,,,,,,,,,
734,7,Nature,IGT,15.0,,,,,,,,,,,,,,,,,,,,,
735,7,Nature,IGT,16.0,,,,,,,,,,,,,,,,,,,,,
736,7,Nature,IGT,17.0,,,,,,,,,,,,,,,,,,,,,
737,7,Nature,IGT,18.0,,,,,,,,,,,,,,,,,,,,,
738,7,Nature,IGT,19.0,,,,,,,,,,,,,,,,,,,,,
739,7,Nature,IGT,20.0,,,,,,,,,,,,,,,,,,,,,
760,7,Urban,IGT,1.0,,,,,,,,,,,,,,,,,,,,,
761,7,Urban,IGT,2.0,,,,,,,,,,,,,,,,,,,,,
762,7,Urban,IGT,3.0,,,,,,,,,,,,,,,,,,,,,
763,7,Urban,IGT,4.0,,,,,,,,,,,,,,,,,,,,,
764,7,Urban,IGT,5.0,,,,,,,,,,,,,,,,,,,,,
765,7,Urban,IGT,6.0,,,,,,,,,,,,,,,,,,,,,
766,7,Urban,IGT,7.0,,,,,,,,,,,,,,,,,,,,,
767,7,Urban,IGT,8.0,,,,,,,,,,,,,,,,,,,,,
768,7,Urban,IGT,9.0,,,,,,,,,,,,,,,,,,,,,
769,7,Urban,IGT,10.0,,,,,,,,,,,,,,,,,,,,,
770,7,Urban,IGT,11.0,,,,,,,,,,,,,,,,,,,,,
771,7,Urban,IGT,12.0,,,,,,,,,,,,,,,,,,,,,
772,7,Urban,IGT,13.0,,,,,,,,,,,,,,,,,,,,,
773,7,Urban,IGT,14.0,,,,,,,,,,,,,,,,,,,,,
774,7,Urban,IGT,15.0,,,,,,,,,,,,,,,,,,,,,
775,7,Urban,IGT,16.0,,,,,,,,,,,,,,,,,,,,,
776,7,Urban,IGT,17.0,,,,,,,,,,,,,,,,,,,,,
777,7,Urban,IGT,18.0,,,,,,,,,,,,,,,,,,,,,
778,7,Urban,IGT,19.0,,,,,,,,,,,,,,,,,,,,,
779,7,Urban,IGT,20.0,,,,,,,,,,,,,,,,,,,,,
800,7,Control,IGT,1.0,,,6.0,4.26,3.38,2.9,,,,,,,,,,,,,,,
801,7,Control,IGT,2.0,,,6.0,4.26,3.38,2.9,,,,,,,,,,,,,,,
802,7,Control,IGT,3.0,,,6.0,4.26,3.38,2.9,,,,,,,,,,,,,,,
803,7,Control,IGT,4.0,,,6.0,4.26,3.38,2.9,,,,,,,,,,,,,,,
804,7,Control,IGT,5.0,,,6.0,4.26,3.38,2.9,,,,,,,,,,,,,,,
805,7,Control,IGT,6.0,,,6.0,4.26,3.38,2.9,,,,,,,,,,,,,,,
806,7,Control,IGT,7.0,,,6.0,4.26,3.38,2.9,,,,,,,,,,,,,,,
807,7,Control,IGT,8.0,,,6.0,4.26,3.38,2.9,,,,,,,,,,,,,,,
808,7,Control,IGT,9.0,,,6.0,4.26,3.38,2.9,,,,,,,,,,,,,,,
809,7,Control,IGT,10.0,,,6.0,4.26,3.38,2.9,,,,,,,,,,,,,,,
810,7,Control,IGT,11.0,1.0,0.0,6.0,4.26,3.38,2.9,,,,,,,,,,,,,,,
811,7,Control,IGT,12.0,0.4,0.6,6.0,4.26,3.38,2.9,,,,,,,,,,,,,,,
812,7,Control,IGT,13.0,0.0,1.0,6.0,4.26,3.38,2.9,,,,,,,,,,,,,,,
813,7,Control,IGT,14.0,0.3,0.3,6.0,4.26,3.38,2.9,,,,,,,,,,,,,,,
814,7,Control,IGT,15.0,1.0,1.0,6.0,4.26,3.38,2.9,,,,,,,,,,,,,,,
815,7,Control,IGT,16.0,0.7,1.0,6.0,4.26,3.38,2.9,,,,,,,,,,,,,,,
816,7,Control,IGT,17.0,1.0,0.9,6.0,4.26,3.38,2.9,,,,,,,,,,,,,,,
817,7,Control,IGT,18.0,1.0,0.0,6.0,4.26,3.38,2.9,,,,,,,,,,,,,,,
818,7,Control,IGT,19.0,0.9,0.7,6.0,4.26,3.38,2.9,,,,,,,,,,,,,,,
819,7,Control,IGT,20.0,1.0,0.1,6.0,4.26,3.38,2.9,,,,,,,,,,,,,,,
840,8,Nature,IGT,1.0,,,7.0,5.14,5.0,6.3,0.1547227405199999,-0.1244075607199999,0.2247105257599999,0.1582581597199999,0.21714996562,0.2671804433199999,7.48006495974,6.31136962734,-0.06268028306,0.0175094508,0.0013540664199999,-0.02197064536,0.01705465462,0.14057009762,0.19515512556
841,8,Nature,IGT,2.0,,,7.0,5.14,5.0,6.3,0.1547227405199999,-0.1244075607199999,0.2247105257599999,0.1582581597199999,0.21714996562,0.2671804433199999,7.48006495974,6.31136962734,-0.06268028306,0.0175094508,0.0013540664199999,-0.02197064536,0.01705465462,0.14057009762,0.19515512556
842,8,Nature,IGT,3.0,,,7.0,5.14,5.0,6.3,0.1547227405199999,-0.1244075607199999,0.2247105257599999,0.1582581597199999,0.21714996562,0.2671804433199999,7.48006495974,6.31136962734,-0.06268028306,0.0175094508,0.0013540664199999,-0.02197064536,0.01705465462,0.14057009762,0.19515512556
843,8,Nature,IGT,4.0,,,7.0,5.14,5.0,6.3,0.1547227405199999,-0.1244075607199999,0.2247105257599999,0.1582581597199999,0.21714996562,0.2671804433199999,7.48006495974,6.31136962734,-0.06268028306,0.0175094508,0.0013540664199999,-0.02197064536,0.01705465462,0.14057009762,0.19515512556
844,8,Nature,IGT,5.0,,,7.0,5.14,5.0,6.3,0.1547227405199999,-0.1244075607199999,0.2247105257599999,0.1582581597199999,0.21714996562,0.2671804433199999,7.48006495974,6.31136962734,-0.06268028306,0.0175094508,0.0013540664199999,-0.02197064536,0.01705465462,0.14057009762,0.19515512556
845,8,Nature,IGT,6.0,,,7.0,5.14,5.0,6.3,0.1547227405199999,-0.1244075607199999,0.2247105257599999,0.1582581597199999,0.21714996562,0.2671804433199999,7.48006495974,6.31136962734,-0.06268028306,0.0175094508,0.0013540664199999,-0.02197064536,0.01705465462,0.14057009762,0.19515512556
846,8,Nature,IGT,7.0,,,7.0,5.14,5.0,6.3,0.1547227405199999,-0.1244075607199999,0.2247105257599999,0.1582581597199999,0.21714996562,0.2671804433199999,7.48006495974,6.31136962734,-0.06268028306,0.0175094508,0.0013540664199999,-0.02197064536,0.01705465462,0.14057009762,0.19515512556
847,8,Nature,IGT,8.0,,,7.0,5.14,5.0,6.3,0.1547227405199999,-0.1244075607199999,0.2247105257599999,0.1582581597199999,0.21714996562,0.2671804433199999,7.48006495974,6.31136962734,-0.06268028306,0.0175094508,0.0013540664199999,-0.02197064536,0.01705465462,0.14057009762,0.19515512556
848,8,Nature,IGT,9.0,,,7.0,5.14,5.0,6.3,0.1547227405199999,-0.1244075607199999,0.2247105257599999,0.1582581597199999,0.21714996562,0.2671804433199999,7.48006495974,6.31136962734,-0.06268028306,0.0175094508,0.0013540664199999,-0.02197064536,0.01705465462,0.14057009762,0.19515512556
849,8,Nature,IGT,10.0,,,7.0,5.14,5.0,6.3,0.1547227405199999,-0.1244075607199999,0.2247105257599999,0.1582581597199999,0.21714996562,0.2671804433199999,7.48006495974,6.31136962734,-0.06268028306,0.0175094508,0.0013540664199999,-0.02197064536,0.01705465462,0.14057009762,0.19515512556
850,8,Nature,IGT,11.0,0.3,0.7,7.0,5.14,5.0,6.3,0.1547227405199999,-0.1244075607199999,0.2247105257599999,0.1582581597199999,0.21714996562,0.2671804433199999,7.48006495974,6.31136962734,-0.06268028306,0.0175094508,0.0013540664199999,-0.02197064536,0.01705465462,0.14057009762,0.19515512556
851,8,Nature,IGT,12.0,0.6,1.0,7.0,5.14,5.0,6.3,0.1547227405199999,-0.1244075607199999,0.2247105257599999,0.1582581597199999,0.21714996562,0.2671804433199999,7.48006495974,6.31136962734,-0.06268028306,0.0175094508,0.0013540664199999,-0.02197064536,0.01705465462,0.14057009762,0.19515512556
852,8,Nature,IGT,13.0,1.0,1.0,7.0,5.14,5.0,6.3,0.1547227405199999,-0.1244075607199999,0.2247105257599999,0.1582581597199999,0.21714996562,0.2671804433199999,7.48006495974,6.31136962734,-0.06268028306,0.0175094508,0.0013540664199999,-0.02197064536,0.01705465462,0.14057009762,0.19515512556
853,8,Nature,IGT,14.0,1.0,1.0,7.0,5.14,5.0,6.3,0.1547227405199999,-0.1244075607199999,0.2247105257599999,0.1582581597199999,0.21714996562,0.2671804433199999,7.48006495974,6.31136962734,-0.06268028306,0.0175094508,0.0013540664199999,-0.02197064536,0.01705465462,0.14057009762,0.19515512556
854,8,Nature,IGT,15.0,0.1,0.1,7.0,5.14,5.0,6.3,0.1547227405199999,-0.1244075607199999,0.2247105257599999,0.1582581597199999,0.21714996562,0.2671804433199999,7.48006495974,6.31136962734,-0.06268028306,0.0175094508,0.0013540664199999,-0.02197064536,0.01705465462,0.14057009762,0.19515512556
855,8,Nature,IGT,16.0,0.9,0.0,7.0,5.14,5.0,6.3,0.1547227405199999,-0.1244075607199999,0.2247105257599999,0.1582581597199999,0.21714996562,0.2671804433199999,7.48006495974,6.31136962734,-0.06268028306,0.0175094508,0.0013540664199999,-0.02197064536,0.01705465462,0.14057009762,0.19515512556
856,8,Nature,IGT,17.0,1.0,0.0,7.0,5.14,5.0,6.3,0.1547227405199999,-0.1244075607199999,0.2247105257599999,0.1582581597199999,0.21714996562,0.2671804433199999,7.48006495974,6.31136962734,-0.06268028306,0.0175094508,0.0013540664199999,-0.02197064536,0.01705465462,0.14057009762,0.19515512556
857,8,Nature,IGT,18.0,1.0,0.0,7.0,5.14,5.0,6.3,0.1547227405199999,-0.1244075607199999,0.2247105257599999,0.1582581597199999,0.21714996562,0.2671804433199999,7.48006495974,6.31136962734,-0.06268028306,0.0175094508,0.0013540664199999,-0.02197064536,0.01705465462,0.14057009762,0.19515512556
858,8,Nature,IGT,19.0,1.0,0.9,7.0,5.14,5.0,6.3,0.1547227405199999,-0.1244075607199999,0.2247105257599999,0.1582581597199999,0.21714996562,0.2671804433199999,7.48006495974,6.31136962734,-0.06268028306,0.0175094508,0.0013540664199999,-0.02197064536,0.01705465462,0.14057009762,0.19515512556
859,8,Nature,IGT,20.0,1.0,1.0,7.0,5.14,5.0,6.3,0.1547227405199999,-0.1244075607199999,0.2247105257599999,0.1582581597199999,0.21714996562,0.2671804433199999,7.48006495974,6.31136962734,-0.06268028306,0.0175094508,0.0013540664199999,-0.02197064536,0.01705465462,0.14057009762,0.19515512556
880,8,Urban,IGT,1.0,,,,,,,,,,,,,,,,,,,,,
881,8,Urban,IGT,2.0,,,,,,,,,,,,,,,,,,,,,
882,8,Urban,IGT,3.0,,,,,,,,,,,,,,,,,,,,,
883,8,Urban,IGT,4.0,,,,,,,,,,,,,,,,,,,,,
884,8,Urban,IGT,5.0,,,,,,,,,,,,,,,,,,,,,
885,8,Urban,IGT,6.0,,,,,,,,,,,,,,,,,,,,,
886,8,Urban,IGT,7.0,,,,,,,,,,,,,,,,,,,,,
887,8,Urban,IGT,8.0,,,,,,,,,,,,,,,,,,,,,
888,8,Urban,IGT,9.0,,,,,,,,,,,,,,,,,,,,,
889,8,Urban,IGT,10.0,,,,,,,,,,,,,,,,,,,,,
890,8,Urban,IGT,11.0,,,,,,,,,,,,,,,,,,,,,
891,8,Urban,IGT,12.0,,,,,,,,,,,,,,,,,,,,,
892,8,Urban,IGT,13.0,,,,,,,,,,,,,,,,,,,,,
893,8,Urban,IGT,14.0,,,,,,,,,,,,,,,,,,,,,
894,8,Urban,IGT,15.0,,,,,,,,,,,,,,,,,,,,,
895,8,Urban,IGT,16.0,,,,,,,,,,,,,,,,,,,,,
896,8,Urban,IGT,17.0,,,,,,,,,,,,,,,,,,,,,
897,8,Urban,IGT,18.0,,,,,,,,,,,,,,,,,,,,,
898,8,Urban,IGT,19.0,,,,,,,,,,,,,,,,,,,,,
899,8,Urban,IGT,20.0,,,,,,,,,,,,,,,,,,,,,
920,8,Control,IGT,1.0,,,,,,,,,,,,,,,,,,,,,
921,8,Control,IGT,2.0,,,,,,,,,,,,,,,,,,,,,
922,8,Control,IGT,3.0,,,,,,,,,,,,,,,,,,,,,
923,8,Control,IGT,4.0,,,,,,,,,,,,,,,,,,,,,
924,8,Control,IGT,5.0,,,,,,,,,,,,,,,,,,,,,
925,8,Control,IGT,6.0,,,,,,,,,,,,,,,,,,,,,
926,8,Control,IGT,7.0,,,,,,,,,,,,,,,,,,,,,
927,8,Control,IGT,8.0,,,,,,,,,,,,,,,,,,,,,
928,8,Control,IGT,9.0,,,,,,,,,,,,,,,,,,,,,
929,8,Control,IGT,10.0,,,,,,,,,,,,,,,,,,,,,
930,8,Control,IGT,11.0,,,,,,,,,,,,,,,,,,,,,
931,8,Control,IGT,12.0,,,,,,,,,,,,,,,,,,,,,
932,8,Control,IGT,13.0,,,,,,,,,,,,,,,,,,,,,
933,8,Control,IGT,14.0,,,,,,,,,,,,,,,,,,,,,
934,8,Control,IGT,15.0,,,,,,,,,,,,,,,,,,,,,
935,8,Control,IGT,16.0,,,,,,,,,,,,,,,,,,,,,
936,8,Control,IGT,17.0,,,,,,,,,,,,,,,,,,,,,
937,8,Control,IGT,18.0,,,,,,,,,,,,,,,,,,,,,
938,8,Control,IGT,19.0,,,,,,,,,,,,,,,,,,,,,
939,8,Control,IGT,20.0,,,,,,,,,,,,,,,,,,,,,
960,9,Nature,IGT,1.0,,,8.0,5.2,5.74,6.06,0.16121449936,-0.13646138564,0.2250918218,0.1601062586799999,0.21281253838,0.26819255102,7.49779477676,6.19716348788,-0.06072139012,0.0052393433,-0.00217661558,-0.02370823394,0.0183639603199999,0.13835605932,0.1901231744
961,9,Nature,IGT,2.0,,,8.0,5.2,5.74,6.06,0.16121449936,-0.13646138564,0.2250918218,0.1601062586799999,0.21281253838,0.26819255102,7.49779477676,6.19716348788,-0.06072139012,0.0052393433,-0.00217661558,-0.02370823394,0.0183639603199999,0.13835605932,0.1901231744
962,9,Nature,IGT,3.0,,,8.0,5.2,5.74,6.06,0.16121449936,-0.13646138564,0.2250918218,0.1601062586799999,0.21281253838,0.26819255102,7.49779477676,6.19716348788,-0.06072139012,0.0052393433,-0.00217661558,-0.02370823394,0.0183639603199999,0.13835605932,0.1901231744
963,9,Nature,IGT,4.0,,,8.0,5.2,5.74,6.06,0.16121449936,-0.13646138564,0.2250918218,0.1601062586799999,0.21281253838,0.26819255102,7.49779477676,6.19716348788,-0.06072139012,0.0052393433,-0.00217661558,-0.02370823394,0.0183639603199999,0.13835605932,0.1901231744
964,9,Nature,IGT,5.0,,,8.0,5.2,5.74,6.06,0.16121449936,-0.13646138564,0.2250918218,0.1601062586799999,0.21281253838,0.26819255102,7.49779477676,6.19716348788,-0.06072139012,0.0052393433,-0.00217661558,-0.02370823394,0.0183639603199999,0.13835605932,0.1901231744
965,9,Nature,IGT,6.0,,,8.0,5.2,5.74,6.06,0.16121449936,-0.13646138564,0.2250918218,0.1601062586799999,0.21281253838,0.26819255102,7.49779477676,6.19716348788,-0.06072139012,0.0052393433,-0.00217661558,-0.02370823394,0.0183639603199999,0.13835605932,0.1901231744
966,9,Nature,IGT,7.0,,,8.0,5.2,5.74,6.06,0.16121449936,-0.13646138564,0.2250918218,0.1601062586799999,0.21281253838,0.26819255102,7.49779477676,6.19716348788,-0.06072139012,0.0052393433,-0.00217661558,-0.02370823394,0.0183639603199999,0.13835605932,0.1901231744
967,9,Nature,IGT,8.0,,,8.0,5.2,5.74,6.06,0.16121449936,-0.13646138564,0.2250918218,0.1601062586799999,0.21281253838,0.26819255102,7.49779477676,6.19716348788,-0.06072139012,0.0052393433,-0.00217661558,-0.02370823394,0.0183639603199999,0.13835605932,0.1901231744
968,9,Nature,IGT,9.0,,,8.0,5.2,5.74,6.06,0.16121449936,-0.13646138564,0.2250918218,0.1601062586799999,0.21281253838,0.26819255102,7.49779477676,6.19716348788,-0.06072139012,0.0052393433,-0.00217661558,-0.02370823394,0.0183639603199999,0.13835605932,0.1901231744
969,9,Nature,IGT,10.0,,,8.0,5.2,5.74,6.06,0.16121449936,-0.13646138564,0.2250918218,0.1601062586799999,0.21281253838,0.26819255102,7.49779477676,6.19716348788,-0.06072139012,0.0052393433,-0.00217661558,-0.02370823394,0.0183639603199999,0.13835605932,0.1901231744
970,9,Nature,IGT,11.0,0.2,0.8,8.0,5.2,5.74,6.06,0.16121449936,-0.13646138564,0.2250918218,0.1601062586799999,0.21281253838,0.26819255102,7.49779477676,6.19716348788,-0.06072139012,0.0052393433,-0.00217661558,-0.02370823394,0.0183639603199999,0.13835605932,0.1901231744
971,9,Nature,IGT,12.0,0.4,0.6,8.0,5.2,5.74,6.06,0.16121449936,-0.13646138564,0.2250918218,0.1601062586799999,0.21281253838,0.26819255102,7.49779477676,6.19716348788,-0.06072139012,0.0052393433,-0.00217661558,-0.02370823394,0.0183639603199999,0.13835605932,0.1901231744
972,9,Nature,IGT,13.0,1.0,0.7,8.0,5.2,5.74,6.06,0.16121449936,-0.13646138564,0.2250918218,0.1601062586799999,0.21281253838,0.26819255102,7.49779477676,6.19716348788,-0.06072139012,0.0052393433,-0.00217661558,-0.02370823394,0.0183639603199999,0.13835605932,0.1901231744
973,9,Nature,IGT,14.0,0.5,0.5,8.0,5.2,5.74,6.06,0.16121449936,-0.13646138564,0.2250918218,0.1601062586799999,0.21281253838,0.26819255102,7.49779477676,6.19716348788,-0.06072139012,0.0052393433,-0.00217661558,-0.02370823394,0.0183639603199999,0.13835605932,0.1901231744
974,9,Nature,IGT,15.0,0.6,0.4,8.0,5.2,5.74,6.06,0.16121449936,-0.13646138564,0.2250918218,0.1601062586799999,0.21281253838,0.26819255102,7.49779477676,6.19716348788,-0.06072139012,0.0052393433,-0.00217661558,-0.02370823394,0.0183639603199999,0.13835605932,0.1901231744
975,9,Nature,IGT,16.0,0.3,0.5,8.0,5.2,5.74,6.06,0.16121449936,-0.13646138564,0.2250918218,0.1601062586799999,0.21281253838,0.26819255102,7.49779477676,6.19716348788,-0.06072139012,0.0052393433,-0.00217661558,-0.02370823394,0.0183639603199999,0.13835605932,0.1901231744
976,9,Nature,IGT,17.0,1.0,0.9,8.0,5.2,5.74,6.06,0.16121449936,-0.13646138564,0.2250918218,0.1601062586799999,0.21281253838,0.26819255102,7.49779477676,6.19716348788,-0.06072139012,0.0052393433,-0.00217661558,-0.02370823394,0.0183639603199999,0.13835605932,0.1901231744
977,9,Nature,IGT,18.0,1.0,0.3,8.0,5.2,5.74,6.06,0.16121449936,-0.13646138564,0.2250918218,0.1601062586799999,0.21281253838,0.26819255102,7.49779477676,6.19716348788,-0.06072139012,0.0052393433,-0.00217661558,-0.02370823394,0.0183639603199999,0.13835605932,0.1901231744
978,9,Nature,IGT,19.0,0.6,0.7,8.0,5.2,5.74,6.06,0.16121449936,-0.13646138564,0.2250918218,0.1601062586799999,0.21281253838,0.26819255102,7.49779477676,6.19716348788,-0.06072139012,0.0052393433,-0.00217661558,-0.02370823394,0.0183639603199999,0.13835605932,0.1901231744
979,9,Nature,IGT,20.0,1.0,0.2,8.0,5.2,5.74,6.06,0.16121449936,-0.13646138564,0.2250918218,0.1601062586799999,0.21281253838,0.26819255102,7.49779477676,6.19716348788,-0.06072139012,0.0052393433,-0.00217661558,-0.02370823394,0.0183639603199999,0.13835605932,0.1901231744
1000,9,Urban,IGT,1.0,,,,,,,,,,,,,,,,,,,,,
1001,9,Urban,IGT,2.0,,,,,,,,,,,,,,,,,,,,,
1002,9,Urban,IGT,3.0,,,,,,,,,,,,,,,,,,,,,
1003,9,Urban,IGT,4.0,,,,,,,,,,,,,,,,,,,,,
1004,9,Urban,IGT,5.0,,,,,,,,,,,,,,,,,,,,,
1005,9,Urban,IGT,6.0,,,,,,,,,,,,,,,,,,,,,
1006,9,Urban,IGT,7.0,,,,,,,,,,,,,,,,,,,,,
1007,9,Urban,IGT,8.0,,,,,,,,,,,,,,,,,,,,,
1008,9,Urban,IGT,9.0,,,,,,,,,,,,,,,,,,,,,
1009,9,Urban,IGT,10.0,,,,,,,,,,,,,,,,,,,,,
1010,9,Urban,IGT,11.0,,,,,,,,,,,,,,,,,,,,,
1011,9,Urban,IGT,12.0,,,,,,,,,,,,,,,,,,,,,
1012,9,Urban,IGT,13.0,,,,,,,,,,,,,,,,,,,,,
1013,9,Urban,IGT,14.0,,,,,,,,,,,,,,,,,,,,,
1014,9,Urban,IGT,15.0,,,,,,,,,,,,,,,,,,,,,
1015,9,Urban,IGT,16.0,,,,,,,,,,,,,,,,,,,,,
1016,9,Urban,IGT,17.0,,,,,,,,,,,,,,,,,,,,,
1017,9,Urban,IGT,18.0,,,,,,,,,,,,,,,,,,,,,
1018,9,Urban,IGT,19.0,,,,,,,,,,,,,,,,,,,,,
1019,9,Urban,IGT,20.0,,,,,,,,,,,,,,,,,,,,,
1040,9,Control,IGT,1.0,,,,,,,,,,,,,,,,,,,,,
1041,9,Control,IGT,2.0,,,,,,,,,,,,,,,,,,,,,
1042,9,Control,IGT,3.0,,,,,,,,,,,,,,,,,,,,,
1043,9,Control,IGT,4.0,,,,,,,,,,,,,,,,,,,,,
1044,9,Control,IGT,5.0,,,,,,,,,,,,,,,,,,,,,
1045,9,Control,IGT,6.0,,,,,,,,,,,,,,,,,,,,,
1046,9,Control,IGT,7.0,,,,,,,,,,,,,,,,,,,,,
1047,9,Control,IGT,8.0,,,,,,,,,,,,,,,,,,,,,
1048,9,Control,IGT,9.0,,,,,,,,,,,,,,,,,,,,,
1049,9,Control,IGT,10.0,,,,,,,,,,,,,,,,,,,,,
1050,9,Control,IGT,11.0,,,,,,,,,,,,,,,,,,,,,
1051,9,Control,IGT,12.0,,,,,,,,,,,,,,,,,,,,,
1052,9,Control,IGT,13.0,,,,,,,,,,,,,,,,,,,,,
1053,9,Control,IGT,14.0,,,,,,,,,,,,,,,,,,,,,
1054,9,Control,IGT,15.0,,,,,,,,,,,,,,,,,,,,,
1055,9,Control,IGT,16.0,,,,,,,,,,,,,,,,,,,,,
1056,9,Control,IGT,17.0,,,,,,,,,,,,,,,,,,,,,
1057,9,Control,IGT,18.0,,,,,,,,,,,,,,,,,,,,,
1058,9,Control,IGT,19.0,,,,,,,,,,,,,,,,,,,,,
1059,9,Control,IGT,20.0,,,,,,,,,,,,,,,,,,,,,
1080,10,Nature,IGT,1.0,,,9.0,5.96,4.74,5.02,0.1597291167,-0.1434070125,0.2310656536999999,0.1573569408,0.21226127874,0.26783814994,7.54685603412,6.27074859394,-0.0595158011,0.00806035508,-0.0035768633,-0.01989129514,0.01978298374,0.13814785326,0.1905846817
1081,10,Nature,IGT,2.0,,,9.0,5.96,4.74,5.02,0.1597291167,-0.1434070125,0.2310656536999999,0.1573569408,0.21226127874,0.26783814994,7.54685603412,6.27074859394,-0.0595158011,0.00806035508,-0.0035768633,-0.01989129514,0.01978298374,0.13814785326,0.1905846817
1082,10,Nature,IGT,3.0,,,9.0,5.96,4.74,5.02,0.1597291167,-0.1434070125,0.2310656536999999,0.1573569408,0.21226127874,0.26783814994,7.54685603412,6.27074859394,-0.0595158011,0.00806035508,-0.0035768633,-0.01989129514,0.01978298374,0.13814785326,0.1905846817
1083,10,Nature,IGT,4.0,,,9.0,5.96,4.74,5.02,0.1597291167,-0.1434070125,0.2310656536999999,0.1573569408,0.21226127874,0.26783814994,7.54685603412,6.27074859394,-0.0595158011,0.00806035508,-0.0035768633,-0.01989129514,0.01978298374,0.13814785326,0.1905846817
1084,10,Nature,IGT,5.0,,,9.0,5.96,4.74,5.02,0.1597291167,-0.1434070125,0.2310656536999999,0.1573569408,0.21226127874,0.26783814994,7.54685603412,6.27074859394,-0.0595158011,0.00806035508,-0.0035768633,-0.01989129514,0.01978298374,0.13814785326,0.1905846817
1085,10,Nature,IGT,6.0,,,9.0,5.96,4.74,5.02,0.1597291167,-0.1434070125,0.2310656536999999,0.1573569408,0.21226127874,0.26783814994,7.54685603412,6.27074859394,-0.0595158011,0.00806035508,-0.0035768633,-0.01989129514,0.01978298374,0.13814785326,0.1905846817
1086,10,Nature,IGT,7.0,,,9.0,5.96,4.74,5.02,0.1597291167,-0.1434070125,0.2310656536999999,0.1573569408,0.21226127874,0.26783814994,7.54685603412,6.27074859394,-0.0595158011,0.00806035508,-0.0035768633,-0.01989129514,0.01978298374,0.13814785326,0.1905846817
1087,10,Nature,IGT,8.0,,,9.0,5.96,4.74,5.02,0.1597291167,-0.1434070125,0.2310656536999999,0.1573569408,0.21226127874,0.26783814994,7.54685603412,6.27074859394,-0.0595158011,0.00806035508,-0.0035768633,-0.01989129514,0.01978298374,0.13814785326,0.1905846817
1088,10,Nature,IGT,9.0,,,9.0,5.96,4.74,5.02,0.1597291167,-0.1434070125,0.2310656536999999,0.1573569408,0.21226127874,0.26783814994,7.54685603412,6.27074859394,-0.0595158011,0.00806035508,-0.0035768633,-0.01989129514,0.01978298374,0.13814785326,0.1905846817
1089,10,Nature,IGT,10.0,,,9.0,5.96,4.74,5.02,0.1597291167,-0.1434070125,0.2310656536999999,0.1573569408,0.21226127874,0.26783814994,7.54685603412,6.27074859394,-0.0595158011,0.00806035508,-0.0035768633,-0.01989129514,0.01978298374,0.13814785326,0.1905846817
1090,10,Nature,IGT,11.0,0.6,0.4,9.0,5.96,4.74,5.02,0.1597291167,-0.1434070125,0.2310656536999999,0.1573569408,0.21226127874,0.26783814994,7.54685603412,6.27074859394,-0.0595158011,0.00806035508,-0.0035768633,-0.01989129514,0.01978298374,0.13814785326,0.1905846817
1091,10,Nature,IGT,12.0,0.6,0.7,9.0,5.96,4.74,5.02,0.1597291167,-0.1434070125,0.2310656536999999,0.1573569408,0.21226127874,0.26783814994,7.54685603412,6.27074859394,-0.0595158011,0.00806035508,-0.0035768633,-0.01989129514,0.01978298374,0.13814785326,0.1905846817
1092,10,Nature,IGT,13.0,0.3,0.6,9.0,5.96,4.74,5.02,0.1597291167,-0.1434070125,0.2310656536999999,0.1573569408,0.21226127874,0.26783814994,7.54685603412,6.27074859394,-0.0595158011,0.00806035508,-0.0035768633,-0.01989129514,0.01978298374,0.13814785326,0.1905846817
1093,10,Nature,IGT,14.0,0.2,0.7,9.0,5.96,4.74,5.02,0.1597291167,-0.1434070125,0.2310656536999999,0.1573569408,0.21226127874,0.26783814994,7.54685603412,6.27074859394,-0.0595158011,0.00806035508,-0.0035768633,-0.01989129514,0.01978298374,0.13814785326,0.1905846817
1094,10,Nature,IGT,15.0,1.0,0.0,9.0,5.96,4.74,5.02,0.1597291167,-0.1434070125,0.2310656536999999,0.1573569408,0.21226127874,0.26783814994,7.54685603412,6.27074859394,-0.0595158011,0.00806035508,-0.0035768633,-0.01989129514,0.01978298374,0.13814785326,0.1905846817
1095,10,Nature,IGT,16.0,1.0,0.0,9.0,5.96,4.74,5.02,0.1597291167,-0.1434070125,0.2310656536999999,0.1573569408,0.21226127874,0.26783814994,7.54685603412,6.27074859394,-0.0595158011,0.00806035508,-0.0035768633,-0.01989129514,0.01978298374,0.13814785326,0.1905846817
1096,10,Nature,IGT,17.0,1.0,0.0,9.0,5.96,4.74,5.02,0.1597291167,-0.1434070125,0.2310656536999999,0.1573569408,0.21226127874,0.26783814994,7.54685603412,6.27074859394,-0.0595158011,0.00806035508,-0.0035768633,-0.01989129514,0.01978298374,0.13814785326,0.1905846817
1097,10,Nature,IGT,18.0,1.0,0.0,9.0,5.96,4.74,5.02,0.1597291167,-0.1434070125,0.2310656536999999,0.1573569408,0.21226127874,0.26783814994,7.54685603412,6.27074859394,-0.0595158011,0.00806035508,-0.0035768633,-0.01989129514,0.01978298374,0.13814785326,0.1905846817
1098,10,Nature,IGT,19.0,1.0,0.1,9.0,5.96,4.74,5.02,0.1597291167,-0.1434070125,0.2310656536999999,0.1573569408,0.21226127874,0.26783814994,7.54685603412,6.27074859394,-0.0595158011,0.00806035508,-0.0035768633,-0.01989129514,0.01978298374,0.13814785326,0.1905846817
1099,10,Nature,IGT,20.0,1.0,0.0,9.0,5.96,4.74,5.02,0.1597291167,-0.1434070125,0.2310656536999999,0.1573569408,0.21226127874,0.26783814994,7.54685603412,6.27074859394,-0.0595158011,0.00806035508,-0.0035768633,-0.01989129514,0.01978298374,0.13814785326,0.1905846817
1120,10,Urban,IGT,1.0,,,,,,,,,,,,,,,,,,,,,
1121,10,Urban,IGT,2.0,,,,,,,,,,,,,,,,,,,,,
1122,10,Urban,IGT,3.0,,,,,,,,,,,,,,,,,,,,,
1123,10,Urban,IGT,4.0,,,,,,,,,,,,,,,,,,,,,
1124,10,Urban,IGT,5.0,,,,,,,,,,,,,,,,,,,,,
1125,10,Urban,IGT,6.0,,,,,,,,,,,,,,,,,,,,,
1126,10,Urban,IGT,7.0,,,,,,,,,,,,,,,,,,,,,
1127,10,Urban,IGT,8.0,,,,,,,,,,,,,,,,,,,,,
1128,10,Urban,IGT,9.0,,,,,,,,,,,,,,,,,,,,,
1129,10,Urban,IGT,10.0,,,,,,,,,,,,,,,,,,,,,
1130,10,Urban,IGT,11.0,,,,,,,,,,,,,,,,,,,,,
1131,10,Urban,IGT,12.0,,,,,,,,,,,,,,,,,,,,,
1132,10,Urban,IGT,13.0,,,,,,,,,,,,,,,,,,,,,
1133,10,Urban,IGT,14.0,,,,,,,,,,,,,,,,,,,,,
1134,10,Urban,IGT,15.0,,,,,,,,,,,,,,,,,,,,,
1135,10,Urban,IGT,16.0,,,,,,,,,,,,,,,,,,,,,
1136,10,Urban,IGT,17.0,,,,,,,,,,,,,,,,,,,,,
1137,10,Urban,IGT,18.0,,,,,,,,,,,,,,,,,,,,,
1138,10,Urban,IGT,19.0,,,,,,,,,,,,,,,,,,,,,
1139,10,Urban,IGT,20.0,,,,,,,,,,,,,,,,,,,,,
1160,10,Control,IGT,1.0,,,,,,,,,,,,,,,,,,,,,
1161,10,Control,IGT,2.0,,,,,,,,,,,,,,,,,,,,,
1162,10,Control,IGT,3.0,,,,,,,,,,,,,,,,,,,,,
1163,10,Control,IGT,4.0,,,,,,,,,,,,,,,,,,,,,
1164,10,Control,IGT,5.0,,,,,,,,,,,,,,,,,,,,,
1165,10,Control,IGT,6.0,,,,,,,,,,,,,,,,,,,,,
1166,10,Control,IGT,7.0,,,,,,,,,,,,,,,,,,,,,
1167,10,Control,IGT,8.0,,,,,,,,,,,,,,,,,,,,,
1168,10,Control,IGT,9.0,,,,,,,,,,,,,,,,,,,,,
1169,10,Control,IGT,10.0,,,,,,,,,,,,,,,,,,,,,
1170,10,Control,IGT,11.0,,,,,,,,,,,,,,,,,,,,,
1171,10,Control,IGT,12.0,,,,,,,,,,,,,,,,,,,,,
1172,10,Control,IGT,13.0,,,,,,,,,,,,,,,,,,,,,
1173,10,Control,IGT,14.0,,,,,,,,,,,,,,,,,,,,,
1174,10,Control,IGT,15.0,,,,,,,,,,,,,,,,,,,,,
1175,10,Control,IGT,16.0,,,,,,,,,,,,,,,,,,,,,
1176,10,Control,IGT,17.0,,,,,,,,,,,,,,,,,,,,,
1177,10,Control,IGT,18.0,,,,,,,,,,,,,,,,,,,,,
1178,10,Control,IGT,19.0,,,,,,,,,,,,,,,,,,,,,
1179,10,Control,IGT,20.0,,,,,,,,,,,,,,,,,,,,,
1200,11,Nature,IGT,1.0,,,10.0,5.76,4.28,5.04,0.16399021252,-0.19991298588,0.22803125944,0.15833524956,0.21148085794,0.2646641783,7.518161575080001,6.187482403840001,-0.05621485364,0.0033244201199999,-0.00996527896,-0.02581747724,0.01876124186,0.13858174418,0.18907081224
1201,11,Nature,IGT,2.0,,,10.0,5.76,4.28,5.04,0.16399021252,-0.19991298588,0.22803125944,0.15833524956,0.21148085794,0.2646641783,7.518161575080001,6.187482403840001,-0.05621485364,0.0033244201199999,-0.00996527896,-0.02581747724,0.01876124186,0.13858174418,0.18907081224
1202,11,Nature,IGT,3.0,,,10.0,5.76,4.28,5.04,0.16399021252,-0.19991298588,0.22803125944,0.15833524956,0.21148085794,0.2646641783,7.518161575080001,6.187482403840001,-0.05621485364,0.0033244201199999,-0.00996527896,-0.02581747724,0.01876124186,0.13858174418,0.18907081224
1203,11,Nature,IGT,4.0,,,10.0,5.76,4.28,5.04,0.16399021252,-0.19991298588,0.22803125944,0.15833524956,0.21148085794,0.2646641783,7.518161575080001,6.187482403840001,-0.05621485364,0.0033244201199999,-0.00996527896,-0.02581747724,0.01876124186,0.13858174418,0.18907081224
1204,11,Nature,IGT,5.0,,,10.0,5.76,4.28,5.04,0.16399021252,-0.19991298588,0.22803125944,0.15833524956,0.21148085794,0.2646641783,7.518161575080001,6.187482403840001,-0.05621485364,0.0033244201199999,-0.00996527896,-0.02581747724,0.01876124186,0.13858174418,0.18907081224
1205,11,Nature,IGT,6.0,,,10.0,5.76,4.28,5.04,0.16399021252,-0.19991298588,0.22803125944,0.15833524956,0.21148085794,0.2646641783,7.518161575080001,6.187482403840001,-0.05621485364,0.0033244201199999,-0.00996527896,-0.02581747724,0.01876124186,0.13858174418,0.18907081224
1206,11,Nature,IGT,7.0,,,10.0,5.76,4.28,5.04,0.16399021252,-0.19991298588,0.22803125944,0.15833524956,0.21148085794,0.2646641783,7.518161575080001,6.187482403840001,-0.05621485364,0.0033244201199999,-0.00996527896,-0.02581747724,0.01876124186,0.13858174418,0.18907081224
1207,11,Nature,IGT,8.0,,,10.0,5.76,4.28,5.04,0.16399021252,-0.19991298588,0.22803125944,0.15833524956,0.21148085794,0.2646641783,7.518161575080001,6.187482403840001,-0.05621485364,0.0033244201199999,-0.00996527896,-0.02581747724,0.01876124186,0.13858174418,0.18907081224
1208,11,Nature,IGT,9.0,,,10.0,5.76,4.28,5.04,0.16399021252,-0.19991298588,0.22803125944,0.15833524956,0.21148085794,0.2646641783,7.518161575080001,6.187482403840001,-0.05621485364,0.0033244201199999,-0.00996527896,-0.02581747724,0.01876124186,0.13858174418,0.18907081224
1209,11,Nature,IGT,10.0,,,10.0,5.76,4.28,5.04,0.16399021252,-0.19991298588,0.22803125944,0.15833524956,0.21148085794,0.2646641783,7.518161575080001,6.187482403840001,-0.05621485364,0.0033244201199999,-0.00996527896,-0.02581747724,0.01876124186,0.13858174418,0.18907081224
1210,11,Nature,IGT,11.0,0.2,0.5,10.0,5.76,4.28,5.04,0.16399021252,-0.19991298588,0.22803125944,0.15833524956,0.21148085794,0.2646641783,7.518161575080001,6.187482403840001,-0.05621485364,0.0033244201199999,-0.00996527896,-0.02581747724,0.01876124186,0.13858174418,0.18907081224
1211,11,Nature,IGT,12.0,0.1,0.7,10.0,5.76,4.28,5.04,0.16399021252,-0.19991298588,0.22803125944,0.15833524956,0.21148085794,0.2646641783,7.518161575080001,6.187482403840001,-0.05621485364,0.0033244201199999,-0.00996527896,-0.02581747724,0.01876124186,0.13858174418,0.18907081224
1212,11,Nature,IGT,13.0,0.3,0.4,10.0,5.76,4.28,5.04,0.16399021252,-0.19991298588,0.22803125944,0.15833524956,0.21148085794,0.2646641783,7.518161575080001,6.187482403840001,-0.05621485364,0.0033244201199999,-0.00996527896,-0.02581747724,0.01876124186,0.13858174418,0.18907081224
1213,11,Nature,IGT,14.0,0.5,0.4,10.0,5.76,4.28,5.04,0.16399021252,-0.19991298588,0.22803125944,0.15833524956,0.21148085794,0.2646641783,7.518161575080001,6.187482403840001,-0.05621485364,0.0033244201199999,-0.00996527896,-0.02581747724,0.01876124186,0.13858174418,0.18907081224
1214,11,Nature,IGT,15.0,1.0,0.5,10.0,5.76,4.28,5.04,0.16399021252,-0.19991298588,0.22803125944,0.15833524956,0.21148085794,0.2646641783,7.518161575080001,6.187482403840001,-0.05621485364,0.0033244201199999,-0.00996527896,-0.02581747724,0.01876124186,0.13858174418,0.18907081224
1215,11,Nature,IGT,16.0,1.0,0.4,10.0,5.76,4.28,5.04,0.16399021252,-0.19991298588,0.22803125944,0.15833524956,0.21148085794,0.2646641783,7.518161575080001,6.187482403840001,-0.05621485364,0.0033244201199999,-0.00996527896,-0.02581747724,0.01876124186,0.13858174418,0.18907081224
1216,11,Nature,IGT,17.0,1.0,0.5,10.0,5.76,4.28,5.04,0.16399021252,-0.19991298588,0.22803125944,0.15833524956,0.21148085794,0.2646641783,7.518161575080001,6.187482403840001,-0.05621485364,0.0033244201199999,-0.00996527896,-0.02581747724,0.01876124186,0.13858174418,0.18907081224
1217,11,Nature,IGT,18.0,1.0,0.5,10.0,5.76,4.28,5.04,0.16399021252,-0.19991298588,0.22803125944,0.15833524956,0.21148085794,0.2646641783,7.518161575080001,6.187482403840001,-0.05621485364,0.0033244201199999,-0.00996527896,-0.02581747724,0.01876124186,0.13858174418,0.18907081224
1218,11,Nature,IGT,19.0,1.0,0.5,10.0,5.76,4.28,5.04,0.16399021252,-0.19991298588,0.22803125944,0.15833524956,0.21148085794,0.2646641783,7.518161575080001,6.187482403840001,-0.05621485364,0.0033244201199999,-0.00996527896,-0.02581747724,0.01876124186,0.13858174418,0.18907081224
1219,11,Nature,IGT,20.0,1.0,0.5,10.0,5.76,4.28,5.04,0.16399021252,-0.19991298588,0.22803125944,0.15833524956,0.21148085794,0.2646641783,7.518161575080001,6.187482403840001,-0.05621485364,0.0033244201199999,-0.00996527896,-0.02581747724,0.01876124186,0.13858174418,0.18907081224
1240,11,Urban,IGT,1.0,,,,,,,,,,,,,,,,,,,,,
1241,11,Urban,IGT,2.0,,,,,,,,,,,,,,,,,,,,,
1242,11,Urban,IGT,3.0,,,,,,,,,,,,,,,,,,,,,
1243,11,Urban,IGT,4.0,,,,,,,,,,,,,,,,,,,,,
1244,11,Urban,IGT,5.0,,,,,,,,,,,,,,,,,,,,,
1245,11,Urban,IGT,6.0,,,,,,,,,,,,,,,,,,,,,
1246,11,Urban,IGT,7.0,,,,,,,,,,,,,,,,,,,,,
1247,11,Urban,IGT,8.0,,,,,,,,,,,,,,,,,,,,,
1248,11,Urban,IGT,9.0,,,,,,,,,,,,,,,,,,,,,
1249,11,Urban,IGT,10.0,,,,,,,,,,,,,,,,,,,,,
1250,11,Urban,IGT,11.0,,,,,,,,,,,,,,,,,,,,,
1251,11,Urban,IGT,12.0,,,,,,,,,,,,,,,,,,,,,
1252,11,Urban,IGT,13.0,,,,,,,,,,,,,,,,,,,,,
1253,11,Urban,IGT,14.0,,,,,,,,,,,,,,,,,,,,,
1254,11,Urban,IGT,15.0,,,,,,,,,,,,,,,,,,,,,
1255,11,Urban,IGT,16.0,,,,,,,,,,,,,,,,,,,,,
1256,11,Urban,IGT,17.0,,,,,,,,,,,,,,,,,,,,,
1257,11,Urban,IGT,18.0,,,,,,,,,,,,,,,,,,,,,
1258,11,Urban,IGT,19.0,,,,,,,,,,,,,,,,,,,,,
1259,11,Urban,IGT,20.0,,,,,,,,,,,,,,,,,,,,,
1280,11,Control,IGT,1.0,,,,,,,,,,,,,,,,,,,,,
1281,11,Control,IGT,2.0,,,,,,,,,,,,,,,,,,,,,
1282,11,Control,IGT,3.0,,,,,,,,,,,,,,,,,,,,,
1283,11,Control,IGT,4.0,,,,,,,,,,,,,,,,,,,,,
1284,11,Control,IGT,5.0,,,,,,,,,,,,,,,,,,,,,
1285,11,Control,IGT,6.0,,,,,,,,,,,,,,,,,,,,,
1286,11,Control,IGT,7.0,,,,,,,,,,,,,,,,,,,,,
1287,11,Control,IGT,8.0,,,,,,,,,,,,,,,,,,,,,
1288,11,Control,IGT,9.0,,,,,,,,,,,,,,,,,,,,,
1289,11,Control,IGT,10.0,,,,,,,,,,,,,,,,,,,,,
1290,11,Control,IGT,11.0,,,,,,,,,,,,,,,,,,,,,
1291,11,Control,IGT,12.0,,,,,,,,,,,,,,,,,,,,,
1292,11,Control,IGT,13.0,,,,,,,,,,,,,,,,,,,,,
1293,11,Control,IGT,14.0,,,,,,,,,,,,,,,,,,,,,
1294,11,Control,IGT,15.0,,,,,,,,,,,,,,,,,,,,,
1295,11,Control,IGT,16.0,,,,,,,,,,,,,,,,,,,,,
1296,11,Control,IGT,17.0,,,,,,,,,,,,,,,,,,,,,
1297,11,Control,IGT,18.0,,,,,,,,,,,,,,,,,,,,,
1298,11,Control,IGT,19.0,,,,,,,,,,,,,,,,,,,,,
1299,11,Control,IGT,20.0,,,,,,,,,,,,,,,,,,,,,
1320,12,Nature,IGT,1.0,,,,,,,,,,,,,,,,,,,,,
1321,12,Nature,IGT,2.0,,,,,,,,,,,,,,,,,,,,,
1322,12,Nature,IGT,3.0,,,,,,,,,,,,,,,,,,,,,
1323,12,Nature,IGT,4.0,,,,,,,,,,,,,,,,,,,,,
1324,12,Nature,IGT,5.0,,,,,,,,,,,,,,,,,,,,,
1325,12,Nature,IGT,6.0,,,,,,,,,,,,,,,,,,,,,
1326,12,Nature,IGT,7.0,,,,,,,,,,,,,,,,,,,,,
1327,12,Nature,IGT,8.0,,,,,,,,,,,,,,,,,,,,,
1328,12,Nature,IGT,9.0,,,,,,,,,,,,,,,,,,,,,
1329,12,Nature,IGT,10.0,,,,,,,,,,,,,,,,,,,,,
1330,12,Nature,IGT,11.0,,,,,,,,,,,,,,,,,,,,,
1331,12,Nature,IGT,12.0,,,,,,,,,,,,,,,,,,,,,
1332,12,Nature,IGT,13.0,,,,,,,,,,,,,,,,,,,,,
1333,12,Nature,IGT,14.0,,,,,,,,,,,,,,,,,,,,,
1334,12,Nature,IGT,15.0,,,,,,,,,,,,,,,,,,,,,
1335,12,Nature,IGT,16.0,,,,,,,,,,,,,,,,,,,,,
1336,12,Nature,IGT,17.0,,,,,,,,,,,,,,,,,,,,,
1337,12,Nature,IGT,18.0,,,,,,,,,,,,,,,,,,,,,
1338,12,Nature,IGT,19.0,,,,,,,,,,,,,,,,,,,,,
1339,12,Nature,IGT,20.0,,,,,,,,,,,,,,,,,,,,,
1360,12,Urban,IGT,1.0,,,11.0,2.66,4.3,4.2,0.21828791582,0.0606815375999999,0.1596439685,0.22802906488,0.16544327302,0.26170208762,7.37452046126,1.65234943024,-0.05889374248,-0.02190893528,0.01751539484,0.0180127144,0.07390763948,0.10386722472,0.101224515
1361,12,Urban,IGT,2.0,,,11.0,2.66,4.3,4.2,0.21828791582,0.0606815375999999,0.1596439685,0.22802906488,0.16544327302,0.26170208762,7.37452046126,1.65234943024,-0.05889374248,-0.02190893528,0.01751539484,0.0180127144,0.07390763948,0.10386722472,0.101224515
1362,12,Urban,IGT,3.0,,,11.0,2.66,4.3,4.2,0.21828791582,0.0606815375999999,0.1596439685,0.22802906488,0.16544327302,0.26170208762,7.37452046126,1.65234943024,-0.05889374248,-0.02190893528,0.01751539484,0.0180127144,0.07390763948,0.10386722472,0.101224515
1363,12,Urban,IGT,4.0,,,11.0,2.66,4.3,4.2,0.21828791582,0.0606815375999999,0.1596439685,0.22802906488,0.16544327302,0.26170208762,7.37452046126,1.65234943024,-0.05889374248,-0.02190893528,0.01751539484,0.0180127144,0.07390763948,0.10386722472,0.101224515
1364,12,Urban,IGT,5.0,,,11.0,2.66,4.3,4.2,0.21828791582,0.0606815375999999,0.1596439685,0.22802906488,0.16544327302,0.26170208762,7.37452046126,1.65234943024,-0.05889374248,-0.02190893528,0.01751539484,0.0180127144,0.07390763948,0.10386722472,0.101224515
1365,12,Urban,IGT,6.0,,,11.0,2.66,4.3,4.2,0.21828791582,0.0606815375999999,0.1596439685,0.22802906488,0.16544327302,0.26170208762,7.37452046126,1.65234943024,-0.05889374248,-0.02190893528,0.01751539484,0.0180127144,0.07390763948,0.10386722472,0.101224515
1366,12,Urban,IGT,7.0,,,11.0,2.66,4.3,4.2,0.21828791582,0.0606815375999999,0.1596439685,0.22802906488,0.16544327302,0.26170208762,7.37452046126,1.65234943024,-0.05889374248,-0.02190893528,0.01751539484,0.0180127144,0.07390763948,0.10386722472,0.101224515
1367,12,Urban,IGT,8.0,,,11.0,2.66,4.3,4.2,0.21828791582,0.0606815375999999,0.1596439685,0.22802906488,0.16544327302,0.26170208762,7.37452046126,1.65234943024,-0.05889374248,-0.02190893528,0.01751539484,0.0180127144,0.07390763948,0.10386722472,0.101224515
1368,12,Urban,IGT,9.0,,,11.0,2.66,4.3,4.2,0.21828791582,0.0606815375999999,0.1596439685,0.22802906488,0.16544327302,0.26170208762,7.37452046126,1.65234943024,-0.05889374248,-0.02190893528,0.01751539484,0.0180127144,0.07390763948,0.10386722472,0.101224515
1369,12,Urban,IGT,10.0,,,11.0,2.66,4.3,4.2,0.21828791582,0.0606815375999999,0.1596439685,0.22802906488,0.16544327302,0.26170208762,7.37452046126,1.65234943024,-0.05889374248,-0.02190893528,0.01751539484,0.0180127144,0.07390763948,0.10386722472,0.101224515
1370,12,Urban,IGT,11.0,0.2,0.3,11.0,2.66,4.3,4.2,0.21828791582,0.0606815375999999,0.1596439685,0.22802906488,0.16544327302,0.26170208762,7.37452046126,1.65234943024,-0.05889374248,-0.02190893528,0.01751539484,0.0180127144,0.07390763948,0.10386722472,0.101224515
1371,12,Urban,IGT,12.0,0.0,0.7,11.0,2.66,4.3,4.2,0.21828791582,0.0606815375999999,0.1596439685,0.22802906488,0.16544327302,0.26170208762,7.37452046126,1.65234943024,-0.05889374248,-0.02190893528,0.01751539484,0.0180127144,0.07390763948,0.10386722472,0.101224515
1372,12,Urban,IGT,13.0,0.3,0.5,11.0,2.66,4.3,4.2,0.21828791582,0.0606815375999999,0.1596439685,0.22802906488,0.16544327302,0.26170208762,7.37452046126,1.65234943024,-0.05889374248,-0.02190893528,0.01751539484,0.0180127144,0.07390763948,0.10386722472,0.101224515
1373,12,Urban,IGT,14.0,1.0,0.6,11.0,2.66,4.3,4.2,0.21828791582,0.0606815375999999,0.1596439685,0.22802906488,0.16544327302,0.26170208762,7.37452046126,1.65234943024,-0.05889374248,-0.02190893528,0.01751539484,0.0180127144,0.07390763948,0.10386722472,0.101224515
1374,12,Urban,IGT,15.0,0.9,0.9,11.0,2.66,4.3,4.2,0.21828791582,0.0606815375999999,0.1596439685,0.22802906488,0.16544327302,0.26170208762,7.37452046126,1.65234943024,-0.05889374248,-0.02190893528,0.01751539484,0.0180127144,0.07390763948,0.10386722472,0.101224515
1375,12,Urban,IGT,16.0,0.6,0.3,11.0,2.66,4.3,4.2,0.21828791582,0.0606815375999999,0.1596439685,0.22802906488,0.16544327302,0.26170208762,7.37452046126,1.65234943024,-0.05889374248,-0.02190893528,0.01751539484,0.0180127144,0.07390763948,0.10386722472,0.101224515
1376,12,Urban,IGT,17.0,0.5,0.4,11.0,2.66,4.3,4.2,0.21828791582,0.0606815375999999,0.1596439685,0.22802906488,0.16544327302,0.26170208762,7.37452046126,1.65234943024,-0.05889374248,-0.02190893528,0.01751539484,0.0180127144,0.07390763948,0.10386722472,0.101224515
1377,12,Urban,IGT,18.0,1.0,1.0,11.0,2.66,4.3,4.2,0.21828791582,0.0606815375999999,0.1596439685,0.22802906488,0.16544327302,0.26170208762,7.37452046126,1.65234943024,-0.05889374248,-0.02190893528,0.01751539484,0.0180127144,0.07390763948,0.10386722472,0.101224515
1378,12,Urban,IGT,19.0,1.0,1.0,11.0,2.66,4.3,4.2,0.21828791582,0.0606815375999999,0.1596439685,0.22802906488,0.16544327302,0.26170208762,7.37452046126,1.65234943024,-0.05889374248,-0.02190893528,0.01751539484,0.0180127144,0.07390763948,0.10386722472,0.101224515
1379,12,Urban,IGT,20.0,0.8,0.8,11.0,2.66,4.3,4.2,0.21828791582,0.0606815375999999,0.1596439685,0.22802906488,0.16544327302,0.26170208762,7.37452046126,1.65234943024,-0.05889374248,-0.02190893528,0.01751539484,0.0180127144,0.07390763948,0.10386722472,0.101224515
1400,12,Control,IGT,1.0,,,,,,,,,,,,,,,,,,,,,
1401,12,Control,IGT,2.0,,,,,,,,,,,,,,,,,,,,,
1402,12,Control,IGT,3.0,,,,,,,,,,,,,,,,,,,,,
1403,12,Control,IGT,4.0,,,,,,,,,,,,,,,,,,,,,
1404,12,Control,IGT,5.0,,,,,,,,,,,,,,,,,,,,,
1405,12,Control,IGT,6.0,,,,,,,,,,,,,,,,,,,,,
1406,12,Control,IGT,7.0,,,,,,,,,,,,,,,,,,,,,
1407,12,Control,IGT,8.0,,,,,,,,,,,,,,,,,,,,,
1408,12,Control,IGT,9.0,,,,,,,,,,,,,,,,,,,,,
1409,12,Control,IGT,10.0,,,,,,,,,,,,,,,,,,,,,
1410,12,Control,IGT,11.0,,,,,,,,,,,,,,,,,,,,,
1411,12,Control,IGT,12.0,,,,,,,,,,,,,,,,,,,,,
1412,12,Control,IGT,13.0,,,,,,,,,,,,,,,,,,,,,
1413,12,Control,IGT,14.0,,,,,,,,,,,,,,,,,,,,,
1414,12,Control,IGT,15.0,,,,,,,,,,,,,,,,,,,,,
1415,12,Control,IGT,16.0,,,,,,,,,,,,,,,,,,,,,
1416,12,Control,IGT,17.0,,,,,,,,,,,,,,,,,,,,,
1417,12,Control,IGT,18.0,,,,,,,,,,,,,,,,,,,,,
1418,12,Control,IGT,19.0,,,,,,,,,,,,,,,,,,,,,
1419,12,Control,IGT,20.0,,,,,,,,,,,,,,,,,,,,,
1440,13,Nature,IGT,1.0,,,,,,,,,,,,,,,,,,,,,
1441,13,Nature,IGT,2.0,,,,,,,,,,,,,,,,,,,,,
1442,13,Nature,IGT,3.0,,,,,,,,,,,,,,,,,,,,,
1443,13,Nature,IGT,4.0,,,,,,,,,,,,,,,,,,,,,
1444,13,Nature,IGT,5.0,,,,,,,,,,,,,,,,,,,,,
1445,13,Nature,IGT,6.0,,,,,,,,,,,,,,,,,,,,,
1446,13,Nature,IGT,7.0,,,,,,,,,,,,,,,,,,,,,
1447,13,Nature,IGT,8.0,,,,,,,,,,,,,,,,,,,,,
1448,13,Nature,IGT,9.0,,,,,,,,,,,,,,,,,,,,,
1449,13,Nature,IGT,10.0,,,,,,,,,,,,,,,,,,,,,
1450,13,Nature,IGT,11.0,,,,,,,,,,,,,,,,,,,,,
1451,13,Nature,IGT,12.0,,,,,,,,,,,,,,,,,,,,,
1452,13,Nature,IGT,13.0,,,,,,,,,,,,,,,,,,,,,
1453,13,Nature,IGT,14.0,,,,,,,,,,,,,,,,,,,,,
1454,13,Nature,IGT,15.0,,,,,,,,,,,,,,,,,,,,,
1455,13,Nature,IGT,16.0,,,,,,,,,,,,,,,,,,,,,
1456,13,Nature,IGT,17.0,,,,,,,,,,,,,,,,,,,,,
1457,13,Nature,IGT,18.0,,,,,,,,,,,,,,,,,,,,,
1458,13,Nature,IGT,19.0,,,,,,,,,,,,,,,,,,,,,
1459,13,Nature,IGT,20.0,,,,,,,,,,,,,,,,,,,,,
1480,13,Urban,IGT,1.0,,,12.0,4.04,4.06,4.36,0.21886352268,0.1632880177199999,0.17146716194,0.2215050023999999,0.1708059022999999,0.26084603206,7.4338425223,1.68504633478,-0.05837154228,-0.01415119034,0.00704792894,0.02269709118,0.06560610564,0.1066162004599999,0.10584218422
1481,13,Urban,IGT,2.0,,,12.0,4.04,4.06,4.36,0.21886352268,0.1632880177199999,0.17146716194,0.2215050023999999,0.1708059022999999,0.26084603206,7.4338425223,1.68504633478,-0.05837154228,-0.01415119034,0.00704792894,0.02269709118,0.06560610564,0.1066162004599999,0.10584218422
1482,13,Urban,IGT,3.0,,,12.0,4.04,4.06,4.36,0.21886352268,0.1632880177199999,0.17146716194,0.2215050023999999,0.1708059022999999,0.26084603206,7.4338425223,1.68504633478,-0.05837154228,-0.01415119034,0.00704792894,0.02269709118,0.06560610564,0.1066162004599999,0.10584218422
1483,13,Urban,IGT,4.0,,,12.0,4.04,4.06,4.36,0.21886352268,0.1632880177199999,0.17146716194,0.2215050023999999,0.1708059022999999,0.26084603206,7.4338425223,1.68504633478,-0.05837154228,-0.01415119034,0.00704792894,0.02269709118,0.06560610564,0.1066162004599999,0.10584218422
1484,13,Urban,IGT,5.0,,,12.0,4.04,4.06,4.36,0.21886352268,0.1632880177199999,0.17146716194,0.2215050023999999,0.1708059022999999,0.26084603206,7.4338425223,1.68504633478,-0.05837154228,-0.01415119034,0.00704792894,0.02269709118,0.06560610564,0.1066162004599999,0.10584218422
1485,13,Urban,IGT,6.0,,,12.0,4.04,4.06,4.36,0.21886352268,0.1632880177199999,0.17146716194,0.2215050023999999,0.1708059022999999,0.26084603206,7.4338425223,1.68504633478,-0.05837154228,-0.01415119034,0.00704792894,0.02269709118,0.06560610564,0.1066162004599999,0.10584218422
1486,13,Urban,IGT,7.0,,,12.0,4.04,4.06,4.36,0.21886352268,0.1632880177199999,0.17146716194,0.2215050023999999,0.1708059022999999,0.26084603206,7.4338425223,1.68504633478,-0.05837154228,-0.01415119034,0.00704792894,0.02269709118,0.06560610564,0.1066162004599999,0.10584218422
1487,13,Urban,IGT,8.0,,,12.0,4.04,4.06,4.36,0.21886352268,0.1632880177199999,0.17146716194,0.2215050023999999,0.1708059022999999,0.26084603206,7.4338425223,1.68504633478,-0.05837154228,-0.01415119034,0.00704792894,0.02269709118,0.06560610564,0.1066162004599999,0.10584218422
1488,13,Urban,IGT,9.0,,,12.0,4.04,4.06,4.36,0.21886352268,0.1632880177199999,0.17146716194,0.2215050023999999,0.1708059022999999,0.26084603206,7.4338425223,1.68504633478,-0.05837154228,-0.01415119034,0.00704792894,0.02269709118,0.06560610564,0.1066162004599999,0.10584218422
1489,13,Urban,IGT,10.0,,,12.0,4.04,4.06,4.36,0.21886352268,0.1632880177199999,0.17146716194,0.2215050023999999,0.1708059022999999,0.26084603206,7.4338425223,1.68504633478,-0.05837154228,-0.01415119034,0.00704792894,0.02269709118,0.06560610564,0.1066162004599999,0.10584218422
1490,13,Urban,IGT,11.0,0.3,0.6,12.0,4.04,4.06,4.36,0.21886352268,0.1632880177199999,0.17146716194,0.2215050023999999,0.1708059022999999,0.26084603206,7.4338425223,1.68504633478,-0.05837154228,-0.01415119034,0.00704792894,0.02269709118,0.06560610564,0.1066162004599999,0.10584218422
1491,13,Urban,IGT,12.0,0.1,0.6,12.0,4.04,4.06,4.36,0.21886352268,0.1632880177199999,0.17146716194,0.2215050023999999,0.1708059022999999,0.26084603206,7.4338425223,1.68504633478,-0.05837154228,-0.01415119034,0.00704792894,0.02269709118,0.06560610564,0.1066162004599999,0.10584218422
1492,13,Urban,IGT,13.0,0.0,0.5,12.0,4.04,4.06,4.36,0.21886352268,0.1632880177199999,0.17146716194,0.2215050023999999,0.1708059022999999,0.26084603206,7.4338425223,1.68504633478,-0.05837154228,-0.01415119034,0.00704792894,0.02269709118,0.06560610564,0.1066162004599999,0.10584218422
1493,13,Urban,IGT,14.0,0.2,0.6,12.0,4.04,4.06,4.36,0.21886352268,0.1632880177199999,0.17146716194,0.2215050023999999,0.1708059022999999,0.26084603206,7.4338425223,1.68504633478,-0.05837154228,-0.01415119034,0.00704792894,0.02269709118,0.06560610564,0.1066162004599999,0.10584218422
1494,13,Urban,IGT,15.0,0.4,0.4,12.0,4.04,4.06,4.36,0.21886352268,0.1632880177199999,0.17146716194,0.2215050023999999,0.1708059022999999,0.26084603206,7.4338425223,1.68504633478,-0.05837154228,-0.01415119034,0.00704792894,0.02269709118,0.06560610564,0.1066162004599999,0.10584218422
1495,13,Urban,IGT,16.0,0.3,0.7,12.0,4.04,4.06,4.36,0.21886352268,0.1632880177199999,0.17146716194,0.2215050023999999,0.1708059022999999,0.26084603206,7.4338425223,1.68504633478,-0.05837154228,-0.01415119034,0.00704792894,0.02269709118,0.06560610564,0.1066162004599999,0.10584218422
1496,13,Urban,IGT,17.0,0.5,0.5,12.0,4.04,4.06,4.36,0.21886352268,0.1632880177199999,0.17146716194,0.2215050023999999,0.1708059022999999,0.26084603206,7.4338425223,1.68504633478,-0.05837154228,-0.01415119034,0.00704792894,0.02269709118,0.06560610564,0.1066162004599999,0.10584218422
1497,13,Urban,IGT,18.0,0.1,0.1,12.0,4.04,4.06,4.36,0.21886352268,0.1632880177199999,0.17146716194,0.2215050023999999,0.1708059022999999,0.26084603206,7.4338425223,1.68504633478,-0.05837154228,-0.01415119034,0.00704792894,0.02269709118,0.06560610564,0.1066162004599999,0.10584218422
1498,13,Urban,IGT,19.0,0.3,0.3,12.0,4.04,4.06,4.36,0.21886352268,0.1632880177199999,0.17146716194,0.2215050023999999,0.1708059022999999,0.26084603206,7.4338425223,1.68504633478,-0.05837154228,-0.01415119034,0.00704792894,0.02269709118,0.06560610564,0.1066162004599999,0.10584218422
1499,13,Urban,IGT,20.0,0.1,0.4,12.0,4.04,4.06,4.36,0.21886352268,0.1632880177199999,0.17146716194,0.2215050023999999,0.1708059022999999,0.26084603206,7.4338425223,1.68504633478,-0.05837154228,-0.01415119034,0.00704792894,0.02269709118,0.06560610564,0.1066162004599999,0.10584218422
1520,13,Control,IGT,1.0,,,,,,,,,,,,,,,,,,,,,
1521,13,Control,IGT,2.0,,,,,,,,,,,,,,,,,,,,,
1522,13,Control,IGT,3.0,,,,,,,,,,,,,,,,,,,,,
1523,13,Control,IGT,4.0,,,,,,,,,,,,,,,,,,,,,
1524,13,Control,IGT,5.0,,,,,,,,,,,,,,,,,,,,,
1525,13,Control,IGT,6.0,,,,,,,,,,,,,,,,,,,,,
1526,13,Control,IGT,7.0,,,,,,,,,,,,,,,,,,,,,
1527,13,Control,IGT,8.0,,,,,,,,,,,,,,,,,,,,,
1528,13,Control,IGT,9.0,,,,,,,,,,,,,,,,,,,,,
1529,13,Control,IGT,10.0,,,,,,,,,,,,,,,,,,,,,
1530,13,Control,IGT,11.0,,,,,,,,,,,,,,,,,,,,,
1531,13,Control,IGT,12.0,,,,,,,,,,,,,,,,,,,,,
1532,13,Control,IGT,13.0,,,,,,,,,,,,,,,,,,,,,
1533,13,Control,IGT,14.0,,,,,,,,,,,,,,,,,,,,,
1534,13,Control,IGT,15.0,,,,,,,,,,,,,,,,,,,,,
1535,13,Control,IGT,16.0,,,,,,,,,,,,,,,,,,,,,
1536,13,Control,IGT,17.0,,,,,,,,,,,,,,,,,,,,,
1537,13,Control,IGT,18.0,,,,,,,,,,,,,,,,,,,,,
1538,13,Control,IGT,19.0,,,,,,,,,,,,,,,,,,,,,
1539,13,Control,IGT,20.0,,,,,,,,,,,,,,,,,,,,,
1560,14,Nature,IGT,1.0,,,,,,,,,,,,,,,,,,,,,
1561,14,Nature,IGT,2.0,,,,,,,,,,,,,,,,,,,,,
1562,14,Nature,IGT,3.0,,,,,,,,,,,,,,,,,,,,,
1563,14,Nature,IGT,4.0,,,,,,,,,,,,,,,,,,,,,
1564,14,Nature,IGT,5.0,,,,,,,,,,,,,,,,,,,,,
1565,14,Nature,IGT,6.0,,,,,,,,,,,,,,,,,,,,,
1566,14,Nature,IGT,7.0,,,,,,,,,,,,,,,,,,,,,
1567,14,Nature,IGT,8.0,,,,,,,,,,,,,,,,,,,,,
1568,14,Nature,IGT,9.0,,,,,,,,,,,,,,,,,,,,,
1569,14,Nature,IGT,10.0,,,,,,,,,,,,,,,,,,,,,
1570,14,Nature,IGT,11.0,,,,,,,,,,,,,,,,,,,,,
1571,14,Nature,IGT,12.0,,,,,,,,,,,,,,,,,,,,,
1572,14,Nature,IGT,13.0,,,,,,,,,,,,,,,,,,,,,
1573,14,Nature,IGT,14.0,,,,,,,,,,,,,,,,,,,,,
1574,14,Nature,IGT,15.0,,,,,,,,,,,,,,,,,,,,,
1575,14,Nature,IGT,16.0,,,,,,,,,,,,,,,,,,,,,
1576,14,Nature,IGT,17.0,,,,,,,,,,,,,,,,,,,,,
1577,14,Nature,IGT,18.0,,,,,,,,,,,,,,,,,,,,,
1578,14,Nature,IGT,19.0,,,,,,,,,,,,,,,,,,,,,
1579,14,Nature,IGT,20.0,,,,,,,,,,,,,,,,,,,,,
1600,14,Urban,IGT,1.0,,,,,,,,,,,,,,,,,,,,,
1601,14,Urban,IGT,2.0,,,,,,,,,,,,,,,,,,,,,
1602,14,Urban,IGT,3.0,,,,,,,,,,,,,,,,,,,,,
1603,14,Urban,IGT,4.0,,,,,,,,,,,,,,,,,,,,,
1604,14,Urban,IGT,5.0,,,,,,,,,,,,,,,,,,,,,
1605,14,Urban,IGT,6.0,,,,,,,,,,,,,,,,,,,,,
1606,14,Urban,IGT,7.0,,,,,,,,,,,,,,,,,,,,,
1607,14,Urban,IGT,8.0,,,,,,,,,,,,,,,,,,,,,
1608,14,Urban,IGT,9.0,,,,,,,,,,,,,,,,,,,,,
1609,14,Urban,IGT,10.0,,,,,,,,,,,,,,,,,,,,,
1610,14,Urban,IGT,11.0,,,,,,,,,,,,,,,,,,,,,
1611,14,Urban,IGT,12.0,,,,,,,,,,,,,,,,,,,,,
1612,14,Urban,IGT,13.0,,,,,,,,,,,,,,,,,,,,,
1613,14,Urban,IGT,14.0,,,,,,,,,,,,,,,,,,,,,
1614,14,Urban,IGT,15.0,,,,,,,,,,,,,,,,,,,,,
1615,14,Urban,IGT,16.0,,,,,,,,,,,,,,,,,,,,,
1616,14,Urban,IGT,17.0,,,,,,,,,,,,,,,,,,,,,
1617,14,Urban,IGT,18.0,,,,,,,,,,,,,,,,,,,,,
1618,14,Urban,IGT,19.0,,,,,,,,,,,,,,,,,,,,,
1619,14,Urban,IGT,20.0,,,,,,,,,,,,,,,,,,,,,
1640,14,Control,IGT,1.0,,,13.0,3.46,3.1,3.12,,,,,,,,,,,,,,,
1641,14,Control,IGT,2.0,,,13.0,3.46,3.1,3.12,,,,,,,,,,,,,,,
1642,14,Control,IGT,3.0,,,13.0,3.46,3.1,3.12,,,,,,,,,,,,,,,
1643,14,Control,IGT,4.0,,,13.0,3.46,3.1,3.12,,,,,,,,,,,,,,,
1644,14,Control,IGT,5.0,,,13.0,3.46,3.1,3.12,,,,,,,,,,,,,,,
1645,14,Control,IGT,6.0,,,13.0,3.46,3.1,3.12,,,,,,,,,,,,,,,
1646,14,Control,IGT,7.0,,,13.0,3.46,3.1,3.12,,,,,,,,,,,,,,,
1647,14,Control,IGT,8.0,,,13.0,3.46,3.1,3.12,,,,,,,,,,,,,,,
1648,14,Control,IGT,9.0,,,13.0,3.46,3.1,3.12,,,,,,,,,,,,,,,
1649,14,Control,IGT,10.0,,,13.0,3.46,3.1,3.12,,,,,,,,,,,,,,,
1650,14,Control,IGT,11.0,0.3,0.7,13.0,3.46,3.1,3.12,,,,,,,,,,,,,,,
1651,14,Control,IGT,12.0,0.6,0.9,13.0,3.46,3.1,3.12,,,,,,,,,,,,,,,
1652,14,Control,IGT,13.0,0.6,0.6,13.0,3.46,3.1,3.12,,,,,,,,,,,,,,,
1653,14,Control,IGT,14.0,0.5,0.7,13.0,3.46,3.1,3.12,,,,,,,,,,,,,,,
1654,14,Control,IGT,15.0,0.7,0.7,13.0,3.46,3.1,3.12,,,,,,,,,,,,,,,
1655,14,Control,IGT,16.0,0.3,0.6,13.0,3.46,3.1,3.12,,,,,,,,,,,,,,,
1656,14,Control,IGT,17.0,0.4,0.6,13.0,3.46,3.1,3.12,,,,,,,,,,,,,,,
1657,14,Control,IGT,18.0,0.7,0.7,13.0,3.46,3.1,3.12,,,,,,,,,,,,,,,
1658,14,Control,IGT,19.0,0.4,0.5,13.0,3.46,3.1,3.12,,,,,,,,,,,,,,,
1659,14,Control,IGT,20.0,0.6,0.5,13.0,3.46,3.1,3.12,,,,,,,,,,,,,,,
1680,15,Nature,IGT,1.0,,,14.0,5.2,4.7,5.9,0.15711106182,-0.25629509856,0.22832538668,0.1662905767199999,0.22066616906,0.2766886702,7.52353549024,6.26259951624,-0.0598789839999999,0.00363826628,-0.00526906162,-0.01181636356,0.01981405616,0.1365664839199999,0.18821394852
1681,15,Nature,IGT,2.0,,,14.0,5.2,4.7,5.9,0.15711106182,-0.25629509856,0.22832538668,0.1662905767199999,0.22066616906,0.2766886702,7.52353549024,6.26259951624,-0.0598789839999999,0.00363826628,-0.00526906162,-0.01181636356,0.01981405616,0.1365664839199999,0.18821394852
1682,15,Nature,IGT,3.0,,,14.0,5.2,4.7,5.9,0.15711106182,-0.25629509856,0.22832538668,0.1662905767199999,0.22066616906,0.2766886702,7.52353549024,6.26259951624,-0.0598789839999999,0.00363826628,-0.00526906162,-0.01181636356,0.01981405616,0.1365664839199999,0.18821394852
1683,15,Nature,IGT,4.0,,,14.0,5.2,4.7,5.9,0.15711106182,-0.25629509856,0.22832538668,0.1662905767199999,0.22066616906,0.2766886702,7.52353549024,6.26259951624,-0.0598789839999999,0.00363826628,-0.00526906162,-0.01181636356,0.01981405616,0.1365664839199999,0.18821394852
1684,15,Nature,IGT,5.0,,,14.0,5.2,4.7,5.9,0.15711106182,-0.25629509856,0.22832538668,0.1662905767199999,0.22066616906,0.2766886702,7.52353549024,6.26259951624,-0.0598789839999999,0.00363826628,-0.00526906162,-0.01181636356,0.01981405616,0.1365664839199999,0.18821394852
1685,15,Nature,IGT,6.0,,,14.0,5.2,4.7,5.9,0.15711106182,-0.25629509856,0.22832538668,0.1662905767199999,0.22066616906,0.2766886702,7.52353549024,6.26259951624,-0.0598789839999999,0.00363826628,-0.00526906162,-0.01181636356,0.01981405616,0.1365664839199999,0.18821394852
1686,15,Nature,IGT,7.0,,,14.0,5.2,4.7,5.9,0.15711106182,-0.25629509856,0.22832538668,0.1662905767199999,0.22066616906,0.2766886702,7.52353549024,6.26259951624,-0.0598789839999999,0.00363826628,-0.00526906162,-0.01181636356,0.01981405616,0.1365664839199999,0.18821394852
1687,15,Nature,IGT,8.0,,,14.0,5.2,4.7,5.9,0.15711106182,-0.25629509856,0.22832538668,0.1662905767199999,0.22066616906,0.2766886702,7.52353549024,6.26259951624,-0.0598789839999999,0.00363826628,-0.00526906162,-0.01181636356,0.01981405616,0.1365664839199999,0.18821394852
1688,15,Nature,IGT,9.0,,,14.0,5.2,4.7,5.9,0.15711106182,-0.25629509856,0.22832538668,0.1662905767199999,0.22066616906,0.2766886702,7.52353549024,6.26259951624,-0.0598789839999999,0.00363826628,-0.00526906162,-0.01181636356,0.01981405616,0.1365664839199999,0.18821394852
1689,15,Nature,IGT,10.0,,,14.0,5.2,4.7,5.9,0.15711106182,-0.25629509856,0.22832538668,0.1662905767199999,0.22066616906,0.2766886702,7.52353549024,6.26259951624,-0.0598789839999999,0.00363826628,-0.00526906162,-0.01181636356,0.01981405616,0.1365664839199999,0.18821394852
1690,15,Nature,IGT,11.0,0.4,0.4,14.0,5.2,4.7,5.9,0.15711106182,-0.25629509856,0.22832538668,0.1662905767199999,0.22066616906,0.2766886702,7.52353549024,6.26259951624,-0.0598789839999999,0.00363826628,-0.00526906162,-0.01181636356,0.01981405616,0.1365664839199999,0.18821394852
1691,15,Nature,IGT,12.0,0.7,0.7,14.0,5.2,4.7,5.9,0.15711106182,-0.25629509856,0.22832538668,0.1662905767199999,0.22066616906,0.2766886702,7.52353549024,6.26259951624,-0.0598789839999999,0.00363826628,-0.00526906162,-0.01181636356,0.01981405616,0.1365664839199999,0.18821394852
1692,15,Nature,IGT,13.0,0.3,0.8,14.0,5.2,4.7,5.9,0.15711106182,-0.25629509856,0.22832538668,0.1662905767199999,0.22066616906,0.2766886702,7.52353549024,6.26259951624,-0.0598789839999999,0.00363826628,-0.00526906162,-0.01181636356,0.01981405616,0.1365664839199999,0.18821394852
1693,15,Nature,IGT,14.0,0.5,0.4,14.0,5.2,4.7,5.9,0.15711106182,-0.25629509856,0.22832538668,0.1662905767199999,0.22066616906,0.2766886702,7.52353549024,6.26259951624,-0.0598789839999999,0.00363826628,-0.00526906162,-0.01181636356,0.01981405616,0.1365664839199999,0.18821394852
1694,15,Nature,IGT,15.0,0.5,0.3,14.0,5.2,4.7,5.9,0.15711106182,-0.25629509856,0.22832538668,0.1662905767199999,0.22066616906,0.2766886702,7.52353549024,6.26259951624,-0.0598789839999999,0.00363826628,-0.00526906162,-0.01181636356,0.01981405616,0.1365664839199999,0.18821394852
1695,15,Nature,IGT,16.0,1.0,0.0,14.0,5.2,4.7,5.9,0.15711106182,-0.25629509856,0.22832538668,0.1662905767199999,0.22066616906,0.2766886702,7.52353549024,6.26259951624,-0.0598789839999999,0.00363826628,-0.00526906162,-0.01181636356,0.01981405616,0.1365664839199999,0.18821394852
1696,15,Nature,IGT,17.0,1.0,0.0,14.0,5.2,4.7,5.9,0.15711106182,-0.25629509856,0.22832538668,0.1662905767199999,0.22066616906,0.2766886702,7.52353549024,6.26259951624,-0.0598789839999999,0.00363826628,-0.00526906162,-0.01181636356,0.01981405616,0.1365664839199999,0.18821394852
1697,15,Nature,IGT,18.0,1.0,0.0,14.0,5.2,4.7,5.9,0.15711106182,-0.25629509856,0.22832538668,0.1662905767199999,0.22066616906,0.2766886702,7.52353549024,6.26259951624,-0.0598789839999999,0.00363826628,-0.00526906162,-0.01181636356,0.01981405616,0.1365664839199999,0.18821394852
1698,15,Nature,IGT,19.0,1.0,0.0,14.0,5.2,4.7,5.9,0.15711106182,-0.25629509856,0.22832538668,0.1662905767199999,0.22066616906,0.2766886702,7.52353549024,6.26259951624,-0.0598789839999999,0.00363826628,-0.00526906162,-0.01181636356,0.01981405616,0.1365664839199999,0.18821394852
1699,15,Nature,IGT,20.0,1.0,0.0,14.0,5.2,4.7,5.9,0.15711106182,-0.25629509856,0.22832538668,0.1662905767199999,0.22066616906,0.2766886702,7.52353549024,6.26259951624,-0.0598789839999999,0.00363826628,-0.00526906162,-0.01181636356,0.01981405616,0.1365664839199999,0.18821394852
1720,15,Urban,IGT,1.0,,,,,,,,,,,,,,,,,,,,,
1721,15,Urban,IGT,2.0,,,,,,,,,,,,,,,,,,,,,
1722,15,Urban,IGT,3.0,,,,,,,,,,,,,,,,,,,,,
1723,15,Urban,IGT,4.0,,,,,,,,,,,,,,,,,,,,,
1724,15,Urban,IGT,5.0,,,,,,,,,,,,,,,,,,,,,
1725,15,Urban,IGT,6.0,,,,,,,,,,,,,,,,,,,,,
1726,15,Urban,IGT,7.0,,,,,,,,,,,,,,,,,,,,,
1727,15,Urban,IGT,8.0,,,,,,,,,,,,,,,,,,,,,
1728,15,Urban,IGT,9.0,,,,,,,,,,,,,,,,,,,,,
1729,15,Urban,IGT,10.0,,,,,,,,,,,,,,,,,,,,,
1730,15,Urban,IGT,11.0,,,,,,,,,,,,,,,,,,,,,
1731,15,Urban,IGT,12.0,,,,,,,,,,,,,,,,,,,,,
1732,15,Urban,IGT,13.0,,,,,,,,,,,,,,,,,,,,,
1733,15,Urban,IGT,14.0,,,,,,,,,,,,,,,,,,,,,
1734,15,Urban,IGT,15.0,,,,,,,,,,,,,,,,,,,,,
1735,15,Urban,IGT,16.0,,,,,,,,,,,,,,,,,,,,,
1736,15,Urban,IGT,17.0,,,,,,,,,,,,,,,,,,,,,
1737,15,Urban,IGT,18.0,,,,,,,,,,,,,,,,,,,,,
1738,15,Urban,IGT,19.0,,,,,,,,,,,,,,,,,,,,,
1739,15,Urban,IGT,20.0,,,,,,,,,,,,,,,,,,,,,
1760,15,Control,IGT,1.0,,,,,,,,,,,,,,,,,,,,,
1761,15,Control,IGT,2.0,,,,,,,,,,,,,,,,,,,,,
1762,15,Control,IGT,3.0,,,,,,,,,,,,,,,,,,,,,
1763,15,Control,IGT,4.0,,,,,,,,,,,,,,,,,,,,,
1764,15,Control,IGT,5.0,,,,,,,,,,,,,,,,,,,,,
1765,15,Control,IGT,6.0,,,,,,,,,,,,,,,,,,,,,
1766,15,Control,IGT,7.0,,,,,,,,,,,,,,,,,,,,,
1767,15,Control,IGT,8.0,,,,,,,,,,,,,,,,,,,,,
1768,15,Control,IGT,9.0,,,,,,,,,,,,,,,,,,,,,
1769,15,Control,IGT,10.0,,,,,,,,,,,,,,,,,,,,,
1770,15,Control,IGT,11.0,,,,,,,,,,,,,,,,,,,,,
1771,15,Control,IGT,12.0,,,,,,,,,,,,,,,,,,,,,
1772,15,Control,IGT,13.0,,,,,,,,,,,,,,,,,,,,,
1773,15,Control,IGT,14.0,,,,,,,,,,,,,,,,,,,,,
1774,15,Control,IGT,15.0,,,,,,,,,,,,,,,,,,,,,
1775,15,Control,IGT,16.0,,,,,,,,,,,,,,,,,,,,,
1776,15,Control,IGT,17.0,,,,,,,,,,,,,,,,,,,,,
1777,15,Control,IGT,18.0,,,,,,,,,,,,,,,,,,,,,
1778,15,Control,IGT,19.0,,,,,,,,,,,,,,,,,,,,,
1779,15,Control,IGT,20.0,,,,,,,,,,,,,,,,,,,,,
1800,16,Nature,IGT,1.0,,,,,,,,,,,,,,,,,,,,,
1801,16,Nature,IGT,2.0,,,,,,,,,,,,,,,,,,,,,
1802,16,Nature,IGT,3.0,,,,,,,,,,,,,,,,,,,,,
1803,16,Nature,IGT,4.0,,,,,,,,,,,,,,,,,,,,,
1804,16,Nature,IGT,5.0,,,,,,,,,,,,,,,,,,,,,
1805,16,Nature,IGT,6.0,,,,,,,,,,,,,,,,,,,,,
1806,16,Nature,IGT,7.0,,,,,,,,,,,,,,,,,,,,,
1807,16,Nature,IGT,8.0,,,,,,,,,,,,,,,,,,,,,
1808,16,Nature,IGT,9.0,,,,,,,,,,,,,,,,,,,,,
1809,16,Nature,IGT,10.0,,,,,,,,,,,,,,,,,,,,,
1810,16,Nature,IGT,11.0,,,,,,,,,,,,,,,,,,,,,
1811,16,Nature,IGT,12.0,,,,,,,,,,,,,,,,,,,,,
1812,16,Nature,IGT,13.0,,,,,,,,,,,,,,,,,,,,,
1813,16,Nature,IGT,14.0,,,,,,,,,,,,,,,,,,,,,
1814,16,Nature,IGT,15.0,,,,,,,,,,,,,,,,,,,,,
1815,16,Nature,IGT,16.0,,,,,,,,,,,,,,,,,,,,,
1816,16,Nature,IGT,17.0,,,,,,,,,,,,,,,,,,,,,
1817,16,Nature,IGT,18.0,,,,,,,,,,,,,,,,,,,,,
1818,16,Nature,IGT,19.0,,,,,,,,,,,,,,,,,,,,,
1819,16,Nature,IGT,20.0,,,,,,,,,,,,,,,,,,,,,
1840,16,Urban,IGT,1.0,,,15.0,3.06,4.4,4.0,0.22235517416,0.12093221756,0.15123027622,0.22478413018,0.16353691118,0.26587465166,7.39661086658,1.64573201624,-0.0596082699,-0.01611311276,0.0097241218799999,0.02590498314,0.07058041096,0.10382439484,0.0995878560199999
1841,16,Urban,IGT,2.0,,,15.0,3.06,4.4,4.0,0.22235517416,0.12093221756,0.15123027622,0.22478413018,0.16353691118,0.26587465166,7.39661086658,1.64573201624,-0.0596082699,-0.01611311276,0.0097241218799999,0.02590498314,0.07058041096,0.10382439484,0.0995878560199999
1842,16,Urban,IGT,3.0,,,15.0,3.06,4.4,4.0,0.22235517416,0.12093221756,0.15123027622,0.22478413018,0.16353691118,0.26587465166,7.39661086658,1.64573201624,-0.0596082699,-0.01611311276,0.0097241218799999,0.02590498314,0.07058041096,0.10382439484,0.0995878560199999
1843,16,Urban,IGT,4.0,,,15.0,3.06,4.4,4.0,0.22235517416,0.12093221756,0.15123027622,0.22478413018,0.16353691118,0.26587465166,7.39661086658,1.64573201624,-0.0596082699,-0.01611311276,0.0097241218799999,0.02590498314,0.07058041096,0.10382439484,0.0995878560199999
1844,16,Urban,IGT,5.0,,,15.0,3.06,4.4,4.0,0.22235517416,0.12093221756,0.15123027622,0.22478413018,0.16353691118,0.26587465166,7.39661086658,1.64573201624,-0.0596082699,-0.01611311276,0.0097241218799999,0.02590498314,0.07058041096,0.10382439484,0.0995878560199999
1845,16,Urban,IGT,6.0,,,15.0,3.06,4.4,4.0,0.22235517416,0.12093221756,0.15123027622,0.22478413018,0.16353691118,0.26587465166,7.39661086658,1.64573201624,-0.0596082699,-0.01611311276,0.0097241218799999,0.02590498314,0.07058041096,0.10382439484,0.0995878560199999
1846,16,Urban,IGT,7.0,,,15.0,3.06,4.4,4.0,0.22235517416,0.12093221756,0.15123027622,0.22478413018,0.16353691118,0.26587465166,7.39661086658,1.64573201624,-0.0596082699,-0.01611311276,0.0097241218799999,0.02590498314,0.07058041096,0.10382439484,0.0995878560199999
1847,16,Urban,IGT,8.0,,,15.0,3.06,4.4,4.0,0.22235517416,0.12093221756,0.15123027622,0.22478413018,0.16353691118,0.26587465166,7.39661086658,1.64573201624,-0.0596082699,-0.01611311276,0.0097241218799999,0.02590498314,0.07058041096,0.10382439484,0.0995878560199999
1848,16,Urban,IGT,9.0,,,15.0,3.06,4.4,4.0,0.22235517416,0.12093221756,0.15123027622,0.22478413018,0.16353691118,0.26587465166,7.39661086658,1.64573201624,-0.0596082699,-0.01611311276,0.0097241218799999,0.02590498314,0.07058041096,0.10382439484,0.0995878560199999
1849,16,Urban,IGT,10.0,,,15.0,3.06,4.4,4.0,0.22235517416,0.12093221756,0.15123027622,0.22478413018,0.16353691118,0.26587465166,7.39661086658,1.64573201624,-0.0596082699,-0.01611311276,0.0097241218799999,0.02590498314,0.07058041096,0.10382439484,0.0995878560199999
1850,16,Urban,IGT,11.0,0.5,0.5,15.0,3.06,4.4,4.0,0.22235517416,0.12093221756,0.15123027622,0.22478413018,0.16353691118,0.26587465166,7.39661086658,1.64573201624,-0.0596082699,-0.01611311276,0.0097241218799999,0.02590498314,0.07058041096,0.10382439484,0.0995878560199999
1851,16,Urban,IGT,12.0,0.5,0.9,15.0,3.06,4.4,4.0,0.22235517416,0.12093221756,0.15123027622,0.22478413018,0.16353691118,0.26587465166,7.39661086658,1.64573201624,-0.0596082699,-0.01611311276,0.0097241218799999,0.02590498314,0.07058041096,0.10382439484,0.0995878560199999
1852,16,Urban,IGT,13.0,0.6,0.6,15.0,3.06,4.4,4.0,0.22235517416,0.12093221756,0.15123027622,0.22478413018,0.16353691118,0.26587465166,7.39661086658,1.64573201624,-0.0596082699,-0.01611311276,0.0097241218799999,0.02590498314,0.07058041096,0.10382439484,0.0995878560199999
1853,16,Urban,IGT,14.0,0.5,1.0,15.0,3.06,4.4,4.0,0.22235517416,0.12093221756,0.15123027622,0.22478413018,0.16353691118,0.26587465166,7.39661086658,1.64573201624,-0.0596082699,-0.01611311276,0.0097241218799999,0.02590498314,0.07058041096,0.10382439484,0.0995878560199999
1854,16,Urban,IGT,15.0,0.5,0.9,15.0,3.06,4.4,4.0,0.22235517416,0.12093221756,0.15123027622,0.22478413018,0.16353691118,0.26587465166,7.39661086658,1.64573201624,-0.0596082699,-0.01611311276,0.0097241218799999,0.02590498314,0.07058041096,0.10382439484,0.0995878560199999
1855,16,Urban,IGT,16.0,0.4,0.8,15.0,3.06,4.4,4.0,0.22235517416,0.12093221756,0.15123027622,0.22478413018,0.16353691118,0.26587465166,7.39661086658,1.64573201624,-0.0596082699,-0.01611311276,0.0097241218799999,0.02590498314,0.07058041096,0.10382439484,0.0995878560199999
1856,16,Urban,IGT,17.0,0.6,0.9,15.0,3.06,4.4,4.0,0.22235517416,0.12093221756,0.15123027622,0.22478413018,0.16353691118,0.26587465166,7.39661086658,1.64573201624,-0.0596082699,-0.01611311276,0.0097241218799999,0.02590498314,0.07058041096,0.10382439484,0.0995878560199999
1857,16,Urban,IGT,18.0,0.4,0.9,15.0,3.06,4.4,4.0,0.22235517416,0.12093221756,0.15123027622,0.22478413018,0.16353691118,0.26587465166,7.39661086658,1.64573201624,-0.0596082699,-0.01611311276,0.0097241218799999,0.02590498314,0.07058041096,0.10382439484,0.0995878560199999
1858,16,Urban,IGT,19.0,0.4,0.9,15.0,3.06,4.4,4.0,0.22235517416,0.12093221756,0.15123027622,0.22478413018,0.16353691118,0.26587465166,7.39661086658,1.64573201624,-0.0596082699,-0.01611311276,0.0097241218799999,0.02590498314,0.07058041096,0.10382439484,0.0995878560199999
1859,16,Urban,IGT,20.0,0.4,1.0,15.0,3.06,4.4,4.0,0.22235517416,0.12093221756,0.15123027622,0.22478413018,0.16353691118,0.26587465166,7.39661086658,1.64573201624,-0.0596082699,-0.01611311276,0.0097241218799999,0.02590498314,0.07058041096,0.10382439484,0.0995878560199999
1880,16,Control,IGT,1.0,,,,,,,,,,,,,,,,,,,,,
1881,16,Control,IGT,2.0,,,,,,,,,,,,,,,,,,,,,
1882,16,Control,IGT,3.0,,,,,,,,,,,,,,,,,,,,,
1883,16,Control,IGT,4.0,,,,,,,,,,,,,,,,,,,,,
1884,16,Control,IGT,5.0,,,,,,,,,,,,,,,,,,,,,
1885,16,Control,IGT,6.0,,,,,,,,,,,,,,,,,,,,,
1886,16,Control,IGT,7.0,,,,,,,,,,,,,,,,,,,,,
1887,16,Control,IGT,8.0,,,,,,,,,,,,,,,,,,,,,
1888,16,Control,IGT,9.0,,,,,,,,,,,,,,,,,,,,,
1889,16,Control,IGT,10.0,,,,,,,,,,,,,,,,,,,,,
1890,16,Control,IGT,11.0,,,,,,,,,,,,,,,,,,,,,
1891,16,Control,IGT,12.0,,,,,,,,,,,,,,,,,,,,,
1892,16,Control,IGT,13.0,,,,,,,,,,,,,,,,,,,,,
1893,16,Control,IGT,14.0,,,,,,,,,,,,,,,,,,,,,
1894,16,Control,IGT,15.0,,,,,,,,,,,,,,,,,,,,,
1895,16,Control,IGT,16.0,,,,,,,,,,,,,,,,,,,,,
1896,16,Control,IGT,17.0,,,,,,,,,,,,,,,,,,,,,
1897,16,Control,IGT,18.0,,,,,,,,,,,,,,,,,,,,,
1898,16,Control,IGT,19.0,,,,,,,,,,,,,,,,,,,,,
1899,16,Control,IGT,20.0,,,,,,,,,,,,,,,,,,,,,
1920,17,Nature,IGT,1.0,,,16.0,6.4,5.44,5.5,0.1659086471599999,-0.15389995144,0.21850787018,0.1697829329,0.2183635963,0.2716434223,7.48436962104,6.23445638786,-0.0621364220799999,0.0139328784,0.0015696377799999,-0.01125826148,0.01887362776,0.13495682822,0.18742925956
1921,17,Nature,IGT,2.0,,,16.0,6.4,5.44,5.5,0.1659086471599999,-0.15389995144,0.21850787018,0.1697829329,0.2183635963,0.2716434223,7.48436962104,6.23445638786,-0.0621364220799999,0.0139328784,0.0015696377799999,-0.01125826148,0.01887362776,0.13495682822,0.18742925956
1922,17,Nature,IGT,3.0,,,16.0,6.4,5.44,5.5,0.1659086471599999,-0.15389995144,0.21850787018,0.1697829329,0.2183635963,0.2716434223,7.48436962104,6.23445638786,-0.0621364220799999,0.0139328784,0.0015696377799999,-0.01125826148,0.01887362776,0.13495682822,0.18742925956
1923,17,Nature,IGT,4.0,,,16.0,6.4,5.44,5.5,0.1659086471599999,-0.15389995144,0.21850787018,0.1697829329,0.2183635963,0.2716434223,7.48436962104,6.23445638786,-0.0621364220799999,0.0139328784,0.0015696377799999,-0.01125826148,0.01887362776,0.13495682822,0.18742925956
1924,17,Nature,IGT,5.0,,,16.0,6.4,5.44,5.5,0.1659086471599999,-0.15389995144,0.21850787018,0.1697829329,0.2183635963,0.2716434223,7.48436962104,6.23445638786,-0.0621364220799999,0.0139328784,0.0015696377799999,-0.01125826148,0.01887362776,0.13495682822,0.18742925956
1925,17,Nature,IGT,6.0,,,16.0,6.4,5.44,5.5,0.1659086471599999,-0.15389995144,0.21850787018,0.1697829329,0.2183635963,0.2716434223,7.48436962104,6.23445638786,-0.0621364220799999,0.0139328784,0.0015696377799999,-0.01125826148,0.01887362776,0.13495682822,0.18742925956
1926,17,Nature,IGT,7.0,,,16.0,6.4,5.44,5.5,0.1659086471599999,-0.15389995144,0.21850787018,0.1697829329,0.2183635963,0.2716434223,7.48436962104,6.23445638786,-0.0621364220799999,0.0139328784,0.0015696377799999,-0.01125826148,0.01887362776,0.13495682822,0.18742925956
1927,17,Nature,IGT,8.0,,,16.0,6.4,5.44,5.5,0.1659086471599999,-0.15389995144,0.21850787018,0.1697829329,0.2183635963,0.2716434223,7.48436962104,6.23445638786,-0.0621364220799999,0.0139328784,0.0015696377799999,-0.01125826148,0.01887362776,0.13495682822,0.18742925956
1928,17,Nature,IGT,9.0,,,16.0,6.4,5.44,5.5,0.1659086471599999,-0.15389995144,0.21850787018,0.1697829329,0.2183635963,0.2716434223,7.48436962104,6.23445638786,-0.0621364220799999,0.0139328784,0.0015696377799999,-0.01125826148,0.01887362776,0.13495682822,0.18742925956
1929,17,Nature,IGT,10.0,,,16.0,6.4,5.44,5.5,0.1659086471599999,-0.15389995144,0.21850787018,0.1697829329,0.2183635963,0.2716434223,7.48436962104,6.23445638786,-0.0621364220799999,0.0139328784,0.0015696377799999,-0.01125826148,0.01887362776,0.13495682822,0.18742925956
1930,17,Nature,IGT,11.0,0.2,0.3,16.0,6.4,5.44,5.5,0.1659086471599999,-0.15389995144,0.21850787018,0.1697829329,0.2183635963,0.2716434223,7.48436962104,6.23445638786,-0.0621364220799999,0.0139328784,0.0015696377799999,-0.01125826148,0.01887362776,0.13495682822,0.18742925956
1931,17,Nature,IGT,12.0,0.0,0.4,16.0,6.4,5.44,5.5,0.1659086471599999,-0.15389995144,0.21850787018,0.1697829329,0.2183635963,0.2716434223,7.48436962104,6.23445638786,-0.0621364220799999,0.0139328784,0.0015696377799999,-0.01125826148,0.01887362776,0.13495682822,0.18742925956
1932,17,Nature,IGT,13.0,0.0,0.8,16.0,6.4,5.44,5.5,0.1659086471599999,-0.15389995144,0.21850787018,0.1697829329,0.2183635963,0.2716434223,7.48436962104,6.23445638786,-0.0621364220799999,0.0139328784,0.0015696377799999,-0.01125826148,0.01887362776,0.13495682822,0.18742925956
1933,17,Nature,IGT,14.0,0.6,0.5,16.0,6.4,5.44,5.5,0.1659086471599999,-0.15389995144,0.21850787018,0.1697829329,0.2183635963,0.2716434223,7.48436962104,6.23445638786,-0.0621364220799999,0.0139328784,0.0015696377799999,-0.01125826148,0.01887362776,0.13495682822,0.18742925956
1934,17,Nature,IGT,15.0,0.8,0.9,16.0,6.4,5.44,5.5,0.1659086471599999,-0.15389995144,0.21850787018,0.1697829329,0.2183635963,0.2716434223,7.48436962104,6.23445638786,-0.0621364220799999,0.0139328784,0.0015696377799999,-0.01125826148,0.01887362776,0.13495682822,0.18742925956
1935,17,Nature,IGT,16.0,0.3,0.5,16.0,6.4,5.44,5.5,0.1659086471599999,-0.15389995144,0.21850787018,0.1697829329,0.2183635963,0.2716434223,7.48436962104,6.23445638786,-0.0621364220799999,0.0139328784,0.0015696377799999,-0.01125826148,0.01887362776,0.13495682822,0.18742925956
1936,17,Nature,IGT,17.0,0.5,0.2,16.0,6.4,5.44,5.5,0.1659086471599999,-0.15389995144,0.21850787018,0.1697829329,0.2183635963,0.2716434223,7.48436962104,6.23445638786,-0.0621364220799999,0.0139328784,0.0015696377799999,-0.01125826148,0.01887362776,0.13495682822,0.18742925956
1937,17,Nature,IGT,18.0,0.5,0.5,16.0,6.4,5.44,5.5,0.1659086471599999,-0.15389995144,0.21850787018,0.1697829329,0.2183635963,0.2716434223,7.48436962104,6.23445638786,-0.0621364220799999,0.0139328784,0.0015696377799999,-0.01125826148,0.01887362776,0.13495682822,0.18742925956
1938,17,Nature,IGT,19.0,0.2,0.7,16.0,6.4,5.44,5.5,0.1659086471599999,-0.15389995144,0.21850787018,0.1697829329,0.2183635963,0.2716434223,7.48436962104,6.23445638786,-0.0621364220799999,0.0139328784,0.0015696377799999,-0.01125826148,0.01887362776,0.13495682822,0.18742925956
1939,17,Nature,IGT,20.0,0.3,0.3,16.0,6.4,5.44,5.5,0.1659086471599999,-0.15389995144,0.21850787018,0.1697829329,0.2183635963,0.2716434223,7.48436962104,6.23445638786,-0.0621364220799999,0.0139328784,0.0015696377799999,-0.01125826148,0.01887362776,0.13495682822,0.18742925956
1960,17,Urban,IGT,1.0,,,,,,,,,,,,,,,,,,,,,
1961,17,Urban,IGT,2.0,,,,,,,,,,,,,,,,,,,,,
1962,17,Urban,IGT,3.0,,,,,,,,,,,,,,,,,,,,,
1963,17,Urban,IGT,4.0,,,,,,,,,,,,,,,,,,,,,
1964,17,Urban,IGT,5.0,,,,,,,,,,,,,,,,,,,,,
1965,17,Urban,IGT,6.0,,,,,,,,,,,,,,,,,,,,,
1966,17,Urban,IGT,7.0,,,,,,,,,,,,,,,,,,,,,
1967,17,Urban,IGT,8.0,,,,,,,,,,,,,,,,,,,,,
1968,17,Urban,IGT,9.0,,,,,,,,,,,,,,,,,,,,,
1969,17,Urban,IGT,10.0,,,,,,,,,,,,,,,,,,,,,
1970,17,Urban,IGT,11.0,,,,,,,,,,,,,,,,,,,,,
1971,17,Urban,IGT,12.0,,,,,,,,,,,,,,,,,,,,,
1972,17,Urban,IGT,13.0,,,,,,,,,,,,,,,,,,,,,
1973,17,Urban,IGT,14.0,,,,,,,,,,,,,,,,,,,,,
1974,17,Urban,IGT,15.0,,,,,,,,,,,,,,,,,,,,,
1975,17,Urban,IGT,16.0,,,,,,,,,,,,,,,,,,,,,
1976,17,Urban,IGT,17.0,,,,,,,,,,,,,,,,,,,,,
1977,17,Urban,IGT,18.0,,,,,,,,,,,,,,,,,,,,,
1978,17,Urban,IGT,19.0,,,,,,,,,,,,,,,,,,,,,
1979,17,Urban,IGT,20.0,,,,,,,,,,,,,,,,,,,,,
2000,17,Control,IGT,1.0,,,,,,,,,,,,,,,,,,,,,
2001,17,Control,IGT,2.0,,,,,,,,,,,,,,,,,,,,,
2002,17,Control,IGT,3.0,,,,,,,,,,,,,,,,,,,,,
2003,17,Control,IGT,4.0,,,,,,,,,,,,,,,,,,,,,
2004,17,Control,IGT,5.0,,,,,,,,,,,,,,,,,,,,,
2005,17,Control,IGT,6.0,,,,,,,,,,,,,,,,,,,,,
2006,17,Control,IGT,7.0,,,,,,,,,,,,,,,,,,,,,
2007,17,Control,IGT,8.0,,,,,,,,,,,,,,,,,,,,,
2008,17,Control,IGT,9.0,,,,,,,,,,,,,,,,,,,,,
2009,17,Control,IGT,10.0,,,,,,,,,,,,,,,,,,,,,
2010,17,Control,IGT,11.0,,,,,,,,,,,,,,,,,,,,,
2011,17,Control,IGT,12.0,,,,,,,,,,,,,,,,,,,,,
2012,17,Control,IGT,13.0,,,,,,,,,,,,,,,,,,,,,
2013,17,Control,IGT,14.0,,,,,,,,,,,,,,,,,,,,,
2014,17,Control,IGT,15.0,,,,,,,,,,,,,,,,,,,,,
2015,17,Control,IGT,16.0,,,,,,,,,,,,,,,,,,,,,
2016,17,Control,IGT,17.0,,,,,,,,,,,,,,,,,,,,,
2017,17,Control,IGT,18.0,,,,,,,,,,,,,,,,,,,,,
2018,17,Control,IGT,19.0,,,,,,,,,,,,,,,,,,,,,
2019,17,Control,IGT,20.0,,,,,,,,,,,,,,,,,,,,,
2040,18,Nature,IGT,1.0,,,17.0,5.78,6.04,5.18,0.16450687882,-0.20994520092,0.229170169,0.15633997176,0.21835410226,0.27093036462,7.53996349356,6.2339408859,-0.06013510018,0.00471219566,0.00013792738,-0.01854855718,0.01898484314,0.1375477385,0.18984321146
2041,18,Nature,IGT,2.0,,,17.0,5.78,6.04,5.18,0.16450687882,-0.20994520092,0.229170169,0.15633997176,0.21835410226,0.27093036462,7.53996349356,6.2339408859,-0.06013510018,0.00471219566,0.00013792738,-0.01854855718,0.01898484314,0.1375477385,0.18984321146
2042,18,Nature,IGT,3.0,,,17.0,5.78,6.04,5.18,0.16450687882,-0.20994520092,0.229170169,0.15633997176,0.21835410226,0.27093036462,7.53996349356,6.2339408859,-0.06013510018,0.00471219566,0.00013792738,-0.01854855718,0.01898484314,0.1375477385,0.18984321146
2043,18,Nature,IGT,4.0,,,17.0,5.78,6.04,5.18,0.16450687882,-0.20994520092,0.229170169,0.15633997176,0.21835410226,0.27093036462,7.53996349356,6.2339408859,-0.06013510018,0.00471219566,0.00013792738,-0.01854855718,0.01898484314,0.1375477385,0.18984321146
2044,18,Nature,IGT,5.0,,,17.0,5.78,6.04,5.18,0.16450687882,-0.20994520092,0.229170169,0.15633997176,0.21835410226,0.27093036462,7.53996349356,6.2339408859,-0.06013510018,0.00471219566,0.00013792738,-0.01854855718,0.01898484314,0.1375477385,0.18984321146
2045,18,Nature,IGT,6.0,,,17.0,5.78,6.04,5.18,0.16450687882,-0.20994520092,0.229170169,0.15633997176,0.21835410226,0.27093036462,7.53996349356,6.2339408859,-0.06013510018,0.00471219566,0.00013792738,-0.01854855718,0.01898484314,0.1375477385,0.18984321146
2046,18,Nature,IGT,7.0,,,17.0,5.78,6.04,5.18,0.16450687882,-0.20994520092,0.229170169,0.15633997176,0.21835410226,0.27093036462,7.53996349356,6.2339408859,-0.06013510018,0.00471219566,0.00013792738,-0.01854855718,0.01898484314,0.1375477385,0.18984321146
2047,18,Nature,IGT,8.0,,,17.0,5.78,6.04,5.18,0.16450687882,-0.20994520092,0.229170169,0.15633997176,0.21835410226,0.27093036462,7.53996349356,6.2339408859,-0.06013510018,0.00471219566,0.00013792738,-0.01854855718,0.01898484314,0.1375477385,0.18984321146
2048,18,Nature,IGT,9.0,,,17.0,5.78,6.04,5.18,0.16450687882,-0.20994520092,0.229170169,0.15633997176,0.21835410226,0.27093036462,7.53996349356,6.2339408859,-0.06013510018,0.00471219566,0.00013792738,-0.01854855718,0.01898484314,0.1375477385,0.18984321146
2049,18,Nature,IGT,10.0,,,17.0,5.78,6.04,5.18,0.16450687882,-0.20994520092,0.229170169,0.15633997176,0.21835410226,0.27093036462,7.53996349356,6.2339408859,-0.06013510018,0.00471219566,0.00013792738,-0.01854855718,0.01898484314,0.1375477385,0.18984321146
2050,18,Nature,IGT,11.0,0.4,0.2,17.0,5.78,6.04,5.18,0.16450687882,-0.20994520092,0.229170169,0.15633997176,0.21835410226,0.27093036462,7.53996349356,6.2339408859,-0.06013510018,0.00471219566,0.00013792738,-0.01854855718,0.01898484314,0.1375477385,0.18984321146
2051,18,Nature,IGT,12.0,1.0,0.0,17.0,5.78,6.04,5.18,0.16450687882,-0.20994520092,0.229170169,0.15633997176,0.21835410226,0.27093036462,7.53996349356,6.2339408859,-0.06013510018,0.00471219566,0.00013792738,-0.01854855718,0.01898484314,0.1375477385,0.18984321146
2052,18,Nature,IGT,13.0,1.0,0.0,17.0,5.78,6.04,5.18,0.16450687882,-0.20994520092,0.229170169,0.15633997176,0.21835410226,0.27093036462,7.53996349356,6.2339408859,-0.06013510018,0.00471219566,0.00013792738,-0.01854855718,0.01898484314,0.1375477385,0.18984321146
2053,18,Nature,IGT,14.0,1.0,0.0,17.0,5.78,6.04,5.18,0.16450687882,-0.20994520092,0.229170169,0.15633997176,0.21835410226,0.27093036462,7.53996349356,6.2339408859,-0.06013510018,0.00471219566,0.00013792738,-0.01854855718,0.01898484314,0.1375477385,0.18984321146
2054,18,Nature,IGT,15.0,1.0,0.0,17.0,5.78,6.04,5.18,0.16450687882,-0.20994520092,0.229170169,0.15633997176,0.21835410226,0.27093036462,7.53996349356,6.2339408859,-0.06013510018,0.00471219566,0.00013792738,-0.01854855718,0.01898484314,0.1375477385,0.18984321146
2055,18,Nature,IGT,16.0,1.0,0.0,17.0,5.78,6.04,5.18,0.16450687882,-0.20994520092,0.229170169,0.15633997176,0.21835410226,0.27093036462,7.53996349356,6.2339408859,-0.06013510018,0.00471219566,0.00013792738,-0.01854855718,0.01898484314,0.1375477385,0.18984321146
2056,18,Nature,IGT,17.0,1.0,0.0,17.0,5.78,6.04,5.18,0.16450687882,-0.20994520092,0.229170169,0.15633997176,0.21835410226,0.27093036462,7.53996349356,6.2339408859,-0.06013510018,0.00471219566,0.00013792738,-0.01854855718,0.01898484314,0.1375477385,0.18984321146
2057,18,Nature,IGT,18.0,1.0,0.0,17.0,5.78,6.04,5.18,0.16450687882,-0.20994520092,0.229170169,0.15633997176,0.21835410226,0.27093036462,7.53996349356,6.2339408859,-0.06013510018,0.00471219566,0.00013792738,-0.01854855718,0.01898484314,0.1375477385,0.18984321146
2058,18,Nature,IGT,19.0,1.0,0.0,17.0,5.78,6.04,5.18,0.16450687882,-0.20994520092,0.229170169,0.15633997176,0.21835410226,0.27093036462,7.53996349356,6.2339408859,-0.06013510018,0.00471219566,0.00013792738,-0.01854855718,0.01898484314,0.1375477385,0.18984321146
2059,18,Nature,IGT,20.0,1.0,0.0,17.0,5.78,6.04,5.18,0.16450687882,-0.20994520092,0.229170169,0.15633997176,0.21835410226,0.27093036462,7.53996349356,6.2339408859,-0.06013510018,0.00471219566,0.00013792738,-0.01854855718,0.01898484314,0.1375477385,0.18984321146
2080,18,Urban,IGT,1.0,,,,,,,,,,,,,,,,,,,,,
2081,18,Urban,IGT,2.0,,,,,,,,,,,,,,,,,,,,,
2082,18,Urban,IGT,3.0,,,,,,,,,,,,,,,,,,,,,
2083,18,Urban,IGT,4.0,,,,,,,,,,,,,,,,,,,,,
2084,18,Urban,IGT,5.0,,,,,,,,,,,,,,,,,,,,,
2085,18,Urban,IGT,6.0,,,,,,,,,,,,,,,,,,,,,
2086,18,Urban,IGT,7.0,,,,,,,,,,,,,,,,,,,,,
2087,18,Urban,IGT,8.0,,,,,,,,,,,,,,,,,,,,,
2088,18,Urban,IGT,9.0,,,,,,,,,,,,,,,,,,,,,
2089,18,Urban,IGT,10.0,,,,,,,,,,,,,,,,,,,,,
2090,18,Urban,IGT,11.0,,,,,,,,,,,,,,,,,,,,,
2091,18,Urban,IGT,12.0,,,,,,,,,,,,,,,,,,,,,
2092,18,Urban,IGT,13.0,,,,,,,,,,,,,,,,,,,,,
2093,18,Urban,IGT,14.0,,,,,,,,,,,,,,,,,,,,,
2094,18,Urban,IGT,15.0,,,,,,,,,,,,,,,,,,,,,
2095,18,Urban,IGT,16.0,,,,,,,,,,,,,,,,,,,,,
2096,18,Urban,IGT,17.0,,,,,,,,,,,,,,,,,,,,,
2097,18,Urban,IGT,18.0,,,,,,,,,,,,,,,,,,,,,
2098,18,Urban,IGT,19.0,,,,,,,,,,,,,,,,,,,,,
2099,18,Urban,IGT,20.0,,,,,,,,,,,,,,,,,,,,,
2120,18,Control,IGT,1.0,,,,,,,,,,,,,,,,,,,,,
2121,18,Control,IGT,2.0,,,,,,,,,,,,,,,,,,,,,
2122,18,Control,IGT,3.0,,,,,,,,,,,,,,,,,,,,,
2123,18,Control,IGT,4.0,,,,,,,,,,,,,,,,,,,,,
2124,18,Control,IGT,5.0,,,,,,,,,,,,,,,,,,,,,
2125,18,Control,IGT,6.0,,,,,,,,,,,,,,,,,,,,,
2126,18,Control,IGT,7.0,,,,,,,,,,,,,,,,,,,,,
2127,18,Control,IGT,8.0,,,,,,,,,,,,,,,,,,,,,
2128,18,Control,IGT,9.0,,,,,,,,,,,,,,,,,,,,,
2129,18,Control,IGT,10.0,,,,,,,,,,,,,,,,,,,,,
2130,18,Control,IGT,11.0,,,,,,,,,,,,,,,,,,,,,
2131,18,Control,IGT,12.0,,,,,,,,,,,,,,,,,,,,,
2132,18,Control,IGT,13.0,,,,,,,,,,,,,,,,,,,,,
2133,18,Control,IGT,14.0,,,,,,,,,,,,,,,,,,,,,
2134,18,Control,IGT,15.0,,,,,,,,,,,,,,,,,,,,,
2135,18,Control,IGT,16.0,,,,,,,,,,,,,,,,,,,,,
2136,18,Control,IGT,17.0,,,,,,,,,,,,,,,,,,,,,
2137,18,Control,IGT,18.0,,,,,,,,,,,,,,,,,,,,,
2138,18,Control,IGT,19.0,,,,,,,,,,,,,,,,,,,,,
2139,18,Control,IGT,20.0,,,,,,,,,,,,,,,,,,,,,
2160,19,Nature,IGT,1.0,,,,,,,,,,,,,,,,,,,,,
2161,19,Nature,IGT,2.0,,,,,,,,,,,,,,,,,,,,,
2162,19,Nature,IGT,3.0,,,,,,,,,,,,,,,,,,,,,
2163,19,Nature,IGT,4.0,,,,,,,,,,,,,,,,,,,,,
2164,19,Nature,IGT,5.0,,,,,,,,,,,,,,,,,,,,,
2165,19,Nature,IGT,6.0,,,,,,,,,,,,,,,,,,,,,
2166,19,Nature,IGT,7.0,,,,,,,,,,,,,,,,,,,,,
2167,19,Nature,IGT,8.0,,,,,,,,,,,,,,,,,,,,,
2168,19,Nature,IGT,9.0,,,,,,,,,,,,,,,,,,,,,
2169,19,Nature,IGT,10.0,,,,,,,,,,,,,,,,,,,,,
2170,19,Nature,IGT,11.0,,,,,,,,,,,,,,,,,,,,,
2171,19,Nature,IGT,12.0,,,,,,,,,,,,,,,,,,,,,
2172,19,Nature,IGT,13.0,,,,,,,,,,,,,,,,,,,,,
2173,19,Nature,IGT,14.0,,,,,,,,,,,,,,,,,,,,,
2174,19,Nature,IGT,15.0,,,,,,,,,,,,,,,,,,,,,
2175,19,Nature,IGT,16.0,,,,,,,,,,,,,,,,,,,,,
2176,19,Nature,IGT,17.0,,,,,,,,,,,,,,,,,,,,,
2177,19,Nature,IGT,18.0,,,,,,,,,,,,,,,,,,,,,
2178,19,Nature,IGT,19.0,,,,,,,,,,,,,,,,,,,,,
2179,19,Nature,IGT,20.0,,,,,,,,,,,,,,,,,,,,,
2200,19,Urban,IGT,1.0,,,18.0,1.8,4.12,4.8,0.2267787019,0.11360981694,0.17465063774,0.2220647284,0.16987008924,0.26409556206,7.40955260086,1.65626385038,-0.0575323097,-0.02260898844,0.00925522746,0.01870019326,0.07132776256,0.10479704388,0.1013910663799999
2201,19,Urban,IGT,2.0,,,18.0,1.8,4.12,4.8,0.2267787019,0.11360981694,0.17465063774,0.2220647284,0.16987008924,0.26409556206,7.40955260086,1.65626385038,-0.0575323097,-0.02260898844,0.00925522746,0.01870019326,0.07132776256,0.10479704388,0.1013910663799999
2202,19,Urban,IGT,3.0,,,18.0,1.8,4.12,4.8,0.2267787019,0.11360981694,0.17465063774,0.2220647284,0.16987008924,0.26409556206,7.40955260086,1.65626385038,-0.0575323097,-0.02260898844,0.00925522746,0.01870019326,0.07132776256,0.10479704388,0.1013910663799999
2203,19,Urban,IGT,4.0,,,18.0,1.8,4.12,4.8,0.2267787019,0.11360981694,0.17465063774,0.2220647284,0.16987008924,0.26409556206,7.40955260086,1.65626385038,-0.0575323097,-0.02260898844,0.00925522746,0.01870019326,0.07132776256,0.10479704388,0.1013910663799999
2204,19,Urban,IGT,5.0,,,18.0,1.8,4.12,4.8,0.2267787019,0.11360981694,0.17465063774,0.2220647284,0.16987008924,0.26409556206,7.40955260086,1.65626385038,-0.0575323097,-0.02260898844,0.00925522746,0.01870019326,0.07132776256,0.10479704388,0.1013910663799999
2205,19,Urban,IGT,6.0,,,18.0,1.8,4.12,4.8,0.2267787019,0.11360981694,0.17465063774,0.2220647284,0.16987008924,0.26409556206,7.40955260086,1.65626385038,-0.0575323097,-0.02260898844,0.00925522746,0.01870019326,0.07132776256,0.10479704388,0.1013910663799999
2206,19,Urban,IGT,7.0,,,18.0,1.8,4.12,4.8,0.2267787019,0.11360981694,0.17465063774,0.2220647284,0.16987008924,0.26409556206,7.40955260086,1.65626385038,-0.0575323097,-0.02260898844,0.00925522746,0.01870019326,0.07132776256,0.10479704388,0.1013910663799999
2207,19,Urban,IGT,8.0,,,18.0,1.8,4.12,4.8,0.2267787019,0.11360981694,0.17465063774,0.2220647284,0.16987008924,0.26409556206,7.40955260086,1.65626385038,-0.0575323097,-0.02260898844,0.00925522746,0.01870019326,0.07132776256,0.10479704388,0.1013910663799999
2208,19,Urban,IGT,9.0,,,18.0,1.8,4.12,4.8,0.2267787019,0.11360981694,0.17465063774,0.2220647284,0.16987008924,0.26409556206,7.40955260086,1.65626385038,-0.0575323097,-0.02260898844,0.00925522746,0.01870019326,0.07132776256,0.10479704388,0.1013910663799999
2209,19,Urban,IGT,10.0,,,18.0,1.8,4.12,4.8,0.2267787019,0.11360981694,0.17465063774,0.2220647284,0.16987008924,0.26409556206,7.40955260086,1.65626385038,-0.0575323097,-0.02260898844,0.00925522746,0.01870019326,0.07132776256,0.10479704388,0.1013910663799999
2210,19,Urban,IGT,11.0,0.5,0.6,18.0,1.8,4.12,4.8,0.2267787019,0.11360981694,0.17465063774,0.2220647284,0.16987008924,0.26409556206,7.40955260086,1.65626385038,-0.0575323097,-0.02260898844,0.00925522746,0.01870019326,0.07132776256,0.10479704388,0.1013910663799999
2211,19,Urban,IGT,12.0,0.4,0.5,18.0,1.8,4.12,4.8,0.2267787019,0.11360981694,0.17465063774,0.2220647284,0.16987008924,0.26409556206,7.40955260086,1.65626385038,-0.0575323097,-0.02260898844,0.00925522746,0.01870019326,0.07132776256,0.10479704388,0.1013910663799999
2212,19,Urban,IGT,13.0,0.7,0.5,18.0,1.8,4.12,4.8,0.2267787019,0.11360981694,0.17465063774,0.2220647284,0.16987008924,0.26409556206,7.40955260086,1.65626385038,-0.0575323097,-0.02260898844,0.00925522746,0.01870019326,0.07132776256,0.10479704388,0.1013910663799999
2213,19,Urban,IGT,14.0,0.6,0.6,18.0,1.8,4.12,4.8,0.2267787019,0.11360981694,0.17465063774,0.2220647284,0.16987008924,0.26409556206,7.40955260086,1.65626385038,-0.0575323097,-0.02260898844,0.00925522746,0.01870019326,0.07132776256,0.10479704388,0.1013910663799999
2214,19,Urban,IGT,15.0,0.5,0.5,18.0,1.8,4.12,4.8,0.2267787019,0.11360981694,0.17465063774,0.2220647284,0.16987008924,0.26409556206,7.40955260086,1.65626385038,-0.0575323097,-0.02260898844,0.00925522746,0.01870019326,0.07132776256,0.10479704388,0.1013910663799999
2215,19,Urban,IGT,16.0,0.5,0.6,18.0,1.8,4.12,4.8,0.2267787019,0.11360981694,0.17465063774,0.2220647284,0.16987008924,0.26409556206,7.40955260086,1.65626385038,-0.0575323097,-0.02260898844,0.00925522746,0.01870019326,0.07132776256,0.10479704388,0.1013910663799999
2216,19,Urban,IGT,17.0,0.5,0.6,18.0,1.8,4.12,4.8,0.2267787019,0.11360981694,0.17465063774,0.2220647284,0.16987008924,0.26409556206,7.40955260086,1.65626385038,-0.0575323097,-0.02260898844,0.00925522746,0.01870019326,0.07132776256,0.10479704388,0.1013910663799999
2217,19,Urban,IGT,18.0,0.4,0.6,18.0,1.8,4.12,4.8,0.2267787019,0.11360981694,0.17465063774,0.2220647284,0.16987008924,0.26409556206,7.40955260086,1.65626385038,-0.0575323097,-0.02260898844,0.00925522746,0.01870019326,0.07132776256,0.10479704388,0.1013910663799999
2218,19,Urban,IGT,19.0,0.6,0.6,18.0,1.8,4.12,4.8,0.2267787019,0.11360981694,0.17465063774,0.2220647284,0.16987008924,0.26409556206,7.40955260086,1.65626385038,-0.0575323097,-0.02260898844,0.00925522746,0.01870019326,0.07132776256,0.10479704388,0.1013910663799999
2219,19,Urban,IGT,20.0,0.6,0.4,18.0,1.8,4.12,4.8,0.2267787019,0.11360981694,0.17465063774,0.2220647284,0.16987008924,0.26409556206,7.40955260086,1.65626385038,-0.0575323097,-0.02260898844,0.00925522746,0.01870019326,0.07132776256,0.10479704388,0.1013910663799999
2240,19,Control,IGT,1.0,,,,,,,,,,,,,,,,,,,,,
2241,19,Control,IGT,2.0,,,,,,,,,,,,,,,,,,,,,
2242,19,Control,IGT,3.0,,,,,,,,,,,,,,,,,,,,,
2243,19,Control,IGT,4.0,,,,,,,,,,,,,,,,,,,,,
2244,19,Control,IGT,5.0,,,,,,,,,,,,,,,,,,,,,
2245,19,Control,IGT,6.0,,,,,,,,,,,,,,,,,,,,,
2246,19,Control,IGT,7.0,,,,,,,,,,,,,,,,,,,,,
2247,19,Control,IGT,8.0,,,,,,,,,,,,,,,,,,,,,
2248,19,Control,IGT,9.0,,,,,,,,,,,,,,,,,,,,,
2249,19,Control,IGT,10.0,,,,,,,,,,,,,,,,,,,,,
2250,19,Control,IGT,11.0,,,,,,,,,,,,,,,,,,,,,
2251,19,Control,IGT,12.0,,,,,,,,,,,,,,,,,,,,,
2252,19,Control,IGT,13.0,,,,,,,,,,,,,,,,,,,,,
2253,19,Control,IGT,14.0,,,,,,,,,,,,,,,,,,,,,
2254,19,Control,IGT,15.0,,,,,,,,,,,,,,,,,,,,,
2255,19,Control,IGT,16.0,,,,,,,,,,,,,,,,,,,,,
2256,19,Control,IGT,17.0,,,,,,,,,,,,,,,,,,,,,
2257,19,Control,IGT,18.0,,,,,,,,,,,,,,,,,,,,,
2258,19,Control,IGT,19.0,,,,,,,,,,,,,,,,,,,,,
2259,19,Control,IGT,20.0,,,,,,,,,,,,,,,,,,,,,
2280,20,Nature,IGT,1.0,,,,,,,,,,,,,,,,,,,,,
2281,20,Nature,IGT,2.0,,,,,,,,,,,,,,,,,,,,,
2282,20,Nature,IGT,3.0,,,,,,,,,,,,,,,,,,,,,
2283,20,Nature,IGT,4.0,,,,,,,,,,,,,,,,,,,,,
2284,20,Nature,IGT,5.0,,,,,,,,,,,,,,,,,,,,,
2285,20,Nature,IGT,6.0,,,,,,,,,,,,,,,,,,,,,
2286,20,Nature,IGT,7.0,,,,,,,,,,,,,,,,,,,,,
2287,20,Nature,IGT,8.0,,,,,,,,,,,,,,,,,,,,,
2288,20,Nature,IGT,9.0,,,,,,,,,,,,,,,,,,,,,
2289,20,Nature,IGT,10.0,,,,,,,,,,,,,,,,,,,,,
2290,20,Nature,IGT,11.0,,,,,,,,,,,,,,,,,,,,,
2291,20,Nature,IGT,12.0,,,,,,,,,,,,,,,,,,,,,
2292,20,Nature,IGT,13.0,,,,,,,,,,,,,,,,,,,,,
2293,20,Nature,IGT,14.0,,,,,,,,,,,,,,,,,,,,,
2294,20,Nature,IGT,15.0,,,,,,,,,,,,,,,,,,,,,
2295,20,Nature,IGT,16.0,,,,,,,,,,,,,,,,,,,,,
2296,20,Nature,IGT,17.0,,,,,,,,,,,,,,,,,,,,,
2297,20,Nature,IGT,18.0,,,,,,,,,,,,,,,,,,,,,
2298,20,Nature,IGT,19.0,,,,,,,,,,,,,,,,,,,,,
2299,20,Nature,IGT,20.0,,,,,,,,,,,,,,,,,,,,,
2320,20,Urban,IGT,1.0,,,19.0,2.66,4.9,4.18,0.23195051224,0.3363938080599999,0.1615792692,0.24155287206,0.16228217786,0.25797931284,7.3978359667,1.58857175652,-0.05787409442,-0.01337785936,0.0086156981999999,0.01994927298,0.07374006374,0.10293206354,0.09597967122
2321,20,Urban,IGT,2.0,,,19.0,2.66,4.9,4.18,0.23195051224,0.3363938080599999,0.1615792692,0.24155287206,0.16228217786,0.25797931284,7.3978359667,1.58857175652,-0.05787409442,-0.01337785936,0.0086156981999999,0.01994927298,0.07374006374,0.10293206354,0.09597967122
2322,20,Urban,IGT,3.0,,,19.0,2.66,4.9,4.18,0.23195051224,0.3363938080599999,0.1615792692,0.24155287206,0.16228217786,0.25797931284,7.3978359667,1.58857175652,-0.05787409442,-0.01337785936,0.0086156981999999,0.01994927298,0.07374006374,0.10293206354,0.09597967122
2323,20,Urban,IGT,4.0,,,19.0,2.66,4.9,4.18,0.23195051224,0.3363938080599999,0.1615792692,0.24155287206,0.16228217786,0.25797931284,7.3978359667,1.58857175652,-0.05787409442,-0.01337785936,0.0086156981999999,0.01994927298,0.07374006374,0.10293206354,0.09597967122
2324,20,Urban,IGT,5.0,,,19.0,2.66,4.9,4.18,0.23195051224,0.3363938080599999,0.1615792692,0.24155287206,0.16228217786,0.25797931284,7.3978359667,1.58857175652,-0.05787409442,-0.01337785936,0.0086156981999999,0.01994927298,0.07374006374,0.10293206354,0.09597967122
2325,20,Urban,IGT,6.0,,,19.0,2.66,4.9,4.18,0.23195051224,0.3363938080599999,0.1615792692,0.24155287206,0.16228217786,0.25797931284,7.3978359667,1.58857175652,-0.05787409442,-0.01337785936,0.0086156981999999,0.01994927298,0.07374006374,0.10293206354,0.09597967122
2326,20,Urban,IGT,7.0,,,19.0,2.66,4.9,4.18,0.23195051224,0.3363938080599999,0.1615792692,0.24155287206,0.16228217786,0.25797931284,7.3978359667,1.58857175652,-0.05787409442,-0.01337785936,0.0086156981999999,0.01994927298,0.07374006374,0.10293206354,0.09597967122
2327,20,Urban,IGT,8.0,,,19.0,2.66,4.9,4.18,0.23195051224,0.3363938080599999,0.1615792692,0.24155287206,0.16228217786,0.25797931284,7.3978359667,1.58857175652,-0.05787409442,-0.01337785936,0.0086156981999999,0.01994927298,0.07374006374,0.10293206354,0.09597967122
2328,20,Urban,IGT,9.0,,,19.0,2.66,4.9,4.18,0.23195051224,0.3363938080599999,0.1615792692,0.24155287206,0.16228217786,0.25797931284,7.3978359667,1.58857175652,-0.05787409442,-0.01337785936,0.0086156981999999,0.01994927298,0.07374006374,0.10293206354,0.09597967122
2329,20,Urban,IGT,10.0,,,19.0,2.66,4.9,4.18,0.23195051224,0.3363938080599999,0.1615792692,0.24155287206,0.16228217786,0.25797931284,7.3978359667,1.58857175652,-0.05787409442,-0.01337785936,0.0086156981999999,0.01994927298,0.07374006374,0.10293206354,0.09597967122
2330,20,Urban,IGT,11.0,0.7,0.3,19.0,2.66,4.9,4.18,0.23195051224,0.3363938080599999,0.1615792692,0.24155287206,0.16228217786,0.25797931284,7.3978359667,1.58857175652,-0.05787409442,-0.01337785936,0.0086156981999999,0.01994927298,0.07374006374,0.10293206354,0.09597967122
2331,20,Urban,IGT,12.0,0.0,0.6,19.0,2.66,4.9,4.18,0.23195051224,0.3363938080599999,0.1615792692,0.24155287206,0.16228217786,0.25797931284,7.3978359667,1.58857175652,-0.05787409442,-0.01337785936,0.0086156981999999,0.01994927298,0.07374006374,0.10293206354,0.09597967122
2332,20,Urban,IGT,13.0,1.0,0.4,19.0,2.66,4.9,4.18,0.23195051224,0.3363938080599999,0.1615792692,0.24155287206,0.16228217786,0.25797931284,7.3978359667,1.58857175652,-0.05787409442,-0.01337785936,0.0086156981999999,0.01994927298,0.07374006374,0.10293206354,0.09597967122
2333,20,Urban,IGT,14.0,1.0,1.0,19.0,2.66,4.9,4.18,0.23195051224,0.3363938080599999,0.1615792692,0.24155287206,0.16228217786,0.25797931284,7.3978359667,1.58857175652,-0.05787409442,-0.01337785936,0.0086156981999999,0.01994927298,0.07374006374,0.10293206354,0.09597967122
2334,20,Urban,IGT,15.0,0.6,1.0,19.0,2.66,4.9,4.18,0.23195051224,0.3363938080599999,0.1615792692,0.24155287206,0.16228217786,0.25797931284,7.3978359667,1.58857175652,-0.05787409442,-0.01337785936,0.0086156981999999,0.01994927298,0.07374006374,0.10293206354,0.09597967122
2335,20,Urban,IGT,16.0,0.2,0.3,19.0,2.66,4.9,4.18,0.23195051224,0.3363938080599999,0.1615792692,0.24155287206,0.16228217786,0.25797931284,7.3978359667,1.58857175652,-0.05787409442,-0.01337785936,0.0086156981999999,0.01994927298,0.07374006374,0.10293206354,0.09597967122
2336,20,Urban,IGT,17.0,1.0,1.0,19.0,2.66,4.9,4.18,0.23195051224,0.3363938080599999,0.1615792692,0.24155287206,0.16228217786,0.25797931284,7.3978359667,1.58857175652,-0.05787409442,-0.01337785936,0.0086156981999999,0.01994927298,0.07374006374,0.10293206354,0.09597967122
2337,20,Urban,IGT,18.0,1.0,0.5,19.0,2.66,4.9,4.18,0.23195051224,0.3363938080599999,0.1615792692,0.24155287206,0.16228217786,0.25797931284,7.3978359667,1.58857175652,-0.05787409442,-0.01337785936,0.0086156981999999,0.01994927298,0.07374006374,0.10293206354,0.09597967122
2338,20,Urban,IGT,19.0,1.0,1.0,19.0,2.66,4.9,4.18,0.23195051224,0.3363938080599999,0.1615792692,0.24155287206,0.16228217786,0.25797931284,7.3978359667,1.58857175652,-0.05787409442,-0.01337785936,0.0086156981999999,0.01994927298,0.07374006374,0.10293206354,0.09597967122
2339,20,Urban,IGT,20.0,1.0,0.4,19.0,2.66,4.9,4.18,0.23195051224,0.3363938080599999,0.1615792692,0.24155287206,0.16228217786,0.25797931284,7.3978359667,1.58857175652,-0.05787409442,-0.01337785936,0.0086156981999999,0.01994927298,0.07374006374,0.10293206354,0.09597967122
2360,20,Control,IGT,1.0,,,,,,,,,,,,,,,,,,,,,
2361,20,Control,IGT,2.0,,,,,,,,,,,,,,,,,,,,,
2362,20,Control,IGT,3.0,,,,,,,,,,,,,,,,,,,,,
2363,20,Control,IGT,4.0,,,,,,,,,,,,,,,,,,,,,
2364,20,Control,IGT,5.0,,,,,,,,,,,,,,,,,,,,,
2365,20,Control,IGT,6.0,,,,,,,,,,,,,,,,,,,,,
2366,20,Control,IGT,7.0,,,,,,,,,,,,,,,,,,,,,
2367,20,Control,IGT,8.0,,,,,,,,,,,,,,,,,,,,,
2368,20,Control,IGT,9.0,,,,,,,,,,,,,,,,,,,,,
2369,20,Control,IGT,10.0,,,,,,,,,,,,,,,,,,,,,
2370,20,Control,IGT,11.0,,,,,,,,,,,,,,,,,,,,,
2371,20,Control,IGT,12.0,,,,,,,,,,,,,,,,,,,,,
2372,20,Control,IGT,13.0,,,,,,,,,,,,,,,,,,,,,
2373,20,Control,IGT,14.0,,,,,,,,,,,,,,,,,,,,,
2374,20,Control,IGT,15.0,,,,,,,,,,,,,,,,,,,,,
2375,20,Control,IGT,16.0,,,,,,,,,,,,,,,,,,,,,
2376,20,Control,IGT,17.0,,,,,,,,,,,,,,,,,,,,,
2377,20,Control,IGT,18.0,,,,,,,,,,,,,,,,,,,,,
2378,20,Control,IGT,19.0,,,,,,,,,,,,,,,,,,,,,
2379,20,Control,IGT,20.0,,,,,,,,,,,,,,,,,,,,,
2400,21,Nature,IGT,1.0,,,,,,,,,,,,,,,,,,,,,
2401,21,Nature,IGT,2.0,,,,,,,,,,,,,,,,,,,,,
2402,21,Nature,IGT,3.0,,,,,,,,,,,,,,,,,,,,,
2403,21,Nature,IGT,4.0,,,,,,,,,,,,,,,,,,,,,
2404,21,Nature,IGT,5.0,,,,,,,,,,,,,,,,,,,,,
2405,21,Nature,IGT,6.0,,,,,,,,,,,,,,,,,,,,,
2406,21,Nature,IGT,7.0,,,,,,,,,,,,,,,,,,,,,
2407,21,Nature,IGT,8.0,,,,,,,,,,,,,,,,,,,,,
2408,21,Nature,IGT,9.0,,,,,,,,,,,,,,,,,,,,,
2409,21,Nature,IGT,10.0,,,,,,,,,,,,,,,,,,,,,
2410,21,Nature,IGT,11.0,,,,,,,,,,,,,,,,,,,,,
2411,21,Nature,IGT,12.0,,,,,,,,,,,,,,,,,,,,,
2412,21,Nature,IGT,13.0,,,,,,,,,,,,,,,,,,,,,
2413,21,Nature,IGT,14.0,,,,,,,,,,,,,,,,,,,,,
2414,21,Nature,IGT,15.0,,,,,,,,,,,,,,,,,,,,,
2415,21,Nature,IGT,16.0,,,,,,,,,,,,,,,,,,,,,
2416,21,Nature,IGT,17.0,,,,,,,,,,,,,,,,,,,,,
2417,21,Nature,IGT,18.0,,,,,,,,,,,,,,,,,,,,,
2418,21,Nature,IGT,19.0,,,,,,,,,,,,,,,,,,,,,
2419,21,Nature,IGT,20.0,,,,,,,,,,,,,,,,,,,,,
2440,21,Urban,IGT,1.0,,,20.0,2.02,3.02,2.16,0.2293146321,0.14494613144,0.1619937434399999,0.23399304334,0.16122782902,0.2600147255,7.41396263718,1.61486578696,-0.05826222116,-0.01684189166,0.0046308144799999,0.02533191264,0.06533954338,0.10441396672,0.1012843259199999
2441,21,Urban,IGT,2.0,,,20.0,2.02,3.02,2.16,0.2293146321,0.14494613144,0.1619937434399999,0.23399304334,0.16122782902,0.2600147255,7.41396263718,1.61486578696,-0.05826222116,-0.01684189166,0.0046308144799999,0.02533191264,0.06533954338,0.10441396672,0.1012843259199999
2442,21,Urban,IGT,3.0,,,20.0,2.02,3.02,2.16,0.2293146321,0.14494613144,0.1619937434399999,0.23399304334,0.16122782902,0.2600147255,7.41396263718,1.61486578696,-0.05826222116,-0.01684189166,0.0046308144799999,0.02533191264,0.06533954338,0.10441396672,0.1012843259199999
2443,21,Urban,IGT,4.0,,,20.0,2.02,3.02,2.16,0.2293146321,0.14494613144,0.1619937434399999,0.23399304334,0.16122782902,0.2600147255,7.41396263718,1.61486578696,-0.05826222116,-0.01684189166,0.0046308144799999,0.02533191264,0.06533954338,0.10441396672,0.1012843259199999
2444,21,Urban,IGT,5.0,,,20.0,2.02,3.02,2.16,0.2293146321,0.14494613144,0.1619937434399999,0.23399304334,0.16122782902,0.2600147255,7.41396263718,1.61486578696,-0.05826222116,-0.01684189166,0.0046308144799999,0.02533191264,0.06533954338,0.10441396672,0.1012843259199999
2445,21,Urban,IGT,6.0,,,20.0,2.02,3.02,2.16,0.2293146321,0.14494613144,0.1619937434399999,0.23399304334,0.16122782902,0.2600147255,7.41396263718,1.61486578696,-0.05826222116,-0.01684189166,0.0046308144799999,0.02533191264,0.06533954338,0.10441396672,0.1012843259199999
2446,21,Urban,IGT,7.0,,,20.0,2.02,3.02,2.16,0.2293146321,0.14494613144,0.1619937434399999,0.23399304334,0.16122782902,0.2600147255,7.41396263718,1.61486578696,-0.05826222116,-0.01684189166,0.0046308144799999,0.02533191264,0.06533954338,0.10441396672,0.1012843259199999
2447,21,Urban,IGT,8.0,,,20.0,2.02,3.02,2.16,0.2293146321,0.14494613144,0.1619937434399999,0.23399304334,0.16122782902,0.2600147255,7.41396263718,1.61486578696,-0.05826222116,-0.01684189166,0.0046308144799999,0.02533191264,0.06533954338,0.10441396672,0.1012843259199999
2448,21,Urban,IGT,9.0,,,20.0,2.02,3.02,2.16,0.2293146321,0.14494613144,0.1619937434399999,0.23399304334,0.16122782902,0.2600147255,7.41396263718,1.61486578696,-0.05826222116,-0.01684189166,0.0046308144799999,0.02533191264,0.06533954338,0.10441396672,0.1012843259199999
2449,21,Urban,IGT,10.0,,,20.0,2.02,3.02,2.16,0.2293146321,0.14494613144,0.1619937434399999,0.23399304334,0.16122782902,0.2600147255,7.41396263718,1.61486578696,-0.05826222116,-0.01684189166,0.0046308144799999,0.02533191264,0.06533954338,0.10441396672,0.1012843259199999
2450,21,Urban,IGT,11.0,0.5,0.6,20.0,2.02,3.02,2.16,0.2293146321,0.14494613144,0.1619937434399999,0.23399304334,0.16122782902,0.2600147255,7.41396263718,1.61486578696,-0.05826222116,-0.01684189166,0.0046308144799999,0.02533191264,0.06533954338,0.10441396672,0.1012843259199999
2451,21,Urban,IGT,12.0,0.5,0.5,20.0,2.02,3.02,2.16,0.2293146321,0.14494613144,0.1619937434399999,0.23399304334,0.16122782902,0.2600147255,7.41396263718,1.61486578696,-0.05826222116,-0.01684189166,0.0046308144799999,0.02533191264,0.06533954338,0.10441396672,0.1012843259199999
2452,21,Urban,IGT,13.0,0.6,0.6,20.0,2.02,3.02,2.16,0.2293146321,0.14494613144,0.1619937434399999,0.23399304334,0.16122782902,0.2600147255,7.41396263718,1.61486578696,-0.05826222116,-0.01684189166,0.0046308144799999,0.02533191264,0.06533954338,0.10441396672,0.1012843259199999
2453,21,Urban,IGT,14.0,0.5,0.6,20.0,2.02,3.02,2.16,0.2293146321,0.14494613144,0.1619937434399999,0.23399304334,0.16122782902,0.2600147255,7.41396263718,1.61486578696,-0.05826222116,-0.01684189166,0.0046308144799999,0.02533191264,0.06533954338,0.10441396672,0.1012843259199999
2454,21,Urban,IGT,15.0,0.5,0.4,20.0,2.02,3.02,2.16,0.2293146321,0.14494613144,0.1619937434399999,0.23399304334,0.16122782902,0.2600147255,7.41396263718,1.61486578696,-0.05826222116,-0.01684189166,0.0046308144799999,0.02533191264,0.06533954338,0.10441396672,0.1012843259199999
2455,21,Urban,IGT,16.0,0.6,0.5,20.0,2.02,3.02,2.16,0.2293146321,0.14494613144,0.1619937434399999,0.23399304334,0.16122782902,0.2600147255,7.41396263718,1.61486578696,-0.05826222116,-0.01684189166,0.0046308144799999,0.02533191264,0.06533954338,0.10441396672,0.1012843259199999
2456,21,Urban,IGT,17.0,0.6,0.6,20.0,2.02,3.02,2.16,0.2293146321,0.14494613144,0.1619937434399999,0.23399304334,0.16122782902,0.2600147255,7.41396263718,1.61486578696,-0.05826222116,-0.01684189166,0.0046308144799999,0.02533191264,0.06533954338,0.10441396672,0.1012843259199999
2457,21,Urban,IGT,18.0,0.5,0.6,20.0,2.02,3.02,2.16,0.2293146321,0.14494613144,0.1619937434399999,0.23399304334,0.16122782902,0.2600147255,7.41396263718,1.61486578696,-0.05826222116,-0.01684189166,0.0046308144799999,0.02533191264,0.06533954338,0.10441396672,0.1012843259199999
2458,21,Urban,IGT,19.0,0.4,0.5,20.0,2.02,3.02,2.16,0.2293146321,0.14494613144,0.1619937434399999,0.23399304334,0.16122782902,0.2600147255,7.41396263718,1.61486578696,-0.05826222116,-0.01684189166,0.0046308144799999,0.02533191264,0.06533954338,0.10441396672,0.1012843259199999
2459,21,Urban,IGT,20.0,0.2,0.7,20.0,2.02,3.02,2.16,0.2293146321,0.14494613144,0.1619937434399999,0.23399304334,0.16122782902,0.2600147255,7.41396263718,1.61486578696,-0.05826222116,-0.01684189166,0.0046308144799999,0.02533191264,0.06533954338,0.10441396672,0.1012843259199999
2480,21,Control,IGT,1.0,,,,,,,,,,,,,,,,,,,,,
2481,21,Control,IGT,2.0,,,,,,,,,,,,,,,,,,,,,
2482,21,Control,IGT,3.0,,,,,,,,,,,,,,,,,,,,,
2483,21,Control,IGT,4.0,,,,,,,,,,,,,,,,,,,,,
2484,21,Control,IGT,5.0,,,,,,,,,,,,,,,,,,,,,
2485,21,Control,IGT,6.0,,,,,,,,,,,,,,,,,,,,,
2486,21,Control,IGT,7.0,,,,,,,,,,,,,,,,,,,,,
2487,21,Control,IGT,8.0,,,,,,,,,,,,,,,,,,,,,
2488,21,Control,IGT,9.0,,,,,,,,,,,,,,,,,,,,,
2489,21,Control,IGT,10.0,,,,,,,,,,,,,,,,,,,,,
2490,21,Control,IGT,11.0,,,,,,,,,,,,,,,,,,,,,
2491,21,Control,IGT,12.0,,,,,,,,,,,,,,,,,,,,,
2492,21,Control,IGT,13.0,,,,,,,,,,,,,,,,,,,,,
2493,21,Control,IGT,14.0,,,,,,,,,,,,,,,,,,,,,
2494,21,Control,IGT,15.0,,,,,,,,,,,,,,,,,,,,,
2495,21,Control,IGT,16.0,,,,,,,,,,,,,,,,,,,,,
2496,21,Control,IGT,17.0,,,,,,,,,,,,,,,,,,,,,
2497,21,Control,IGT,18.0,,,,,,,,,,,,,,,,,,,,,
2498,21,Control,IGT,19.0,,,,,,,,,,,,,,,,,,,,,
2499,21,Control,IGT,20.0,,,,,,,,,,,,,,,,,,,,,
2520,22,Nature,IGT,1.0,,,21.0,6.1,3.14,5.92,0.14907316208,-0.22013046924,0.21375662304,0.1619482024,0.21032794698,0.26713821028,7.510140180800001,6.3462158056,-0.0605322205,0.01162194878,-0.00639187704,-0.02084338572,0.01937040604,0.14072465872,0.19121885916
2521,22,Nature,IGT,2.0,,,21.0,6.1,3.14,5.92,0.14907316208,-0.22013046924,0.21375662304,0.1619482024,0.21032794698,0.26713821028,7.510140180800001,6.3462158056,-0.0605322205,0.01162194878,-0.00639187704,-0.02084338572,0.01937040604,0.14072465872,0.19121885916
2522,22,Nature,IGT,3.0,,,21.0,6.1,3.14,5.92,0.14907316208,-0.22013046924,0.21375662304,0.1619482024,0.21032794698,0.26713821028,7.510140180800001,6.3462158056,-0.0605322205,0.01162194878,-0.00639187704,-0.02084338572,0.01937040604,0.14072465872,0.19121885916
2523,22,Nature,IGT,4.0,,,21.0,6.1,3.14,5.92,0.14907316208,-0.22013046924,0.21375662304,0.1619482024,0.21032794698,0.26713821028,7.510140180800001,6.3462158056,-0.0605322205,0.01162194878,-0.00639187704,-0.02084338572,0.01937040604,0.14072465872,0.19121885916
2524,22,Nature,IGT,5.0,,,21.0,6.1,3.14,5.92,0.14907316208,-0.22013046924,0.21375662304,0.1619482024,0.21032794698,0.26713821028,7.510140180800001,6.3462158056,-0.0605322205,0.01162194878,-0.00639187704,-0.02084338572,0.01937040604,0.14072465872,0.19121885916
2525,22,Nature,IGT,6.0,,,21.0,6.1,3.14,5.92,0.14907316208,-0.22013046924,0.21375662304,0.1619482024,0.21032794698,0.26713821028,7.510140180800001,6.3462158056,-0.0605322205,0.01162194878,-0.00639187704,-0.02084338572,0.01937040604,0.14072465872,0.19121885916
2526,22,Nature,IGT,7.0,,,21.0,6.1,3.14,5.92,0.14907316208,-0.22013046924,0.21375662304,0.1619482024,0.21032794698,0.26713821028,7.510140180800001,6.3462158056,-0.0605322205,0.01162194878,-0.00639187704,-0.02084338572,0.01937040604,0.14072465872,0.19121885916
2527,22,Nature,IGT,8.0,,,21.0,6.1,3.14,5.92,0.14907316208,-0.22013046924,0.21375662304,0.1619482024,0.21032794698,0.26713821028,7.510140180800001,6.3462158056,-0.0605322205,0.01162194878,-0.00639187704,-0.02084338572,0.01937040604,0.14072465872,0.19121885916
2528,22,Nature,IGT,9.0,,,21.0,6.1,3.14,5.92,0.14907316208,-0.22013046924,0.21375662304,0.1619482024,0.21032794698,0.26713821028,7.510140180800001,6.3462158056,-0.0605322205,0.01162194878,-0.00639187704,-0.02084338572,0.01937040604,0.14072465872,0.19121885916
2529,22,Nature,IGT,10.0,,,21.0,6.1,3.14,5.92,0.14907316208,-0.22013046924,0.21375662304,0.1619482024,0.21032794698,0.26713821028,7.510140180800001,6.3462158056,-0.0605322205,0.01162194878,-0.00639187704,-0.02084338572,0.01937040604,0.14072465872,0.19121885916
2530,22,Nature,IGT,11.0,1.0,0.0,21.0,6.1,3.14,5.92,0.14907316208,-0.22013046924,0.21375662304,0.1619482024,0.21032794698,0.26713821028,7.510140180800001,6.3462158056,-0.0605322205,0.01162194878,-0.00639187704,-0.02084338572,0.01937040604,0.14072465872,0.19121885916
2531,22,Nature,IGT,12.0,0.1,0.7,21.0,6.1,3.14,5.92,0.14907316208,-0.22013046924,0.21375662304,0.1619482024,0.21032794698,0.26713821028,7.510140180800001,6.3462158056,-0.0605322205,0.01162194878,-0.00639187704,-0.02084338572,0.01937040604,0.14072465872,0.19121885916
2532,22,Nature,IGT,13.0,0.7,0.3,21.0,6.1,3.14,5.92,0.14907316208,-0.22013046924,0.21375662304,0.1619482024,0.21032794698,0.26713821028,7.510140180800001,6.3462158056,-0.0605322205,0.01162194878,-0.00639187704,-0.02084338572,0.01937040604,0.14072465872,0.19121885916
2533,22,Nature,IGT,14.0,0.8,0.0,21.0,6.1,3.14,5.92,0.14907316208,-0.22013046924,0.21375662304,0.1619482024,0.21032794698,0.26713821028,7.510140180800001,6.3462158056,-0.0605322205,0.01162194878,-0.00639187704,-0.02084338572,0.01937040604,0.14072465872,0.19121885916
2534,22,Nature,IGT,15.0,1.0,0.0,21.0,6.1,3.14,5.92,0.14907316208,-0.22013046924,0.21375662304,0.1619482024,0.21032794698,0.26713821028,7.510140180800001,6.3462158056,-0.0605322205,0.01162194878,-0.00639187704,-0.02084338572,0.01937040604,0.14072465872,0.19121885916
2535,22,Nature,IGT,16.0,0.9,0.1,21.0,6.1,3.14,5.92,0.14907316208,-0.22013046924,0.21375662304,0.1619482024,0.21032794698,0.26713821028,7.510140180800001,6.3462158056,-0.0605322205,0.01162194878,-0.00639187704,-0.02084338572,0.01937040604,0.14072465872,0.19121885916
2536,22,Nature,IGT,17.0,0.9,0.1,21.0,6.1,3.14,5.92,0.14907316208,-0.22013046924,0.21375662304,0.1619482024,0.21032794698,0.26713821028,7.510140180800001,6.3462158056,-0.0605322205,0.01162194878,-0.00639187704,-0.02084338572,0.01937040604,0.14072465872,0.19121885916
2537,22,Nature,IGT,18.0,0.8,0.2,21.0,6.1,3.14,5.92,0.14907316208,-0.22013046924,0.21375662304,0.1619482024,0.21032794698,0.26713821028,7.510140180800001,6.3462158056,-0.0605322205,0.01162194878,-0.00639187704,-0.02084338572,0.01937040604,0.14072465872,0.19121885916
2538,22,Nature,IGT,19.0,0.8,0.1,21.0,6.1,3.14,5.92,0.14907316208,-0.22013046924,0.21375662304,0.1619482024,0.21032794698,0.26713821028,7.510140180800001,6.3462158056,-0.0605322205,0.01162194878,-0.00639187704,-0.02084338572,0.01937040604,0.14072465872,0.19121885916
2539,22,Nature,IGT,20.0,1.0,0.0,21.0,6.1,3.14,5.92,0.14907316208,-0.22013046924,0.21375662304,0.1619482024,0.21032794698,0.26713821028,7.510140180800001,6.3462158056,-0.0605322205,0.01162194878,-0.00639187704,-0.02084338572,0.01937040604,0.14072465872,0.19121885916
2560,22,Urban,IGT,1.0,,,,,,,,,,,,,,,,,,,,,
2561,22,Urban,IGT,2.0,,,,,,,,,,,,,,,,,,,,,
2562,22,Urban,IGT,3.0,,,,,,,,,,,,,,,,,,,,,
2563,22,Urban,IGT,4.0,,,,,,,,,,,,,,,,,,,,,
2564,22,Urban,IGT,5.0,,,,,,,,,,,,,,,,,,,,,
2565,22,Urban,IGT,6.0,,,,,,,,,,,,,,,,,,,,,
2566,22,Urban,IGT,7.0,,,,,,,,,,,,,,,,,,,,,
2567,22,Urban,IGT,8.0,,,,,,,,,,,,,,,,,,,,,
2568,22,Urban,IGT,9.0,,,,,,,,,,,,,,,,,,,,,
2569,22,Urban,IGT,10.0,,,,,,,,,,,,,,,,,,,,,
2570,22,Urban,IGT,11.0,,,,,,,,,,,,,,,,,,,,,
2571,22,Urban,IGT,12.0,,,,,,,,,,,,,,,,,,,,,
2572,22,Urban,IGT,13.0,,,,,,,,,,,,,,,,,,,,,
2573,22,Urban,IGT,14.0,,,,,,,,,,,,,,,,,,,,,
2574,22,Urban,IGT,15.0,,,,,,,,,,,,,,,,,,,,,
2575,22,Urban,IGT,16.0,,,,,,,,,,,,,,,,,,,,,
2576,22,Urban,IGT,17.0,,,,,,,,,,,,,,,,,,,,,
2577,22,Urban,IGT,18.0,,,,,,,,,,,,,,,,,,,,,
2578,22,Urban,IGT,19.0,,,,,,,,,,,,,,,,,,,,,
2579,22,Urban,IGT,20.0,,,,,,,,,,,,,,,,,,,,,
2600,22,Control,IGT,1.0,,,,,,,,,,,,,,,,,,,,,
2601,22,Control,IGT,2.0,,,,,,,,,,,,,,,,,,,,,
2602,22,Control,IGT,3.0,,,,,,,,,,,,,,,,,,,,,
2603,22,Control,IGT,4.0,,,,,,,,,,,,,,,,,,,,,
2604,22,Control,IGT,5.0,,,,,,,,,,,,,,,,,,,,,
2605,22,Control,IGT,6.0,,,,,,,,,,,,,,,,,,,,,
2606,22,Control,IGT,7.0,,,,,,,,,,,,,,,,,,,,,
2607,22,Control,IGT,8.0,,,,,,,,,,,,,,,,,,,,,
2608,22,Control,IGT,9.0,,,,,,,,,,,,,,,,,,,,,
2609,22,Control,IGT,10.0,,,,,,,,,,,,,,,,,,,,,
2610,22,Control,IGT,11.0,,,,,,,,,,,,,,,,,,,,,
2611,22,Control,IGT,12.0,,,,,,,,,,,,,,,,,,,,,
2612,22,Control,IGT,13.0,,,,,,,,,,,,,,,,,,,,,
2613,22,Control,IGT,14.0,,,,,,,,,,,,,,,,,,,,,
2614,22,Control,IGT,15.0,,,,,,,,,,,,,,,,,,,,,
2615,22,Control,IGT,16.0,,,,,,,,,,,,,,,,,,,,,
2616,22,Control,IGT,17.0,,,,,,,,,,,,,,,,,,,,,
2617,22,Control,IGT,18.0,,,,,,,,,,,,,,,,,,,,,
2618,22,Control,IGT,19.0,,,,,,,,,,,,,,,,,,,,,
2619,22,Control,IGT,20.0,,,,,,,,,,,,,,,,,,,,,
2640,23,Nature,IGT,1.0,,,22.0,4.9,3.78,4.56,0.16084677142,0.07338164294,0.2264574401,0.16000545306,0.2141397948199999,0.26876823264,7.49696768192,6.239900884,-0.06308352214,0.01981309552,6.86583399999996e-05,-0.02163602354,0.01864890728,0.1380668986,0.18959868396
2641,23,Nature,IGT,2.0,,,22.0,4.9,3.78,4.56,0.16084677142,0.07338164294,0.2264574401,0.16000545306,0.2141397948199999,0.26876823264,7.49696768192,6.239900884,-0.06308352214,0.01981309552,6.86583399999996e-05,-0.02163602354,0.01864890728,0.1380668986,0.18959868396
2642,23,Nature,IGT,3.0,,,22.0,4.9,3.78,4.56,0.16084677142,0.07338164294,0.2264574401,0.16000545306,0.2141397948199999,0.26876823264,7.49696768192,6.239900884,-0.06308352214,0.01981309552,6.86583399999996e-05,-0.02163602354,0.01864890728,0.1380668986,0.18959868396
2643,23,Nature,IGT,4.0,,,22.0,4.9,3.78,4.56,0.16084677142,0.07338164294,0.2264574401,0.16000545306,0.2141397948199999,0.26876823264,7.49696768192,6.239900884,-0.06308352214,0.01981309552,6.86583399999996e-05,-0.02163602354,0.01864890728,0.1380668986,0.18959868396
2644,23,Nature,IGT,5.0,,,22.0,4.9,3.78,4.56,0.16084677142,0.07338164294,0.2264574401,0.16000545306,0.2141397948199999,0.26876823264,7.49696768192,6.239900884,-0.06308352214,0.01981309552,6.86583399999996e-05,-0.02163602354,0.01864890728,0.1380668986,0.18959868396
2645,23,Nature,IGT,6.0,,,22.0,4.9,3.78,4.56,0.16084677142,0.07338164294,0.2264574401,0.16000545306,0.2141397948199999,0.26876823264,7.49696768192,6.239900884,-0.06308352214,0.01981309552,6.86583399999996e-05,-0.02163602354,0.01864890728,0.1380668986,0.18959868396
2646,23,Nature,IGT,7.0,,,22.0,4.9,3.78,4.56,0.16084677142,0.07338164294,0.2264574401,0.16000545306,0.2141397948199999,0.26876823264,7.49696768192,6.239900884,-0.06308352214,0.01981309552,6.86583399999996e-05,-0.02163602354,0.01864890728,0.1380668986,0.18959868396
2647,23,Nature,IGT,8.0,,,22.0,4.9,3.78,4.56,0.16084677142,0.07338164294,0.2264574401,0.16000545306,0.2141397948199999,0.26876823264,7.49696768192,6.239900884,-0.06308352214,0.01981309552,6.86583399999996e-05,-0.02163602354,0.01864890728,0.1380668986,0.18959868396
2648,23,Nature,IGT,9.0,,,22.0,4.9,3.78,4.56,0.16084677142,0.07338164294,0.2264574401,0.16000545306,0.2141397948199999,0.26876823264,7.49696768192,6.239900884,-0.06308352214,0.01981309552,6.86583399999996e-05,-0.02163602354,0.01864890728,0.1380668986,0.18959868396
2649,23,Nature,IGT,10.0,,,22.0,4.9,3.78,4.56,0.16084677142,0.07338164294,0.2264574401,0.16000545306,0.2141397948199999,0.26876823264,7.49696768192,6.239900884,-0.06308352214,0.01981309552,6.86583399999996e-05,-0.02163602354,0.01864890728,0.1380668986,0.18959868396
2650,23,Nature,IGT,11.0,0.0,0.5,22.0,4.9,3.78,4.56,0.16084677142,0.07338164294,0.2264574401,0.16000545306,0.2141397948199999,0.26876823264,7.49696768192,6.239900884,-0.06308352214,0.01981309552,6.86583399999996e-05,-0.02163602354,0.01864890728,0.1380668986,0.18959868396
2651,23,Nature,IGT,12.0,0.0,0.4,22.0,4.9,3.78,4.56,0.16084677142,0.07338164294,0.2264574401,0.16000545306,0.2141397948199999,0.26876823264,7.49696768192,6.239900884,-0.06308352214,0.01981309552,6.86583399999996e-05,-0.02163602354,0.01864890728,0.1380668986,0.18959868396
2652,23,Nature,IGT,13.0,0.0,0.5,22.0,4.9,3.78,4.56,0.16084677142,0.07338164294,0.2264574401,0.16000545306,0.2141397948199999,0.26876823264,7.49696768192,6.239900884,-0.06308352214,0.01981309552,6.86583399999996e-05,-0.02163602354,0.01864890728,0.1380668986,0.18959868396
2653,23,Nature,IGT,14.0,0.1,0.5,22.0,4.9,3.78,4.56,0.16084677142,0.07338164294,0.2264574401,0.16000545306,0.2141397948199999,0.26876823264,7.49696768192,6.239900884,-0.06308352214,0.01981309552,6.86583399999996e-05,-0.02163602354,0.01864890728,0.1380668986,0.18959868396
2654,23,Nature,IGT,15.0,0.2,0.5,22.0,4.9,3.78,4.56,0.16084677142,0.07338164294,0.2264574401,0.16000545306,0.2141397948199999,0.26876823264,7.49696768192,6.239900884,-0.06308352214,0.01981309552,6.86583399999996e-05,-0.02163602354,0.01864890728,0.1380668986,0.18959868396
2655,23,Nature,IGT,16.0,0.4,0.4,22.0,4.9,3.78,4.56,0.16084677142,0.07338164294,0.2264574401,0.16000545306,0.2141397948199999,0.26876823264,7.49696768192,6.239900884,-0.06308352214,0.01981309552,6.86583399999996e-05,-0.02163602354,0.01864890728,0.1380668986,0.18959868396
2656,23,Nature,IGT,17.0,0.2,0.4,22.0,4.9,3.78,4.56,0.16084677142,0.07338164294,0.2264574401,0.16000545306,0.2141397948199999,0.26876823264,7.49696768192,6.239900884,-0.06308352214,0.01981309552,6.86583399999996e-05,-0.02163602354,0.01864890728,0.1380668986,0.18959868396
2657,23,Nature,IGT,18.0,0.1,0.5,22.0,4.9,3.78,4.56,0.16084677142,0.07338164294,0.2264574401,0.16000545306,0.2141397948199999,0.26876823264,7.49696768192,6.239900884,-0.06308352214,0.01981309552,6.86583399999996e-05,-0.02163602354,0.01864890728,0.1380668986,0.18959868396
2658,23,Nature,IGT,19.0,0.5,0.5,22.0,4.9,3.78,4.56,0.16084677142,0.07338164294,0.2264574401,0.16000545306,0.2141397948199999,0.26876823264,7.49696768192,6.239900884,-0.06308352214,0.01981309552,6.86583399999996e-05,-0.02163602354,0.01864890728,0.1380668986,0.18959868396
2659,23,Nature,IGT,20.0,0.6,0.5,22.0,4.9,3.78,4.56,0.16084677142,0.07338164294,0.2264574401,0.16000545306,0.2141397948199999,0.26876823264,7.49696768192,6.239900884,-0.06308352214,0.01981309552,6.86583399999996e-05,-0.02163602354,0.01864890728,0.1380668986,0.18959868396
2680,23,Urban,IGT,1.0,,,,,,,,,,,,,,,,,,,,,
2681,23,Urban,IGT,2.0,,,,,,,,,,,,,,,,,,,,,
2682,23,Urban,IGT,3.0,,,,,,,,,,,,,,,,,,,,,
2683,23,Urban,IGT,4.0,,,,,,,,,,,,,,,,,,,,,
2684,23,Urban,IGT,5.0,,,,,,,,,,,,,,,,,,,,,
2685,23,Urban,IGT,6.0,,,,,,,,,,,,,,,,,,,,,
2686,23,Urban,IGT,7.0,,,,,,,,,,,,,,,,,,,,,
2687,23,Urban,IGT,8.0,,,,,,,,,,,,,,,,,,,,,
2688,23,Urban,IGT,9.0,,,,,,,,,,,,,,,,,,,,,
2689,23,Urban,IGT,10.0,,,,,,,,,,,,,,,,,,,,,
2690,23,Urban,IGT,11.0,,,,,,,,,,,,,,,,,,,,,
2691,23,Urban,IGT,12.0,,,,,,,,,,,,,,,,,,,,,
2692,23,Urban,IGT,13.0,,,,,,,,,,,,,,,,,,,,,
2693,23,Urban,IGT,14.0,,,,,,,,,,,,,,,,,,,,,
2694,23,Urban,IGT,15.0,,,,,,,,,,,,,,,,,,,,,
2695,23,Urban,IGT,16.0,,,,,,,,,,,,,,,,,,,,,
2696,23,Urban,IGT,17.0,,,,,,,,,,,,,,,,,,,,,
2697,23,Urban,IGT,18.0,,,,,,,,,,,,,,,,,,,,,
2698,23,Urban,IGT,19.0,,,,,,,,,,,,,,,,,,,,,
2699,23,Urban,IGT,20.0,,,,,,,,,,,,,,,,,,,,,
2720,23,Control,IGT,1.0,,,,,,,,,,,,,,,,,,,,,
2721,23,Control,IGT,2.0,,,,,,,,,,,,,,,,,,,,,
2722,23,Control,IGT,3.0,,,,,,,,,,,,,,,,,,,,,
2723,23,Control,IGT,4.0,,,,,,,,,,,,,,,,,,,,,
2724,23,Control,IGT,5.0,,,,,,,,,,,,,,,,,,,,,
2725,23,Control,IGT,6.0,,,,,,,,,,,,,,,,,,,,,
2726,23,Control,IGT,7.0,,,,,,,,,,,,,,,,,,,,,
2727,23,Control,IGT,8.0,,,,,,,,,,,,,,,,,,,,,
2728,23,Control,IGT,9.0,,,,,,,,,,,,,,,,,,,,,
2729,23,Control,IGT,10.0,,,,,,,,,,,,,,,,,,,,,
2730,23,Control,IGT,11.0,,,,,,,,,,,,,,,,,,,,,
2731,23,Control,IGT,12.0,,,,,,,,,,,,,,,,,,,,,
2732,23,Control,IGT,13.0,,,,,,,,,,,,,,,,,,,,,
2733,23,Control,IGT,14.0,,,,,,,,,,,,,,,,,,,,,
2734,23,Control,IGT,15.0,,,,,,,,,,,,,,,,,,,,,
2735,23,Control,IGT,16.0,,,,,,,,,,,,,,,,,,,,,
2736,23,Control,IGT,17.0,,,,,,,,,,,,,,,,,,,,,
2737,23,Control,IGT,18.0,,,,,,,,,,,,,,,,,,,,,
2738,23,Control,IGT,19.0,,,,,,,,,,,,,,,,,,,,,
2739,23,Control,IGT,20.0,,,,,,,,,,,,,,,,,,,,,
2760,24,Nature,IGT,1.0,,,23.0,4.32,4.16,4.72,0.1561008743,-0.21471467668,0.22365272054,0.1603395877399999,0.21493485524,0.26655237826,7.507589762039999,6.21830572032,-0.05935254294,0.00832619348,-0.00356558894,-0.0153917075199999,0.0191531724,0.13862254582,0.1904786455
2761,24,Nature,IGT,2.0,,,23.0,4.32,4.16,4.72,0.1561008743,-0.21471467668,0.22365272054,0.1603395877399999,0.21493485524,0.26655237826,7.507589762039999,6.21830572032,-0.05935254294,0.00832619348,-0.00356558894,-0.0153917075199999,0.0191531724,0.13862254582,0.1904786455
2762,24,Nature,IGT,3.0,,,23.0,4.32,4.16,4.72,0.1561008743,-0.21471467668,0.22365272054,0.1603395877399999,0.21493485524,0.26655237826,7.507589762039999,6.21830572032,-0.05935254294,0.00832619348,-0.00356558894,-0.0153917075199999,0.0191531724,0.13862254582,0.1904786455
2763,24,Nature,IGT,4.0,,,23.0,4.32,4.16,4.72,0.1561008743,-0.21471467668,0.22365272054,0.1603395877399999,0.21493485524,0.26655237826,7.507589762039999,6.21830572032,-0.05935254294,0.00832619348,-0.00356558894,-0.0153917075199999,0.0191531724,0.13862254582,0.1904786455
2764,24,Nature,IGT,5.0,,,23.0,4.32,4.16,4.72,0.1561008743,-0.21471467668,0.22365272054,0.1603395877399999,0.21493485524,0.26655237826,7.507589762039999,6.21830572032,-0.05935254294,0.00832619348,-0.00356558894,-0.0153917075199999,0.0191531724,0.13862254582,0.1904786455
2765,24,Nature,IGT,6.0,,,23.0,4.32,4.16,4.72,0.1561008743,-0.21471467668,0.22365272054,0.1603395877399999,0.21493485524,0.26655237826,7.507589762039999,6.21830572032,-0.05935254294,0.00832619348,-0.00356558894,-0.0153917075199999,0.0191531724,0.13862254582,0.1904786455
2766,24,Nature,IGT,7.0,,,23.0,4.32,4.16,4.72,0.1561008743,-0.21471467668,0.22365272054,0.1603395877399999,0.21493485524,0.26655237826,7.507589762039999,6.21830572032,-0.05935254294,0.00832619348,-0.00356558894,-0.0153917075199999,0.0191531724,0.13862254582,0.1904786455
2767,24,Nature,IGT,8.0,,,23.0,4.32,4.16,4.72,0.1561008743,-0.21471467668,0.22365272054,0.1603395877399999,0.21493485524,0.26655237826,7.507589762039999,6.21830572032,-0.05935254294,0.00832619348,-0.00356558894,-0.0153917075199999,0.0191531724,0.13862254582,0.1904786455
2768,24,Nature,IGT,9.0,,,23.0,4.32,4.16,4.72,0.1561008743,-0.21471467668,0.22365272054,0.1603395877399999,0.21493485524,0.26655237826,7.507589762039999,6.21830572032,-0.05935254294,0.00832619348,-0.00356558894,-0.0153917075199999,0.0191531724,0.13862254582,0.1904786455
2769,24,Nature,IGT,10.0,,,23.0,4.32,4.16,4.72,0.1561008743,-0.21471467668,0.22365272054,0.1603395877399999,0.21493485524,0.26655237826,7.507589762039999,6.21830572032,-0.05935254294,0.00832619348,-0.00356558894,-0.0153917075199999,0.0191531724,0.13862254582,0.1904786455
2770,24,Nature,IGT,11.0,0.4,0.5,23.0,4.32,4.16,4.72,0.1561008743,-0.21471467668,0.22365272054,0.1603395877399999,0.21493485524,0.26655237826,7.507589762039999,6.21830572032,-0.05935254294,0.00832619348,-0.00356558894,-0.0153917075199999,0.0191531724,0.13862254582,0.1904786455
2771,24,Nature,IGT,12.0,0.6,0.9,23.0,4.32,4.16,4.72,0.1561008743,-0.21471467668,0.22365272054,0.1603395877399999,0.21493485524,0.26655237826,7.507589762039999,6.21830572032,-0.05935254294,0.00832619348,-0.00356558894,-0.0153917075199999,0.0191531724,0.13862254582,0.1904786455
2772,24,Nature,IGT,13.0,0.3,1.0,23.0,4.32,4.16,4.72,0.1561008743,-0.21471467668,0.22365272054,0.1603395877399999,0.21493485524,0.26655237826,7.507589762039999,6.21830572032,-0.05935254294,0.00832619348,-0.00356558894,-0.0153917075199999,0.0191531724,0.13862254582,0.1904786455
2773,24,Nature,IGT,14.0,0.9,0.4,23.0,4.32,4.16,4.72,0.1561008743,-0.21471467668,0.22365272054,0.1603395877399999,0.21493485524,0.26655237826,7.507589762039999,6.21830572032,-0.05935254294,0.00832619348,-0.00356558894,-0.0153917075199999,0.0191531724,0.13862254582,0.1904786455
2774,24,Nature,IGT,15.0,0.4,0.0,23.0,4.32,4.16,4.72,0.1561008743,-0.21471467668,0.22365272054,0.1603395877399999,0.21493485524,0.26655237826,7.507589762039999,6.21830572032,-0.05935254294,0.00832619348,-0.00356558894,-0.0153917075199999,0.0191531724,0.13862254582,0.1904786455
2775,24,Nature,IGT,16.0,0.1,0.9,23.0,4.32,4.16,4.72,0.1561008743,-0.21471467668,0.22365272054,0.1603395877399999,0.21493485524,0.26655237826,7.507589762039999,6.21830572032,-0.05935254294,0.00832619348,-0.00356558894,-0.0153917075199999,0.0191531724,0.13862254582,0.1904786455
2776,24,Nature,IGT,17.0,0.8,1.0,23.0,4.32,4.16,4.72,0.1561008743,-0.21471467668,0.22365272054,0.1603395877399999,0.21493485524,0.26655237826,7.507589762039999,6.21830572032,-0.05935254294,0.00832619348,-0.00356558894,-0.0153917075199999,0.0191531724,0.13862254582,0.1904786455
2777,24,Nature,IGT,18.0,1.0,1.0,23.0,4.32,4.16,4.72,0.1561008743,-0.21471467668,0.22365272054,0.1603395877399999,0.21493485524,0.26655237826,7.507589762039999,6.21830572032,-0.05935254294,0.00832619348,-0.00356558894,-0.0153917075199999,0.0191531724,0.13862254582,0.1904786455
2778,24,Nature,IGT,19.0,1.0,1.0,23.0,4.32,4.16,4.72,0.1561008743,-0.21471467668,0.22365272054,0.1603395877399999,0.21493485524,0.26655237826,7.507589762039999,6.21830572032,-0.05935254294,0.00832619348,-0.00356558894,-0.0153917075199999,0.0191531724,0.13862254582,0.1904786455
2779,24,Nature,IGT,20.0,1.0,1.0,23.0,4.32,4.16,4.72,0.1561008743,-0.21471467668,0.22365272054,0.1603395877399999,0.21493485524,0.26655237826,7.507589762039999,6.21830572032,-0.05935254294,0.00832619348,-0.00356558894,-0.0153917075199999,0.0191531724,0.13862254582,0.1904786455
2800,24,Urban,IGT,1.0,,,,,,,,,,,,,,,,,,,,,
2801,24,Urban,IGT,2.0,,,,,,,,,,,,,,,,,,,,,
2802,24,Urban,IGT,3.0,,,,,,,,,,,,,,,,,,,,,
2803,24,Urban,IGT,4.0,,,,,,,,,,,,,,,,,,,,,
2804,24,Urban,IGT,5.0,,,,,,,,,,,,,,,,,,,,,
2805,24,Urban,IGT,6.0,,,,,,,,,,,,,,,,,,,,,
2806,24,Urban,IGT,7.0,,,,,,,,,,,,,,,,,,,,,
2807,24,Urban,IGT,8.0,,,,,,,,,,,,,,,,,,,,,
2808,24,Urban,IGT,9.0,,,,,,,,,,,,,,,,,,,,,
2809,24,Urban,IGT,10.0,,,,,,,,,,,,,,,,,,,,,
2810,24,Urban,IGT,11.0,,,,,,,,,,,,,,,,,,,,,
2811,24,Urban,IGT,12.0,,,,,,,,,,,,,,,,,,,,,
2812,24,Urban,IGT,13.0,,,,,,,,,,,,,,,,,,,,,
2813,24,Urban,IGT,14.0,,,,,,,,,,,,,,,,,,,,,
2814,24,Urban,IGT,15.0,,,,,,,,,,,,,,,,,,,,,
2815,24,Urban,IGT,16.0,,,,,,,,,,,,,,,,,,,,,
2816,24,Urban,IGT,17.0,,,,,,,,,,,,,,,,,,,,,
2817,24,Urban,IGT,18.0,,,,,,,,,,,,,,,,,,,,,
2818,24,Urban,IGT,19.0,,,,,,,,,,,,,,,,,,,,,
2819,24,Urban,IGT,20.0,,,,,,,,,,,,,,,,,,,,,
2840,24,Control,IGT,1.0,,,,,,,,,,,,,,,,,,,,,
2841,24,Control,IGT,2.0,,,,,,,,,,,,,,,,,,,,,
2842,24,Control,IGT,3.0,,,,,,,,,,,,,,,,,,,,,
2843,24,Control,IGT,4.0,,,,,,,,,,,,,,,,,,,,,
2844,24,Control,IGT,5.0,,,,,,,,,,,,,,,,,,,,,
2845,24,Control,IGT,6.0,,,,,,,,,,,,,,,,,,,,,
2846,24,Control,IGT,7.0,,,,,,,,,,,,,,,,,,,,,
2847,24,Control,IGT,8.0,,,,,,,,,,,,,,,,,,,,,
2848,24,Control,IGT,9.0,,,,,,,,,,,,,,,,,,,,,
2849,24,Control,IGT,10.0,,,,,,,,,,,,,,,,,,,,,
2850,24,Control,IGT,11.0,,,,,,,,,,,,,,,,,,,,,
2851,24,Control,IGT,12.0,,,,,,,,,,,,,,,,,,,,,
2852,24,Control,IGT,13.0,,,,,,,,,,,,,,,,,,,,,
2853,24,Control,IGT,14.0,,,,,,,,,,,,,,,,,,,,,
2854,24,Control,IGT,15.0,,,,,,,,,,,,,,,,,,,,,
2855,24,Control,IGT,16.0,,,,,,,,,,,,,,,,,,,,,
2856,24,Control,IGT,17.0,,,,,,,,,,,,,,,,,,,,,
2857,24,Control,IGT,18.0,,,,,,,,,,,,,,,,,,,,,
2858,24,Control,IGT,19.0,,,,,,,,,,,,,,,,,,,,,
2859,24,Control,IGT,20.0,,,,,,,,,,,,,,,,,,,,,
2880,25,Nature,IGT,1.0,,,,,,,,,,,,,,,,,,,,,
2881,25,Nature,IGT,2.0,,,,,,,,,,,,,,,,,,,,,
2882,25,Nature,IGT,3.0,,,,,,,,,,,,,,,,,,,,,
2883,25,Nature,IGT,4.0,,,,,,,,,,,,,,,,,,,,,
2884,25,Nature,IGT,5.0,,,,,,,,,,,,,,,,,,,,,
2885,25,Nature,IGT,6.0,,,,,,,,,,,,,,,,,,,,,
2886,25,Nature,IGT,7.0,,,,,,,,,,,,,,,,,,,,,
2887,25,Nature,IGT,8.0,,,,,,,,,,,,,,,,,,,,,
2888,25,Nature,IGT,9.0,,,,,,,,,,,,,,,,,,,,,
2889,25,Nature,IGT,10.0,,,,,,,,,,,,,,,,,,,,,
2890,25,Nature,IGT,11.0,,,,,,,,,,,,,,,,,,,,,
2891,25,Nature,IGT,12.0,,,,,,,,,,,,,,,,,,,,,
2892,25,Nature,IGT,13.0,,,,,,,,,,,,,,,,,,,,,
2893,25,Nature,IGT,14.0,,,,,,,,,,,,,,,,,,,,,
2894,25,Nature,IGT,15.0,,,,,,,,,,,,,,,,,,,,,
2895,25,Nature,IGT,16.0,,,,,,,,,,,,,,,,,,,,,
2896,25,Nature,IGT,17.0,,,,,,,,,,,,,,,,,,,,,
2897,25,Nature,IGT,18.0,,,,,,,,,,,,,,,,,,,,,
2898,25,Nature,IGT,19.0,,,,,,,,,,,,,,,,,,,,,
2899,25,Nature,IGT,20.0,,,,,,,,,,,,,,,,,,,,,
2920,25,Urban,IGT,1.0,,,24.0,2.62,3.94,3.88,0.21315848572,0.36983276894,0.15666862518,0.2217742074799999,0.1656148479599999,0.26732593718,7.4015267267,1.63468666576,-0.05960231416,-0.02016579632,0.01621555114,0.01837459356,0.06775076232,0.10566228604,0.10046816538
2921,25,Urban,IGT,2.0,,,24.0,2.62,3.94,3.88,0.21315848572,0.36983276894,0.15666862518,0.2217742074799999,0.1656148479599999,0.26732593718,7.4015267267,1.63468666576,-0.05960231416,-0.02016579632,0.01621555114,0.01837459356,0.06775076232,0.10566228604,0.10046816538
2922,25,Urban,IGT,3.0,,,24.0,2.62,3.94,3.88,0.21315848572,0.36983276894,0.15666862518,0.2217742074799999,0.1656148479599999,0.26732593718,7.4015267267,1.63468666576,-0.05960231416,-0.02016579632,0.01621555114,0.01837459356,0.06775076232,0.10566228604,0.10046816538
2923,25,Urban,IGT,4.0,,,24.0,2.62,3.94,3.88,0.21315848572,0.36983276894,0.15666862518,0.2217742074799999,0.1656148479599999,0.26732593718,7.4015267267,1.63468666576,-0.05960231416,-0.02016579632,0.01621555114,0.01837459356,0.06775076232,0.10566228604,0.10046816538
2924,25,Urban,IGT,5.0,,,24.0,2.62,3.94,3.88,0.21315848572,0.36983276894,0.15666862518,0.2217742074799999,0.1656148479599999,0.26732593718,7.4015267267,1.63468666576,-0.05960231416,-0.02016579632,0.01621555114,0.01837459356,0.06775076232,0.10566228604,0.10046816538
2925,25,Urban,IGT,6.0,,,24.0,2.62,3.94,3.88,0.21315848572,0.36983276894,0.15666862518,0.2217742074799999,0.1656148479599999,0.26732593718,7.4015267267,1.63468666576,-0.05960231416,-0.02016579632,0.01621555114,0.01837459356,0.06775076232,0.10566228604,0.10046816538
2926,25,Urban,IGT,7.0,,,24.0,2.62,3.94,3.88,0.21315848572,0.36983276894,0.15666862518,0.2217742074799999,0.1656148479599999,0.26732593718,7.4015267267,1.63468666576,-0.05960231416,-0.02016579632,0.01621555114,0.01837459356,0.06775076232,0.10566228604,0.10046816538
2927,25,Urban,IGT,8.0,,,24.0,2.62,3.94,3.88,0.21315848572,0.36983276894,0.15666862518,0.2217742074799999,0.1656148479599999,0.26732593718,7.4015267267,1.63468666576,-0.05960231416,-0.02016579632,0.01621555114,0.01837459356,0.06775076232,0.10566228604,0.10046816538
2928,25,Urban,IGT,9.0,,,24.0,2.62,3.94,3.88,0.21315848572,0.36983276894,0.15666862518,0.2217742074799999,0.1656148479599999,0.26732593718,7.4015267267,1.63468666576,-0.05960231416,-0.02016579632,0.01621555114,0.01837459356,0.06775076232,0.10566228604,0.10046816538
2929,25,Urban,IGT,10.0,,,24.0,2.62,3.94,3.88,0.21315848572,0.36983276894,0.15666862518,0.2217742074799999,0.1656148479599999,0.26732593718,7.4015267267,1.63468666576,-0.05960231416,-0.02016579632,0.01621555114,0.01837459356,0.06775076232,0.10566228604,0.10046816538
2930,25,Urban,IGT,11.0,0.6,0.8,24.0,2.62,3.94,3.88,0.21315848572,0.36983276894,0.15666862518,0.2217742074799999,0.1656148479599999,0.26732593718,7.4015267267,1.63468666576,-0.05960231416,-0.02016579632,0.01621555114,0.01837459356,0.06775076232,0.10566228604,0.10046816538
2931,25,Urban,IGT,12.0,0.3,0.2,24.0,2.62,3.94,3.88,0.21315848572,0.36983276894,0.15666862518,0.2217742074799999,0.1656148479599999,0.26732593718,7.4015267267,1.63468666576,-0.05960231416,-0.02016579632,0.01621555114,0.01837459356,0.06775076232,0.10566228604,0.10046816538
2932,25,Urban,IGT,13.0,0.6,0.5,24.0,2.62,3.94,3.88,0.21315848572,0.36983276894,0.15666862518,0.2217742074799999,0.1656148479599999,0.26732593718,7.4015267267,1.63468666576,-0.05960231416,-0.02016579632,0.01621555114,0.01837459356,0.06775076232,0.10566228604,0.10046816538
2933,25,Urban,IGT,14.0,0.5,0.8,24.0,2.62,3.94,3.88,0.21315848572,0.36983276894,0.15666862518,0.2217742074799999,0.1656148479599999,0.26732593718,7.4015267267,1.63468666576,-0.05960231416,-0.02016579632,0.01621555114,0.01837459356,0.06775076232,0.10566228604,0.10046816538
2934,25,Urban,IGT,15.0,0.6,0.7,24.0,2.62,3.94,3.88,0.21315848572,0.36983276894,0.15666862518,0.2217742074799999,0.1656148479599999,0.26732593718,7.4015267267,1.63468666576,-0.05960231416,-0.02016579632,0.01621555114,0.01837459356,0.06775076232,0.10566228604,0.10046816538
2935,25,Urban,IGT,16.0,0.7,0.8,24.0,2.62,3.94,3.88,0.21315848572,0.36983276894,0.15666862518,0.2217742074799999,0.1656148479599999,0.26732593718,7.4015267267,1.63468666576,-0.05960231416,-0.02016579632,0.01621555114,0.01837459356,0.06775076232,0.10566228604,0.10046816538
2936,25,Urban,IGT,17.0,0.8,0.2,24.0,2.62,3.94,3.88,0.21315848572,0.36983276894,0.15666862518,0.2217742074799999,0.1656148479599999,0.26732593718,7.4015267267,1.63468666576,-0.05960231416,-0.02016579632,0.01621555114,0.01837459356,0.06775076232,0.10566228604,0.10046816538
2937,25,Urban,IGT,18.0,0.9,0.1,24.0,2.62,3.94,3.88,0.21315848572,0.36983276894,0.15666862518,0.2217742074799999,0.1656148479599999,0.26732593718,7.4015267267,1.63468666576,-0.05960231416,-0.02016579632,0.01621555114,0.01837459356,0.06775076232,0.10566228604,0.10046816538
2938,25,Urban,IGT,19.0,0.6,1.0,24.0,2.62,3.94,3.88,0.21315848572,0.36983276894,0.15666862518,0.2217742074799999,0.1656148479599999,0.26732593718,7.4015267267,1.63468666576,-0.05960231416,-0.02016579632,0.01621555114,0.01837459356,0.06775076232,0.10566228604,0.10046816538
2939,25,Urban,IGT,20.0,0.6,0.4,24.0,2.62,3.94,3.88,0.21315848572,0.36983276894,0.15666862518,0.2217742074799999,0.1656148479599999,0.26732593718,7.4015267267,1.63468666576,-0.05960231416,-0.02016579632,0.01621555114,0.01837459356,0.06775076232,0.10566228604,0.10046816538
2960,25,Control,IGT,1.0,,,,,,,,,,,,,,,,,,,,,
2961,25,Control,IGT,2.0,,,,,,,,,,,,,,,,,,,,,
2962,25,Control,IGT,3.0,,,,,,,,,,,,,,,,,,,,,
2963,25,Control,IGT,4.0,,,,,,,,,,,,,,,,,,,,,
2964,25,Control,IGT,5.0,,,,,,,,,,,,,,,,,,,,,
2965,25,Control,IGT,6.0,,,,,,,,,,,,,,,,,,,,,
2966,25,Control,IGT,7.0,,,,,,,,,,,,,,,,,,,,,
2967,25,Control,IGT,8.0,,,,,,,,,,,,,,,,,,,,,
2968,25,Control,IGT,9.0,,,,,,,,,,,,,,,,,,,,,
2969,25,Control,IGT,10.0,,,,,,,,,,,,,,,,,,,,,
2970,25,Control,IGT,11.0,,,,,,,,,,,,,,,,,,,,,
2971,25,Control,IGT,12.0,,,,,,,,,,,,,,,,,,,,,
2972,25,Control,IGT,13.0,,,,,,,,,,,,,,,,,,,,,
2973,25,Control,IGT,14.0,,,,,,,,,,,,,,,,,,,,,
2974,25,Control,IGT,15.0,,,,,,,,,,,,,,,,,,,,,
2975,25,Control,IGT,16.0,,,,,,,,,,,,,,,,,,,,,
2976,25,Control,IGT,17.0,,,,,,,,,,,,,,,,,,,,,
2977,25,Control,IGT,18.0,,,,,,,,,,,,,,,,,,,,,
2978,25,Control,IGT,19.0,,,,,,,,,,,,,,,,,,,,,
2979,25,Control,IGT,20.0,,,,,,,,,,,,,,,,,,,,,
3000,26,Nature,IGT,1.0,,,25.0,5.4,5.2,5.64,0.16655601862,-0.19165255714,0.2418374144799999,0.16443161084,0.21324492748,0.26453676804,7.48084623064,6.14447585032,-0.06066136982,0.01347989732,-0.00550951706,-0.01442177788,0.0178688558,0.1368640193,0.19071954044
3001,26,Nature,IGT,2.0,,,25.0,5.4,5.2,5.64,0.16655601862,-0.19165255714,0.2418374144799999,0.16443161084,0.21324492748,0.26453676804,7.48084623064,6.14447585032,-0.06066136982,0.01347989732,-0.00550951706,-0.01442177788,0.0178688558,0.1368640193,0.19071954044
3002,26,Nature,IGT,3.0,,,25.0,5.4,5.2,5.64,0.16655601862,-0.19165255714,0.2418374144799999,0.16443161084,0.21324492748,0.26453676804,7.48084623064,6.14447585032,-0.06066136982,0.01347989732,-0.00550951706,-0.01442177788,0.0178688558,0.1368640193,0.19071954044
3003,26,Nature,IGT,4.0,,,25.0,5.4,5.2,5.64,0.16655601862,-0.19165255714,0.2418374144799999,0.16443161084,0.21324492748,0.26453676804,7.48084623064,6.14447585032,-0.06066136982,0.01347989732,-0.00550951706,-0.01442177788,0.0178688558,0.1368640193,0.19071954044
3004,26,Nature,IGT,5.0,,,25.0,5.4,5.2,5.64,0.16655601862,-0.19165255714,0.2418374144799999,0.16443161084,0.21324492748,0.26453676804,7.48084623064,6.14447585032,-0.06066136982,0.01347989732,-0.00550951706,-0.01442177788,0.0178688558,0.1368640193,0.19071954044
3005,26,Nature,IGT,6.0,,,25.0,5.4,5.2,5.64,0.16655601862,-0.19165255714,0.2418374144799999,0.16443161084,0.21324492748,0.26453676804,7.48084623064,6.14447585032,-0.06066136982,0.01347989732,-0.00550951706,-0.01442177788,0.0178688558,0.1368640193,0.19071954044
3006,26,Nature,IGT,7.0,,,25.0,5.4,5.2,5.64,0.16655601862,-0.19165255714,0.2418374144799999,0.16443161084,0.21324492748,0.26453676804,7.48084623064,6.14447585032,-0.06066136982,0.01347989732,-0.00550951706,-0.01442177788,0.0178688558,0.1368640193,0.19071954044
3007,26,Nature,IGT,8.0,,,25.0,5.4,5.2,5.64,0.16655601862,-0.19165255714,0.2418374144799999,0.16443161084,0.21324492748,0.26453676804,7.48084623064,6.14447585032,-0.06066136982,0.01347989732,-0.00550951706,-0.01442177788,0.0178688558,0.1368640193,0.19071954044
3008,26,Nature,IGT,9.0,,,25.0,5.4,5.2,5.64,0.16655601862,-0.19165255714,0.2418374144799999,0.16443161084,0.21324492748,0.26453676804,7.48084623064,6.14447585032,-0.06066136982,0.01347989732,-0.00550951706,-0.01442177788,0.0178688558,0.1368640193,0.19071954044
3009,26,Nature,IGT,10.0,,,25.0,5.4,5.2,5.64,0.16655601862,-0.19165255714,0.2418374144799999,0.16443161084,0.21324492748,0.26453676804,7.48084623064,6.14447585032,-0.06066136982,0.01347989732,-0.00550951706,-0.01442177788,0.0178688558,0.1368640193,0.19071954044
3010,26,Nature,IGT,11.0,0.6,0.5,25.0,5.4,5.2,5.64,0.16655601862,-0.19165255714,0.2418374144799999,0.16443161084,0.21324492748,0.26453676804,7.48084623064,6.14447585032,-0.06066136982,0.01347989732,-0.00550951706,-0.01442177788,0.0178688558,0.1368640193,0.19071954044
3011,26,Nature,IGT,12.0,0.5,0.5,25.0,5.4,5.2,5.64,0.16655601862,-0.19165255714,0.2418374144799999,0.16443161084,0.21324492748,0.26453676804,7.48084623064,6.14447585032,-0.06066136982,0.01347989732,-0.00550951706,-0.01442177788,0.0178688558,0.1368640193,0.19071954044
3012,26,Nature,IGT,13.0,0.6,0.3,25.0,5.4,5.2,5.64,0.16655601862,-0.19165255714,0.2418374144799999,0.16443161084,0.21324492748,0.26453676804,7.48084623064,6.14447585032,-0.06066136982,0.01347989732,-0.00550951706,-0.01442177788,0.0178688558,0.1368640193,0.19071954044
3013,26,Nature,IGT,14.0,0.7,0.4,25.0,5.4,5.2,5.64,0.16655601862,-0.19165255714,0.2418374144799999,0.16443161084,0.21324492748,0.26453676804,7.48084623064,6.14447585032,-0.06066136982,0.01347989732,-0.00550951706,-0.01442177788,0.0178688558,0.1368640193,0.19071954044
3014,26,Nature,IGT,15.0,0.5,0.6,25.0,5.4,5.2,5.64,0.16655601862,-0.19165255714,0.2418374144799999,0.16443161084,0.21324492748,0.26453676804,7.48084623064,6.14447585032,-0.06066136982,0.01347989732,-0.00550951706,-0.01442177788,0.0178688558,0.1368640193,0.19071954044
3015,26,Nature,IGT,16.0,0.5,0.4,25.0,5.4,5.2,5.64,0.16655601862,-0.19165255714,0.2418374144799999,0.16443161084,0.21324492748,0.26453676804,7.48084623064,6.14447585032,-0.06066136982,0.01347989732,-0.00550951706,-0.01442177788,0.0178688558,0.1368640193,0.19071954044
3016,26,Nature,IGT,17.0,0.7,0.6,25.0,5.4,5.2,5.64,0.16655601862,-0.19165255714,0.2418374144799999,0.16443161084,0.21324492748,0.26453676804,7.48084623064,6.14447585032,-0.06066136982,0.01347989732,-0.00550951706,-0.01442177788,0.0178688558,0.1368640193,0.19071954044
3017,26,Nature,IGT,18.0,0.6,0.5,25.0,5.4,5.2,5.64,0.16655601862,-0.19165255714,0.2418374144799999,0.16443161084,0.21324492748,0.26453676804,7.48084623064,6.14447585032,-0.06066136982,0.01347989732,-0.00550951706,-0.01442177788,0.0178688558,0.1368640193,0.19071954044
3018,26,Nature,IGT,19.0,0.6,0.5,25.0,5.4,5.2,5.64,0.16655601862,-0.19165255714,0.2418374144799999,0.16443161084,0.21324492748,0.26453676804,7.48084623064,6.14447585032,-0.06066136982,0.01347989732,-0.00550951706,-0.01442177788,0.0178688558,0.1368640193,0.19071954044
3019,26,Nature,IGT,20.0,0.4,0.6,25.0,5.4,5.2,5.64,0.16655601862,-0.19165255714,0.2418374144799999,0.16443161084,0.21324492748,0.26453676804,7.48084623064,6.14447585032,-0.06066136982,0.01347989732,-0.00550951706,-0.01442177788,0.0178688558,0.1368640193,0.19071954044
3040,26,Urban,IGT,1.0,,,,,,,,,,,,,,,,,,,,,
3041,26,Urban,IGT,2.0,,,,,,,,,,,,,,,,,,,,,
3042,26,Urban,IGT,3.0,,,,,,,,,,,,,,,,,,,,,
3043,26,Urban,IGT,4.0,,,,,,,,,,,,,,,,,,,,,
3044,26,Urban,IGT,5.0,,,,,,,,,,,,,,,,,,,,,
3045,26,Urban,IGT,6.0,,,,,,,,,,,,,,,,,,,,,
3046,26,Urban,IGT,7.0,,,,,,,,,,,,,,,,,,,,,
3047,26,Urban,IGT,8.0,,,,,,,,,,,,,,,,,,,,,
3048,26,Urban,IGT,9.0,,,,,,,,,,,,,,,,,,,,,
3049,26,Urban,IGT,10.0,,,,,,,,,,,,,,,,,,,,,
3050,26,Urban,IGT,11.0,,,,,,,,,,,,,,,,,,,,,
3051,26,Urban,IGT,12.0,,,,,,,,,,,,,,,,,,,,,
3052,26,Urban,IGT,13.0,,,,,,,,,,,,,,,,,,,,,
3053,26,Urban,IGT,14.0,,,,,,,,,,,,,,,,,,,,,
3054,26,Urban,IGT,15.0,,,,,,,,,,,,,,,,,,,,,
3055,26,Urban,IGT,16.0,,,,,,,,,,,,,,,,,,,,,
3056,26,Urban,IGT,17.0,,,,,,,,,,,,,,,,,,,,,
3057,26,Urban,IGT,18.0,,,,,,,,,,,,,,,,,,,,,
3058,26,Urban,IGT,19.0,,,,,,,,,,,,,,,,,,,,,
3059,26,Urban,IGT,20.0,,,,,,,,,,,,,,,,,,,,,
3080,26,Control,IGT,1.0,,,,,,,,,,,,,,,,,,,,,
3081,26,Control,IGT,2.0,,,,,,,,,,,,,,,,,,,,,
3082,26,Control,IGT,3.0,,,,,,,,,,,,,,,,,,,,,
3083,26,Control,IGT,4.0,,,,,,,,,,,,,,,,,,,,,
3084,26,Control,IGT,5.0,,,,,,,,,,,,,,,,,,,,,
3085,26,Control,IGT,6.0,,,,,,,,,,,,,,,,,,,,,
3086,26,Control,IGT,7.0,,,,,,,,,,,,,,,,,,,,,
3087,26,Control,IGT,8.0,,,,,,,,,,,,,,,,,,,,,
3088,26,Control,IGT,9.0,,,,,,,,,,,,,,,,,,,,,
3089,26,Control,IGT,10.0,,,,,,,,,,,,,,,,,,,,,
3090,26,Control,IGT,11.0,,,,,,,,,,,,,,,,,,,,,
3091,26,Control,IGT,12.0,,,,,,,,,,,,,,,,,,,,,
3092,26,Control,IGT,13.0,,,,,,,,,,,,,,,,,,,,,
3093,26,Control,IGT,14.0,,,,,,,,,,,,,,,,,,,,,
3094,26,Control,IGT,15.0,,,,,,,,,,,,,,,,,,,,,
3095,26,Control,IGT,16.0,,,,,,,,,,,,,,,,,,,,,
3096,26,Control,IGT,17.0,,,,,,,,,,,,,,,,,,,,,
3097,26,Control,IGT,18.0,,,,,,,,,,,,,,,,,,,,,
3098,26,Control,IGT,19.0,,,,,,,,,,,,,,,,,,,,,
3099,26,Control,IGT,20.0,,,,,,,,,,,,,,,,,,,,,
3120,27,Nature,IGT,1.0,,,26.0,4.8,4.42,3.76,0.1643675732999999,-0.08544574406,0.23154635756,0.15975100404,0.213091134,0.27209353242,7.52047450638,6.23296765108,-0.062545947,0.01717309736,0.0002161448399999,-0.01153229934,0.0191957006,0.13493318608,0.18930296498
3121,27,Nature,IGT,2.0,,,26.0,4.8,4.42,3.76,0.1643675732999999,-0.08544574406,0.23154635756,0.15975100404,0.213091134,0.27209353242,7.52047450638,6.23296765108,-0.062545947,0.01717309736,0.0002161448399999,-0.01153229934,0.0191957006,0.13493318608,0.18930296498
3122,27,Nature,IGT,3.0,,,26.0,4.8,4.42,3.76,0.1643675732999999,-0.08544574406,0.23154635756,0.15975100404,0.213091134,0.27209353242,7.52047450638,6.23296765108,-0.062545947,0.01717309736,0.0002161448399999,-0.01153229934,0.0191957006,0.13493318608,0.18930296498
3123,27,Nature,IGT,4.0,,,26.0,4.8,4.42,3.76,0.1643675732999999,-0.08544574406,0.23154635756,0.15975100404,0.213091134,0.27209353242,7.52047450638,6.23296765108,-0.062545947,0.01717309736,0.0002161448399999,-0.01153229934,0.0191957006,0.13493318608,0.18930296498
3124,27,Nature,IGT,5.0,,,26.0,4.8,4.42,3.76,0.1643675732999999,-0.08544574406,0.23154635756,0.15975100404,0.213091134,0.27209353242,7.52047450638,6.23296765108,-0.062545947,0.01717309736,0.0002161448399999,-0.01153229934,0.0191957006,0.13493318608,0.18930296498
3125,27,Nature,IGT,6.0,,,26.0,4.8,4.42,3.76,0.1643675732999999,-0.08544574406,0.23154635756,0.15975100404,0.213091134,0.27209353242,7.52047450638,6.23296765108,-0.062545947,0.01717309736,0.0002161448399999,-0.01153229934,0.0191957006,0.13493318608,0.18930296498
3126,27,Nature,IGT,7.0,,,26.0,4.8,4.42,3.76,0.1643675732999999,-0.08544574406,0.23154635756,0.15975100404,0.213091134,0.27209353242,7.52047450638,6.23296765108,-0.062545947,0.01717309736,0.0002161448399999,-0.01153229934,0.0191957006,0.13493318608,0.18930296498
3127,27,Nature,IGT,8.0,,,26.0,4.8,4.42,3.76,0.1643675732999999,-0.08544574406,0.23154635756,0.15975100404,0.213091134,0.27209353242,7.52047450638,6.23296765108,-0.062545947,0.01717309736,0.0002161448399999,-0.01153229934,0.0191957006,0.13493318608,0.18930296498
3128,27,Nature,IGT,9.0,,,26.0,4.8,4.42,3.76,0.1643675732999999,-0.08544574406,0.23154635756,0.15975100404,0.213091134,0.27209353242,7.52047450638,6.23296765108,-0.062545947,0.01717309736,0.0002161448399999,-0.01153229934,0.0191957006,0.13493318608,0.18930296498
3129,27,Nature,IGT,10.0,,,26.0,4.8,4.42,3.76,0.1643675732999999,-0.08544574406,0.23154635756,0.15975100404,0.213091134,0.27209353242,7.52047450638,6.23296765108,-0.062545947,0.01717309736,0.0002161448399999,-0.01153229934,0.0191957006,0.13493318608,0.18930296498
3130,27,Nature,IGT,11.0,0.8,0.3,26.0,4.8,4.42,3.76,0.1643675732999999,-0.08544574406,0.23154635756,0.15975100404,0.213091134,0.27209353242,7.52047450638,6.23296765108,-0.062545947,0.01717309736,0.0002161448399999,-0.01153229934,0.0191957006,0.13493318608,0.18930296498
3131,27,Nature,IGT,12.0,0.2,0.4,26.0,4.8,4.42,3.76,0.1643675732999999,-0.08544574406,0.23154635756,0.15975100404,0.213091134,0.27209353242,7.52047450638,6.23296765108,-0.062545947,0.01717309736,0.0002161448399999,-0.01153229934,0.0191957006,0.13493318608,0.18930296498
3132,27,Nature,IGT,13.0,0.3,0.5,26.0,4.8,4.42,3.76,0.1643675732999999,-0.08544574406,0.23154635756,0.15975100404,0.213091134,0.27209353242,7.52047450638,6.23296765108,-0.062545947,0.01717309736,0.0002161448399999,-0.01153229934,0.0191957006,0.13493318608,0.18930296498
3133,27,Nature,IGT,14.0,0.5,0.3,26.0,4.8,4.42,3.76,0.1643675732999999,-0.08544574406,0.23154635756,0.15975100404,0.213091134,0.27209353242,7.52047450638,6.23296765108,-0.062545947,0.01717309736,0.0002161448399999,-0.01153229934,0.0191957006,0.13493318608,0.18930296498
3134,27,Nature,IGT,15.0,0.2,0.0,26.0,4.8,4.42,3.76,0.1643675732999999,-0.08544574406,0.23154635756,0.15975100404,0.213091134,0.27209353242,7.52047450638,6.23296765108,-0.062545947,0.01717309736,0.0002161448399999,-0.01153229934,0.0191957006,0.13493318608,0.18930296498
3135,27,Nature,IGT,16.0,0.0,0.7,26.0,4.8,4.42,3.76,0.1643675732999999,-0.08544574406,0.23154635756,0.15975100404,0.213091134,0.27209353242,7.52047450638,6.23296765108,-0.062545947,0.01717309736,0.0002161448399999,-0.01153229934,0.0191957006,0.13493318608,0.18930296498
3136,27,Nature,IGT,17.0,0.7,0.5,26.0,4.8,4.42,3.76,0.1643675732999999,-0.08544574406,0.23154635756,0.15975100404,0.213091134,0.27209353242,7.52047450638,6.23296765108,-0.062545947,0.01717309736,0.0002161448399999,-0.01153229934,0.0191957006,0.13493318608,0.18930296498
3137,27,Nature,IGT,18.0,0.7,0.4,26.0,4.8,4.42,3.76,0.1643675732999999,-0.08544574406,0.23154635756,0.15975100404,0.213091134,0.27209353242,7.52047450638,6.23296765108,-0.062545947,0.01717309736,0.0002161448399999,-0.01153229934,0.0191957006,0.13493318608,0.18930296498
3138,27,Nature,IGT,19.0,0.8,0.0,26.0,4.8,4.42,3.76,0.1643675732999999,-0.08544574406,0.23154635756,0.15975100404,0.213091134,0.27209353242,7.52047450638,6.23296765108,-0.062545947,0.01717309736,0.0002161448399999,-0.01153229934,0.0191957006,0.13493318608,0.18930296498
3139,27,Nature,IGT,20.0,0.1,0.6,26.0,4.8,4.42,3.76,0.1643675732999999,-0.08544574406,0.23154635756,0.15975100404,0.213091134,0.27209353242,7.52047450638,6.23296765108,-0.062545947,0.01717309736,0.0002161448399999,-0.01153229934,0.0191957006,0.13493318608,0.18930296498
3160,27,Urban,IGT,1.0,,,,,,,,,,,,,,,,,,,,,
3161,27,Urban,IGT,2.0,,,,,,,,,,,,,,,,,,,,,
3162,27,Urban,IGT,3.0,,,,,,,,,,,,,,,,,,,,,
3163,27,Urban,IGT,4.0,,,,,,,,,,,,,,,,,,,,,
3164,27,Urban,IGT,5.0,,,,,,,,,,,,,,,,,,,,,
3165,27,Urban,IGT,6.0,,,,,,,,,,,,,,,,,,,,,
3166,27,Urban,IGT,7.0,,,,,,,,,,,,,,,,,,,,,
3167,27,Urban,IGT,8.0,,,,,,,,,,,,,,,,,,,,,
3168,27,Urban,IGT,9.0,,,,,,,,,,,,,,,,,,,,,
3169,27,Urban,IGT,10.0,,,,,,,,,,,,,,,,,,,,,
3170,27,Urban,IGT,11.0,,,,,,,,,,,,,,,,,,,,,
3171,27,Urban,IGT,12.0,,,,,,,,,,,,,,,,,,,,,
3172,27,Urban,IGT,13.0,,,,,,,,,,,,,,,,,,,,,
3173,27,Urban,IGT,14.0,,,,,,,,,,,,,,,,,,,,,
3174,27,Urban,IGT,15.0,,,,,,,,,,,,,,,,,,,,,
3175,27,Urban,IGT,16.0,,,,,,,,,,,,,,,,,,,,,
3176,27,Urban,IGT,17.0,,,,,,,,,,,,,,,,,,,,,
3177,27,Urban,IGT,18.0,,,,,,,,,,,,,,,,,,,,,
3178,27,Urban,IGT,19.0,,,,,,,,,,,,,,,,,,,,,
3179,27,Urban,IGT,20.0,,,,,,,,,,,,,,,,,,,,,
3200,27,Control,IGT,1.0,,,,,,,,,,,,,,,,,,,,,
3201,27,Control,IGT,2.0,,,,,,,,,,,,,,,,,,,,,
3202,27,Control,IGT,3.0,,,,,,,,,,,,,,,,,,,,,
3203,27,Control,IGT,4.0,,,,,,,,,,,,,,,,,,,,,
3204,27,Control,IGT,5.0,,,,,,,,,,,,,,,,,,,,,
3205,27,Control,IGT,6.0,,,,,,,,,,,,,,,,,,,,,
3206,27,Control,IGT,7.0,,,,,,,,,,,,,,,,,,,,,
3207,27,Control,IGT,8.0,,,,,,,,,,,,,,,,,,,,,
3208,27,Control,IGT,9.0,,,,,,,,,,,,,,,,,,,,,
3209,27,Control,IGT,10.0,,,,,,,,,,,,,,,,,,,,,
3210,27,Control,IGT,11.0,,,,,,,,,,,,,,,,,,,,,
3211,27,Control,IGT,12.0,,,,,,,,,,,,,,,,,,,,,
3212,27,Control,IGT,13.0,,,,,,,,,,,,,,,,,,,,,
3213,27,Control,IGT,14.0,,,,,,,,,,,,,,,,,,,,,
3214,27,Control,IGT,15.0,,,,,,,,,,,,,,,,,,,,,
3215,27,Control,IGT,16.0,,,,,,,,,,,,,,,,,,,,,
3216,27,Control,IGT,17.0,,,,,,,,,,,,,,,,,,,,,
3217,27,Control,IGT,18.0,,,,,,,,,,,,,,,,,,,,,
3218,27,Control,IGT,19.0,,,,,,,,,,,,,,,,,,,,,
3219,27,Control,IGT,20.0,,,,,,,,,,,,,,,,,,,,,
3240,28,Nature,IGT,1.0,,,27.0,5.24,3.92,4.78,0.16134276784,-0.1703145328799999,0.2301605871599999,0.16077682228,0.21156808638,0.26564451542,7.52472866624,6.18405169,-0.05711107288,0.0065528021599999,-0.0119763155599999,-0.01959768898,0.0202533752,0.13983657464,0.18827114148
3241,28,Nature,IGT,2.0,,,27.0,5.24,3.92,4.78,0.16134276784,-0.1703145328799999,0.2301605871599999,0.16077682228,0.21156808638,0.26564451542,7.52472866624,6.18405169,-0.05711107288,0.0065528021599999,-0.0119763155599999,-0.01959768898,0.0202533752,0.13983657464,0.18827114148
3242,28,Nature,IGT,3.0,,,27.0,5.24,3.92,4.78,0.16134276784,-0.1703145328799999,0.2301605871599999,0.16077682228,0.21156808638,0.26564451542,7.52472866624,6.18405169,-0.05711107288,0.0065528021599999,-0.0119763155599999,-0.01959768898,0.0202533752,0.13983657464,0.18827114148
3243,28,Nature,IGT,4.0,,,27.0,5.24,3.92,4.78,0.16134276784,-0.1703145328799999,0.2301605871599999,0.16077682228,0.21156808638,0.26564451542,7.52472866624,6.18405169,-0.05711107288,0.0065528021599999,-0.0119763155599999,-0.01959768898,0.0202533752,0.13983657464,0.18827114148
3244,28,Nature,IGT,5.0,,,27.0,5.24,3.92,4.78,0.16134276784,-0.1703145328799999,0.2301605871599999,0.16077682228,0.21156808638,0.26564451542,7.52472866624,6.18405169,-0.05711107288,0.0065528021599999,-0.0119763155599999,-0.01959768898,0.0202533752,0.13983657464,0.18827114148
3245,28,Nature,IGT,6.0,,,27.0,5.24,3.92,4.78,0.16134276784,-0.1703145328799999,0.2301605871599999,0.16077682228,0.21156808638,0.26564451542,7.52472866624,6.18405169,-0.05711107288,0.0065528021599999,-0.0119763155599999,-0.01959768898,0.0202533752,0.13983657464,0.18827114148
3246,28,Nature,IGT,7.0,,,27.0,5.24,3.92,4.78,0.16134276784,-0.1703145328799999,0.2301605871599999,0.16077682228,0.21156808638,0.26564451542,7.52472866624,6.18405169,-0.05711107288,0.0065528021599999,-0.0119763155599999,-0.01959768898,0.0202533752,0.13983657464,0.18827114148
3247,28,Nature,IGT,8.0,,,27.0,5.24,3.92,4.78,0.16134276784,-0.1703145328799999,0.2301605871599999,0.16077682228,0.21156808638,0.26564451542,7.52472866624,6.18405169,-0.05711107288,0.0065528021599999,-0.0119763155599999,-0.01959768898,0.0202533752,0.13983657464,0.18827114148
3248,28,Nature,IGT,9.0,,,27.0,5.24,3.92,4.78,0.16134276784,-0.1703145328799999,0.2301605871599999,0.16077682228,0.21156808638,0.26564451542,7.52472866624,6.18405169,-0.05711107288,0.0065528021599999,-0.0119763155599999,-0.01959768898,0.0202533752,0.13983657464,0.18827114148
3249,28,Nature,IGT,10.0,,,27.0,5.24,3.92,4.78,0.16134276784,-0.1703145328799999,0.2301605871599999,0.16077682228,0.21156808638,0.26564451542,7.52472866624,6.18405169,-0.05711107288,0.0065528021599999,-0.0119763155599999,-0.01959768898,0.0202533752,0.13983657464,0.18827114148
3250,28,Nature,IGT,11.0,0.9,0.0,27.0,5.24,3.92,4.78,0.16134276784,-0.1703145328799999,0.2301605871599999,0.16077682228,0.21156808638,0.26564451542,7.52472866624,6.18405169,-0.05711107288,0.0065528021599999,-0.0119763155599999,-0.01959768898,0.0202533752,0.13983657464,0.18827114148
3251,28,Nature,IGT,12.0,0.4,0.4,27.0,5.24,3.92,4.78,0.16134276784,-0.1703145328799999,0.2301605871599999,0.16077682228,0.21156808638,0.26564451542,7.52472866624,6.18405169,-0.05711107288,0.0065528021599999,-0.0119763155599999,-0.01959768898,0.0202533752,0.13983657464,0.18827114148
3252,28,Nature,IGT,13.0,0.5,1.0,27.0,5.24,3.92,4.78,0.16134276784,-0.1703145328799999,0.2301605871599999,0.16077682228,0.21156808638,0.26564451542,7.52472866624,6.18405169,-0.05711107288,0.0065528021599999,-0.0119763155599999,-0.01959768898,0.0202533752,0.13983657464,0.18827114148
3253,28,Nature,IGT,14.0,0.1,1.0,27.0,5.24,3.92,4.78,0.16134276784,-0.1703145328799999,0.2301605871599999,0.16077682228,0.21156808638,0.26564451542,7.52472866624,6.18405169,-0.05711107288,0.0065528021599999,-0.0119763155599999,-0.01959768898,0.0202533752,0.13983657464,0.18827114148
3254,28,Nature,IGT,15.0,1.0,0.0,27.0,5.24,3.92,4.78,0.16134276784,-0.1703145328799999,0.2301605871599999,0.16077682228,0.21156808638,0.26564451542,7.52472866624,6.18405169,-0.05711107288,0.0065528021599999,-0.0119763155599999,-0.01959768898,0.0202533752,0.13983657464,0.18827114148
3255,28,Nature,IGT,16.0,1.0,0.0,27.0,5.24,3.92,4.78,0.16134276784,-0.1703145328799999,0.2301605871599999,0.16077682228,0.21156808638,0.26564451542,7.52472866624,6.18405169,-0.05711107288,0.0065528021599999,-0.0119763155599999,-0.01959768898,0.0202533752,0.13983657464,0.18827114148
3256,28,Nature,IGT,17.0,1.0,0.0,27.0,5.24,3.92,4.78,0.16134276784,-0.1703145328799999,0.2301605871599999,0.16077682228,0.21156808638,0.26564451542,7.52472866624,6.18405169,-0.05711107288,0.0065528021599999,-0.0119763155599999,-0.01959768898,0.0202533752,0.13983657464,0.18827114148
3257,28,Nature,IGT,18.0,1.0,0.0,27.0,5.24,3.92,4.78,0.16134276784,-0.1703145328799999,0.2301605871599999,0.16077682228,0.21156808638,0.26564451542,7.52472866624,6.18405169,-0.05711107288,0.0065528021599999,-0.0119763155599999,-0.01959768898,0.0202533752,0.13983657464,0.18827114148
3258,28,Nature,IGT,19.0,1.0,0.0,27.0,5.24,3.92,4.78,0.16134276784,-0.1703145328799999,0.2301605871599999,0.16077682228,0.21156808638,0.26564451542,7.52472866624,6.18405169,-0.05711107288,0.0065528021599999,-0.0119763155599999,-0.01959768898,0.0202533752,0.13983657464,0.18827114148
3259,28,Nature,IGT,20.0,1.0,0.0,27.0,5.24,3.92,4.78,0.16134276784,-0.1703145328799999,0.2301605871599999,0.16077682228,0.21156808638,0.26564451542,7.52472866624,6.18405169,-0.05711107288,0.0065528021599999,-0.0119763155599999,-0.01959768898,0.0202533752,0.13983657464,0.18827114148
3280,28,Urban,IGT,1.0,,,,,,,,,,,,,,,,,,,,,
3281,28,Urban,IGT,2.0,,,,,,,,,,,,,,,,,,,,,
3282,28,Urban,IGT,3.0,,,,,,,,,,,,,,,,,,,,,
3283,28,Urban,IGT,4.0,,,,,,,,,,,,,,,,,,,,,
3284,28,Urban,IGT,5.0,,,,,,,,,,,,,,,,,,,,,
3285,28,Urban,IGT,6.0,,,,,,,,,,,,,,,,,,,,,
3286,28,Urban,IGT,7.0,,,,,,,,,,,,,,,,,,,,,
3287,28,Urban,IGT,8.0,,,,,,,,,,,,,,,,,,,,,
3288,28,Urban,IGT,9.0,,,,,,,,,,,,,,,,,,,,,
3289,28,Urban,IGT,10.0,,,,,,,,,,,,,,,,,,,,,
3290,28,Urban,IGT,11.0,,,,,,,,,,,,,,,,,,,,,
3291,28,Urban,IGT,12.0,,,,,,,,,,,,,,,,,,,,,
3292,28,Urban,IGT,13.0,,,,,,,,,,,,,,,,,,,,,
3293,28,Urban,IGT,14.0,,,,,,,,,,,,,,,,,,,,,
3294,28,Urban,IGT,15.0,,,,,,,,,,,,,,,,,,,,,
3295,28,Urban,IGT,16.0,,,,,,,,,,,,,,,,,,,,,
3296,28,Urban,IGT,17.0,,,,,,,,,,,,,,,,,,,,,
3297,28,Urban,IGT,18.0,,,,,,,,,,,,,,,,,,,,,
3298,28,Urban,IGT,19.0,,,,,,,,,,,,,,,,,,,,,
3299,28,Urban,IGT,20.0,,,,,,,,,,,,,,,,,,,,,
3320,28,Control,IGT,1.0,,,,,,,,,,,,,,,,,,,,,
3321,28,Control,IGT,2.0,,,,,,,,,,,,,,,,,,,,,
3322,28,Control,IGT,3.0,,,,,,,,,,,,,,,,,,,,,
3323,28,Control,IGT,4.0,,,,,,,,,,,,,,,,,,,,,
3324,28,Control,IGT,5.0,,,,,,,,,,,,,,,,,,,,,
3325,28,Control,IGT,6.0,,,,,,,,,,,,,,,,,,,,,
3326,28,Control,IGT,7.0,,,,,,,,,,,,,,,,,,,,,
3327,28,Control,IGT,8.0,,,,,,,,,,,,,,,,,,,,,
3328,28,Control,IGT,9.0,,,,,,,,,,,,,,,,,,,,,
3329,28,Control,IGT,10.0,,,,,,,,,,,,,,,,,,,,,
3330,28,Control,IGT,11.0,,,,,,,,,,,,,,,,,,,,,
3331,28,Control,IGT,12.0,,,,,,,,,,,,,,,,,,,,,
3332,28,Control,IGT,13.0,,,,,,,,,,,,,,,,,,,,,
3333,28,Control,IGT,14.0,,,,,,,,,,,,,,,,,,,,,
3334,28,Control,IGT,15.0,,,,,,,,,,,,,,,,,,,,,
3335,28,Control,IGT,16.0,,,,,,,,,,,,,,,,,,,,,
3336,28,Control,IGT,17.0,,,,,,,,,,,,,,,,,,,,,
3337,28,Control,IGT,18.0,,,,,,,,,,,,,,,,,,,,,
3338,28,Control,IGT,19.0,,,,,,,,,,,,,,,,,,,,,
3339,28,Control,IGT,20.0,,,,,,,,,,,,,,,,,,,,,
3360,29,Nature,IGT,1.0,,,28.0,4.68,4.54,4.26,0.14383440194,-0.0900226408799999,0.23085147588,0.16086598008,0.2147138343,0.26546888834,7.477539671460001,6.3092454234,-0.06225228894,0.01830833128,-0.00046874706,-0.01798502514,0.01924845336,0.14021171052,0.1944268734199999
3361,29,Nature,IGT,2.0,,,28.0,4.68,4.54,4.26,0.14383440194,-0.0900226408799999,0.23085147588,0.16086598008,0.2147138343,0.26546888834,7.477539671460001,6.3092454234,-0.06225228894,0.01830833128,-0.00046874706,-0.01798502514,0.01924845336,0.14021171052,0.1944268734199999
3362,29,Nature,IGT,3.0,,,28.0,4.68,4.54,4.26,0.14383440194,-0.0900226408799999,0.23085147588,0.16086598008,0.2147138343,0.26546888834,7.477539671460001,6.3092454234,-0.06225228894,0.01830833128,-0.00046874706,-0.01798502514,0.01924845336,0.14021171052,0.1944268734199999
3363,29,Nature,IGT,4.0,,,28.0,4.68,4.54,4.26,0.14383440194,-0.0900226408799999,0.23085147588,0.16086598008,0.2147138343,0.26546888834,7.477539671460001,6.3092454234,-0.06225228894,0.01830833128,-0.00046874706,-0.01798502514,0.01924845336,0.14021171052,0.1944268734199999
3364,29,Nature,IGT,5.0,,,28.0,4.68,4.54,4.26,0.14383440194,-0.0900226408799999,0.23085147588,0.16086598008,0.2147138343,0.26546888834,7.477539671460001,6.3092454234,-0.06225228894,0.01830833128,-0.00046874706,-0.01798502514,0.01924845336,0.14021171052,0.1944268734199999
3365,29,Nature,IGT,6.0,,,28.0,4.68,4.54,4.26,0.14383440194,-0.0900226408799999,0.23085147588,0.16086598008,0.2147138343,0.26546888834,7.477539671460001,6.3092454234,-0.06225228894,0.01830833128,-0.00046874706,-0.01798502514,0.01924845336,0.14021171052,0.1944268734199999
3366,29,Nature,IGT,7.0,,,28.0,4.68,4.54,4.26,0.14383440194,-0.0900226408799999,0.23085147588,0.16086598008,0.2147138343,0.26546888834,7.477539671460001,6.3092454234,-0.06225228894,0.01830833128,-0.00046874706,-0.01798502514,0.01924845336,0.14021171052,0.1944268734199999
3367,29,Nature,IGT,8.0,,,28.0,4.68,4.54,4.26,0.14383440194,-0.0900226408799999,0.23085147588,0.16086598008,0.2147138343,0.26546888834,7.477539671460001,6.3092454234,-0.06225228894,0.01830833128,-0.00046874706,-0.01798502514,0.01924845336,0.14021171052,0.1944268734199999
3368,29,Nature,IGT,9.0,,,28.0,4.68,4.54,4.26,0.14383440194,-0.0900226408799999,0.23085147588,0.16086598008,0.2147138343,0.26546888834,7.477539671460001,6.3092454234,-0.06225228894,0.01830833128,-0.00046874706,-0.01798502514,0.01924845336,0.14021171052,0.1944268734199999
3369,29,Nature,IGT,10.0,,,28.0,4.68,4.54,4.26,0.14383440194,-0.0900226408799999,0.23085147588,0.16086598008,0.2147138343,0.26546888834,7.477539671460001,6.3092454234,-0.06225228894,0.01830833128,-0.00046874706,-0.01798502514,0.01924845336,0.14021171052,0.1944268734199999
3370,29,Nature,IGT,11.0,0.4,0.5,28.0,4.68,4.54,4.26,0.14383440194,-0.0900226408799999,0.23085147588,0.16086598008,0.2147138343,0.26546888834,7.477539671460001,6.3092454234,-0.06225228894,0.01830833128,-0.00046874706,-0.01798502514,0.01924845336,0.14021171052,0.1944268734199999
3371,29,Nature,IGT,12.0,0.5,0.6,28.0,4.68,4.54,4.26,0.14383440194,-0.0900226408799999,0.23085147588,0.16086598008,0.2147138343,0.26546888834,7.477539671460001,6.3092454234,-0.06225228894,0.01830833128,-0.00046874706,-0.01798502514,0.01924845336,0.14021171052,0.1944268734199999
3372,29,Nature,IGT,13.0,0.5,0.4,28.0,4.68,4.54,4.26,0.14383440194,-0.0900226408799999,0.23085147588,0.16086598008,0.2147138343,0.26546888834,7.477539671460001,6.3092454234,-0.06225228894,0.01830833128,-0.00046874706,-0.01798502514,0.01924845336,0.14021171052,0.1944268734199999
3373,29,Nature,IGT,14.0,0.5,0.6,28.0,4.68,4.54,4.26,0.14383440194,-0.0900226408799999,0.23085147588,0.16086598008,0.2147138343,0.26546888834,7.477539671460001,6.3092454234,-0.06225228894,0.01830833128,-0.00046874706,-0.01798502514,0.01924845336,0.14021171052,0.1944268734199999
3374,29,Nature,IGT,15.0,0.5,0.5,28.0,4.68,4.54,4.26,0.14383440194,-0.0900226408799999,0.23085147588,0.16086598008,0.2147138343,0.26546888834,7.477539671460001,6.3092454234,-0.06225228894,0.01830833128,-0.00046874706,-0.01798502514,0.01924845336,0.14021171052,0.1944268734199999
3375,29,Nature,IGT,16.0,0.6,0.6,28.0,4.68,4.54,4.26,0.14383440194,-0.0900226408799999,0.23085147588,0.16086598008,0.2147138343,0.26546888834,7.477539671460001,6.3092454234,-0.06225228894,0.01830833128,-0.00046874706,-0.01798502514,0.01924845336,0.14021171052,0.1944268734199999
3376,29,Nature,IGT,17.0,0.5,0.6,28.0,4.68,4.54,4.26,0.14383440194,-0.0900226408799999,0.23085147588,0.16086598008,0.2147138343,0.26546888834,7.477539671460001,6.3092454234,-0.06225228894,0.01830833128,-0.00046874706,-0.01798502514,0.01924845336,0.14021171052,0.1944268734199999
3377,29,Nature,IGT,18.0,0.4,0.4,28.0,4.68,4.54,4.26,0.14383440194,-0.0900226408799999,0.23085147588,0.16086598008,0.2147138343,0.26546888834,7.477539671460001,6.3092454234,-0.06225228894,0.01830833128,-0.00046874706,-0.01798502514,0.01924845336,0.14021171052,0.1944268734199999
3378,29,Nature,IGT,19.0,0.4,0.5,28.0,4.68,4.54,4.26,0.14383440194,-0.0900226408799999,0.23085147588,0.16086598008,0.2147138343,0.26546888834,7.477539671460001,6.3092454234,-0.06225228894,0.01830833128,-0.00046874706,-0.01798502514,0.01924845336,0.14021171052,0.1944268734199999
3379,29,Nature,IGT,20.0,0.5,0.4,28.0,4.68,4.54,4.26,0.14383440194,-0.0900226408799999,0.23085147588,0.16086598008,0.2147138343,0.26546888834,7.477539671460001,6.3092454234,-0.06225228894,0.01830833128,-0.00046874706,-0.01798502514,0.01924845336,0.14021171052,0.1944268734199999
3400,29,Urban,IGT,1.0,,,,,,,,,,,,,,,,,,,,,
3401,29,Urban,IGT,2.0,,,,,,,,,,,,,,,,,,,,,
3402,29,Urban,IGT,3.0,,,,,,,,,,,,,,,,,,,,,
3403,29,Urban,IGT,4.0,,,,,,,,,,,,,,,,,,,,,
3404,29,Urban,IGT,5.0,,,,,,,,,,,,,,,,,,,,,
3405,29,Urban,IGT,6.0,,,,,,,,,,,,,,,,,,,,,
3406,29,Urban,IGT,7.0,,,,,,,,,,,,,,,,,,,,,
3407,29,Urban,IGT,8.0,,,,,,,,,,,,,,,,,,,,,
3408,29,Urban,IGT,9.0,,,,,,,,,,,,,,,,,,,,,
3409,29,Urban,IGT,10.0,,,,,,,,,,,,,,,,,,,,,
3410,29,Urban,IGT,11.0,,,,,,,,,,,,,,,,,,,,,
3411,29,Urban,IGT,12.0,,,,,,,,,,,,,,,,,,,,,
3412,29,Urban,IGT,13.0,,,,,,,,,,,,,,,,,,,,,
3413,29,Urban,IGT,14.0,,,,,,,,,,,,,,,,,,,,,
3414,29,Urban,IGT,15.0,,,,,,,,,,,,,,,,,,,,,
3415,29,Urban,IGT,16.0,,,,,,,,,,,,,,,,,,,,,
3416,29,Urban,IGT,17.0,,,,,,,,,,,,,,,,,,,,,
3417,29,Urban,IGT,18.0,,,,,,,,,,,,,,,,,,,,,
3418,29,Urban,IGT,19.0,,,,,,,,,,,,,,,,,,,,,
3419,29,Urban,IGT,20.0,,,,,,,,,,,,,,,,,,,,,
3440,29,Control,IGT,1.0,,,,,,,,,,,,,,,,,,,,,
3441,29,Control,IGT,2.0,,,,,,,,,,,,,,,,,,,,,
3442,29,Control,IGT,3.0,,,,,,,,,,,,,,,,,,,,,
3443,29,Control,IGT,4.0,,,,,,,,,,,,,,,,,,,,,
3444,29,Control,IGT,5.0,,,,,,,,,,,,,,,,,,,,,
3445,29,Control,IGT,6.0,,,,,,,,,,,,,,,,,,,,,
3446,29,Control,IGT,7.0,,,,,,,,,,,,,,,,,,,,,
3447,29,Control,IGT,8.0,,,,,,,,,,,,,,,,,,,,,
3448,29,Control,IGT,9.0,,,,,,,,,,,,,,,,,,,,,
3449,29,Control,IGT,10.0,,,,,,,,,,,,,,,,,,,,,
3450,29,Control,IGT,11.0,,,,,,,,,,,,,,,,,,,,,
3451,29,Control,IGT,12.0,,,,,,,,,,,,,,,,,,,,,
3452,29,Control,IGT,13.0,,,,,,,,,,,,,,,,,,,,,
3453,29,Control,IGT,14.0,,,,,,,,,,,,,,,,,,,,,
3454,29,Control,IGT,15.0,,,,,,,,,,,,,,,,,,,,,
3455,29,Control,IGT,16.0,,,,,,,,,,,,,,,,,,,,,
3456,29,Control,IGT,17.0,,,,,,,,,,,,,,,,,,,,,
3457,29,Control,IGT,18.0,,,,,,,,,,,,,,,,,,,,,
3458,29,Control,IGT,19.0,,,,,,,,,,,,,,,,,,,,,
3459,29,Control,IGT,20.0,,,,,,,,,,,,,,,,,,,,,
3480,30,Nature,IGT,1.0,,,,,,,,,,,,,,,,,,,,,
3481,30,Nature,IGT,2.0,,,,,,,,,,,,,,,,,,,,,
3482,30,Nature,IGT,3.0,,,,,,,,,,,,,,,,,,,,,
3483,30,Nature,IGT,4.0,,,,,,,,,,,,,,,,,,,,,
3484,30,Nature,IGT,5.0,,,,,,,,,,,,,,,,,,,,,
3485,30,Nature,IGT,6.0,,,,,,,,,,,,,,,,,,,,,
3486,30,Nature,IGT,7.0,,,,,,,,,,,,,,,,,,,,,
3487,30,Nature,IGT,8.0,,,,,,,,,,,,,,,,,,,,,
3488,30,Nature,IGT,9.0,,,,,,,,,,,,,,,,,,,,,
3489,30,Nature,IGT,10.0,,,,,,,,,,,,,,,,,,,,,
3490,30,Nature,IGT,11.0,,,,,,,,,,,,,,,,,,,,,
3491,30,Nature,IGT,12.0,,,,,,,,,,,,,,,,,,,,,
3492,30,Nature,IGT,13.0,,,,,,,,,,,,,,,,,,,,,
3493,30,Nature,IGT,14.0,,,,,,,,,,,,,,,,,,,,,
3494,30,Nature,IGT,15.0,,,,,,,,,,,,,,,,,,,,,
3495,30,Nature,IGT,16.0,,,,,,,,,,,,,,,,,,,,,
3496,30,Nature,IGT,17.0,,,,,,,,,,,,,,,,,,,,,
3497,30,Nature,IGT,18.0,,,,,,,,,,,,,,,,,,,,,
3498,30,Nature,IGT,19.0,,,,,,,,,,,,,,,,,,,,,
3499,30,Nature,IGT,20.0,,,,,,,,,,,,,,,,,,,,,
3520,30,Urban,IGT,1.0,,,29.0,2.66,5.1,3.6,0.21988109376,0.26083193746,0.15695451646,0.23155425916,0.1616666049199999,0.25880514626,7.4037838245,1.62326035386,-0.0576408785,-0.01763797616,0.00995069118,0.02179310918,0.07151641358,0.10428777752,0.0960526912799999
3521,30,Urban,IGT,2.0,,,29.0,2.66,5.1,3.6,0.21988109376,0.26083193746,0.15695451646,0.23155425916,0.1616666049199999,0.25880514626,7.4037838245,1.62326035386,-0.0576408785,-0.01763797616,0.00995069118,0.02179310918,0.07151641358,0.10428777752,0.0960526912799999
3522,30,Urban,IGT,3.0,,,29.0,2.66,5.1,3.6,0.21988109376,0.26083193746,0.15695451646,0.23155425916,0.1616666049199999,0.25880514626,7.4037838245,1.62326035386,-0.0576408785,-0.01763797616,0.00995069118,0.02179310918,0.07151641358,0.10428777752,0.0960526912799999
3523,30,Urban,IGT,4.0,,,29.0,2.66,5.1,3.6,0.21988109376,0.26083193746,0.15695451646,0.23155425916,0.1616666049199999,0.25880514626,7.4037838245,1.62326035386,-0.0576408785,-0.01763797616,0.00995069118,0.02179310918,0.07151641358,0.10428777752,0.0960526912799999
3524,30,Urban,IGT,5.0,,,29.0,2.66,5.1,3.6,0.21988109376,0.26083193746,0.15695451646,0.23155425916,0.1616666049199999,0.25880514626,7.4037838245,1.62326035386,-0.0576408785,-0.01763797616,0.00995069118,0.02179310918,0.07151641358,0.10428777752,0.0960526912799999
3525,30,Urban,IGT,6.0,,,29.0,2.66,5.1,3.6,0.21988109376,0.26083193746,0.15695451646,0.23155425916,0.1616666049199999,0.25880514626,7.4037838245,1.62326035386,-0.0576408785,-0.01763797616,0.00995069118,0.02179310918,0.07151641358,0.10428777752,0.0960526912799999
3526,30,Urban,IGT,7.0,,,29.0,2.66,5.1,3.6,0.21988109376,0.26083193746,0.15695451646,0.23155425916,0.1616666049199999,0.25880514626,7.4037838245,1.62326035386,-0.0576408785,-0.01763797616,0.00995069118,0.02179310918,0.07151641358,0.10428777752,0.0960526912799999
3527,30,Urban,IGT,8.0,,,29.0,2.66,5.1,3.6,0.21988109376,0.26083193746,0.15695451646,0.23155425916,0.1616666049199999,0.25880514626,7.4037838245,1.62326035386,-0.0576408785,-0.01763797616,0.00995069118,0.02179310918,0.07151641358,0.10428777752,0.0960526912799999
3528,30,Urban,IGT,9.0,,,29.0,2.66,5.1,3.6,0.21988109376,0.26083193746,0.15695451646,0.23155425916,0.1616666049199999,0.25880514626,7.4037838245,1.62326035386,-0.0576408785,-0.01763797616,0.00995069118,0.02179310918,0.07151641358,0.10428777752,0.0960526912799999
3529,30,Urban,IGT,10.0,,,29.0,2.66,5.1,3.6,0.21988109376,0.26083193746,0.15695451646,0.23155425916,0.1616666049199999,0.25880514626,7.4037838245,1.62326035386,-0.0576408785,-0.01763797616,0.00995069118,0.02179310918,0.07151641358,0.10428777752,0.0960526912799999
3530,30,Urban,IGT,11.0,0.8,0.2,29.0,2.66,5.1,3.6,0.21988109376,0.26083193746,0.15695451646,0.23155425916,0.1616666049199999,0.25880514626,7.4037838245,1.62326035386,-0.0576408785,-0.01763797616,0.00995069118,0.02179310918,0.07151641358,0.10428777752,0.0960526912799999
3531,30,Urban,IGT,12.0,0.0,0.8,29.0,2.66,5.1,3.6,0.21988109376,0.26083193746,0.15695451646,0.23155425916,0.1616666049199999,0.25880514626,7.4037838245,1.62326035386,-0.0576408785,-0.01763797616,0.00995069118,0.02179310918,0.07151641358,0.10428777752,0.0960526912799999
3532,30,Urban,IGT,13.0,0.6,0.6,29.0,2.66,5.1,3.6,0.21988109376,0.26083193746,0.15695451646,0.23155425916,0.1616666049199999,0.25880514626,7.4037838245,1.62326035386,-0.0576408785,-0.01763797616,0.00995069118,0.02179310918,0.07151641358,0.10428777752,0.0960526912799999
3533,30,Urban,IGT,14.0,1.0,0.4,29.0,2.66,5.1,3.6,0.21988109376,0.26083193746,0.15695451646,0.23155425916,0.1616666049199999,0.25880514626,7.4037838245,1.62326035386,-0.0576408785,-0.01763797616,0.00995069118,0.02179310918,0.07151641358,0.10428777752,0.0960526912799999
3534,30,Urban,IGT,15.0,1.0,0.0,29.0,2.66,5.1,3.6,0.21988109376,0.26083193746,0.15695451646,0.23155425916,0.1616666049199999,0.25880514626,7.4037838245,1.62326035386,-0.0576408785,-0.01763797616,0.00995069118,0.02179310918,0.07151641358,0.10428777752,0.0960526912799999
3535,30,Urban,IGT,16.0,1.0,0.0,29.0,2.66,5.1,3.6,0.21988109376,0.26083193746,0.15695451646,0.23155425916,0.1616666049199999,0.25880514626,7.4037838245,1.62326035386,-0.0576408785,-0.01763797616,0.00995069118,0.02179310918,0.07151641358,0.10428777752,0.0960526912799999
3536,30,Urban,IGT,17.0,1.0,0.0,29.0,2.66,5.1,3.6,0.21988109376,0.26083193746,0.15695451646,0.23155425916,0.1616666049199999,0.25880514626,7.4037838245,1.62326035386,-0.0576408785,-0.01763797616,0.00995069118,0.02179310918,0.07151641358,0.10428777752,0.0960526912799999
3537,30,Urban,IGT,18.0,1.0,0.0,29.0,2.66,5.1,3.6,0.21988109376,0.26083193746,0.15695451646,0.23155425916,0.1616666049199999,0.25880514626,7.4037838245,1.62326035386,-0.0576408785,-0.01763797616,0.00995069118,0.02179310918,0.07151641358,0.10428777752,0.0960526912799999
3538,30,Urban,IGT,19.0,1.0,0.0,29.0,2.66,5.1,3.6,0.21988109376,0.26083193746,0.15695451646,0.23155425916,0.1616666049199999,0.25880514626,7.4037838245,1.62326035386,-0.0576408785,-0.01763797616,0.00995069118,0.02179310918,0.07151641358,0.10428777752,0.0960526912799999
3539,30,Urban,IGT,20.0,1.0,0.0,29.0,2.66,5.1,3.6,0.21988109376,0.26083193746,0.15695451646,0.23155425916,0.1616666049199999,0.25880514626,7.4037838245,1.62326035386,-0.0576408785,-0.01763797616,0.00995069118,0.02179310918,0.07151641358,0.10428777752,0.0960526912799999
3560,30,Control,IGT,1.0,,,,,,,,,,,,,,,,,,,,,
3561,30,Control,IGT,2.0,,,,,,,,,,,,,,,,,,,,,
3562,30,Control,IGT,3.0,,,,,,,,,,,,,,,,,,,,,
3563,30,Control,IGT,4.0,,,,,,,,,,,,,,,,,,,,,
3564,30,Control,IGT,5.0,,,,,,,,,,,,,,,,,,,,,
3565,30,Control,IGT,6.0,,,,,,,,,,,,,,,,,,,,,
3566,30,Control,IGT,7.0,,,,,,,,,,,,,,,,,,,,,
3567,30,Control,IGT,8.0,,,,,,,,,,,,,,,,,,,,,
3568,30,Control,IGT,9.0,,,,,,,,,,,,,,,,,,,,,
3569,30,Control,IGT,10.0,,,,,,,,,,,,,,,,,,,,,
3570,30,Control,IGT,11.0,,,,,,,,,,,,,,,,,,,,,
3571,30,Control,IGT,12.0,,,,,,,,,,,,,,,,,,,,,
3572,30,Control,IGT,13.0,,,,,,,,,,,,,,,,,,,,,
3573,30,Control,IGT,14.0,,,,,,,,,,,,,,,,,,,,,
3574,30,Control,IGT,15.0,,,,,,,,,,,,,,,,,,,,,
3575,30,Control,IGT,16.0,,,,,,,,,,,,,,,,,,,,,
3576,30,Control,IGT,17.0,,,,,,,,,,,,,,,,,,,,,
3577,30,Control,IGT,18.0,,,,,,,,,,,,,,,,,,,,,
3578,30,Control,IGT,19.0,,,,,,,,,,,,,,,,,,,,,
3579,30,Control,IGT,20.0,,,,,,,,,,,,,,,,,,,,,
3600,31,Nature,IGT,1.0,,,,,,,,,,,,,,,,,,,,,
3601,31,Nature,IGT,2.0,,,,,,,,,,,,,,,,,,,,,
3602,31,Nature,IGT,3.0,,,,,,,,,,,,,,,,,,,,,
3603,31,Nature,IGT,4.0,,,,,,,,,,,,,,,,,,,,,
3604,31,Nature,IGT,5.0,,,,,,,,,,,,,,,,,,,,,
3605,31,Nature,IGT,6.0,,,,,,,,,,,,,,,,,,,,,
3606,31,Nature,IGT,7.0,,,,,,,,,,,,,,,,,,,,,
3607,31,Nature,IGT,8.0,,,,,,,,,,,,,,,,,,,,,
3608,31,Nature,IGT,9.0,,,,,,,,,,,,,,,,,,,,,
3609,31,Nature,IGT,10.0,,,,,,,,,,,,,,,,,,,,,
3610,31,Nature,IGT,11.0,,,,,,,,,,,,,,,,,,,,,
3611,31,Nature,IGT,12.0,,,,,,,,,,,,,,,,,,,,,
3612,31,Nature,IGT,13.0,,,,,,,,,,,,,,,,,,,,,
3613,31,Nature,IGT,14.0,,,,,,,,,,,,,,,,,,,,,
3614,31,Nature,IGT,15.0,,,,,,,,,,,,,,,,,,,,,
3615,31,Nature,IGT,16.0,,,,,,,,,,,,,,,,,,,,,
3616,31,Nature,IGT,17.0,,,,,,,,,,,,,,,,,,,,,
3617,31,Nature,IGT,18.0,,,,,,,,,,,,,,,,,,,,,
3618,31,Nature,IGT,19.0,,,,,,,,,,,,,,,,,,,,,
3619,31,Nature,IGT,20.0,,,,,,,,,,,,,,,,,,,,,
3640,31,Urban,IGT,1.0,,,30.0,1.98,4.22,4.08,0.22956444286,0.1302034346999999,0.16482217046,0.22213531106,0.1637868428799999,0.2607610193,7.4015474622,1.6083957884,-0.05811377374,-0.02180643986,0.00633331312,0.02053089078,0.0721500509799999,0.1049052046,0.10067603942
3641,31,Urban,IGT,2.0,,,30.0,1.98,4.22,4.08,0.22956444286,0.1302034346999999,0.16482217046,0.22213531106,0.1637868428799999,0.2607610193,7.4015474622,1.6083957884,-0.05811377374,-0.02180643986,0.00633331312,0.02053089078,0.0721500509799999,0.1049052046,0.10067603942
3642,31,Urban,IGT,3.0,,,30.0,1.98,4.22,4.08,0.22956444286,0.1302034346999999,0.16482217046,0.22213531106,0.1637868428799999,0.2607610193,7.4015474622,1.6083957884,-0.05811377374,-0.02180643986,0.00633331312,0.02053089078,0.0721500509799999,0.1049052046,0.10067603942
3643,31,Urban,IGT,4.0,,,30.0,1.98,4.22,4.08,0.22956444286,0.1302034346999999,0.16482217046,0.22213531106,0.1637868428799999,0.2607610193,7.4015474622,1.6083957884,-0.05811377374,-0.02180643986,0.00633331312,0.02053089078,0.0721500509799999,0.1049052046,0.10067603942
3644,31,Urban,IGT,5.0,,,30.0,1.98,4.22,4.08,0.22956444286,0.1302034346999999,0.16482217046,0.22213531106,0.1637868428799999,0.2607610193,7.4015474622,1.6083957884,-0.05811377374,-0.02180643986,0.00633331312,0.02053089078,0.0721500509799999,0.1049052046,0.10067603942
3645,31,Urban,IGT,6.0,,,30.0,1.98,4.22,4.08,0.22956444286,0.1302034346999999,0.16482217046,0.22213531106,0.1637868428799999,0.2607610193,7.4015474622,1.6083957884,-0.05811377374,-0.02180643986,0.00633331312,0.02053089078,0.0721500509799999,0.1049052046,0.10067603942
3646,31,Urban,IGT,7.0,,,30.0,1.98,4.22,4.08,0.22956444286,0.1302034346999999,0.16482217046,0.22213531106,0.1637868428799999,0.2607610193,7.4015474622,1.6083957884,-0.05811377374,-0.02180643986,0.00633331312,0.02053089078,0.0721500509799999,0.1049052046,0.10067603942
3647,31,Urban,IGT,8.0,,,30.0,1.98,4.22,4.08,0.22956444286,0.1302034346999999,0.16482217046,0.22213531106,0.1637868428799999,0.2607610193,7.4015474622,1.6083957884,-0.05811377374,-0.02180643986,0.00633331312,0.02053089078,0.0721500509799999,0.1049052046,0.10067603942
3648,31,Urban,IGT,9.0,,,30.0,1.98,4.22,4.08,0.22956444286,0.1302034346999999,0.16482217046,0.22213531106,0.1637868428799999,0.2607610193,7.4015474622,1.6083957884,-0.05811377374,-0.02180643986,0.00633331312,0.02053089078,0.0721500509799999,0.1049052046,0.10067603942
3649,31,Urban,IGT,10.0,,,30.0,1.98,4.22,4.08,0.22956444286,0.1302034346999999,0.16482217046,0.22213531106,0.1637868428799999,0.2607610193,7.4015474622,1.6083957884,-0.05811377374,-0.02180643986,0.00633331312,0.02053089078,0.0721500509799999,0.1049052046,0.10067603942
3650,31,Urban,IGT,11.0,0.3,0.3,30.0,1.98,4.22,4.08,0.22956444286,0.1302034346999999,0.16482217046,0.22213531106,0.1637868428799999,0.2607610193,7.4015474622,1.6083957884,-0.05811377374,-0.02180643986,0.00633331312,0.02053089078,0.0721500509799999,0.1049052046,0.10067603942
3651,31,Urban,IGT,12.0,0.5,0.5,30.0,1.98,4.22,4.08,0.22956444286,0.1302034346999999,0.16482217046,0.22213531106,0.1637868428799999,0.2607610193,7.4015474622,1.6083957884,-0.05811377374,-0.02180643986,0.00633331312,0.02053089078,0.0721500509799999,0.1049052046,0.10067603942
3652,31,Urban,IGT,13.0,0.3,0.0,30.0,1.98,4.22,4.08,0.22956444286,0.1302034346999999,0.16482217046,0.22213531106,0.1637868428799999,0.2607610193,7.4015474622,1.6083957884,-0.05811377374,-0.02180643986,0.00633331312,0.02053089078,0.0721500509799999,0.1049052046,0.10067603942
3653,31,Urban,IGT,14.0,0.8,0.2,30.0,1.98,4.22,4.08,0.22956444286,0.1302034346999999,0.16482217046,0.22213531106,0.1637868428799999,0.2607610193,7.4015474622,1.6083957884,-0.05811377374,-0.02180643986,0.00633331312,0.02053089078,0.0721500509799999,0.1049052046,0.10067603942
3654,31,Urban,IGT,15.0,0.6,0.8,30.0,1.98,4.22,4.08,0.22956444286,0.1302034346999999,0.16482217046,0.22213531106,0.1637868428799999,0.2607610193,7.4015474622,1.6083957884,-0.05811377374,-0.02180643986,0.00633331312,0.02053089078,0.0721500509799999,0.1049052046,0.10067603942
3655,31,Urban,IGT,16.0,0.3,0.2,30.0,1.98,4.22,4.08,0.22956444286,0.1302034346999999,0.16482217046,0.22213531106,0.1637868428799999,0.2607610193,7.4015474622,1.6083957884,-0.05811377374,-0.02180643986,0.00633331312,0.02053089078,0.0721500509799999,0.1049052046,0.10067603942
3656,31,Urban,IGT,17.0,0.5,0.2,30.0,1.98,4.22,4.08,0.22956444286,0.1302034346999999,0.16482217046,0.22213531106,0.1637868428799999,0.2607610193,7.4015474622,1.6083957884,-0.05811377374,-0.02180643986,0.00633331312,0.02053089078,0.0721500509799999,0.1049052046,0.10067603942
3657,31,Urban,IGT,18.0,0.5,0.4,30.0,1.98,4.22,4.08,0.22956444286,0.1302034346999999,0.16482217046,0.22213531106,0.1637868428799999,0.2607610193,7.4015474622,1.6083957884,-0.05811377374,-0.02180643986,0.00633331312,0.02053089078,0.0721500509799999,0.1049052046,0.10067603942
3658,31,Urban,IGT,19.0,1.0,0.0,30.0,1.98,4.22,4.08,0.22956444286,0.1302034346999999,0.16482217046,0.22213531106,0.1637868428799999,0.2607610193,7.4015474622,1.6083957884,-0.05811377374,-0.02180643986,0.00633331312,0.02053089078,0.0721500509799999,0.1049052046,0.10067603942
3659,31,Urban,IGT,20.0,1.0,0.0,30.0,1.98,4.22,4.08,0.22956444286,0.1302034346999999,0.16482217046,0.22213531106,0.1637868428799999,0.2607610193,7.4015474622,1.6083957884,-0.05811377374,-0.02180643986,0.00633331312,0.02053089078,0.0721500509799999,0.1049052046,0.10067603942
3680,31,Control,IGT,1.0,,,,,,,,,,,,,,,,,,,,,
3681,31,Control,IGT,2.0,,,,,,,,,,,,,,,,,,,,,
3682,31,Control,IGT,3.0,,,,,,,,,,,,,,,,,,,,,
3683,31,Control,IGT,4.0,,,,,,,,,,,,,,,,,,,,,
3684,31,Control,IGT,5.0,,,,,,,,,,,,,,,,,,,,,
3685,31,Control,IGT,6.0,,,,,,,,,,,,,,,,,,,,,
3686,31,Control,IGT,7.0,,,,,,,,,,,,,,,,,,,,,
3687,31,Control,IGT,8.0,,,,,,,,,,,,,,,,,,,,,
3688,31,Control,IGT,9.0,,,,,,,,,,,,,,,,,,,,,
3689,31,Control,IGT,10.0,,,,,,,,,,,,,,,,,,,,,
3690,31,Control,IGT,11.0,,,,,,,,,,,,,,,,,,,,,
3691,31,Control,IGT,12.0,,,,,,,,,,,,,,,,,,,,,
3692,31,Control,IGT,13.0,,,,,,,,,,,,,,,,,,,,,
3693,31,Control,IGT,14.0,,,,,,,,,,,,,,,,,,,,,
3694,31,Control,IGT,15.0,,,,,,,,,,,,,,,,,,,,,
3695,31,Control,IGT,16.0,,,,,,,,,,,,,,,,,,,,,
3696,31,Control,IGT,17.0,,,,,,,,,,,,,,,,,,,,,
3697,31,Control,IGT,18.0,,,,,,,,,,,,,,,,,,,,,
3698,31,Control,IGT,19.0,,,,,,,,,,,,,,,,,,,,,
3699,31,Control,IGT,20.0,,,,,,,,,,,,,,,,,,,,,
3720,32,Nature,IGT,1.0,,,,,,,,,,,,,,,,,,,,,
3721,32,Nature,IGT,2.0,,,,,,,,,,,,,,,,,,,,,
3722,32,Nature,IGT,3.0,,,,,,,,,,,,,,,,,,,,,
3723,32,Nature,IGT,4.0,,,,,,,,,,,,,,,,,,,,,
3724,32,Nature,IGT,5.0,,,,,,,,,,,,,,,,,,,,,
3725,32,Nature,IGT,6.0,,,,,,,,,,,,,,,,,,,,,
3726,32,Nature,IGT,7.0,,,,,,,,,,,,,,,,,,,,,
3727,32,Nature,IGT,8.0,,,,,,,,,,,,,,,,,,,,,
3728,32,Nature,IGT,9.0,,,,,,,,,,,,,,,,,,,,,
3729,32,Nature,IGT,10.0,,,,,,,,,,,,,,,,,,,,,
3730,32,Nature,IGT,11.0,,,,,,,,,,,,,,,,,,,,,
3731,32,Nature,IGT,12.0,,,,,,,,,,,,,,,,,,,,,
3732,32,Nature,IGT,13.0,,,,,,,,,,,,,,,,,,,,,
3733,32,Nature,IGT,14.0,,,,,,,,,,,,,,,,,,,,,
3734,32,Nature,IGT,15.0,,,,,,,,,,,,,,,,,,,,,
3735,32,Nature,IGT,16.0,,,,,,,,,,,,,,,,,,,,,
3736,32,Nature,IGT,17.0,,,,,,,,,,,,,,,,,,,,,
3737,32,Nature,IGT,18.0,,,,,,,,,,,,,,,,,,,,,
3738,32,Nature,IGT,19.0,,,,,,,,,,,,,,,,,,,,,
3739,32,Nature,IGT,20.0,,,,,,,,,,,,,,,,,,,,,
3760,32,Urban,IGT,1.0,,,,,,,,,,,,,,,,,,,,,
3761,32,Urban,IGT,2.0,,,,,,,,,,,,,,,,,,,,,
3762,32,Urban,IGT,3.0,,,,,,,,,,,,,,,,,,,,,
3763,32,Urban,IGT,4.0,,,,,,,,,,,,,,,,,,,,,
3764,32,Urban,IGT,5.0,,,,,,,,,,,,,,,,,,,,,
3765,32,Urban,IGT,6.0,,,,,,,,,,,,,,,,,,,,,
3766,32,Urban,IGT,7.0,,,,,,,,,,,,,,,,,,,,,
3767,32,Urban,IGT,8.0,,,,,,,,,,,,,,,,,,,,,
3768,32,Urban,IGT,9.0,,,,,,,,,,,,,,,,,,,,,
3769,32,Urban,IGT,10.0,,,,,,,,,,,,,,,,,,,,,
3770,32,Urban,IGT,11.0,,,,,,,,,,,,,,,,,,,,,
3771,32,Urban,IGT,12.0,,,,,,,,,,,,,,,,,,,,,
3772,32,Urban,IGT,13.0,,,,,,,,,,,,,,,,,,,,,
3773,32,Urban,IGT,14.0,,,,,,,,,,,,,,,,,,,,,
3774,32,Urban,IGT,15.0,,,,,,,,,,,,,,,,,,,,,
3775,32,Urban,IGT,16.0,,,,,,,,,,,,,,,,,,,,,
3776,32,Urban,IGT,17.0,,,,,,,,,,,,,,,,,,,,,
3777,32,Urban,IGT,18.0,,,,,,,,,,,,,,,,,,,,,
3778,32,Urban,IGT,19.0,,,,,,,,,,,,,,,,,,,,,
3779,32,Urban,IGT,20.0,,,,,,,,,,,,,,,,,,,,,
3800,32,Control,IGT,1.0,,,31.0,2.04,2.26,1.36,,,,,,,,,,,,,,,
3801,32,Control,IGT,2.0,,,31.0,2.04,2.26,1.36,,,,,,,,,,,,,,,
3802,32,Control,IGT,3.0,,,31.0,2.04,2.26,1.36,,,,,,,,,,,,,,,
3803,32,Control,IGT,4.0,,,31.0,2.04,2.26,1.36,,,,,,,,,,,,,,,
3804,32,Control,IGT,5.0,,,31.0,2.04,2.26,1.36,,,,,,,,,,,,,,,
3805,32,Control,IGT,6.0,,,31.0,2.04,2.26,1.36,,,,,,,,,,,,,,,
3806,32,Control,IGT,7.0,,,31.0,2.04,2.26,1.36,,,,,,,,,,,,,,,
3807,32,Control,IGT,8.0,,,31.0,2.04,2.26,1.36,,,,,,,,,,,,,,,
3808,32,Control,IGT,9.0,,,31.0,2.04,2.26,1.36,,,,,,,,,,,,,,,
3809,32,Control,IGT,10.0,,,31.0,2.04,2.26,1.36,,,,,,,,,,,,,,,
3810,32,Control,IGT,11.0,0.5,0.6,31.0,2.04,2.26,1.36,,,,,,,,,,,,,,,
3811,32,Control,IGT,12.0,0.5,0.5,31.0,2.04,2.26,1.36,,,,,,,,,,,,,,,
3812,32,Control,IGT,13.0,0.4,0.5,31.0,2.04,2.26,1.36,,,,,,,,,,,,,,,
3813,32,Control,IGT,14.0,0.5,0.4,31.0,2.04,2.26,1.36,,,,,,,,,,,,,,,
3814,32,Control,IGT,15.0,0.4,0.6,31.0,2.04,2.26,1.36,,,,,,,,,,,,,,,
3815,32,Control,IGT,16.0,0.6,0.6,31.0,2.04,2.26,1.36,,,,,,,,,,,,,,,
3816,32,Control,IGT,17.0,0.6,0.5,31.0,2.04,2.26,1.36,,,,,,,,,,,,,,,
3817,32,Control,IGT,18.0,0.6,0.5,31.0,2.04,2.26,1.36,,,,,,,,,,,,,,,
3818,32,Control,IGT,19.0,0.4,0.6,31.0,2.04,2.26,1.36,,,,,,,,,,,,,,,
3819,32,Control,IGT,20.0,0.5,0.2,31.0,2.04,2.26,1.36,,,,,,,,,,,,,,,
3840,33,Nature,IGT,1.0,,,32.0,5.26,5.28,5.5,0.15550177006,-0.19321819786,0.2246286611,0.15533011912,0.21058453806,0.26245505252,7.486068073799999,6.20183075828,-0.0600839594,0.0021875638,-0.00566912924,-0.02244548912,0.0183751191,0.14147394716,0.1927792086399999
3841,33,Nature,IGT,2.0,,,32.0,5.26,5.28,5.5,0.15550177006,-0.19321819786,0.2246286611,0.15533011912,0.21058453806,0.26245505252,7.486068073799999,6.20183075828,-0.0600839594,0.0021875638,-0.00566912924,-0.02244548912,0.0183751191,0.14147394716,0.1927792086399999
3842,33,Nature,IGT,3.0,,,32.0,5.26,5.28,5.5,0.15550177006,-0.19321819786,0.2246286611,0.15533011912,0.21058453806,0.26245505252,7.486068073799999,6.20183075828,-0.0600839594,0.0021875638,-0.00566912924,-0.02244548912,0.0183751191,0.14147394716,0.1927792086399999
3843,33,Nature,IGT,4.0,,,32.0,5.26,5.28,5.5,0.15550177006,-0.19321819786,0.2246286611,0.15533011912,0.21058453806,0.26245505252,7.486068073799999,6.20183075828,-0.0600839594,0.0021875638,-0.00566912924,-0.02244548912,0.0183751191,0.14147394716,0.1927792086399999
3844,33,Nature,IGT,5.0,,,32.0,5.26,5.28,5.5,0.15550177006,-0.19321819786,0.2246286611,0.15533011912,0.21058453806,0.26245505252,7.486068073799999,6.20183075828,-0.0600839594,0.0021875638,-0.00566912924,-0.02244548912,0.0183751191,0.14147394716,0.1927792086399999
3845,33,Nature,IGT,6.0,,,32.0,5.26,5.28,5.5,0.15550177006,-0.19321819786,0.2246286611,0.15533011912,0.21058453806,0.26245505252,7.486068073799999,6.20183075828,-0.0600839594,0.0021875638,-0.00566912924,-0.02244548912,0.0183751191,0.14147394716,0.1927792086399999
3846,33,Nature,IGT,7.0,,,32.0,5.26,5.28,5.5,0.15550177006,-0.19321819786,0.2246286611,0.15533011912,0.21058453806,0.26245505252,7.486068073799999,6.20183075828,-0.0600839594,0.0021875638,-0.00566912924,-0.02244548912,0.0183751191,0.14147394716,0.1927792086399999
3847,33,Nature,IGT,8.0,,,32.0,5.26,5.28,5.5,0.15550177006,-0.19321819786,0.2246286611,0.15533011912,0.21058453806,0.26245505252,7.486068073799999,6.20183075828,-0.0600839594,0.0021875638,-0.00566912924,-0.02244548912,0.0183751191,0.14147394716,0.1927792086399999
3848,33,Nature,IGT,9.0,,,32.0,5.26,5.28,5.5,0.15550177006,-0.19321819786,0.2246286611,0.15533011912,0.21058453806,0.26245505252,7.486068073799999,6.20183075828,-0.0600839594,0.0021875638,-0.00566912924,-0.02244548912,0.0183751191,0.14147394716,0.1927792086399999
3849,33,Nature,IGT,10.0,,,32.0,5.26,5.28,5.5,0.15550177006,-0.19321819786,0.2246286611,0.15533011912,0.21058453806,0.26245505252,7.486068073799999,6.20183075828,-0.0600839594,0.0021875638,-0.00566912924,-0.02244548912,0.0183751191,0.14147394716,0.1927792086399999
3850,33,Nature,IGT,11.0,0.2,0.8,32.0,5.26,5.28,5.5,0.15550177006,-0.19321819786,0.2246286611,0.15533011912,0.21058453806,0.26245505252,7.486068073799999,6.20183075828,-0.0600839594,0.0021875638,-0.00566912924,-0.02244548912,0.0183751191,0.14147394716,0.1927792086399999
3851,33,Nature,IGT,12.0,0.0,1.0,32.0,5.26,5.28,5.5,0.15550177006,-0.19321819786,0.2246286611,0.15533011912,0.21058453806,0.26245505252,7.486068073799999,6.20183075828,-0.0600839594,0.0021875638,-0.00566912924,-0.02244548912,0.0183751191,0.14147394716,0.1927792086399999
3852,33,Nature,IGT,13.0,0.4,0.5,32.0,5.26,5.28,5.5,0.15550177006,-0.19321819786,0.2246286611,0.15533011912,0.21058453806,0.26245505252,7.486068073799999,6.20183075828,-0.0600839594,0.0021875638,-0.00566912924,-0.02244548912,0.0183751191,0.14147394716,0.1927792086399999
3853,33,Nature,IGT,14.0,1.0,1.0,32.0,5.26,5.28,5.5,0.15550177006,-0.19321819786,0.2246286611,0.15533011912,0.21058453806,0.26245505252,7.486068073799999,6.20183075828,-0.0600839594,0.0021875638,-0.00566912924,-0.02244548912,0.0183751191,0.14147394716,0.1927792086399999
3854,33,Nature,IGT,15.0,0.6,0.3,32.0,5.26,5.28,5.5,0.15550177006,-0.19321819786,0.2246286611,0.15533011912,0.21058453806,0.26245505252,7.486068073799999,6.20183075828,-0.0600839594,0.0021875638,-0.00566912924,-0.02244548912,0.0183751191,0.14147394716,0.1927792086399999
3855,33,Nature,IGT,16.0,0.2,0.3,32.0,5.26,5.28,5.5,0.15550177006,-0.19321819786,0.2246286611,0.15533011912,0.21058453806,0.26245505252,7.486068073799999,6.20183075828,-0.0600839594,0.0021875638,-0.00566912924,-0.02244548912,0.0183751191,0.14147394716,0.1927792086399999
3856,33,Nature,IGT,17.0,1.0,0.9,32.0,5.26,5.28,5.5,0.15550177006,-0.19321819786,0.2246286611,0.15533011912,0.21058453806,0.26245505252,7.486068073799999,6.20183075828,-0.0600839594,0.0021875638,-0.00566912924,-0.02244548912,0.0183751191,0.14147394716,0.1927792086399999
3857,33,Nature,IGT,18.0,1.0,0.9,32.0,5.26,5.28,5.5,0.15550177006,-0.19321819786,0.2246286611,0.15533011912,0.21058453806,0.26245505252,7.486068073799999,6.20183075828,-0.0600839594,0.0021875638,-0.00566912924,-0.02244548912,0.0183751191,0.14147394716,0.1927792086399999
3858,33,Nature,IGT,19.0,0.0,0.7,32.0,5.26,5.28,5.5,0.15550177006,-0.19321819786,0.2246286611,0.15533011912,0.21058453806,0.26245505252,7.486068073799999,6.20183075828,-0.0600839594,0.0021875638,-0.00566912924,-0.02244548912,0.0183751191,0.14147394716,0.1927792086399999
3859,33,Nature,IGT,20.0,0.0,1.0,32.0,5.26,5.28,5.5,0.15550177006,-0.19321819786,0.2246286611,0.15533011912,0.21058453806,0.26245505252,7.486068073799999,6.20183075828,-0.0600839594,0.0021875638,-0.00566912924,-0.02244548912,0.0183751191,0.14147394716,0.1927792086399999
3880,33,Urban,IGT,1.0,,,,,,,,,,,,,,,,,,,,,
3881,33,Urban,IGT,2.0,,,,,,,,,,,,,,,,,,,,,
3882,33,Urban,IGT,3.0,,,,,,,,,,,,,,,,,,,,,
3883,33,Urban,IGT,4.0,,,,,,,,,,,,,,,,,,,,,
3884,33,Urban,IGT,5.0,,,,,,,,,,,,,,,,,,,,,
3885,33,Urban,IGT,6.0,,,,,,,,,,,,,,,,,,,,,
3886,33,Urban,IGT,7.0,,,,,,,,,,,,,,,,,,,,,
3887,33,Urban,IGT,8.0,,,,,,,,,,,,,,,,,,,,,
3888,33,Urban,IGT,9.0,,,,,,,,,,,,,,,,,,,,,
3889,33,Urban,IGT,10.0,,,,,,,,,,,,,,,,,,,,,
3890,33,Urban,IGT,11.0,,,,,,,,,,,,,,,,,,,,,
3891,33,Urban,IGT,12.0,,,,,,,,,,,,,,,,,,,,,
3892,33,Urban,IGT,13.0,,,,,,,,,,,,,,,,,,,,,
3893,33,Urban,IGT,14.0,,,,,,,,,,,,,,,,,,,,,
3894,33,Urban,IGT,15.0,,,,,,,,,,,,,,,,,,,,,
3895,33,Urban,IGT,16.0,,,,,,,,,,,,,,,,,,,,,
3896,33,Urban,IGT,17.0,,,,,,,,,,,,,,,,,,,,,
3897,33,Urban,IGT,18.0,,,,,,,,,,,,,,,,,,,,,
3898,33,Urban,IGT,19.0,,,,,,,,,,,,,,,,,,,,,
3899,33,Urban,IGT,20.0,,,,,,,,,,,,,,,,,,,,,
3920,33,Control,IGT,1.0,,,,,,,,,,,,,,,,,,,,,
3921,33,Control,IGT,2.0,,,,,,,,,,,,,,,,,,,,,
3922,33,Control,IGT,3.0,,,,,,,,,,,,,,,,,,,,,
3923,33,Control,IGT,4.0,,,,,,,,,,,,,,,,,,,,,
3924,33,Control,IGT,5.0,,,,,,,,,,,,,,,,,,,,,
3925,33,Control,IGT,6.0,,,,,,,,,,,,,,,,,,,,,
3926,33,Control,IGT,7.0,,,,,,,,,,,,,,,,,,,,,
3927,33,Control,IGT,8.0,,,,,,,,,,,,,,,,,,,,,
3928,33,Control,IGT,9.0,,,,,,,,,,,,,,,,,,,,,
3929,33,Control,IGT,10.0,,,,,,,,,,,,,,,,,,,,,
3930,33,Control,IGT,11.0,,,,,,,,,,,,,,,,,,,,,
3931,33,Control,IGT,12.0,,,,,,,,,,,,,,,,,,,,,
3932,33,Control,IGT,13.0,,,,,,,,,,,,,,,,,,,,,
3933,33,Control,IGT,14.0,,,,,,,,,,,,,,,,,,,,,
3934,33,Control,IGT,15.0,,,,,,,,,,,,,,,,,,,,,
3935,33,Control,IGT,16.0,,,,,,,,,,,,,,,,,,,,,
3936,33,Control,IGT,17.0,,,,,,,,,,,,,,,,,,,,,
3937,33,Control,IGT,18.0,,,,,,,,,,,,,,,,,,,,,
3938,33,Control,IGT,19.0,,,,,,,,,,,,,,,,,,,,,
3939,33,Control,IGT,20.0,,,,,,,,,,,,,,,,,,,,,
3960,34,Nature,IGT,1.0,,,33.0,6.5,5.78,6.96,0.15458407122,-0.06495906686,0.23212606274,0.1571595476799999,0.2105267737999999,0.26851451526,7.496152891499999,6.15558974412,-0.06165790632,0.0172477579,0.0006791174199999,-0.01908464946,0.01775687924,0.13811096522,0.19446755756
3961,34,Nature,IGT,2.0,,,33.0,6.5,5.78,6.96,0.15458407122,-0.06495906686,0.23212606274,0.1571595476799999,0.2105267737999999,0.26851451526,7.496152891499999,6.15558974412,-0.06165790632,0.0172477579,0.0006791174199999,-0.01908464946,0.01775687924,0.13811096522,0.19446755756
3962,34,Nature,IGT,3.0,,,33.0,6.5,5.78,6.96,0.15458407122,-0.06495906686,0.23212606274,0.1571595476799999,0.2105267737999999,0.26851451526,7.496152891499999,6.15558974412,-0.06165790632,0.0172477579,0.0006791174199999,-0.01908464946,0.01775687924,0.13811096522,0.19446755756
3963,34,Nature,IGT,4.0,,,33.0,6.5,5.78,6.96,0.15458407122,-0.06495906686,0.23212606274,0.1571595476799999,0.2105267737999999,0.26851451526,7.496152891499999,6.15558974412,-0.06165790632,0.0172477579,0.0006791174199999,-0.01908464946,0.01775687924,0.13811096522,0.19446755756
3964,34,Nature,IGT,5.0,,,33.0,6.5,5.78,6.96,0.15458407122,-0.06495906686,0.23212606274,0.1571595476799999,0.2105267737999999,0.26851451526,7.496152891499999,6.15558974412,-0.06165790632,0.0172477579,0.0006791174199999,-0.01908464946,0.01775687924,0.13811096522,0.19446755756
3965,34,Nature,IGT,6.0,,,33.0,6.5,5.78,6.96,0.15458407122,-0.06495906686,0.23212606274,0.1571595476799999,0.2105267737999999,0.26851451526,7.496152891499999,6.15558974412,-0.06165790632,0.0172477579,0.0006791174199999,-0.01908464946,0.01775687924,0.13811096522,0.19446755756
3966,34,Nature,IGT,7.0,,,33.0,6.5,5.78,6.96,0.15458407122,-0.06495906686,0.23212606274,0.1571595476799999,0.2105267737999999,0.26851451526,7.496152891499999,6.15558974412,-0.06165790632,0.0172477579,0.0006791174199999,-0.01908464946,0.01775687924,0.13811096522,0.19446755756
3967,34,Nature,IGT,8.0,,,33.0,6.5,5.78,6.96,0.15458407122,-0.06495906686,0.23212606274,0.1571595476799999,0.2105267737999999,0.26851451526,7.496152891499999,6.15558974412,-0.06165790632,0.0172477579,0.0006791174199999,-0.01908464946,0.01775687924,0.13811096522,0.19446755756
3968,34,Nature,IGT,9.0,,,33.0,6.5,5.78,6.96,0.15458407122,-0.06495906686,0.23212606274,0.1571595476799999,0.2105267737999999,0.26851451526,7.496152891499999,6.15558974412,-0.06165790632,0.0172477579,0.0006791174199999,-0.01908464946,0.01775687924,0.13811096522,0.19446755756
3969,34,Nature,IGT,10.0,,,33.0,6.5,5.78,6.96,0.15458407122,-0.06495906686,0.23212606274,0.1571595476799999,0.2105267737999999,0.26851451526,7.496152891499999,6.15558974412,-0.06165790632,0.0172477579,0.0006791174199999,-0.01908464946,0.01775687924,0.13811096522,0.19446755756
3970,34,Nature,IGT,11.0,0.4,0.4,33.0,6.5,5.78,6.96,0.15458407122,-0.06495906686,0.23212606274,0.1571595476799999,0.2105267737999999,0.26851451526,7.496152891499999,6.15558974412,-0.06165790632,0.0172477579,0.0006791174199999,-0.01908464946,0.01775687924,0.13811096522,0.19446755756
3971,34,Nature,IGT,12.0,1.0,1.0,33.0,6.5,5.78,6.96,0.15458407122,-0.06495906686,0.23212606274,0.1571595476799999,0.2105267737999999,0.26851451526,7.496152891499999,6.15558974412,-0.06165790632,0.0172477579,0.0006791174199999,-0.01908464946,0.01775687924,0.13811096522,0.19446755756
3972,34,Nature,IGT,13.0,1.0,1.0,33.0,6.5,5.78,6.96,0.15458407122,-0.06495906686,0.23212606274,0.1571595476799999,0.2105267737999999,0.26851451526,7.496152891499999,6.15558974412,-0.06165790632,0.0172477579,0.0006791174199999,-0.01908464946,0.01775687924,0.13811096522,0.19446755756
3973,34,Nature,IGT,14.0,1.0,1.0,33.0,6.5,5.78,6.96,0.15458407122,-0.06495906686,0.23212606274,0.1571595476799999,0.2105267737999999,0.26851451526,7.496152891499999,6.15558974412,-0.06165790632,0.0172477579,0.0006791174199999,-0.01908464946,0.01775687924,0.13811096522,0.19446755756
3974,34,Nature,IGT,15.0,1.0,1.0,33.0,6.5,5.78,6.96,0.15458407122,-0.06495906686,0.23212606274,0.1571595476799999,0.2105267737999999,0.26851451526,7.496152891499999,6.15558974412,-0.06165790632,0.0172477579,0.0006791174199999,-0.01908464946,0.01775687924,0.13811096522,0.19446755756
3975,34,Nature,IGT,16.0,0.6,0.9,33.0,6.5,5.78,6.96,0.15458407122,-0.06495906686,0.23212606274,0.1571595476799999,0.2105267737999999,0.26851451526,7.496152891499999,6.15558974412,-0.06165790632,0.0172477579,0.0006791174199999,-0.01908464946,0.01775687924,0.13811096522,0.19446755756
3976,34,Nature,IGT,17.0,1.0,1.0,33.0,6.5,5.78,6.96,0.15458407122,-0.06495906686,0.23212606274,0.1571595476799999,0.2105267737999999,0.26851451526,7.496152891499999,6.15558974412,-0.06165790632,0.0172477579,0.0006791174199999,-0.01908464946,0.01775687924,0.13811096522,0.19446755756
3977,34,Nature,IGT,18.0,0.6,1.0,33.0,6.5,5.78,6.96,0.15458407122,-0.06495906686,0.23212606274,0.1571595476799999,0.2105267737999999,0.26851451526,7.496152891499999,6.15558974412,-0.06165790632,0.0172477579,0.0006791174199999,-0.01908464946,0.01775687924,0.13811096522,0.19446755756
3978,34,Nature,IGT,19.0,0.9,1.0,33.0,6.5,5.78,6.96,0.15458407122,-0.06495906686,0.23212606274,0.1571595476799999,0.2105267737999999,0.26851451526,7.496152891499999,6.15558974412,-0.06165790632,0.0172477579,0.0006791174199999,-0.01908464946,0.01775687924,0.13811096522,0.19446755756
3979,34,Nature,IGT,20.0,0.9,0.9,33.0,6.5,5.78,6.96,0.15458407122,-0.06495906686,0.23212606274,0.1571595476799999,0.2105267737999999,0.26851451526,7.496152891499999,6.15558974412,-0.06165790632,0.0172477579,0.0006791174199999,-0.01908464946,0.01775687924,0.13811096522,0.19446755756
4000,34,Urban,IGT,1.0,,,,,,,,,,,,,,,,,,,,,
4001,34,Urban,IGT,2.0,,,,,,,,,,,,,,,,,,,,,
4002,34,Urban,IGT,3.0,,,,,,,,,,,,,,,,,,,,,
4003,34,Urban,IGT,4.0,,,,,,,,,,,,,,,,,,,,,
4004,34,Urban,IGT,5.0,,,,,,,,,,,,,,,,,,,,,
4005,34,Urban,IGT,6.0,,,,,,,,,,,,,,,,,,,,,
4006,34,Urban,IGT,7.0,,,,,,,,,,,,,,,,,,,,,
4007,34,Urban,IGT,8.0,,,,,,,,,,,,,,,,,,,,,
4008,34,Urban,IGT,9.0,,,,,,,,,,,,,,,,,,,,,
4009,34,Urban,IGT,10.0,,,,,,,,,,,,,,,,,,,,,
4010,34,Urban,IGT,11.0,,,,,,,,,,,,,,,,,,,,,
4011,34,Urban,IGT,12.0,,,,,,,,,,,,,,,,,,,,,
4012,34,Urban,IGT,13.0,,,,,,,,,,,,,,,,,,,,,
4013,34,Urban,IGT,14.0,,,,,,,,,,,,,,,,,,,,,
4014,34,Urban,IGT,15.0,,,,,,,,,,,,,,,,,,,,,
4015,34,Urban,IGT,16.0,,,,,,,,,,,,,,,,,,,,,
4016,34,Urban,IGT,17.0,,,,,,,,,,,,,,,,,,,,,
4017,34,Urban,IGT,18.0,,,,,,,,,,,,,,,,,,,,,
4018,34,Urban,IGT,19.0,,,,,,,,,,,,,,,,,,,,,
4019,34,Urban,IGT,20.0,,,,,,,,,,,,,,,,,,,,,
4040,34,Control,IGT,1.0,,,,,,,,,,,,,,,,,,,,,
4041,34,Control,IGT,2.0,,,,,,,,,,,,,,,,,,,,,
4042,34,Control,IGT,3.0,,,,,,,,,,,,,,,,,,,,,
4043,34,Control,IGT,4.0,,,,,,,,,,,,,,,,,,,,,
4044,34,Control,IGT,5.0,,,,,,,,,,,,,,,,,,,,,
4045,34,Control,IGT,6.0,,,,,,,,,,,,,,,,,,,,,
4046,34,Control,IGT,7.0,,,,,,,,,,,,,,,,,,,,,
4047,34,Control,IGT,8.0,,,,,,,,,,,,,,,,,,,,,
4048,34,Control,IGT,9.0,,,,,,,,,,,,,,,,,,,,,
4049,34,Control,IGT,10.0,,,,,,,,,,,,,,,,,,,,,
4050,34,Control,IGT,11.0,,,,,,,,,,,,,,,,,,,,,
4051,34,Control,IGT,12.0,,,,,,,,,,,,,,,,,,,,,
4052,34,Control,IGT,13.0,,,,,,,,,,,,,,,,,,,,,
4053,34,Control,IGT,14.0,,,,,,,,,,,,,,,,,,,,,
4054,34,Control,IGT,15.0,,,,,,,,,,,,,,,,,,,,,
4055,34,Control,IGT,16.0,,,,,,,,,,,,,,,,,,,,,
4056,34,Control,IGT,17.0,,,,,,,,,,,,,,,,,,,,,
4057,34,Control,IGT,18.0,,,,,,,,,,,,,,,,,,,,,
4058,34,Control,IGT,19.0,,,,,,,,,,,,,,,,,,,,,
4059,34,Control,IGT,20.0,,,,,,,,,,,,,,,,,,,,,
4080,35,Nature,IGT,1.0,,,,,,,,,,,,,,,,,,,,,
4081,35,Nature,IGT,2.0,,,,,,,,,,,,,,,,,,,,,
4082,35,Nature,IGT,3.0,,,,,,,,,,,,,,,,,,,,,
4083,35,Nature,IGT,4.0,,,,,,,,,,,,,,,,,,,,,
4084,35,Nature,IGT,5.0,,,,,,,,,,,,,,,,,,,,,
4085,35,Nature,IGT,6.0,,,,,,,,,,,,,,,,,,,,,
4086,35,Nature,IGT,7.0,,,,,,,,,,,,,,,,,,,,,
4087,35,Nature,IGT,8.0,,,,,,,,,,,,,,,,,,,,,
4088,35,Nature,IGT,9.0,,,,,,,,,,,,,,,,,,,,,
4089,35,Nature,IGT,10.0,,,,,,,,,,,,,,,,,,,,,
4090,35,Nature,IGT,11.0,,,,,,,,,,,,,,,,,,,,,
4091,35,Nature,IGT,12.0,,,,,,,,,,,,,,,,,,,,,
4092,35,Nature,IGT,13.0,,,,,,,,,,,,,,,,,,,,,
4093,35,Nature,IGT,14.0,,,,,,,,,,,,,,,,,,,,,
4094,35,Nature,IGT,15.0,,,,,,,,,,,,,,,,,,,,,
4095,35,Nature,IGT,16.0,,,,,,,,,,,,,,,,,,,,,
4096,35,Nature,IGT,17.0,,,,,,,,,,,,,,,,,,,,,
4097,35,Nature,IGT,18.0,,,,,,,,,,,,,,,,,,,,,
4098,35,Nature,IGT,19.0,,,,,,,,,,,,,,,,,,,,,
4099,35,Nature,IGT,20.0,,,,,,,,,,,,,,,,,,,,,
4120,35,Urban,IGT,1.0,,,34.0,3.32,4.24,4.2,0.21762494166,0.25152411606,0.1702305002,0.22608644366,0.1685071971,0.2552470993,7.423893062659999,1.59319304118,-0.0586154465999999,-0.01103576228,0.01072326984,0.01900696588,0.07260509384,0.1043785072999999,0.10139486022
4121,35,Urban,IGT,2.0,,,34.0,3.32,4.24,4.2,0.21762494166,0.25152411606,0.1702305002,0.22608644366,0.1685071971,0.2552470993,7.423893062659999,1.59319304118,-0.0586154465999999,-0.01103576228,0.01072326984,0.01900696588,0.07260509384,0.1043785072999999,0.10139486022
4122,35,Urban,IGT,3.0,,,34.0,3.32,4.24,4.2,0.21762494166,0.25152411606,0.1702305002,0.22608644366,0.1685071971,0.2552470993,7.423893062659999,1.59319304118,-0.0586154465999999,-0.01103576228,0.01072326984,0.01900696588,0.07260509384,0.1043785072999999,0.10139486022
4123,35,Urban,IGT,4.0,,,34.0,3.32,4.24,4.2,0.21762494166,0.25152411606,0.1702305002,0.22608644366,0.1685071971,0.2552470993,7.423893062659999,1.59319304118,-0.0586154465999999,-0.01103576228,0.01072326984,0.01900696588,0.07260509384,0.1043785072999999,0.10139486022
4124,35,Urban,IGT,5.0,,,34.0,3.32,4.24,4.2,0.21762494166,0.25152411606,0.1702305002,0.22608644366,0.1685071971,0.2552470993,7.423893062659999,1.59319304118,-0.0586154465999999,-0.01103576228,0.01072326984,0.01900696588,0.07260509384,0.1043785072999999,0.10139486022
4125,35,Urban,IGT,6.0,,,34.0,3.32,4.24,4.2,0.21762494166,0.25152411606,0.1702305002,0.22608644366,0.1685071971,0.2552470993,7.423893062659999,1.59319304118,-0.0586154465999999,-0.01103576228,0.01072326984,0.01900696588,0.07260509384,0.1043785072999999,0.10139486022
4126,35,Urban,IGT,7.0,,,34.0,3.32,4.24,4.2,0.21762494166,0.25152411606,0.1702305002,0.22608644366,0.1685071971,0.2552470993,7.423893062659999,1.59319304118,-0.0586154465999999,-0.01103576228,0.01072326984,0.01900696588,0.07260509384,0.1043785072999999,0.10139486022
4127,35,Urban,IGT,8.0,,,34.0,3.32,4.24,4.2,0.21762494166,0.25152411606,0.1702305002,0.22608644366,0.1685071971,0.2552470993,7.423893062659999,1.59319304118,-0.0586154465999999,-0.01103576228,0.01072326984,0.01900696588,0.07260509384,0.1043785072999999,0.10139486022
4128,35,Urban,IGT,9.0,,,34.0,3.32,4.24,4.2,0.21762494166,0.25152411606,0.1702305002,0.22608644366,0.1685071971,0.2552470993,7.423893062659999,1.59319304118,-0.0586154465999999,-0.01103576228,0.01072326984,0.01900696588,0.07260509384,0.1043785072999999,0.10139486022
4129,35,Urban,IGT,10.0,,,34.0,3.32,4.24,4.2,0.21762494166,0.25152411606,0.1702305002,0.22608644366,0.1685071971,0.2552470993,7.423893062659999,1.59319304118,-0.0586154465999999,-0.01103576228,0.01072326984,0.01900696588,0.07260509384,0.1043785072999999,0.10139486022
4130,35,Urban,IGT,11.0,0.2,0.6,34.0,3.32,4.24,4.2,0.21762494166,0.25152411606,0.1702305002,0.22608644366,0.1685071971,0.2552470993,7.423893062659999,1.59319304118,-0.0586154465999999,-0.01103576228,0.01072326984,0.01900696588,0.07260509384,0.1043785072999999,0.10139486022
4131,35,Urban,IGT,12.0,0.0,0.9,34.0,3.32,4.24,4.2,0.21762494166,0.25152411606,0.1702305002,0.22608644366,0.1685071971,0.2552470993,7.423893062659999,1.59319304118,-0.0586154465999999,-0.01103576228,0.01072326984,0.01900696588,0.07260509384,0.1043785072999999,0.10139486022
4132,35,Urban,IGT,13.0,0.1,0.9,34.0,3.32,4.24,4.2,0.21762494166,0.25152411606,0.1702305002,0.22608644366,0.1685071971,0.2552470993,7.423893062659999,1.59319304118,-0.0586154465999999,-0.01103576228,0.01072326984,0.01900696588,0.07260509384,0.1043785072999999,0.10139486022
4133,35,Urban,IGT,14.0,0.2,1.0,34.0,3.32,4.24,4.2,0.21762494166,0.25152411606,0.1702305002,0.22608644366,0.1685071971,0.2552470993,7.423893062659999,1.59319304118,-0.0586154465999999,-0.01103576228,0.01072326984,0.01900696588,0.07260509384,0.1043785072999999,0.10139486022
4134,35,Urban,IGT,15.0,0.2,1.0,34.0,3.32,4.24,4.2,0.21762494166,0.25152411606,0.1702305002,0.22608644366,0.1685071971,0.2552470993,7.423893062659999,1.59319304118,-0.0586154465999999,-0.01103576228,0.01072326984,0.01900696588,0.07260509384,0.1043785072999999,0.10139486022
4135,35,Urban,IGT,16.0,0.3,1.0,34.0,3.32,4.24,4.2,0.21762494166,0.25152411606,0.1702305002,0.22608644366,0.1685071971,0.2552470993,7.423893062659999,1.59319304118,-0.0586154465999999,-0.01103576228,0.01072326984,0.01900696588,0.07260509384,0.1043785072999999,0.10139486022
4136,35,Urban,IGT,17.0,0.2,1.0,34.0,3.32,4.24,4.2,0.21762494166,0.25152411606,0.1702305002,0.22608644366,0.1685071971,0.2552470993,7.423893062659999,1.59319304118,-0.0586154465999999,-0.01103576228,0.01072326984,0.01900696588,0.07260509384,0.1043785072999999,0.10139486022
4137,35,Urban,IGT,18.0,0.2,1.0,34.0,3.32,4.24,4.2,0.21762494166,0.25152411606,0.1702305002,0.22608644366,0.1685071971,0.2552470993,7.423893062659999,1.59319304118,-0.0586154465999999,-0.01103576228,0.01072326984,0.01900696588,0.07260509384,0.1043785072999999,0.10139486022
4138,35,Urban,IGT,19.0,0.2,1.0,34.0,3.32,4.24,4.2,0.21762494166,0.25152411606,0.1702305002,0.22608644366,0.1685071971,0.2552470993,7.423893062659999,1.59319304118,-0.0586154465999999,-0.01103576228,0.01072326984,0.01900696588,0.07260509384,0.1043785072999999,0.10139486022
4139,35,Urban,IGT,20.0,0.3,0.9,34.0,3.32,4.24,4.2,0.21762494166,0.25152411606,0.1702305002,0.22608644366,0.1685071971,0.2552470993,7.423893062659999,1.59319304118,-0.0586154465999999,-0.01103576228,0.01072326984,0.01900696588,0.07260509384,0.1043785072999999,0.10139486022
4160,35,Control,IGT,1.0,,,,,,,,,,,,,,,,,,,,,
4161,35,Control,IGT,2.0,,,,,,,,,,,,,,,,,,,,,
4162,35,Control,IGT,3.0,,,,,,,,,,,,,,,,,,,,,
4163,35,Control,IGT,4.0,,,,,,,,,,,,,,,,,,,,,
4164,35,Control,IGT,5.0,,,,,,,,,,,,,,,,,,,,,
4165,35,Control,IGT,6.0,,,,,,,,,,,,,,,,,,,,,
4166,35,Control,IGT,7.0,,,,,,,,,,,,,,,,,,,,,
4167,35,Control,IGT,8.0,,,,,,,,,,,,,,,,,,,,,
4168,35,Control,IGT,9.0,,,,,,,,,,,,,,,,,,,,,
4169,35,Control,IGT,10.0,,,,,,,,,,,,,,,,,,,,,
4170,35,Control,IGT,11.0,,,,,,,,,,,,,,,,,,,,,
4171,35,Control,IGT,12.0,,,,,,,,,,,,,,,,,,,,,
4172,35,Control,IGT,13.0,,,,,,,,,,,,,,,,,,,,,
4173,35,Control,IGT,14.0,,,,,,,,,,,,,,,,,,,,,
4174,35,Control,IGT,15.0,,,,,,,,,,,,,,,,,,,,,
4175,35,Control,IGT,16.0,,,,,,,,,,,,,,,,,,,,,
4176,35,Control,IGT,17.0,,,,,,,,,,,,,,,,,,,,,
4177,35,Control,IGT,18.0,,,,,,,,,,,,,,,,,,,,,
4178,35,Control,IGT,19.0,,,,,,,,,,,,,,,,,,,,,
4179,35,Control,IGT,20.0,,,,,,,,,,,,,,,,,,,,,
4200,36,Nature,IGT,1.0,,,,,,,,,,,,,,,,,,,,,
4201,36,Nature,IGT,2.0,,,,,,,,,,,,,,,,,,,,,
4202,36,Nature,IGT,3.0,,,,,,,,,,,,,,,,,,,,,
4203,36,Nature,IGT,4.0,,,,,,,,,,,,,,,,,,,,,
4204,36,Nature,IGT,5.0,,,,,,,,,,,,,,,,,,,,,
4205,36,Nature,IGT,6.0,,,,,,,,,,,,,,,,,,,,,
4206,36,Nature,IGT,7.0,,,,,,,,,,,,,,,,,,,,,
4207,36,Nature,IGT,8.0,,,,,,,,,,,,,,,,,,,,,
4208,36,Nature,IGT,9.0,,,,,,,,,,,,,,,,,,,,,
4209,36,Nature,IGT,10.0,,,,,,,,,,,,,,,,,,,,,
4210,36,Nature,IGT,11.0,,,,,,,,,,,,,,,,,,,,,
4211,36,Nature,IGT,12.0,,,,,,,,,,,,,,,,,,,,,
4212,36,Nature,IGT,13.0,,,,,,,,,,,,,,,,,,,,,
4213,36,Nature,IGT,14.0,,,,,,,,,,,,,,,,,,,,,
4214,36,Nature,IGT,15.0,,,,,,,,,,,,,,,,,,,,,
4215,36,Nature,IGT,16.0,,,,,,,,,,,,,,,,,,,,,
4216,36,Nature,IGT,17.0,,,,,,,,,,,,,,,,,,,,,
4217,36,Nature,IGT,18.0,,,,,,,,,,,,,,,,,,,,,
4218,36,Nature,IGT,19.0,,,,,,,,,,,,,,,,,,,,,
4219,36,Nature,IGT,20.0,,,,,,,,,,,,,,,,,,,,,
4240,36,Urban,IGT,1.0,,,,,,,,,,,,,,,,,,,,,
4241,36,Urban,IGT,2.0,,,,,,,,,,,,,,,,,,,,,
4242,36,Urban,IGT,3.0,,,,,,,,,,,,,,,,,,,,,
4243,36,Urban,IGT,4.0,,,,,,,,,,,,,,,,,,,,,
4244,36,Urban,IGT,5.0,,,,,,,,,,,,,,,,,,,,,
4245,36,Urban,IGT,6.0,,,,,,,,,,,,,,,,,,,,,
4246,36,Urban,IGT,7.0,,,,,,,,,,,,,,,,,,,,,
4247,36,Urban,IGT,8.0,,,,,,,,,,,,,,,,,,,,,
4248,36,Urban,IGT,9.0,,,,,,,,,,,,,,,,,,,,,
4249,36,Urban,IGT,10.0,,,,,,,,,,,,,,,,,,,,,
4250,36,Urban,IGT,11.0,,,,,,,,,,,,,,,,,,,,,
4251,36,Urban,IGT,12.0,,,,,,,,,,,,,,,,,,,,,
4252,36,Urban,IGT,13.0,,,,,,,,,,,,,,,,,,,,,
4253,36,Urban,IGT,14.0,,,,,,,,,,,,,,,,,,,,,
4254,36,Urban,IGT,15.0,,,,,,,,,,,,,,,,,,,,,
4255,36,Urban,IGT,16.0,,,,,,,,,,,,,,,,,,,,,
4256,36,Urban,IGT,17.0,,,,,,,,,,,,,,,,,,,,,
4257,36,Urban,IGT,18.0,,,,,,,,,,,,,,,,,,,,,
4258,36,Urban,IGT,19.0,,,,,,,,,,,,,,,,,,,,,
4259,36,Urban,IGT,20.0,,,,,,,,,,,,,,,,,,,,,
4280,36,Control,IGT,1.0,,,35.0,3.8,2.54,1.88,,,,,,,,,,,,,,,
4281,36,Control,IGT,2.0,,,35.0,3.8,2.54,1.88,,,,,,,,,,,,,,,
4282,36,Control,IGT,3.0,,,35.0,3.8,2.54,1.88,,,,,,,,,,,,,,,
4283,36,Control,IGT,4.0,,,35.0,3.8,2.54,1.88,,,,,,,,,,,,,,,
4284,36,Control,IGT,5.0,,,35.0,3.8,2.54,1.88,,,,,,,,,,,,,,,
4285,36,Control,IGT,6.0,,,35.0,3.8,2.54,1.88,,,,,,,,,,,,,,,
4286,36,Control,IGT,7.0,,,35.0,3.8,2.54,1.88,,,,,,,,,,,,,,,
4287,36,Control,IGT,8.0,,,35.0,3.8,2.54,1.88,,,,,,,,,,,,,,,
4288,36,Control,IGT,9.0,,,35.0,3.8,2.54,1.88,,,,,,,,,,,,,,,
4289,36,Control,IGT,10.0,,,35.0,3.8,2.54,1.88,,,,,,,,,,,,,,,
4290,36,Control,IGT,11.0,0.5,0.4,35.0,3.8,2.54,1.88,,,,,,,,,,,,,,,
4291,36,Control,IGT,12.0,0.3,1.0,35.0,3.8,2.54,1.88,,,,,,,,,,,,,,,
4292,36,Control,IGT,13.0,0.7,0.6,35.0,3.8,2.54,1.88,,,,,,,,,,,,,,,
4293,36,Control,IGT,14.0,0.4,0.7,35.0,3.8,2.54,1.88,,,,,,,,,,,,,,,
4294,36,Control,IGT,15.0,0.4,0.7,35.0,3.8,2.54,1.88,,,,,,,,,,,,,,,
4295,36,Control,IGT,16.0,0.7,0.7,35.0,3.8,2.54,1.88,,,,,,,,,,,,,,,
4296,36,Control,IGT,17.0,0.8,0.6,35.0,3.8,2.54,1.88,,,,,,,,,,,,,,,
4297,36,Control,IGT,18.0,0.5,0.4,35.0,3.8,2.54,1.88,,,,,,,,,,,,,,,
4298,36,Control,IGT,19.0,0.6,0.7,35.0,3.8,2.54,1.88,,,,,,,,,,,,,,,
4299,36,Control,IGT,20.0,0.5,0.8,35.0,3.8,2.54,1.88,,,,,,,,,,,,,,,
4320,37,Nature,IGT,1.0,,,,,,,,,,,,,,,,,,,,,
4321,37,Nature,IGT,2.0,,,,,,,,,,,,,,,,,,,,,
4322,37,Nature,IGT,3.0,,,,,,,,,,,,,,,,,,,,,
4323,37,Nature,IGT,4.0,,,,,,,,,,,,,,,,,,,,,
4324,37,Nature,IGT,5.0,,,,,,,,,,,,,,,,,,,,,
4325,37,Nature,IGT,6.0,,,,,,,,,,,,,,,,,,,,,
4326,37,Nature,IGT,7.0,,,,,,,,,,,,,,,,,,,,,
4327,37,Nature,IGT,8.0,,,,,,,,,,,,,,,,,,,,,
4328,37,Nature,IGT,9.0,,,,,,,,,,,,,,,,,,,,,
4329,37,Nature,IGT,10.0,,,,,,,,,,,,,,,,,,,,,
4330,37,Nature,IGT,11.0,,,,,,,,,,,,,,,,,,,,,
4331,37,Nature,IGT,12.0,,,,,,,,,,,,,,,,,,,,,
4332,37,Nature,IGT,13.0,,,,,,,,,,,,,,,,,,,,,
4333,37,Nature,IGT,14.0,,,,,,,,,,,,,,,,,,,,,
4334,37,Nature,IGT,15.0,,,,,,,,,,,,,,,,,,,,,
4335,37,Nature,IGT,16.0,,,,,,,,,,,,,,,,,,,,,
4336,37,Nature,IGT,17.0,,,,,,,,,,,,,,,,,,,,,
4337,37,Nature,IGT,18.0,,,,,,,,,,,,,,,,,,,,,
4338,37,Nature,IGT,19.0,,,,,,,,,,,,,,,,,,,,,
4339,37,Nature,IGT,20.0,,,,,,,,,,,,,,,,,,,,,
4360,37,Urban,IGT,1.0,,,36.0,3.44,4.78,4.38,0.21567006438,0.0912987103,0.1530933345,0.23356993712,0.1635506743399999,0.2635434531,7.38587559926,1.6111735048,-0.05913066166,-0.01980217948,0.01785463042,0.02262531586,0.0672731762,0.10295238656,0.10268595088
4361,37,Urban,IGT,2.0,,,36.0,3.44,4.78,4.38,0.21567006438,0.0912987103,0.1530933345,0.23356993712,0.1635506743399999,0.2635434531,7.38587559926,1.6111735048,-0.05913066166,-0.01980217948,0.01785463042,0.02262531586,0.0672731762,0.10295238656,0.10268595088
4362,37,Urban,IGT,3.0,,,36.0,3.44,4.78,4.38,0.21567006438,0.0912987103,0.1530933345,0.23356993712,0.1635506743399999,0.2635434531,7.38587559926,1.6111735048,-0.05913066166,-0.01980217948,0.01785463042,0.02262531586,0.0672731762,0.10295238656,0.10268595088
4363,37,Urban,IGT,4.0,,,36.0,3.44,4.78,4.38,0.21567006438,0.0912987103,0.1530933345,0.23356993712,0.1635506743399999,0.2635434531,7.38587559926,1.6111735048,-0.05913066166,-0.01980217948,0.01785463042,0.02262531586,0.0672731762,0.10295238656,0.10268595088
4364,37,Urban,IGT,5.0,,,36.0,3.44,4.78,4.38,0.21567006438,0.0912987103,0.1530933345,0.23356993712,0.1635506743399999,0.2635434531,7.38587559926,1.6111735048,-0.05913066166,-0.01980217948,0.01785463042,0.02262531586,0.0672731762,0.10295238656,0.10268595088
4365,37,Urban,IGT,6.0,,,36.0,3.44,4.78,4.38,0.21567006438,0.0912987103,0.1530933345,0.23356993712,0.1635506743399999,0.2635434531,7.38587559926,1.6111735048,-0.05913066166,-0.01980217948,0.01785463042,0.02262531586,0.0672731762,0.10295238656,0.10268595088
4366,37,Urban,IGT,7.0,,,36.0,3.44,4.78,4.38,0.21567006438,0.0912987103,0.1530933345,0.23356993712,0.1635506743399999,0.2635434531,7.38587559926,1.6111735048,-0.05913066166,-0.01980217948,0.01785463042,0.02262531586,0.0672731762,0.10295238656,0.10268595088
4367,37,Urban,IGT,8.0,,,36.0,3.44,4.78,4.38,0.21567006438,0.0912987103,0.1530933345,0.23356993712,0.1635506743399999,0.2635434531,7.38587559926,1.6111735048,-0.05913066166,-0.01980217948,0.01785463042,0.02262531586,0.0672731762,0.10295238656,0.10268595088
4368,37,Urban,IGT,9.0,,,36.0,3.44,4.78,4.38,0.21567006438,0.0912987103,0.1530933345,0.23356993712,0.1635506743399999,0.2635434531,7.38587559926,1.6111735048,-0.05913066166,-0.01980217948,0.01785463042,0.02262531586,0.0672731762,0.10295238656,0.10268595088
4369,37,Urban,IGT,10.0,,,36.0,3.44,4.78,4.38,0.21567006438,0.0912987103,0.1530933345,0.23356993712,0.1635506743399999,0.2635434531,7.38587559926,1.6111735048,-0.05913066166,-0.01980217948,0.01785463042,0.02262531586,0.0672731762,0.10295238656,0.10268595088
4370,37,Urban,IGT,11.0,0.2,0.6,36.0,3.44,4.78,4.38,0.21567006438,0.0912987103,0.1530933345,0.23356993712,0.1635506743399999,0.2635434531,7.38587559926,1.6111735048,-0.05913066166,-0.01980217948,0.01785463042,0.02262531586,0.0672731762,0.10295238656,0.10268595088
4371,37,Urban,IGT,12.0,0.8,0.6,36.0,3.44,4.78,4.38,0.21567006438,0.0912987103,0.1530933345,0.23356993712,0.1635506743399999,0.2635434531,7.38587559926,1.6111735048,-0.05913066166,-0.01980217948,0.01785463042,0.02262531586,0.0672731762,0.10295238656,0.10268595088
4372,37,Urban,IGT,13.0,0.4,0.6,36.0,3.44,4.78,4.38,0.21567006438,0.0912987103,0.1530933345,0.23356993712,0.1635506743399999,0.2635434531,7.38587559926,1.6111735048,-0.05913066166,-0.01980217948,0.01785463042,0.02262531586,0.0672731762,0.10295238656,0.10268595088
4373,37,Urban,IGT,14.0,0.4,0.4,36.0,3.44,4.78,4.38,0.21567006438,0.0912987103,0.1530933345,0.23356993712,0.1635506743399999,0.2635434531,7.38587559926,1.6111735048,-0.05913066166,-0.01980217948,0.01785463042,0.02262531586,0.0672731762,0.10295238656,0.10268595088
4374,37,Urban,IGT,15.0,0.4,0.5,36.0,3.44,4.78,4.38,0.21567006438,0.0912987103,0.1530933345,0.23356993712,0.1635506743399999,0.2635434531,7.38587559926,1.6111735048,-0.05913066166,-0.01980217948,0.01785463042,0.02262531586,0.0672731762,0.10295238656,0.10268595088
4375,37,Urban,IGT,16.0,0.6,0.8,36.0,3.44,4.78,4.38,0.21567006438,0.0912987103,0.1530933345,0.23356993712,0.1635506743399999,0.2635434531,7.38587559926,1.6111735048,-0.05913066166,-0.01980217948,0.01785463042,0.02262531586,0.0672731762,0.10295238656,0.10268595088
4376,37,Urban,IGT,17.0,0.4,0.7,36.0,3.44,4.78,4.38,0.21567006438,0.0912987103,0.1530933345,0.23356993712,0.1635506743399999,0.2635434531,7.38587559926,1.6111735048,-0.05913066166,-0.01980217948,0.01785463042,0.02262531586,0.0672731762,0.10295238656,0.10268595088
4377,37,Urban,IGT,18.0,0.2,1.0,36.0,3.44,4.78,4.38,0.21567006438,0.0912987103,0.1530933345,0.23356993712,0.1635506743399999,0.2635434531,7.38587559926,1.6111735048,-0.05913066166,-0.01980217948,0.01785463042,0.02262531586,0.0672731762,0.10295238656,0.10268595088
4378,37,Urban,IGT,19.0,0.4,0.4,36.0,3.44,4.78,4.38,0.21567006438,0.0912987103,0.1530933345,0.23356993712,0.1635506743399999,0.2635434531,7.38587559926,1.6111735048,-0.05913066166,-0.01980217948,0.01785463042,0.02262531586,0.0672731762,0.10295238656,0.10268595088
4379,37,Urban,IGT,20.0,0.5,0.9,36.0,3.44,4.78,4.38,0.21567006438,0.0912987103,0.1530933345,0.23356993712,0.1635506743399999,0.2635434531,7.38587559926,1.6111735048,-0.05913066166,-0.01980217948,0.01785463042,0.02262531586,0.0672731762,0.10295238656,0.10268595088
4400,37,Control,IGT,1.0,,,,,,,,,,,,,,,,,,,,,
4401,37,Control,IGT,2.0,,,,,,,,,,,,,,,,,,,,,
4402,37,Control,IGT,3.0,,,,,,,,,,,,,,,,,,,,,
4403,37,Control,IGT,4.0,,,,,,,,,,,,,,,,,,,,,
4404,37,Control,IGT,5.0,,,,,,,,,,,,,,,,,,,,,
4405,37,Control,IGT,6.0,,,,,,,,,,,,,,,,,,,,,
4406,37,Control,IGT,7.0,,,,,,,,,,,,,,,,,,,,,
4407,37,Control,IGT,8.0,,,,,,,,,,,,,,,,,,,,,
4408,37,Control,IGT,9.0,,,,,,,,,,,,,,,,,,,,,
4409,37,Control,IGT,10.0,,,,,,,,,,,,,,,,,,,,,
4410,37,Control,IGT,11.0,,,,,,,,,,,,,,,,,,,,,
4411,37,Control,IGT,12.0,,,,,,,,,,,,,,,,,,,,,
4412,37,Control,IGT,13.0,,,,,,,,,,,,,,,,,,,,,
4413,37,Control,IGT,14.0,,,,,,,,,,,,,,,,,,,,,
4414,37,Control,IGT,15.0,,,,,,,,,,,,,,,,,,,,,
4415,37,Control,IGT,16.0,,,,,,,,,,,,,,,,,,,,,
4416,37,Control,IGT,17.0,,,,,,,,,,,,,,,,,,,,,
4417,37,Control,IGT,18.0,,,,,,,,,,,,,,,,,,,,,
4418,37,Control,IGT,19.0,,,,,,,,,,,,,,,,,,,,,
4419,37,Control,IGT,20.0,,,,,,,,,,,,,,,,,,,,,
4440,38,Nature,IGT,1.0,,,,,,,,,,,,,,,,,,,,,
4441,38,Nature,IGT,2.0,,,,,,,,,,,,,,,,,,,,,
4442,38,Nature,IGT,3.0,,,,,,,,,,,,,,,,,,,,,
4443,38,Nature,IGT,4.0,,,,,,,,,,,,,,,,,,,,,
4444,38,Nature,IGT,5.0,,,,,,,,,,,,,,,,,,,,,
4445,38,Nature,IGT,6.0,,,,,,,,,,,,,,,,,,,,,
4446,38,Nature,IGT,7.0,,,,,,,,,,,,,,,,,,,,,
4447,38,Nature,IGT,8.0,,,,,,,,,,,,,,,,,,,,,
4448,38,Nature,IGT,9.0,,,,,,,,,,,,,,,,,,,,,
4449,38,Nature,IGT,10.0,,,,,,,,,,,,,,,,,,,,,
4450,38,Nature,IGT,11.0,,,,,,,,,,,,,,,,,,,,,
4451,38,Nature,IGT,12.0,,,,,,,,,,,,,,,,,,,,,
4452,38,Nature,IGT,13.0,,,,,,,,,,,,,,,,,,,,,
4453,38,Nature,IGT,14.0,,,,,,,,,,,,,,,,,,,,,
4454,38,Nature,IGT,15.0,,,,,,,,,,,,,,,,,,,,,
4455,38,Nature,IGT,16.0,,,,,,,,,,,,,,,,,,,,,
4456,38,Nature,IGT,17.0,,,,,,,,,,,,,,,,,,,,,
4457,38,Nature,IGT,18.0,,,,,,,,,,,,,,,,,,,,,
4458,38,Nature,IGT,19.0,,,,,,,,,,,,,,,,,,,,,
4459,38,Nature,IGT,20.0,,,,,,,,,,,,,,,,,,,,,
4480,38,Urban,IGT,1.0,,,,,,,,,,,,,,,,,,,,,
4481,38,Urban,IGT,2.0,,,,,,,,,,,,,,,,,,,,,
4482,38,Urban,IGT,3.0,,,,,,,,,,,,,,,,,,,,,
4483,38,Urban,IGT,4.0,,,,,,,,,,,,,,,,,,,,,
4484,38,Urban,IGT,5.0,,,,,,,,,,,,,,,,,,,,,
4485,38,Urban,IGT,6.0,,,,,,,,,,,,,,,,,,,,,
4486,38,Urban,IGT,7.0,,,,,,,,,,,,,,,,,,,,,
4487,38,Urban,IGT,8.0,,,,,,,,,,,,,,,,,,,,,
4488,38,Urban,IGT,9.0,,,,,,,,,,,,,,,,,,,,,
4489,38,Urban,IGT,10.0,,,,,,,,,,,,,,,,,,,,,
4490,38,Urban,IGT,11.0,,,,,,,,,,,,,,,,,,,,,
4491,38,Urban,IGT,12.0,,,,,,,,,,,,,,,,,,,,,
4492,38,Urban,IGT,13.0,,,,,,,,,,,,,,,,,,,,,
4493,38,Urban,IGT,14.0,,,,,,,,,,,,,,,,,,,,,
4494,38,Urban,IGT,15.0,,,,,,,,,,,,,,,,,,,,,
4495,38,Urban,IGT,16.0,,,,,,,,,,,,,,,,,,,,,
4496,38,Urban,IGT,17.0,,,,,,,,,,,,,,,,,,,,,
4497,38,Urban,IGT,18.0,,,,,,,,,,,,,,,,,,,,,
4498,38,Urban,IGT,19.0,,,,,,,,,,,,,,,,,,,,,
4499,38,Urban,IGT,20.0,,,,,,,,,,,,,,,,,,,,,
4520,38,Control,IGT,1.0,,,37.0,3.22,3.4,3.54,,,,,,,,,,,,,,,
4521,38,Control,IGT,2.0,,,37.0,3.22,3.4,3.54,,,,,,,,,,,,,,,
4522,38,Control,IGT,3.0,,,37.0,3.22,3.4,3.54,,,,,,,,,,,,,,,
4523,38,Control,IGT,4.0,,,37.0,3.22,3.4,3.54,,,,,,,,,,,,,,,
4524,38,Control,IGT,5.0,,,37.0,3.22,3.4,3.54,,,,,,,,,,,,,,,
4525,38,Control,IGT,6.0,,,37.0,3.22,3.4,3.54,,,,,,,,,,,,,,,
4526,38,Control,IGT,7.0,,,37.0,3.22,3.4,3.54,,,,,,,,,,,,,,,
4527,38,Control,IGT,8.0,,,37.0,3.22,3.4,3.54,,,,,,,,,,,,,,,
4528,38,Control,IGT,9.0,,,37.0,3.22,3.4,3.54,,,,,,,,,,,,,,,
4529,38,Control,IGT,10.0,,,37.0,3.22,3.4,3.54,,,,,,,,,,,,,,,
4530,38,Control,IGT,11.0,0.4,0.2,37.0,3.22,3.4,3.54,,,,,,,,,,,,,,,
4531,38,Control,IGT,12.0,0.3,0.7,37.0,3.22,3.4,3.54,,,,,,,,,,,,,,,
4532,38,Control,IGT,13.0,0.5,0.7,37.0,3.22,3.4,3.54,,,,,,,,,,,,,,,
4533,38,Control,IGT,14.0,0.3,0.7,37.0,3.22,3.4,3.54,,,,,,,,,,,,,,,
4534,38,Control,IGT,15.0,0.3,0.6,37.0,3.22,3.4,3.54,,,,,,,,,,,,,,,
4535,38,Control,IGT,16.0,0.5,0.3,37.0,3.22,3.4,3.54,,,,,,,,,,,,,,,
4536,38,Control,IGT,17.0,0.3,1.0,37.0,3.22,3.4,3.54,,,,,,,,,,,,,,,
4537,38,Control,IGT,18.0,0.6,0.5,37.0,3.22,3.4,3.54,,,,,,,,,,,,,,,
4538,38,Control,IGT,19.0,0.5,0.8,37.0,3.22,3.4,3.54,,,,,,,,,,,,,,,
4539,38,Control,IGT,20.0,0.6,0.4,37.0,3.22,3.4,3.54,,,,,,,,,,,,,,,
4560,39,Nature,IGT,1.0,,,,,,,,,,,,,,,,,,,,,
4561,39,Nature,IGT,2.0,,,,,,,,,,,,,,,,,,,,,
4562,39,Nature,IGT,3.0,,,,,,,,,,,,,,,,,,,,,
4563,39,Nature,IGT,4.0,,,,,,,,,,,,,,,,,,,,,
4564,39,Nature,IGT,5.0,,,,,,,,,,,,,,,,,,,,,
4565,39,Nature,IGT,6.0,,,,,,,,,,,,,,,,,,,,,
4566,39,Nature,IGT,7.0,,,,,,,,,,,,,,,,,,,,,
4567,39,Nature,IGT,8.0,,,,,,,,,,,,,,,,,,,,,
4568,39,Nature,IGT,9.0,,,,,,,,,,,,,,,,,,,,,
4569,39,Nature,IGT,10.0,,,,,,,,,,,,,,,,,,,,,
4570,39,Nature,IGT,11.0,,,,,,,,,,,,,,,,,,,,,
4571,39,Nature,IGT,12.0,,,,,,,,,,,,,,,,,,,,,
4572,39,Nature,IGT,13.0,,,,,,,,,,,,,,,,,,,,,
4573,39,Nature,IGT,14.0,,,,,,,,,,,,,,,,,,,,,
4574,39,Nature,IGT,15.0,,,,,,,,,,,,,,,,,,,,,
4575,39,Nature,IGT,16.0,,,,,,,,,,,,,,,,,,,,,
4576,39,Nature,IGT,17.0,,,,,,,,,,,,,,,,,,,,,
4577,39,Nature,IGT,18.0,,,,,,,,,,,,,,,,,,,,,
4578,39,Nature,IGT,19.0,,,,,,,,,,,,,,,,,,,,,
4579,39,Nature,IGT,20.0,,,,,,,,,,,,,,,,,,,,,
4600,39,Urban,IGT,1.0,,,38.0,1.88,3.74,4.14,0.21561542028,0.01047269774,0.15128578398,0.22681514156,0.1625339171199999,0.26712998448,7.4143544166,1.61780198778,-0.05864141028,-0.01856844338,0.0023147615199999,0.0222193925,0.06935819294,0.10461577776,0.10078160596
4601,39,Urban,IGT,2.0,,,38.0,1.88,3.74,4.14,0.21561542028,0.01047269774,0.15128578398,0.22681514156,0.1625339171199999,0.26712998448,7.4143544166,1.61780198778,-0.05864141028,-0.01856844338,0.0023147615199999,0.0222193925,0.06935819294,0.10461577776,0.10078160596
4602,39,Urban,IGT,3.0,,,38.0,1.88,3.74,4.14,0.21561542028,0.01047269774,0.15128578398,0.22681514156,0.1625339171199999,0.26712998448,7.4143544166,1.61780198778,-0.05864141028,-0.01856844338,0.0023147615199999,0.0222193925,0.06935819294,0.10461577776,0.10078160596
4603,39,Urban,IGT,4.0,,,38.0,1.88,3.74,4.14,0.21561542028,0.01047269774,0.15128578398,0.22681514156,0.1625339171199999,0.26712998448,7.4143544166,1.61780198778,-0.05864141028,-0.01856844338,0.0023147615199999,0.0222193925,0.06935819294,0.10461577776,0.10078160596
4604,39,Urban,IGT,5.0,,,38.0,1.88,3.74,4.14,0.21561542028,0.01047269774,0.15128578398,0.22681514156,0.1625339171199999,0.26712998448,7.4143544166,1.61780198778,-0.05864141028,-0.01856844338,0.0023147615199999,0.0222193925,0.06935819294,0.10461577776,0.10078160596
4605,39,Urban,IGT,6.0,,,38.0,1.88,3.74,4.14,0.21561542028,0.01047269774,0.15128578398,0.22681514156,0.1625339171199999,0.26712998448,7.4143544166,1.61780198778,-0.05864141028,-0.01856844338,0.0023147615199999,0.0222193925,0.06935819294,0.10461577776,0.10078160596
4606,39,Urban,IGT,7.0,,,38.0,1.88,3.74,4.14,0.21561542028,0.01047269774,0.15128578398,0.22681514156,0.1625339171199999,0.26712998448,7.4143544166,1.61780198778,-0.05864141028,-0.01856844338,0.0023147615199999,0.0222193925,0.06935819294,0.10461577776,0.10078160596
4607,39,Urban,IGT,8.0,,,38.0,1.88,3.74,4.14,0.21561542028,0.01047269774,0.15128578398,0.22681514156,0.1625339171199999,0.26712998448,7.4143544166,1.61780198778,-0.05864141028,-0.01856844338,0.0023147615199999,0.0222193925,0.06935819294,0.10461577776,0.10078160596
4608,39,Urban,IGT,9.0,,,38.0,1.88,3.74,4.14,0.21561542028,0.01047269774,0.15128578398,0.22681514156,0.1625339171199999,0.26712998448,7.4143544166,1.61780198778,-0.05864141028,-0.01856844338,0.0023147615199999,0.0222193925,0.06935819294,0.10461577776,0.10078160596
4609,39,Urban,IGT,10.0,,,38.0,1.88,3.74,4.14,0.21561542028,0.01047269774,0.15128578398,0.22681514156,0.1625339171199999,0.26712998448,7.4143544166,1.61780198778,-0.05864141028,-0.01856844338,0.0023147615199999,0.0222193925,0.06935819294,0.10461577776,0.10078160596
4610,39,Urban,IGT,11.0,0.1,0.8,38.0,1.88,3.74,4.14,0.21561542028,0.01047269774,0.15128578398,0.22681514156,0.1625339171199999,0.26712998448,7.4143544166,1.61780198778,-0.05864141028,-0.01856844338,0.0023147615199999,0.0222193925,0.06935819294,0.10461577776,0.10078160596
4611,39,Urban,IGT,12.0,0.0,0.9,38.0,1.88,3.74,4.14,0.21561542028,0.01047269774,0.15128578398,0.22681514156,0.1625339171199999,0.26712998448,7.4143544166,1.61780198778,-0.05864141028,-0.01856844338,0.0023147615199999,0.0222193925,0.06935819294,0.10461577776,0.10078160596
4612,39,Urban,IGT,13.0,0.1,0.8,38.0,1.88,3.74,4.14,0.21561542028,0.01047269774,0.15128578398,0.22681514156,0.1625339171199999,0.26712998448,7.4143544166,1.61780198778,-0.05864141028,-0.01856844338,0.0023147615199999,0.0222193925,0.06935819294,0.10461577776,0.10078160596
4613,39,Urban,IGT,14.0,0.1,0.7,38.0,1.88,3.74,4.14,0.21561542028,0.01047269774,0.15128578398,0.22681514156,0.1625339171199999,0.26712998448,7.4143544166,1.61780198778,-0.05864141028,-0.01856844338,0.0023147615199999,0.0222193925,0.06935819294,0.10461577776,0.10078160596
4614,39,Urban,IGT,15.0,0.2,0.9,38.0,1.88,3.74,4.14,0.21561542028,0.01047269774,0.15128578398,0.22681514156,0.1625339171199999,0.26712998448,7.4143544166,1.61780198778,-0.05864141028,-0.01856844338,0.0023147615199999,0.0222193925,0.06935819294,0.10461577776,0.10078160596
4615,39,Urban,IGT,16.0,0.0,0.8,38.0,1.88,3.74,4.14,0.21561542028,0.01047269774,0.15128578398,0.22681514156,0.1625339171199999,0.26712998448,7.4143544166,1.61780198778,-0.05864141028,-0.01856844338,0.0023147615199999,0.0222193925,0.06935819294,0.10461577776,0.10078160596
4616,39,Urban,IGT,17.0,0.7,0.7,38.0,1.88,3.74,4.14,0.21561542028,0.01047269774,0.15128578398,0.22681514156,0.1625339171199999,0.26712998448,7.4143544166,1.61780198778,-0.05864141028,-0.01856844338,0.0023147615199999,0.0222193925,0.06935819294,0.10461577776,0.10078160596
4617,39,Urban,IGT,18.0,0.0,0.8,38.0,1.88,3.74,4.14,0.21561542028,0.01047269774,0.15128578398,0.22681514156,0.1625339171199999,0.26712998448,7.4143544166,1.61780198778,-0.05864141028,-0.01856844338,0.0023147615199999,0.0222193925,0.06935819294,0.10461577776,0.10078160596
4618,39,Urban,IGT,19.0,0.3,0.9,38.0,1.88,3.74,4.14,0.21561542028,0.01047269774,0.15128578398,0.22681514156,0.1625339171199999,0.26712998448,7.4143544166,1.61780198778,-0.05864141028,-0.01856844338,0.0023147615199999,0.0222193925,0.06935819294,0.10461577776,0.10078160596
4619,39,Urban,IGT,20.0,0.0,0.9,38.0,1.88,3.74,4.14,0.21561542028,0.01047269774,0.15128578398,0.22681514156,0.1625339171199999,0.26712998448,7.4143544166,1.61780198778,-0.05864141028,-0.01856844338,0.0023147615199999,0.0222193925,0.06935819294,0.10461577776,0.10078160596
4640,39,Control,IGT,1.0,,,,,,,,,,,,,,,,,,,,,
4641,39,Control,IGT,2.0,,,,,,,,,,,,,,,,,,,,,
4642,39,Control,IGT,3.0,,,,,,,,,,,,,,,,,,,,,
4643,39,Control,IGT,4.0,,,,,,,,,,,,,,,,,,,,,
4644,39,Control,IGT,5.0,,,,,,,,,,,,,,,,,,,,,
4645,39,Control,IGT,6.0,,,,,,,,,,,,,,,,,,,,,
4646,39,Control,IGT,7.0,,,,,,,,,,,,,,,,,,,,,
4647,39,Control,IGT,8.0,,,,,,,,,,,,,,,,,,,,,
4648,39,Control,IGT,9.0,,,,,,,,,,,,,,,,,,,,,
4649,39,Control,IGT,10.0,,,,,,,,,,,,,,,,,,,,,
4650,39,Control,IGT,11.0,,,,,,,,,,,,,,,,,,,,,
4651,39,Control,IGT,12.0,,,,,,,,,,,,,,,,,,,,,
4652,39,Control,IGT,13.0,,,,,,,,,,,,,,,,,,,,,
4653,39,Control,IGT,14.0,,,,,,,,,,,,,,,,,,,,,
4654,39,Control,IGT,15.0,,,,,,,,,,,,,,,,,,,,,
4655,39,Control,IGT,16.0,,,,,,,,,,,,,,,,,,,,,
4656,39,Control,IGT,17.0,,,,,,,,,,,,,,,,,,,,,
4657,39,Control,IGT,18.0,,,,,,,,,,,,,,,,,,,,,
4658,39,Control,IGT,19.0,,,,,,,,,,,,,,,,,,,,,
4659,39,Control,IGT,20.0,,,,,,,,,,,,,,,,,,,,,
4680,40,Nature,IGT,1.0,,,39.0,5.14,5.0,4.84,0.15249922006,-0.18660334214,0.236439824,0.158345383,0.2191005206,0.26691118648,7.492510500780001,6.21264933126,-0.0625303088,0.01095286146,-0.00131037206,-0.00966653226,0.01827029336,0.1396091987,0.19148123118
4681,40,Nature,IGT,2.0,,,39.0,5.14,5.0,4.84,0.15249922006,-0.18660334214,0.236439824,0.158345383,0.2191005206,0.26691118648,7.492510500780001,6.21264933126,-0.0625303088,0.01095286146,-0.00131037206,-0.00966653226,0.01827029336,0.1396091987,0.19148123118
4682,40,Nature,IGT,3.0,,,39.0,5.14,5.0,4.84,0.15249922006,-0.18660334214,0.236439824,0.158345383,0.2191005206,0.26691118648,7.492510500780001,6.21264933126,-0.0625303088,0.01095286146,-0.00131037206,-0.00966653226,0.01827029336,0.1396091987,0.19148123118
4683,40,Nature,IGT,4.0,,,39.0,5.14,5.0,4.84,0.15249922006,-0.18660334214,0.236439824,0.158345383,0.2191005206,0.26691118648,7.492510500780001,6.21264933126,-0.0625303088,0.01095286146,-0.00131037206,-0.00966653226,0.01827029336,0.1396091987,0.19148123118
4684,40,Nature,IGT,5.0,,,39.0,5.14,5.0,4.84,0.15249922006,-0.18660334214,0.236439824,0.158345383,0.2191005206,0.26691118648,7.492510500780001,6.21264933126,-0.0625303088,0.01095286146,-0.00131037206,-0.00966653226,0.01827029336,0.1396091987,0.19148123118
4685,40,Nature,IGT,6.0,,,39.0,5.14,5.0,4.84,0.15249922006,-0.18660334214,0.236439824,0.158345383,0.2191005206,0.26691118648,7.492510500780001,6.21264933126,-0.0625303088,0.01095286146,-0.00131037206,-0.00966653226,0.01827029336,0.1396091987,0.19148123118
4686,40,Nature,IGT,7.0,,,39.0,5.14,5.0,4.84,0.15249922006,-0.18660334214,0.236439824,0.158345383,0.2191005206,0.26691118648,7.492510500780001,6.21264933126,-0.0625303088,0.01095286146,-0.00131037206,-0.00966653226,0.01827029336,0.1396091987,0.19148123118
4687,40,Nature,IGT,8.0,,,39.0,5.14,5.0,4.84,0.15249922006,-0.18660334214,0.236439824,0.158345383,0.2191005206,0.26691118648,7.492510500780001,6.21264933126,-0.0625303088,0.01095286146,-0.00131037206,-0.00966653226,0.01827029336,0.1396091987,0.19148123118
4688,40,Nature,IGT,9.0,,,39.0,5.14,5.0,4.84,0.15249922006,-0.18660334214,0.236439824,0.158345383,0.2191005206,0.26691118648,7.492510500780001,6.21264933126,-0.0625303088,0.01095286146,-0.00131037206,-0.00966653226,0.01827029336,0.1396091987,0.19148123118
4689,40,Nature,IGT,10.0,,,39.0,5.14,5.0,4.84,0.15249922006,-0.18660334214,0.236439824,0.158345383,0.2191005206,0.26691118648,7.492510500780001,6.21264933126,-0.0625303088,0.01095286146,-0.00131037206,-0.00966653226,0.01827029336,0.1396091987,0.19148123118
4690,40,Nature,IGT,11.0,0.2,0.5,39.0,5.14,5.0,4.84,0.15249922006,-0.18660334214,0.236439824,0.158345383,0.2191005206,0.26691118648,7.492510500780001,6.21264933126,-0.0625303088,0.01095286146,-0.00131037206,-0.00966653226,0.01827029336,0.1396091987,0.19148123118
4691,40,Nature,IGT,12.0,0.0,0.8,39.0,5.14,5.0,4.84,0.15249922006,-0.18660334214,0.236439824,0.158345383,0.2191005206,0.26691118648,7.492510500780001,6.21264933126,-0.0625303088,0.01095286146,-0.00131037206,-0.00966653226,0.01827029336,0.1396091987,0.19148123118
4692,40,Nature,IGT,13.0,0.3,0.4,39.0,5.14,5.0,4.84,0.15249922006,-0.18660334214,0.236439824,0.158345383,0.2191005206,0.26691118648,7.492510500780001,6.21264933126,-0.0625303088,0.01095286146,-0.00131037206,-0.00966653226,0.01827029336,0.1396091987,0.19148123118
4693,40,Nature,IGT,14.0,0.6,0.9,39.0,5.14,5.0,4.84,0.15249922006,-0.18660334214,0.236439824,0.158345383,0.2191005206,0.26691118648,7.492510500780001,6.21264933126,-0.0625303088,0.01095286146,-0.00131037206,-0.00966653226,0.01827029336,0.1396091987,0.19148123118
4694,40,Nature,IGT,15.0,0.9,1.0,39.0,5.14,5.0,4.84,0.15249922006,-0.18660334214,0.236439824,0.158345383,0.2191005206,0.26691118648,7.492510500780001,6.21264933126,-0.0625303088,0.01095286146,-0.00131037206,-0.00966653226,0.01827029336,0.1396091987,0.19148123118
4695,40,Nature,IGT,16.0,0.5,0.9,39.0,5.14,5.0,4.84,0.15249922006,-0.18660334214,0.236439824,0.158345383,0.2191005206,0.26691118648,7.492510500780001,6.21264933126,-0.0625303088,0.01095286146,-0.00131037206,-0.00966653226,0.01827029336,0.1396091987,0.19148123118
4696,40,Nature,IGT,17.0,0.8,1.0,39.0,5.14,5.0,4.84,0.15249922006,-0.18660334214,0.236439824,0.158345383,0.2191005206,0.26691118648,7.492510500780001,6.21264933126,-0.0625303088,0.01095286146,-0.00131037206,-0.00966653226,0.01827029336,0.1396091987,0.19148123118
4697,40,Nature,IGT,18.0,0.6,1.0,39.0,5.14,5.0,4.84,0.15249922006,-0.18660334214,0.236439824,0.158345383,0.2191005206,0.26691118648,7.492510500780001,6.21264933126,-0.0625303088,0.01095286146,-0.00131037206,-0.00966653226,0.01827029336,0.1396091987,0.19148123118
4698,40,Nature,IGT,19.0,1.0,1.0,39.0,5.14,5.0,4.84,0.15249922006,-0.18660334214,0.236439824,0.158345383,0.2191005206,0.26691118648,7.492510500780001,6.21264933126,-0.0625303088,0.01095286146,-0.00131037206,-0.00966653226,0.01827029336,0.1396091987,0.19148123118
4699,40,Nature,IGT,20.0,0.6,0.8,39.0,5.14,5.0,4.84,0.15249922006,-0.18660334214,0.236439824,0.158345383,0.2191005206,0.26691118648,7.492510500780001,6.21264933126,-0.0625303088,0.01095286146,-0.00131037206,-0.00966653226,0.01827029336,0.1396091987,0.19148123118
4720,40,Urban,IGT,1.0,,,,,,,,,,,,,,,,,,,,,
4721,40,Urban,IGT,2.0,,,,,,,,,,,,,,,,,,,,,
4722,40,Urban,IGT,3.0,,,,,,,,,,,,,,,,,,,,,
4723,40,Urban,IGT,4.0,,,,,,,,,,,,,,,,,,,,,
4724,40,Urban,IGT,5.0,,,,,,,,,,,,,,,,,,,,,
4725,40,Urban,IGT,6.0,,,,,,,,,,,,,,,,,,,,,
4726,40,Urban,IGT,7.0,,,,,,,,,,,,,,,,,,,,,
4727,40,Urban,IGT,8.0,,,,,,,,,,,,,,,,,,,,,
4728,40,Urban,IGT,9.0,,,,,,,,,,,,,,,,,,,,,
4729,40,Urban,IGT,10.0,,,,,,,,,,,,,,,,,,,,,
4730,40,Urban,IGT,11.0,,,,,,,,,,,,,,,,,,,,,
4731,40,Urban,IGT,12.0,,,,,,,,,,,,,,,,,,,,,
4732,40,Urban,IGT,13.0,,,,,,,,,,,,,,,,,,,,,
4733,40,Urban,IGT,14.0,,,,,,,,,,,,,,,,,,,,,
4734,40,Urban,IGT,15.0,,,,,,,,,,,,,,,,,,,,,
4735,40,Urban,IGT,16.0,,,,,,,,,,,,,,,,,,,,,
4736,40,Urban,IGT,17.0,,,,,,,,,,,,,,,,,,,,,
4737,40,Urban,IGT,18.0,,,,,,,,,,,,,,,,,,,,,
4738,40,Urban,IGT,19.0,,,,,,,,,,,,,,,,,,,,,
4739,40,Urban,IGT,20.0,,,,,,,,,,,,,,,,,,,,,
4760,40,Control,IGT,1.0,,,,,,,,,,,,,,,,,,,,,
4761,40,Control,IGT,2.0,,,,,,,,,,,,,,,,,,,,,
4762,40,Control,IGT,3.0,,,,,,,,,,,,,,,,,,,,,
4763,40,Control,IGT,4.0,,,,,,,,,,,,,,,,,,,,,
4764,40,Control,IGT,5.0,,,,,,,,,,,,,,,,,,,,,
4765,40,Control,IGT,6.0,,,,,,,,,,,,,,,,,,,,,
4766,40,Control,IGT,7.0,,,,,,,,,,,,,,,,,,,,,
4767,40,Control,IGT,8.0,,,,,,,,,,,,,,,,,,,,,
4768,40,Control,IGT,9.0,,,,,,,,,,,,,,,,,,,,,
4769,40,Control,IGT,10.0,,,,,,,,,,,,,,,,,,,,,
4770,40,Control,IGT,11.0,,,,,,,,,,,,,,,,,,,,,
4771,40,Control,IGT,12.0,,,,,,,,,,,,,,,,,,,,,
4772,40,Control,IGT,13.0,,,,,,,,,,,,,,,,,,,,,
4773,40,Control,IGT,14.0,,,,,,,,,,,,,,,,,,,,,
4774,40,Control,IGT,15.0,,,,,,,,,,,,,,,,,,,,,
4775,40,Control,IGT,16.0,,,,,,,,,,,,,,,,,,,,,
4776,40,Control,IGT,17.0,,,,,,,,,,,,,,,,,,,,,
4777,40,Control,IGT,18.0,,,,,,,,,,,,,,,,,,,,,
4778,40,Control,IGT,19.0,,,,,,,,,,,,,,,,,,,,,
4779,40,Control,IGT,20.0,,,,,,,,,,,,,,,,,,,,,
4800,41,Nature,IGT,1.0,,,,,,,,,,,,,,,,,,,,,
4801,41,Nature,IGT,2.0,,,,,,,,,,,,,,,,,,,,,
4802,41,Nature,IGT,3.0,,,,,,,,,,,,,,,,,,,,,
4803,41,Nature,IGT,4.0,,,,,,,,,,,,,,,,,,,,,
4804,41,Nature,IGT,5.0,,,,,,,,,,,,,,,,,,,,,
4805,41,Nature,IGT,6.0,,,,,,,,,,,,,,,,,,,,,
4806,41,Nature,IGT,7.0,,,,,,,,,,,,,,,,,,,,,
4807,41,Nature,IGT,8.0,,,,,,,,,,,,,,,,,,,,,
4808,41,Nature,IGT,9.0,,,,,,,,,,,,,,,,,,,,,
4809,41,Nature,IGT,10.0,,,,,,,,,,,,,,,,,,,,,
4810,41,Nature,IGT,11.0,,,,,,,,,,,,,,,,,,,,,
4811,41,Nature,IGT,12.0,,,,,,,,,,,,,,,,,,,,,
4812,41,Nature,IGT,13.0,,,,,,,,,,,,,,,,,,,,,
4813,41,Nature,IGT,14.0,,,,,,,,,,,,,,,,,,,,,
4814,41,Nature,IGT,15.0,,,,,,,,,,,,,,,,,,,,,
4815,41,Nature,IGT,16.0,,,,,,,,,,,,,,,,,,,,,
4816,41,Nature,IGT,17.0,,,,,,,,,,,,,,,,,,,,,
4817,41,Nature,IGT,18.0,,,,,,,,,,,,,,,,,,,,,
4818,41,Nature,IGT,19.0,,,,,,,,,,,,,,,,,,,,,
4819,41,Nature,IGT,20.0,,,,,,,,,,,,,,,,,,,,,
4840,41,Urban,IGT,1.0,,,,,,,,,,,,,,,,,,,,,
4841,41,Urban,IGT,2.0,,,,,,,,,,,,,,,,,,,,,
4842,41,Urban,IGT,3.0,,,,,,,,,,,,,,,,,,,,,
4843,41,Urban,IGT,4.0,,,,,,,,,,,,,,,,,,,,,
4844,41,Urban,IGT,5.0,,,,,,,,,,,,,,,,,,,,,
4845,41,Urban,IGT,6.0,,,,,,,,,,,,,,,,,,,,,
4846,41,Urban,IGT,7.0,,,,,,,,,,,,,,,,,,,,,
4847,41,Urban,IGT,8.0,,,,,,,,,,,,,,,,,,,,,
4848,41,Urban,IGT,9.0,,,,,,,,,,,,,,,,,,,,,
4849,41,Urban,IGT,10.0,,,,,,,,,,,,,,,,,,,,,
4850,41,Urban,IGT,11.0,,,,,,,,,,,,,,,,,,,,,
4851,41,Urban,IGT,12.0,,,,,,,,,,,,,,,,,,,,,
4852,41,Urban,IGT,13.0,,,,,,,,,,,,,,,,,,,,,
4853,41,Urban,IGT,14.0,,,,,,,,,,,,,,,,,,,,,
4854,41,Urban,IGT,15.0,,,,,,,,,,,,,,,,,,,,,
4855,41,Urban,IGT,16.0,,,,,,,,,,,,,,,,,,,,,
4856,41,Urban,IGT,17.0,,,,,,,,,,,,,,,,,,,,,
4857,41,Urban,IGT,18.0,,,,,,,,,,,,,,,,,,,,,
4858,41,Urban,IGT,19.0,,,,,,,,,,,,,,,,,,,,,
4859,41,Urban,IGT,20.0,,,,,,,,,,,,,,,,,,,,,
4880,41,Control,IGT,1.0,,,40.0,4.72,3.06,3.58,,,,,,,,,,,,,,,
4881,41,Control,IGT,2.0,,,40.0,4.72,3.06,3.58,,,,,,,,,,,,,,,
4882,41,Control,IGT,3.0,,,40.0,4.72,3.06,3.58,,,,,,,,,,,,,,,
4883,41,Control,IGT,4.0,,,40.0,4.72,3.06,3.58,,,,,,,,,,,,,,,
4884,41,Control,IGT,5.0,,,40.0,4.72,3.06,3.58,,,,,,,,,,,,,,,
4885,41,Control,IGT,6.0,,,40.0,4.72,3.06,3.58,,,,,,,,,,,,,,,
4886,41,Control,IGT,7.0,,,40.0,4.72,3.06,3.58,,,,,,,,,,,,,,,
4887,41,Control,IGT,8.0,,,40.0,4.72,3.06,3.58,,,,,,,,,,,,,,,
4888,41,Control,IGT,9.0,,,40.0,4.72,3.06,3.58,,,,,,,,,,,,,,,
4889,41,Control,IGT,10.0,,,40.0,4.72,3.06,3.58,,,,,,,,,,,,,,,
4890,41,Control,IGT,11.0,0.4,0.2,40.0,4.72,3.06,3.58,,,,,,,,,,,,,,,
4891,41,Control,IGT,12.0,0.2,1.0,40.0,4.72,3.06,3.58,,,,,,,,,,,,,,,
4892,41,Control,IGT,13.0,1.0,0.7,40.0,4.72,3.06,3.58,,,,,,,,,,,,,,,
4893,41,Control,IGT,14.0,1.0,0.0,40.0,4.72,3.06,3.58,,,,,,,,,,,,,,,
4894,41,Control,IGT,15.0,0.5,0.0,40.0,4.72,3.06,3.58,,,,,,,,,,,,,,,
4895,41,Control,IGT,16.0,1.0,0.0,40.0,4.72,3.06,3.58,,,,,,,,,,,,,,,
4896,41,Control,IGT,17.0,1.0,0.0,40.0,4.72,3.06,3.58,,,,,,,,,,,,,,,
4897,41,Control,IGT,18.0,1.0,0.7,40.0,4.72,3.06,3.58,,,,,,,,,,,,,,,
4898,41,Control,IGT,19.0,1.0,1.0,40.0,4.72,3.06,3.58,,,,,,,,,,,,,,,
4899,41,Control,IGT,20.0,0.2,1.0,40.0,4.72,3.06,3.58,,,,,,,,,,,,,,,
4920,42,Nature,IGT,1.0,,,,,,,,,,,,,,,,,,,,,
4921,42,Nature,IGT,2.0,,,,,,,,,,,,,,,,,,,,,
4922,42,Nature,IGT,3.0,,,,,,,,,,,,,,,,,,,,,
4923,42,Nature,IGT,4.0,,,,,,,,,,,,,,,,,,,,,
4924,42,Nature,IGT,5.0,,,,,,,,,,,,,,,,,,,,,
4925,42,Nature,IGT,6.0,,,,,,,,,,,,,,,,,,,,,
4926,42,Nature,IGT,7.0,,,,,,,,,,,,,,,,,,,,,
4927,42,Nature,IGT,8.0,,,,,,,,,,,,,,,,,,,,,
4928,42,Nature,IGT,9.0,,,,,,,,,,,,,,,,,,,,,
4929,42,Nature,IGT,10.0,,,,,,,,,,,,,,,,,,,,,
4930,42,Nature,IGT,11.0,,,,,,,,,,,,,,,,,,,,,
4931,42,Nature,IGT,12.0,,,,,,,,,,,,,,,,,,,,,
4932,42,Nature,IGT,13.0,,,,,,,,,,,,,,,,,,,,,
4933,42,Nature,IGT,14.0,,,,,,,,,,,,,,,,,,,,,
4934,42,Nature,IGT,15.0,,,,,,,,,,,,,,,,,,,,,
4935,42,Nature,IGT,16.0,,,,,,,,,,,,,,,,,,,,,
4936,42,Nature,IGT,17.0,,,,,,,,,,,,,,,,,,,,,
4937,42,Nature,IGT,18.0,,,,,,,,,,,,,,,,,,,,,
4938,42,Nature,IGT,19.0,,,,,,,,,,,,,,,,,,,,,
4939,42,Nature,IGT,20.0,,,,,,,,,,,,,,,,,,,,,
4960,42,Urban,IGT,1.0,,,41.0,4.76,4.92,4.76,0.2154111312,0.1258383373,0.1698194349199999,0.2238514574399999,0.16601159038,0.2670965187,7.41114720358,1.6391494193599998,-0.0578838597,-0.02031747102,0.01091479848,0.01884966918,0.0731139356,0.1032042985,0.09863709804
4961,42,Urban,IGT,2.0,,,41.0,4.76,4.92,4.76,0.2154111312,0.1258383373,0.1698194349199999,0.2238514574399999,0.16601159038,0.2670965187,7.41114720358,1.6391494193599998,-0.0578838597,-0.02031747102,0.01091479848,0.01884966918,0.0731139356,0.1032042985,0.09863709804
4962,42,Urban,IGT,3.0,,,41.0,4.76,4.92,4.76,0.2154111312,0.1258383373,0.1698194349199999,0.2238514574399999,0.16601159038,0.2670965187,7.41114720358,1.6391494193599998,-0.0578838597,-0.02031747102,0.01091479848,0.01884966918,0.0731139356,0.1032042985,0.09863709804
4963,42,Urban,IGT,4.0,,,41.0,4.76,4.92,4.76,0.2154111312,0.1258383373,0.1698194349199999,0.2238514574399999,0.16601159038,0.2670965187,7.41114720358,1.6391494193599998,-0.0578838597,-0.02031747102,0.01091479848,0.01884966918,0.0731139356,0.1032042985,0.09863709804
4964,42,Urban,IGT,5.0,,,41.0,4.76,4.92,4.76,0.2154111312,0.1258383373,0.1698194349199999,0.2238514574399999,0.16601159038,0.2670965187,7.41114720358,1.6391494193599998,-0.0578838597,-0.02031747102,0.01091479848,0.01884966918,0.0731139356,0.1032042985,0.09863709804
4965,42,Urban,IGT,6.0,,,41.0,4.76,4.92,4.76,0.2154111312,0.1258383373,0.1698194349199999,0.2238514574399999,0.16601159038,0.2670965187,7.41114720358,1.6391494193599998,-0.0578838597,-0.02031747102,0.01091479848,0.01884966918,0.0731139356,0.1032042985,0.09863709804
4966,42,Urban,IGT,7.0,,,41.0,4.76,4.92,4.76,0.2154111312,0.1258383373,0.1698194349199999,0.2238514574399999,0.16601159038,0.2670965187,7.41114720358,1.6391494193599998,-0.0578838597,-0.02031747102,0.01091479848,0.01884966918,0.0731139356,0.1032042985,0.09863709804
4967,42,Urban,IGT,8.0,,,41.0,4.76,4.92,4.76,0.2154111312,0.1258383373,0.1698194349199999,0.2238514574399999,0.16601159038,0.2670965187,7.41114720358,1.6391494193599998,-0.0578838597,-0.02031747102,0.01091479848,0.01884966918,0.0731139356,0.1032042985,0.09863709804
4968,42,Urban,IGT,9.0,,,41.0,4.76,4.92,4.76,0.2154111312,0.1258383373,0.1698194349199999,0.2238514574399999,0.16601159038,0.2670965187,7.41114720358,1.6391494193599998,-0.0578838597,-0.02031747102,0.01091479848,0.01884966918,0.0731139356,0.1032042985,0.09863709804
4969,42,Urban,IGT,10.0,,,41.0,4.76,4.92,4.76,0.2154111312,0.1258383373,0.1698194349199999,0.2238514574399999,0.16601159038,0.2670965187,7.41114720358,1.6391494193599998,-0.0578838597,-0.02031747102,0.01091479848,0.01884966918,0.0731139356,0.1032042985,0.09863709804
4970,42,Urban,IGT,11.0,0.7,0.2,41.0,4.76,4.92,4.76,0.2154111312,0.1258383373,0.1698194349199999,0.2238514574399999,0.16601159038,0.2670965187,7.41114720358,1.6391494193599998,-0.0578838597,-0.02031747102,0.01091479848,0.01884966918,0.0731139356,0.1032042985,0.09863709804
4971,42,Urban,IGT,12.0,0.2,0.5,41.0,4.76,4.92,4.76,0.2154111312,0.1258383373,0.1698194349199999,0.2238514574399999,0.16601159038,0.2670965187,7.41114720358,1.6391494193599998,-0.0578838597,-0.02031747102,0.01091479848,0.01884966918,0.0731139356,0.1032042985,0.09863709804
4972,42,Urban,IGT,13.0,0.0,0.7,41.0,4.76,4.92,4.76,0.2154111312,0.1258383373,0.1698194349199999,0.2238514574399999,0.16601159038,0.2670965187,7.41114720358,1.6391494193599998,-0.0578838597,-0.02031747102,0.01091479848,0.01884966918,0.0731139356,0.1032042985,0.09863709804
4973,42,Urban,IGT,14.0,0.6,0.0,41.0,4.76,4.92,4.76,0.2154111312,0.1258383373,0.1698194349199999,0.2238514574399999,0.16601159038,0.2670965187,7.41114720358,1.6391494193599998,-0.0578838597,-0.02031747102,0.01091479848,0.01884966918,0.0731139356,0.1032042985,0.09863709804
4974,42,Urban,IGT,15.0,1.0,0.0,41.0,4.76,4.92,4.76,0.2154111312,0.1258383373,0.1698194349199999,0.2238514574399999,0.16601159038,0.2670965187,7.41114720358,1.6391494193599998,-0.0578838597,-0.02031747102,0.01091479848,0.01884966918,0.0731139356,0.1032042985,0.09863709804
4975,42,Urban,IGT,16.0,1.0,0.0,41.0,4.76,4.92,4.76,0.2154111312,0.1258383373,0.1698194349199999,0.2238514574399999,0.16601159038,0.2670965187,7.41114720358,1.6391494193599998,-0.0578838597,-0.02031747102,0.01091479848,0.01884966918,0.0731139356,0.1032042985,0.09863709804
4976,42,Urban,IGT,17.0,1.0,0.0,41.0,4.76,4.92,4.76,0.2154111312,0.1258383373,0.1698194349199999,0.2238514574399999,0.16601159038,0.2670965187,7.41114720358,1.6391494193599998,-0.0578838597,-0.02031747102,0.01091479848,0.01884966918,0.0731139356,0.1032042985,0.09863709804
4977,42,Urban,IGT,18.0,1.0,0.0,41.0,4.76,4.92,4.76,0.2154111312,0.1258383373,0.1698194349199999,0.2238514574399999,0.16601159038,0.2670965187,7.41114720358,1.6391494193599998,-0.0578838597,-0.02031747102,0.01091479848,0.01884966918,0.0731139356,0.1032042985,0.09863709804
4978,42,Urban,IGT,19.0,1.0,0.0,41.0,4.76,4.92,4.76,0.2154111312,0.1258383373,0.1698194349199999,0.2238514574399999,0.16601159038,0.2670965187,7.41114720358,1.6391494193599998,-0.0578838597,-0.02031747102,0.01091479848,0.01884966918,0.0731139356,0.1032042985,0.09863709804
4979,42,Urban,IGT,20.0,1.0,0.0,41.0,4.76,4.92,4.76,0.2154111312,0.1258383373,0.1698194349199999,0.2238514574399999,0.16601159038,0.2670965187,7.41114720358,1.6391494193599998,-0.0578838597,-0.02031747102,0.01091479848,0.01884966918,0.0731139356,0.1032042985,0.09863709804
5000,42,Control,IGT,1.0,,,,,,,,,,,,,,,,,,,,,
5001,42,Control,IGT,2.0,,,,,,,,,,,,,,,,,,,,,
5002,42,Control,IGT,3.0,,,,,,,,,,,,,,,,,,,,,
5003,42,Control,IGT,4.0,,,,,,,,,,,,,,,,,,,,,
5004,42,Control,IGT,5.0,,,,,,,,,,,,,,,,,,,,,
5005,42,Control,IGT,6.0,,,,,,,,,,,,,,,,,,,,,
5006,42,Control,IGT,7.0,,,,,,,,,,,,,,,,,,,,,
5007,42,Control,IGT,8.0,,,,,,,,,,,,,,,,,,,,,
5008,42,Control,IGT,9.0,,,,,,,,,,,,,,,,,,,,,
5009,42,Control,IGT,10.0,,,,,,,,,,,,,,,,,,,,,
5010,42,Control,IGT,11.0,,,,,,,,,,,,,,,,,,,,,
5011,42,Control,IGT,12.0,,,,,,,,,,,,,,,,,,,,,
5012,42,Control,IGT,13.0,,,,,,,,,,,,,,,,,,,,,
5013,42,Control,IGT,14.0,,,,,,,,,,,,,,,,,,,,,
5014,42,Control,IGT,15.0,,,,,,,,,,,,,,,,,,,,,
5015,42,Control,IGT,16.0,,,,,,,,,,,,,,,,,,,,,
5016,42,Control,IGT,17.0,,,,,,,,,,,,,,,,,,,,,
5017,42,Control,IGT,18.0,,,,,,,,,,,,,,,,,,,,,
5018,42,Control,IGT,19.0,,,,,,,,,,,,,,,,,,,,,
5019,42,Control,IGT,20.0,,,,,,,,,,,,,,,,,,,,,
5040,43,Nature,IGT,1.0,,,,,,,,,,,,,,,,,,,,,
5041,43,Nature,IGT,2.0,,,,,,,,,,,,,,,,,,,,,
5042,43,Nature,IGT,3.0,,,,,,,,,,,,,,,,,,,,,
5043,43,Nature,IGT,4.0,,,,,,,,,,,,,,,,,,,,,
5044,43,Nature,IGT,5.0,,,,,,,,,,,,,,,,,,,,,
5045,43,Nature,IGT,6.0,,,,,,,,,,,,,,,,,,,,,
5046,43,Nature,IGT,7.0,,,,,,,,,,,,,,,,,,,,,
5047,43,Nature,IGT,8.0,,,,,,,,,,,,,,,,,,,,,
5048,43,Nature,IGT,9.0,,,,,,,,,,,,,,,,,,,,,
5049,43,Nature,IGT,10.0,,,,,,,,,,,,,,,,,,,,,
5050,43,Nature,IGT,11.0,,,,,,,,,,,,,,,,,,,,,
5051,43,Nature,IGT,12.0,,,,,,,,,,,,,,,,,,,,,
5052,43,Nature,IGT,13.0,,,,,,,,,,,,,,,,,,,,,
5053,43,Nature,IGT,14.0,,,,,,,,,,,,,,,,,,,,,
5054,43,Nature,IGT,15.0,,,,,,,,,,,,,,,,,,,,,
5055,43,Nature,IGT,16.0,,,,,,,,,,,,,,,,,,,,,
5056,43,Nature,IGT,17.0,,,,,,,,,,,,,,,,,,,,,
5057,43,Nature,IGT,18.0,,,,,,,,,,,,,,,,,,,,,
5058,43,Nature,IGT,19.0,,,,,,,,,,,,,,,,,,,,,
5059,43,Nature,IGT,20.0,,,,,,,,,,,,,,,,,,,,,
5080,43,Urban,IGT,1.0,,,42.0,2.3,4.86,4.6,0.21153334146,0.13290535712,0.14517267814,0.22062480748,0.16052397884,0.26836442622,7.389861423119999,1.60242010012,-0.0609809412,-0.01411204492,0.01482481326,0.02159019828,0.06967185944,0.10253646196,0.10181133336
5081,43,Urban,IGT,2.0,,,42.0,2.3,4.86,4.6,0.21153334146,0.13290535712,0.14517267814,0.22062480748,0.16052397884,0.26836442622,7.389861423119999,1.60242010012,-0.0609809412,-0.01411204492,0.01482481326,0.02159019828,0.06967185944,0.10253646196,0.10181133336
5082,43,Urban,IGT,3.0,,,42.0,2.3,4.86,4.6,0.21153334146,0.13290535712,0.14517267814,0.22062480748,0.16052397884,0.26836442622,7.389861423119999,1.60242010012,-0.0609809412,-0.01411204492,0.01482481326,0.02159019828,0.06967185944,0.10253646196,0.10181133336
5083,43,Urban,IGT,4.0,,,42.0,2.3,4.86,4.6,0.21153334146,0.13290535712,0.14517267814,0.22062480748,0.16052397884,0.26836442622,7.389861423119999,1.60242010012,-0.0609809412,-0.01411204492,0.01482481326,0.02159019828,0.06967185944,0.10253646196,0.10181133336
5084,43,Urban,IGT,5.0,,,42.0,2.3,4.86,4.6,0.21153334146,0.13290535712,0.14517267814,0.22062480748,0.16052397884,0.26836442622,7.389861423119999,1.60242010012,-0.0609809412,-0.01411204492,0.01482481326,0.02159019828,0.06967185944,0.10253646196,0.10181133336
5085,43,Urban,IGT,6.0,,,42.0,2.3,4.86,4.6,0.21153334146,0.13290535712,0.14517267814,0.22062480748,0.16052397884,0.26836442622,7.389861423119999,1.60242010012,-0.0609809412,-0.01411204492,0.01482481326,0.02159019828,0.06967185944,0.10253646196,0.10181133336
5086,43,Urban,IGT,7.0,,,42.0,2.3,4.86,4.6,0.21153334146,0.13290535712,0.14517267814,0.22062480748,0.16052397884,0.26836442622,7.389861423119999,1.60242010012,-0.0609809412,-0.01411204492,0.01482481326,0.02159019828,0.06967185944,0.10253646196,0.10181133336
5087,43,Urban,IGT,8.0,,,42.0,2.3,4.86,4.6,0.21153334146,0.13290535712,0.14517267814,0.22062480748,0.16052397884,0.26836442622,7.389861423119999,1.60242010012,-0.0609809412,-0.01411204492,0.01482481326,0.02159019828,0.06967185944,0.10253646196,0.10181133336
5088,43,Urban,IGT,9.0,,,42.0,2.3,4.86,4.6,0.21153334146,0.13290535712,0.14517267814,0.22062480748,0.16052397884,0.26836442622,7.389861423119999,1.60242010012,-0.0609809412,-0.01411204492,0.01482481326,0.02159019828,0.06967185944,0.10253646196,0.10181133336
5089,43,Urban,IGT,10.0,,,42.0,2.3,4.86,4.6,0.21153334146,0.13290535712,0.14517267814,0.22062480748,0.16052397884,0.26836442622,7.389861423119999,1.60242010012,-0.0609809412,-0.01411204492,0.01482481326,0.02159019828,0.06967185944,0.10253646196,0.10181133336
5090,43,Urban,IGT,11.0,0.1,0.9,42.0,2.3,4.86,4.6,0.21153334146,0.13290535712,0.14517267814,0.22062480748,0.16052397884,0.26836442622,7.389861423119999,1.60242010012,-0.0609809412,-0.01411204492,0.01482481326,0.02159019828,0.06967185944,0.10253646196,0.10181133336
5091,43,Urban,IGT,12.0,1.0,0.8,42.0,2.3,4.86,4.6,0.21153334146,0.13290535712,0.14517267814,0.22062480748,0.16052397884,0.26836442622,7.389861423119999,1.60242010012,-0.0609809412,-0.01411204492,0.01482481326,0.02159019828,0.06967185944,0.10253646196,0.10181133336
5092,43,Urban,IGT,13.0,0.2,0.7,42.0,2.3,4.86,4.6,0.21153334146,0.13290535712,0.14517267814,0.22062480748,0.16052397884,0.26836442622,7.389861423119999,1.60242010012,-0.0609809412,-0.01411204492,0.01482481326,0.02159019828,0.06967185944,0.10253646196,0.10181133336
5093,43,Urban,IGT,14.0,1.0,0.3,42.0,2.3,4.86,4.6,0.21153334146,0.13290535712,0.14517267814,0.22062480748,0.16052397884,0.26836442622,7.389861423119999,1.60242010012,-0.0609809412,-0.01411204492,0.01482481326,0.02159019828,0.06967185944,0.10253646196,0.10181133336
5094,43,Urban,IGT,15.0,0.7,0.8,42.0,2.3,4.86,4.6,0.21153334146,0.13290535712,0.14517267814,0.22062480748,0.16052397884,0.26836442622,7.389861423119999,1.60242010012,-0.0609809412,-0.01411204492,0.01482481326,0.02159019828,0.06967185944,0.10253646196,0.10181133336
5095,43,Urban,IGT,16.0,0.4,0.7,42.0,2.3,4.86,4.6,0.21153334146,0.13290535712,0.14517267814,0.22062480748,0.16052397884,0.26836442622,7.389861423119999,1.60242010012,-0.0609809412,-0.01411204492,0.01482481326,0.02159019828,0.06967185944,0.10253646196,0.10181133336
5096,43,Urban,IGT,17.0,0.8,0.8,42.0,2.3,4.86,4.6,0.21153334146,0.13290535712,0.14517267814,0.22062480748,0.16052397884,0.26836442622,7.389861423119999,1.60242010012,-0.0609809412,-0.01411204492,0.01482481326,0.02159019828,0.06967185944,0.10253646196,0.10181133336
5097,43,Urban,IGT,18.0,0.0,1.0,42.0,2.3,4.86,4.6,0.21153334146,0.13290535712,0.14517267814,0.22062480748,0.16052397884,0.26836442622,7.389861423119999,1.60242010012,-0.0609809412,-0.01411204492,0.01482481326,0.02159019828,0.06967185944,0.10253646196,0.10181133336
5098,43,Urban,IGT,19.0,0.0,1.0,42.0,2.3,4.86,4.6,0.21153334146,0.13290535712,0.14517267814,0.22062480748,0.16052397884,0.26836442622,7.389861423119999,1.60242010012,-0.0609809412,-0.01411204492,0.01482481326,0.02159019828,0.06967185944,0.10253646196,0.10181133336
5099,43,Urban,IGT,20.0,0.0,1.0,42.0,2.3,4.86,4.6,0.21153334146,0.13290535712,0.14517267814,0.22062480748,0.16052397884,0.26836442622,7.389861423119999,1.60242010012,-0.0609809412,-0.01411204492,0.01482481326,0.02159019828,0.06967185944,0.10253646196,0.10181133336
5120,43,Control,IGT,1.0,,,,,,,,,,,,,,,,,,,,,
5121,43,Control,IGT,2.0,,,,,,,,,,,,,,,,,,,,,
5122,43,Control,IGT,3.0,,,,,,,,,,,,,,,,,,,,,
5123,43,Control,IGT,4.0,,,,,,,,,,,,,,,,,,,,,
5124,43,Control,IGT,5.0,,,,,,,,,,,,,,,,,,,,,
5125,43,Control,IGT,6.0,,,,,,,,,,,,,,,,,,,,,
5126,43,Control,IGT,7.0,,,,,,,,,,,,,,,,,,,,,
5127,43,Control,IGT,8.0,,,,,,,,,,,,,,,,,,,,,
5128,43,Control,IGT,9.0,,,,,,,,,,,,,,,,,,,,,
5129,43,Control,IGT,10.0,,,,,,,,,,,,,,,,,,,,,
5130,43,Control,IGT,11.0,,,,,,,,,,,,,,,,,,,,,
5131,43,Control,IGT,12.0,,,,,,,,,,,,,,,,,,,,,
5132,43,Control,IGT,13.0,,,,,,,,,,,,,,,,,,,,,
5133,43,Control,IGT,14.0,,,,,,,,,,,,,,,,,,,,,
5134,43,Control,IGT,15.0,,,,,,,,,,,,,,,,,,,,,
5135,43,Control,IGT,16.0,,,,,,,,,,,,,,,,,,,,,
5136,43,Control,IGT,17.0,,,,,,,,,,,,,,,,,,,,,
5137,43,Control,IGT,18.0,,,,,,,,,,,,,,,,,,,,,
5138,43,Control,IGT,19.0,,,,,,,,,,,,,,,,,,,,,
5139,43,Control,IGT,20.0,,,,,,,,,,,,,,,,,,,,,
5160,44,Nature,IGT,1.0,,,43.0,5.04,4.36,5.3,0.16633502196,-0.06385427632,0.23788617022,0.16010323556,0.21079797598,0.26659458098,7.49960597044,6.182056922519999,-0.0612568028599999,0.0136476387399999,-0.00125137568,-0.01635325574,0.01874503146,0.1362332521399999,0.19012716804
5161,44,Nature,IGT,2.0,,,43.0,5.04,4.36,5.3,0.16633502196,-0.06385427632,0.23788617022,0.16010323556,0.21079797598,0.26659458098,7.49960597044,6.182056922519999,-0.0612568028599999,0.0136476387399999,-0.00125137568,-0.01635325574,0.01874503146,0.1362332521399999,0.19012716804
5162,44,Nature,IGT,3.0,,,43.0,5.04,4.36,5.3,0.16633502196,-0.06385427632,0.23788617022,0.16010323556,0.21079797598,0.26659458098,7.49960597044,6.182056922519999,-0.0612568028599999,0.0136476387399999,-0.00125137568,-0.01635325574,0.01874503146,0.1362332521399999,0.19012716804
5163,44,Nature,IGT,4.0,,,43.0,5.04,4.36,5.3,0.16633502196,-0.06385427632,0.23788617022,0.16010323556,0.21079797598,0.26659458098,7.49960597044,6.182056922519999,-0.0612568028599999,0.0136476387399999,-0.00125137568,-0.01635325574,0.01874503146,0.1362332521399999,0.19012716804
5164,44,Nature,IGT,5.0,,,43.0,5.04,4.36,5.3,0.16633502196,-0.06385427632,0.23788617022,0.16010323556,0.21079797598,0.26659458098,7.49960597044,6.182056922519999,-0.0612568028599999,0.0136476387399999,-0.00125137568,-0.01635325574,0.01874503146,0.1362332521399999,0.19012716804
5165,44,Nature,IGT,6.0,,,43.0,5.04,4.36,5.3,0.16633502196,-0.06385427632,0.23788617022,0.16010323556,0.21079797598,0.26659458098,7.49960597044,6.182056922519999,-0.0612568028599999,0.0136476387399999,-0.00125137568,-0.01635325574,0.01874503146,0.1362332521399999,0.19012716804
5166,44,Nature,IGT,7.0,,,43.0,5.04,4.36,5.3,0.16633502196,-0.06385427632,0.23788617022,0.16010323556,0.21079797598,0.26659458098,7.49960597044,6.182056922519999,-0.0612568028599999,0.0136476387399999,-0.00125137568,-0.01635325574,0.01874503146,0.1362332521399999,0.19012716804
5167,44,Nature,IGT,8.0,,,43.0,5.04,4.36,5.3,0.16633502196,-0.06385427632,0.23788617022,0.16010323556,0.21079797598,0.26659458098,7.49960597044,6.182056922519999,-0.0612568028599999,0.0136476387399999,-0.00125137568,-0.01635325574,0.01874503146,0.1362332521399999,0.19012716804
5168,44,Nature,IGT,9.0,,,43.0,5.04,4.36,5.3,0.16633502196,-0.06385427632,0.23788617022,0.16010323556,0.21079797598,0.26659458098,7.49960597044,6.182056922519999,-0.0612568028599999,0.0136476387399999,-0.00125137568,-0.01635325574,0.01874503146,0.1362332521399999,0.19012716804
5169,44,Nature,IGT,10.0,,,43.0,5.04,4.36,5.3,0.16633502196,-0.06385427632,0.23788617022,0.16010323556,0.21079797598,0.26659458098,7.49960597044,6.182056922519999,-0.0612568028599999,0.0136476387399999,-0.00125137568,-0.01635325574,0.01874503146,0.1362332521399999,0.19012716804
5170,44,Nature,IGT,11.0,0.4,0.5,43.0,5.04,4.36,5.3,0.16633502196,-0.06385427632,0.23788617022,0.16010323556,0.21079797598,0.26659458098,7.49960597044,6.182056922519999,-0.0612568028599999,0.0136476387399999,-0.00125137568,-0.01635325574,0.01874503146,0.1362332521399999,0.19012716804
5171,44,Nature,IGT,12.0,0.1,0.6,43.0,5.04,4.36,5.3,0.16633502196,-0.06385427632,0.23788617022,0.16010323556,0.21079797598,0.26659458098,7.49960597044,6.182056922519999,-0.0612568028599999,0.0136476387399999,-0.00125137568,-0.01635325574,0.01874503146,0.1362332521399999,0.19012716804
5172,44,Nature,IGT,13.0,0.7,0.3,43.0,5.04,4.36,5.3,0.16633502196,-0.06385427632,0.23788617022,0.16010323556,0.21079797598,0.26659458098,7.49960597044,6.182056922519999,-0.0612568028599999,0.0136476387399999,-0.00125137568,-0.01635325574,0.01874503146,0.1362332521399999,0.19012716804
5173,44,Nature,IGT,14.0,0.3,0.6,43.0,5.04,4.36,5.3,0.16633502196,-0.06385427632,0.23788617022,0.16010323556,0.21079797598,0.26659458098,7.49960597044,6.182056922519999,-0.0612568028599999,0.0136476387399999,-0.00125137568,-0.01635325574,0.01874503146,0.1362332521399999,0.19012716804
5174,44,Nature,IGT,15.0,0.3,0.9,43.0,5.04,4.36,5.3,0.16633502196,-0.06385427632,0.23788617022,0.16010323556,0.21079797598,0.26659458098,7.49960597044,6.182056922519999,-0.0612568028599999,0.0136476387399999,-0.00125137568,-0.01635325574,0.01874503146,0.1362332521399999,0.19012716804
5175,44,Nature,IGT,16.0,0.5,0.9,43.0,5.04,4.36,5.3,0.16633502196,-0.06385427632,0.23788617022,0.16010323556,0.21079797598,0.26659458098,7.49960597044,6.182056922519999,-0.0612568028599999,0.0136476387399999,-0.00125137568,-0.01635325574,0.01874503146,0.1362332521399999,0.19012716804
5176,44,Nature,IGT,17.0,0.4,0.5,43.0,5.04,4.36,5.3,0.16633502196,-0.06385427632,0.23788617022,0.16010323556,0.21079797598,0.26659458098,7.49960597044,6.182056922519999,-0.0612568028599999,0.0136476387399999,-0.00125137568,-0.01635325574,0.01874503146,0.1362332521399999,0.19012716804
5177,44,Nature,IGT,18.0,0.1,0.6,43.0,5.04,4.36,5.3,0.16633502196,-0.06385427632,0.23788617022,0.16010323556,0.21079797598,0.26659458098,7.49960597044,6.182056922519999,-0.0612568028599999,0.0136476387399999,-0.00125137568,-0.01635325574,0.01874503146,0.1362332521399999,0.19012716804
5178,44,Nature,IGT,19.0,0.1,0.4,43.0,5.04,4.36,5.3,0.16633502196,-0.06385427632,0.23788617022,0.16010323556,0.21079797598,0.26659458098,7.49960597044,6.182056922519999,-0.0612568028599999,0.0136476387399999,-0.00125137568,-0.01635325574,0.01874503146,0.1362332521399999,0.19012716804
5179,44,Nature,IGT,20.0,0.2,0.6,43.0,5.04,4.36,5.3,0.16633502196,-0.06385427632,0.23788617022,0.16010323556,0.21079797598,0.26659458098,7.49960597044,6.182056922519999,-0.0612568028599999,0.0136476387399999,-0.00125137568,-0.01635325574,0.01874503146,0.1362332521399999,0.19012716804
5200,44,Urban,IGT,1.0,,,,,,,,,,,,,,,,,,,,,
5201,44,Urban,IGT,2.0,,,,,,,,,,,,,,,,,,,,,
5202,44,Urban,IGT,3.0,,,,,,,,,,,,,,,,,,,,,
5203,44,Urban,IGT,4.0,,,,,,,,,,,,,,,,,,,,,
5204,44,Urban,IGT,5.0,,,,,,,,,,,,,,,,,,,,,
5205,44,Urban,IGT,6.0,,,,,,,,,,,,,,,,,,,,,
5206,44,Urban,IGT,7.0,,,,,,,,,,,,,,,,,,,,,
5207,44,Urban,IGT,8.0,,,,,,,,,,,,,,,,,,,,,
5208,44,Urban,IGT,9.0,,,,,,,,,,,,,,,,,,,,,
5209,44,Urban,IGT,10.0,,,,,,,,,,,,,,,,,,,,,
5210,44,Urban,IGT,11.0,,,,,,,,,,,,,,,,,,,,,
5211,44,Urban,IGT,12.0,,,,,,,,,,,,,,,,,,,,,
5212,44,Urban,IGT,13.0,,,,,,,,,,,,,,,,,,,,,
5213,44,Urban,IGT,14.0,,,,,,,,,,,,,,,,,,,,,
5214,44,Urban,IGT,15.0,,,,,,,,,,,,,,,,,,,,,
5215,44,Urban,IGT,16.0,,,,,,,,,,,,,,,,,,,,,
5216,44,Urban,IGT,17.0,,,,,,,,,,,,,,,,,,,,,
5217,44,Urban,IGT,18.0,,,,,,,,,,,,,,,,,,,,,
5218,44,Urban,IGT,19.0,,,,,,,,,,,,,,,,,,,,,
5219,44,Urban,IGT,20.0,,,,,,,,,,,,,,,,,,,,,
5240,44,Control,IGT,1.0,,,,,,,,,,,,,,,,,,,,,
5241,44,Control,IGT,2.0,,,,,,,,,,,,,,,,,,,,,
5242,44,Control,IGT,3.0,,,,,,,,,,,,,,,,,,,,,
5243,44,Control,IGT,4.0,,,,,,,,,,,,,,,,,,,,,
5244,44,Control,IGT,5.0,,,,,,,,,,,,,,,,,,,,,
5245,44,Control,IGT,6.0,,,,,,,,,,,,,,,,,,,,,
5246,44,Control,IGT,7.0,,,,,,,,,,,,,,,,,,,,,
5247,44,Control,IGT,8.0,,,,,,,,,,,,,,,,,,,,,
5248,44,Control,IGT,9.0,,,,,,,,,,,,,,,,,,,,,
5249,44,Control,IGT,10.0,,,,,,,,,,,,,,,,,,,,,
5250,44,Control,IGT,11.0,,,,,,,,,,,,,,,,,,,,,
5251,44,Control,IGT,12.0,,,,,,,,,,,,,,,,,,,,,
5252,44,Control,IGT,13.0,,,,,,,,,,,,,,,,,,,,,
5253,44,Control,IGT,14.0,,,,,,,,,,,,,,,,,,,,,
5254,44,Control,IGT,15.0,,,,,,,,,,,,,,,,,,,,,
5255,44,Control,IGT,16.0,,,,,,,,,,,,,,,,,,,,,
5256,44,Control,IGT,17.0,,,,,,,,,,,,,,,,,,,,,
5257,44,Control,IGT,18.0,,,,,,,,,,,,,,,,,,,,,
5258,44,Control,IGT,19.0,,,,,,,,,,,,,,,,,,,,,
5259,44,Control,IGT,20.0,,,,,,,,,,,,,,,,,,,,,
5280,45,Nature,IGT,1.0,,,,,,,,,,,,,,,,,,,,,
5281,45,Nature,IGT,2.0,,,,,,,,,,,,,,,,,,,,,
5282,45,Nature,IGT,3.0,,,,,,,,,,,,,,,,,,,,,
5283,45,Nature,IGT,4.0,,,,,,,,,,,,,,,,,,,,,
5284,45,Nature,IGT,5.0,,,,,,,,,,,,,,,,,,,,,
5285,45,Nature,IGT,6.0,,,,,,,,,,,,,,,,,,,,,
5286,45,Nature,IGT,7.0,,,,,,,,,,,,,,,,,,,,,
5287,45,Nature,IGT,8.0,,,,,,,,,,,,,,,,,,,,,
5288,45,Nature,IGT,9.0,,,,,,,,,,,,,,,,,,,,,
5289,45,Nature,IGT,10.0,,,,,,,,,,,,,,,,,,,,,
5290,45,Nature,IGT,11.0,,,,,,,,,,,,,,,,,,,,,
5291,45,Nature,IGT,12.0,,,,,,,,,,,,,,,,,,,,,
5292,45,Nature,IGT,13.0,,,,,,,,,,,,,,,,,,,,,
5293,45,Nature,IGT,14.0,,,,,,,,,,,,,,,,,,,,,
5294,45,Nature,IGT,15.0,,,,,,,,,,,,,,,,,,,,,
5295,45,Nature,IGT,16.0,,,,,,,,,,,,,,,,,,,,,
5296,45,Nature,IGT,17.0,,,,,,,,,,,,,,,,,,,,,
5297,45,Nature,IGT,18.0,,,,,,,,,,,,,,,,,,,,,
5298,45,Nature,IGT,19.0,,,,,,,,,,,,,,,,,,,,,
5299,45,Nature,IGT,20.0,,,,,,,,,,,,,,,,,,,,,
5320,45,Urban,IGT,1.0,,,44.0,2.14,5.28,4.14,0.22007634174,0.04166460546,0.1358197129,0.22057033826,0.14965381374,0.26325355168,7.4085295681,1.62286004088,-0.05773415594,-0.020350318,0.0065288283,0.01854169486,0.0746680666,0.1043984662799999,0.0934193249199999
5321,45,Urban,IGT,2.0,,,44.0,2.14,5.28,4.14,0.22007634174,0.04166460546,0.1358197129,0.22057033826,0.14965381374,0.26325355168,7.4085295681,1.62286004088,-0.05773415594,-0.020350318,0.0065288283,0.01854169486,0.0746680666,0.1043984662799999,0.0934193249199999
5322,45,Urban,IGT,3.0,,,44.0,2.14,5.28,4.14,0.22007634174,0.04166460546,0.1358197129,0.22057033826,0.14965381374,0.26325355168,7.4085295681,1.62286004088,-0.05773415594,-0.020350318,0.0065288283,0.01854169486,0.0746680666,0.1043984662799999,0.0934193249199999
5323,45,Urban,IGT,4.0,,,44.0,2.14,5.28,4.14,0.22007634174,0.04166460546,0.1358197129,0.22057033826,0.14965381374,0.26325355168,7.4085295681,1.62286004088,-0.05773415594,-0.020350318,0.0065288283,0.01854169486,0.0746680666,0.1043984662799999,0.0934193249199999
5324,45,Urban,IGT,5.0,,,44.0,2.14,5.28,4.14,0.22007634174,0.04166460546,0.1358197129,0.22057033826,0.14965381374,0.26325355168,7.4085295681,1.62286004088,-0.05773415594,-0.020350318,0.0065288283,0.01854169486,0.0746680666,0.1043984662799999,0.0934193249199999
5325,45,Urban,IGT,6.0,,,44.0,2.14,5.28,4.14,0.22007634174,0.04166460546,0.1358197129,0.22057033826,0.14965381374,0.26325355168,7.4085295681,1.62286004088,-0.05773415594,-0.020350318,0.0065288283,0.01854169486,0.0746680666,0.1043984662799999,0.0934193249199999
5326,45,Urban,IGT,7.0,,,44.0,2.14,5.28,4.14,0.22007634174,0.04166460546,0.1358197129,0.22057033826,0.14965381374,0.26325355168,7.4085295681,1.62286004088,-0.05773415594,-0.020350318,0.0065288283,0.01854169486,0.0746680666,0.1043984662799999,0.0934193249199999
5327,45,Urban,IGT,8.0,,,44.0,2.14,5.28,4.14,0.22007634174,0.04166460546,0.1358197129,0.22057033826,0.14965381374,0.26325355168,7.4085295681,1.62286004088,-0.05773415594,-0.020350318,0.0065288283,0.01854169486,0.0746680666,0.1043984662799999,0.0934193249199999
5328,45,Urban,IGT,9.0,,,44.0,2.14,5.28,4.14,0.22007634174,0.04166460546,0.1358197129,0.22057033826,0.14965381374,0.26325355168,7.4085295681,1.62286004088,-0.05773415594,-0.020350318,0.0065288283,0.01854169486,0.0746680666,0.1043984662799999,0.0934193249199999
5329,45,Urban,IGT,10.0,,,44.0,2.14,5.28,4.14,0.22007634174,0.04166460546,0.1358197129,0.22057033826,0.14965381374,0.26325355168,7.4085295681,1.62286004088,-0.05773415594,-0.020350318,0.0065288283,0.01854169486,0.0746680666,0.1043984662799999,0.0934193249199999
5330,45,Urban,IGT,11.0,1.0,0.7,44.0,2.14,5.28,4.14,0.22007634174,0.04166460546,0.1358197129,0.22057033826,0.14965381374,0.26325355168,7.4085295681,1.62286004088,-0.05773415594,-0.020350318,0.0065288283,0.01854169486,0.0746680666,0.1043984662799999,0.0934193249199999
5331,45,Urban,IGT,12.0,0.3,1.0,44.0,2.14,5.28,4.14,0.22007634174,0.04166460546,0.1358197129,0.22057033826,0.14965381374,0.26325355168,7.4085295681,1.62286004088,-0.05773415594,-0.020350318,0.0065288283,0.01854169486,0.0746680666,0.1043984662799999,0.0934193249199999
5332,45,Urban,IGT,13.0,0.5,0.5,44.0,2.14,5.28,4.14,0.22007634174,0.04166460546,0.1358197129,0.22057033826,0.14965381374,0.26325355168,7.4085295681,1.62286004088,-0.05773415594,-0.020350318,0.0065288283,0.01854169486,0.0746680666,0.1043984662799999,0.0934193249199999
5333,45,Urban,IGT,14.0,0.7,0.8,44.0,2.14,5.28,4.14,0.22007634174,0.04166460546,0.1358197129,0.22057033826,0.14965381374,0.26325355168,7.4085295681,1.62286004088,-0.05773415594,-0.020350318,0.0065288283,0.01854169486,0.0746680666,0.1043984662799999,0.0934193249199999
5334,45,Urban,IGT,15.0,1.0,0.8,44.0,2.14,5.28,4.14,0.22007634174,0.04166460546,0.1358197129,0.22057033826,0.14965381374,0.26325355168,7.4085295681,1.62286004088,-0.05773415594,-0.020350318,0.0065288283,0.01854169486,0.0746680666,0.1043984662799999,0.0934193249199999
5335,45,Urban,IGT,16.0,0.4,0.6,44.0,2.14,5.28,4.14,0.22007634174,0.04166460546,0.1358197129,0.22057033826,0.14965381374,0.26325355168,7.4085295681,1.62286004088,-0.05773415594,-0.020350318,0.0065288283,0.01854169486,0.0746680666,0.1043984662799999,0.0934193249199999
5336,45,Urban,IGT,17.0,0.5,1.0,44.0,2.14,5.28,4.14,0.22007634174,0.04166460546,0.1358197129,0.22057033826,0.14965381374,0.26325355168,7.4085295681,1.62286004088,-0.05773415594,-0.020350318,0.0065288283,0.01854169486,0.0746680666,0.1043984662799999,0.0934193249199999
5337,45,Urban,IGT,18.0,0.6,0.7,44.0,2.14,5.28,4.14,0.22007634174,0.04166460546,0.1358197129,0.22057033826,0.14965381374,0.26325355168,7.4085295681,1.62286004088,-0.05773415594,-0.020350318,0.0065288283,0.01854169486,0.0746680666,0.1043984662799999,0.0934193249199999
5338,45,Urban,IGT,19.0,1.0,1.0,44.0,2.14,5.28,4.14,0.22007634174,0.04166460546,0.1358197129,0.22057033826,0.14965381374,0.26325355168,7.4085295681,1.62286004088,-0.05773415594,-0.020350318,0.0065288283,0.01854169486,0.0746680666,0.1043984662799999,0.0934193249199999
5339,45,Urban,IGT,20.0,0.0,1.0,44.0,2.14,5.28,4.14,0.22007634174,0.04166460546,0.1358197129,0.22057033826,0.14965381374,0.26325355168,7.4085295681,1.62286004088,-0.05773415594,-0.020350318,0.0065288283,0.01854169486,0.0746680666,0.1043984662799999,0.0934193249199999
5360,45,Control,IGT,1.0,,,,,,,,,,,,,,,,,,,,,
5361,45,Control,IGT,2.0,,,,,,,,,,,,,,,,,,,,,
5362,45,Control,IGT,3.0,,,,,,,,,,,,,,,,,,,,,
5363,45,Control,IGT,4.0,,,,,,,,,,,,,,,,,,,,,
5364,45,Control,IGT,5.0,,,,,,,,,,,,,,,,,,,,,
5365,45,Control,IGT,6.0,,,,,,,,,,,,,,,,,,,,,
5366,45,Control,IGT,7.0,,,,,,,,,,,,,,,,,,,,,
5367,45,Control,IGT,8.0,,,,,,,,,,,,,,,,,,,,,
5368,45,Control,IGT,9.0,,,,,,,,,,,,,,,,,,,,,
5369,45,Control,IGT,10.0,,,,,,,,,,,,,,,,,,,,,
5370,45,Control,IGT,11.0,,,,,,,,,,,,,,,,,,,,,
5371,45,Control,IGT,12.0,,,,,,,,,,,,,,,,,,,,,
5372,45,Control,IGT,13.0,,,,,,,,,,,,,,,,,,,,,
5373,45,Control,IGT,14.0,,,,,,,,,,,,,,,,,,,,,
5374,45,Control,IGT,15.0,,,,,,,,,,,,,,,,,,,,,
5375,45,Control,IGT,16.0,,,,,,,,,,,,,,,,,,,,,
5376,45,Control,IGT,17.0,,,,,,,,,,,,,,,,,,,,,
5377,45,Control,IGT,18.0,,,,,,,,,,,,,,,,,,,,,
5378,45,Control,IGT,19.0,,,,,,,,,,,,,,,,,,,,,
5379,45,Control,IGT,20.0,,,,,,,,,,,,,,,,,,,,,
5400,46,Nature,IGT,1.0,,,45.0,5.54,5.78,5.86,0.14978754384,-0.13724493636,0.21092672124,0.16238016602,0.21744091768,0.2728088866599999,7.5282832436,6.318266467680001,-0.0632536358,0.0096510926799999,-5.469106000000057e-05,-0.01343170594,0.02008696174,0.1388587774,0.18828012478
5401,46,Nature,IGT,2.0,,,45.0,5.54,5.78,5.86,0.14978754384,-0.13724493636,0.21092672124,0.16238016602,0.21744091768,0.2728088866599999,7.5282832436,6.318266467680001,-0.0632536358,0.0096510926799999,-5.469106000000057e-05,-0.01343170594,0.02008696174,0.1388587774,0.18828012478
5402,46,Nature,IGT,3.0,,,45.0,5.54,5.78,5.86,0.14978754384,-0.13724493636,0.21092672124,0.16238016602,0.21744091768,0.2728088866599999,7.5282832436,6.318266467680001,-0.0632536358,0.0096510926799999,-5.469106000000057e-05,-0.01343170594,0.02008696174,0.1388587774,0.18828012478
5403,46,Nature,IGT,4.0,,,45.0,5.54,5.78,5.86,0.14978754384,-0.13724493636,0.21092672124,0.16238016602,0.21744091768,0.2728088866599999,7.5282832436,6.318266467680001,-0.0632536358,0.0096510926799999,-5.469106000000057e-05,-0.01343170594,0.02008696174,0.1388587774,0.18828012478
5404,46,Nature,IGT,5.0,,,45.0,5.54,5.78,5.86,0.14978754384,-0.13724493636,0.21092672124,0.16238016602,0.21744091768,0.2728088866599999,7.5282832436,6.318266467680001,-0.0632536358,0.0096510926799999,-5.469106000000057e-05,-0.01343170594,0.02008696174,0.1388587774,0.18828012478
5405,46,Nature,IGT,6.0,,,45.0,5.54,5.78,5.86,0.14978754384,-0.13724493636,0.21092672124,0.16238016602,0.21744091768,0.2728088866599999,7.5282832436,6.318266467680001,-0.0632536358,0.0096510926799999,-5.469106000000057e-05,-0.01343170594,0.02008696174,0.1388587774,0.18828012478
5406,46,Nature,IGT,7.0,,,45.0,5.54,5.78,5.86,0.14978754384,-0.13724493636,0.21092672124,0.16238016602,0.21744091768,0.2728088866599999,7.5282832436,6.318266467680001,-0.0632536358,0.0096510926799999,-5.469106000000057e-05,-0.01343170594,0.02008696174,0.1388587774,0.18828012478
5407,46,Nature,IGT,8.0,,,45.0,5.54,5.78,5.86,0.14978754384,-0.13724493636,0.21092672124,0.16238016602,0.21744091768,0.2728088866599999,7.5282832436,6.318266467680001,-0.0632536358,0.0096510926799999,-5.469106000000057e-05,-0.01343170594,0.02008696174,0.1388587774,0.18828012478
5408,46,Nature,IGT,9.0,,,45.0,5.54,5.78,5.86,0.14978754384,-0.13724493636,0.21092672124,0.16238016602,0.21744091768,0.2728088866599999,7.5282832436,6.318266467680001,-0.0632536358,0.0096510926799999,-5.469106000000057e-05,-0.01343170594,0.02008696174,0.1388587774,0.18828012478
5409,46,Nature,IGT,10.0,,,45.0,5.54,5.78,5.86,0.14978754384,-0.13724493636,0.21092672124,0.16238016602,0.21744091768,0.2728088866599999,7.5282832436,6.318266467680001,-0.0632536358,0.0096510926799999,-5.469106000000057e-05,-0.01343170594,0.02008696174,0.1388587774,0.18828012478
5410,46,Nature,IGT,11.0,0.6,0.6,45.0,5.54,5.78,5.86,0.14978754384,-0.13724493636,0.21092672124,0.16238016602,0.21744091768,0.2728088866599999,7.5282832436,6.318266467680001,-0.0632536358,0.0096510926799999,-5.469106000000057e-05,-0.01343170594,0.02008696174,0.1388587774,0.18828012478
5411,46,Nature,IGT,12.0,0.1,0.3,45.0,5.54,5.78,5.86,0.14978754384,-0.13724493636,0.21092672124,0.16238016602,0.21744091768,0.2728088866599999,7.5282832436,6.318266467680001,-0.0632536358,0.0096510926799999,-5.469106000000057e-05,-0.01343170594,0.02008696174,0.1388587774,0.18828012478
5412,46,Nature,IGT,13.0,0.2,0.8,45.0,5.54,5.78,5.86,0.14978754384,-0.13724493636,0.21092672124,0.16238016602,0.21744091768,0.2728088866599999,7.5282832436,6.318266467680001,-0.0632536358,0.0096510926799999,-5.469106000000057e-05,-0.01343170594,0.02008696174,0.1388587774,0.18828012478
5413,46,Nature,IGT,14.0,0.7,0.4,45.0,5.54,5.78,5.86,0.14978754384,-0.13724493636,0.21092672124,0.16238016602,0.21744091768,0.2728088866599999,7.5282832436,6.318266467680001,-0.0632536358,0.0096510926799999,-5.469106000000057e-05,-0.01343170594,0.02008696174,0.1388587774,0.18828012478
5414,46,Nature,IGT,15.0,0.5,0.2,45.0,5.54,5.78,5.86,0.14978754384,-0.13724493636,0.21092672124,0.16238016602,0.21744091768,0.2728088866599999,7.5282832436,6.318266467680001,-0.0632536358,0.0096510926799999,-5.469106000000057e-05,-0.01343170594,0.02008696174,0.1388587774,0.18828012478
5415,46,Nature,IGT,16.0,0.4,0.4,45.0,5.54,5.78,5.86,0.14978754384,-0.13724493636,0.21092672124,0.16238016602,0.21744091768,0.2728088866599999,7.5282832436,6.318266467680001,-0.0632536358,0.0096510926799999,-5.469106000000057e-05,-0.01343170594,0.02008696174,0.1388587774,0.18828012478
5416,46,Nature,IGT,17.0,0.2,0.3,45.0,5.54,5.78,5.86,0.14978754384,-0.13724493636,0.21092672124,0.16238016602,0.21744091768,0.2728088866599999,7.5282832436,6.318266467680001,-0.0632536358,0.0096510926799999,-5.469106000000057e-05,-0.01343170594,0.02008696174,0.1388587774,0.18828012478
5417,46,Nature,IGT,18.0,0.4,0.1,45.0,5.54,5.78,5.86,0.14978754384,-0.13724493636,0.21092672124,0.16238016602,0.21744091768,0.2728088866599999,7.5282832436,6.318266467680001,-0.0632536358,0.0096510926799999,-5.469106000000057e-05,-0.01343170594,0.02008696174,0.1388587774,0.18828012478
5418,46,Nature,IGT,19.0,0.4,0.4,45.0,5.54,5.78,5.86,0.14978754384,-0.13724493636,0.21092672124,0.16238016602,0.21744091768,0.2728088866599999,7.5282832436,6.318266467680001,-0.0632536358,0.0096510926799999,-5.469106000000057e-05,-0.01343170594,0.02008696174,0.1388587774,0.18828012478
5419,46,Nature,IGT,20.0,0.6,0.2,45.0,5.54,5.78,5.86,0.14978754384,-0.13724493636,0.21092672124,0.16238016602,0.21744091768,0.2728088866599999,7.5282832436,6.318266467680001,-0.0632536358,0.0096510926799999,-5.469106000000057e-05,-0.01343170594,0.02008696174,0.1388587774,0.18828012478
5440,46,Urban,IGT,1.0,,,,,,,,,,,,,,,,,,,,,
5441,46,Urban,IGT,2.0,,,,,,,,,,,,,,,,,,,,,
5442,46,Urban,IGT,3.0,,,,,,,,,,,,,,,,,,,,,
5443,46,Urban,IGT,4.0,,,,,,,,,,,,,,,,,,,,,
5444,46,Urban,IGT,5.0,,,,,,,,,,,,,,,,,,,,,
5445,46,Urban,IGT,6.0,,,,,,,,,,,,,,,,,,,,,
5446,46,Urban,IGT,7.0,,,,,,,,,,,,,,,,,,,,,
5447,46,Urban,IGT,8.0,,,,,,,,,,,,,,,,,,,,,
5448,46,Urban,IGT,9.0,,,,,,,,,,,,,,,,,,,,,
5449,46,Urban,IGT,10.0,,,,,,,,,,,,,,,,,,,,,
5450,46,Urban,IGT,11.0,,,,,,,,,,,,,,,,,,,,,
5451,46,Urban,IGT,12.0,,,,,,,,,,,,,,,,,,,,,
5452,46,Urban,IGT,13.0,,,,,,,,,,,,,,,,,,,,,
5453,46,Urban,IGT,14.0,,,,,,,,,,,,,,,,,,,,,
5454,46,Urban,IGT,15.0,,,,,,,,,,,,,,,,,,,,,
5455,46,Urban,IGT,16.0,,,,,,,,,,,,,,,,,,,,,
5456,46,Urban,IGT,17.0,,,,,,,,,,,,,,,,,,,,,
5457,46,Urban,IGT,18.0,,,,,,,,,,,,,,,,,,,,,
5458,46,Urban,IGT,19.0,,,,,,,,,,,,,,,,,,,,,
5459,46,Urban,IGT,20.0,,,,,,,,,,,,,,,,,,,,,
5480,46,Control,IGT,1.0,,,,,,,,,,,,,,,,,,,,,
5481,46,Control,IGT,2.0,,,,,,,,,,,,,,,,,,,,,
5482,46,Control,IGT,3.0,,,,,,,,,,,,,,,,,,,,,
5483,46,Control,IGT,4.0,,,,,,,,,,,,,,,,,,,,,
5484,46,Control,IGT,5.0,,,,,,,,,,,,,,,,,,,,,
5485,46,Control,IGT,6.0,,,,,,,,,,,,,,,,,,,,,
5486,46,Control,IGT,7.0,,,,,,,,,,,,,,,,,,,,,
5487,46,Control,IGT,8.0,,,,,,,,,,,,,,,,,,,,,
5488,46,Control,IGT,9.0,,,,,,,,,,,,,,,,,,,,,
5489,46,Control,IGT,10.0,,,,,,,,,,,,,,,,,,,,,
5490,46,Control,IGT,11.0,,,,,,,,,,,,,,,,,,,,,
5491,46,Control,IGT,12.0,,,,,,,,,,,,,,,,,,,,,
5492,46,Control,IGT,13.0,,,,,,,,,,,,,,,,,,,,,
5493,46,Control,IGT,14.0,,,,,,,,,,,,,,,,,,,,,
5494,46,Control,IGT,15.0,,,,,,,,,,,,,,,,,,,,,
5495,46,Control,IGT,16.0,,,,,,,,,,,,,,,,,,,,,
5496,46,Control,IGT,17.0,,,,,,,,,,,,,,,,,,,,,
5497,46,Control,IGT,18.0,,,,,,,,,,,,,,,,,,,,,
5498,46,Control,IGT,19.0,,,,,,,,,,,,,,,,,,,,,
5499,46,Control,IGT,20.0,,,,,,,,,,,,,,,,,,,,,
5520,47,Nature,IGT,1.0,,,46.0,6.28,4.44,5.4,0.1606687653,-0.00654844328,0.2222845776999999,0.1656180206599999,0.2185657195,0.27277933536,7.52273822736,6.15952105288,-0.06453928024,0.02578295632,-0.00429601224,-0.01718083842,0.0169621535,0.13769084752,0.1918533851
5521,47,Nature,IGT,2.0,,,46.0,6.28,4.44,5.4,0.1606687653,-0.00654844328,0.2222845776999999,0.1656180206599999,0.2185657195,0.27277933536,7.52273822736,6.15952105288,-0.06453928024,0.02578295632,-0.00429601224,-0.01718083842,0.0169621535,0.13769084752,0.1918533851
5522,47,Nature,IGT,3.0,,,46.0,6.28,4.44,5.4,0.1606687653,-0.00654844328,0.2222845776999999,0.1656180206599999,0.2185657195,0.27277933536,7.52273822736,6.15952105288,-0.06453928024,0.02578295632,-0.00429601224,-0.01718083842,0.0169621535,0.13769084752,0.1918533851
5523,47,Nature,IGT,4.0,,,46.0,6.28,4.44,5.4,0.1606687653,-0.00654844328,0.2222845776999999,0.1656180206599999,0.2185657195,0.27277933536,7.52273822736,6.15952105288,-0.06453928024,0.02578295632,-0.00429601224,-0.01718083842,0.0169621535,0.13769084752,0.1918533851
5524,47,Nature,IGT,5.0,,,46.0,6.28,4.44,5.4,0.1606687653,-0.00654844328,0.2222845776999999,0.1656180206599999,0.2185657195,0.27277933536,7.52273822736,6.15952105288,-0.06453928024,0.02578295632,-0.00429601224,-0.01718083842,0.0169621535,0.13769084752,0.1918533851
5525,47,Nature,IGT,6.0,,,46.0,6.28,4.44,5.4,0.1606687653,-0.00654844328,0.2222845776999999,0.1656180206599999,0.2185657195,0.27277933536,7.52273822736,6.15952105288,-0.06453928024,0.02578295632,-0.00429601224,-0.01718083842,0.0169621535,0.13769084752,0.1918533851
5526,47,Nature,IGT,7.0,,,46.0,6.28,4.44,5.4,0.1606687653,-0.00654844328,0.2222845776999999,0.1656180206599999,0.2185657195,0.27277933536,7.52273822736,6.15952105288,-0.06453928024,0.02578295632,-0.00429601224,-0.01718083842,0.0169621535,0.13769084752,0.1918533851
5527,47,Nature,IGT,8.0,,,46.0,6.28,4.44,5.4,0.1606687653,-0.00654844328,0.2222845776999999,0.1656180206599999,0.2185657195,0.27277933536,7.52273822736,6.15952105288,-0.06453928024,0.02578295632,-0.00429601224,-0.01718083842,0.0169621535,0.13769084752,0.1918533851
5528,47,Nature,IGT,9.0,,,46.0,6.28,4.44,5.4,0.1606687653,-0.00654844328,0.2222845776999999,0.1656180206599999,0.2185657195,0.27277933536,7.52273822736,6.15952105288,-0.06453928024,0.02578295632,-0.00429601224,-0.01718083842,0.0169621535,0.13769084752,0.1918533851
5529,47,Nature,IGT,10.0,,,46.0,6.28,4.44,5.4,0.1606687653,-0.00654844328,0.2222845776999999,0.1656180206599999,0.2185657195,0.27277933536,7.52273822736,6.15952105288,-0.06453928024,0.02578295632,-0.00429601224,-0.01718083842,0.0169621535,0.13769084752,0.1918533851
5530,47,Nature,IGT,11.0,0.4,0.6,46.0,6.28,4.44,5.4,0.1606687653,-0.00654844328,0.2222845776999999,0.1656180206599999,0.2185657195,0.27277933536,7.52273822736,6.15952105288,-0.06453928024,0.02578295632,-0.00429601224,-0.01718083842,0.0169621535,0.13769084752,0.1918533851
5531,47,Nature,IGT,12.0,0.1,0.5,46.0,6.28,4.44,5.4,0.1606687653,-0.00654844328,0.2222845776999999,0.1656180206599999,0.2185657195,0.27277933536,7.52273822736,6.15952105288,-0.06453928024,0.02578295632,-0.00429601224,-0.01718083842,0.0169621535,0.13769084752,0.1918533851
5532,47,Nature,IGT,13.0,0.9,0.8,46.0,6.28,4.44,5.4,0.1606687653,-0.00654844328,0.2222845776999999,0.1656180206599999,0.2185657195,0.27277933536,7.52273822736,6.15952105288,-0.06453928024,0.02578295632,-0.00429601224,-0.01718083842,0.0169621535,0.13769084752,0.1918533851
5533,47,Nature,IGT,14.0,0.2,0.5,46.0,6.28,4.44,5.4,0.1606687653,-0.00654844328,0.2222845776999999,0.1656180206599999,0.2185657195,0.27277933536,7.52273822736,6.15952105288,-0.06453928024,0.02578295632,-0.00429601224,-0.01718083842,0.0169621535,0.13769084752,0.1918533851
5534,47,Nature,IGT,15.0,1.0,0.0,46.0,6.28,4.44,5.4,0.1606687653,-0.00654844328,0.2222845776999999,0.1656180206599999,0.2185657195,0.27277933536,7.52273822736,6.15952105288,-0.06453928024,0.02578295632,-0.00429601224,-0.01718083842,0.0169621535,0.13769084752,0.1918533851
5535,47,Nature,IGT,16.0,0.9,0.0,46.0,6.28,4.44,5.4,0.1606687653,-0.00654844328,0.2222845776999999,0.1656180206599999,0.2185657195,0.27277933536,7.52273822736,6.15952105288,-0.06453928024,0.02578295632,-0.00429601224,-0.01718083842,0.0169621535,0.13769084752,0.1918533851
5536,47,Nature,IGT,17.0,0.8,0.5,46.0,6.28,4.44,5.4,0.1606687653,-0.00654844328,0.2222845776999999,0.1656180206599999,0.2185657195,0.27277933536,7.52273822736,6.15952105288,-0.06453928024,0.02578295632,-0.00429601224,-0.01718083842,0.0169621535,0.13769084752,0.1918533851
5537,47,Nature,IGT,18.0,0.9,0.6,46.0,6.28,4.44,5.4,0.1606687653,-0.00654844328,0.2222845776999999,0.1656180206599999,0.2185657195,0.27277933536,7.52273822736,6.15952105288,-0.06453928024,0.02578295632,-0.00429601224,-0.01718083842,0.0169621535,0.13769084752,0.1918533851
5538,47,Nature,IGT,19.0,1.0,0.4,46.0,6.28,4.44,5.4,0.1606687653,-0.00654844328,0.2222845776999999,0.1656180206599999,0.2185657195,0.27277933536,7.52273822736,6.15952105288,-0.06453928024,0.02578295632,-0.00429601224,-0.01718083842,0.0169621535,0.13769084752,0.1918533851
5539,47,Nature,IGT,20.0,0.8,0.4,46.0,6.28,4.44,5.4,0.1606687653,-0.00654844328,0.2222845776999999,0.1656180206599999,0.2185657195,0.27277933536,7.52273822736,6.15952105288,-0.06453928024,0.02578295632,-0.00429601224,-0.01718083842,0.0169621535,0.13769084752,0.1918533851
5560,47,Urban,IGT,1.0,,,,,,,,,,,,,,,,,,,,,
5561,47,Urban,IGT,2.0,,,,,,,,,,,,,,,,,,,,,
5562,47,Urban,IGT,3.0,,,,,,,,,,,,,,,,,,,,,
5563,47,Urban,IGT,4.0,,,,,,,,,,,,,,,,,,,,,
5564,47,Urban,IGT,5.0,,,,,,,,,,,,,,,,,,,,,
5565,47,Urban,IGT,6.0,,,,,,,,,,,,,,,,,,,,,
5566,47,Urban,IGT,7.0,,,,,,,,,,,,,,,,,,,,,
5567,47,Urban,IGT,8.0,,,,,,,,,,,,,,,,,,,,,
5568,47,Urban,IGT,9.0,,,,,,,,,,,,,,,,,,,,,
5569,47,Urban,IGT,10.0,,,,,,,,,,,,,,,,,,,,,
5570,47,Urban,IGT,11.0,,,,,,,,,,,,,,,,,,,,,
5571,47,Urban,IGT,12.0,,,,,,,,,,,,,,,,,,,,,
5572,47,Urban,IGT,13.0,,,,,,,,,,,,,,,,,,,,,
5573,47,Urban,IGT,14.0,,,,,,,,,,,,,,,,,,,,,
5574,47,Urban,IGT,15.0,,,,,,,,,,,,,,,,,,,,,
5575,47,Urban,IGT,16.0,,,,,,,,,,,,,,,,,,,,,
5576,47,Urban,IGT,17.0,,,,,,,,,,,,,,,,,,,,,
5577,47,Urban,IGT,18.0,,,,,,,,,,,,,,,,,,,,,
5578,47,Urban,IGT,19.0,,,,,,,,,,,,,,,,,,,,,
5579,47,Urban,IGT,20.0,,,,,,,,,,,,,,,,,,,,,
5600,47,Control,IGT,1.0,,,,,,,,,,,,,,,,,,,,,
5601,47,Control,IGT,2.0,,,,,,,,,,,,,,,,,,,,,
5602,47,Control,IGT,3.0,,,,,,,,,,,,,,,,,,,,,
5603,47,Control,IGT,4.0,,,,,,,,,,,,,,,,,,,,,
5604,47,Control,IGT,5.0,,,,,,,,,,,,,,,,,,,,,
5605,47,Control,IGT,6.0,,,,,,,,,,,,,,,,,,,,,
5606,47,Control,IGT,7.0,,,,,,,,,,,,,,,,,,,,,
5607,47,Control,IGT,8.0,,,,,,,,,,,,,,,,,,,,,
5608,47,Control,IGT,9.0,,,,,,,,,,,,,,,,,,,,,
5609,47,Control,IGT,10.0,,,,,,,,,,,,,,,,,,,,,
5610,47,Control,IGT,11.0,,,,,,,,,,,,,,,,,,,,,
5611,47,Control,IGT,12.0,,,,,,,,,,,,,,,,,,,,,
5612,47,Control,IGT,13.0,,,,,,,,,,,,,,,,,,,,,
5613,47,Control,IGT,14.0,,,,,,,,,,,,,,,,,,,,,
5614,47,Control,IGT,15.0,,,,,,,,,,,,,,,,,,,,,
5615,47,Control,IGT,16.0,,,,,,,,,,,,,,,,,,,,,
5616,47,Control,IGT,17.0,,,,,,,,,,,,,,,,,,,,,
5617,47,Control,IGT,18.0,,,,,,,,,,,,,,,,,,,,,
5618,47,Control,IGT,19.0,,,,,,,,,,,,,,,,,,,,,
5619,47,Control,IGT,20.0,,,,,,,,,,,,,,,,,,,,,
5640,48,Nature,IGT,1.0,,,,,,,,,,,,,,,,,,,,,
5641,48,Nature,IGT,2.0,,,,,,,,,,,,,,,,,,,,,
5642,48,Nature,IGT,3.0,,,,,,,,,,,,,,,,,,,,,
5643,48,Nature,IGT,4.0,,,,,,,,,,,,,,,,,,,,,
5644,48,Nature,IGT,5.0,,,,,,,,,,,,,,,,,,,,,
5645,48,Nature,IGT,6.0,,,,,,,,,,,,,,,,,,,,,
5646,48,Nature,IGT,7.0,,,,,,,,,,,,,,,,,,,,,
5647,48,Nature,IGT,8.0,,,,,,,,,,,,,,,,,,,,,
5648,48,Nature,IGT,9.0,,,,,,,,,,,,,,,,,,,,,
5649,48,Nature,IGT,10.0,,,,,,,,,,,,,,,,,,,,,
5650,48,Nature,IGT,11.0,,,,,,,,,,,,,,,,,,,,,
5651,48,Nature,IGT,12.0,,,,,,,,,,,,,,,,,,,,,
5652,48,Nature,IGT,13.0,,,,,,,,,,,,,,,,,,,,,
5653,48,Nature,IGT,14.0,,,,,,,,,,,,,,,,,,,,,
5654,48,Nature,IGT,15.0,,,,,,,,,,,,,,,,,,,,,
5655,48,Nature,IGT,16.0,,,,,,,,,,,,,,,,,,,,,
5656,48,Nature,IGT,17.0,,,,,,,,,,,,,,,,,,,,,
5657,48,Nature,IGT,18.0,,,,,,,,,,,,,,,,,,,,,
5658,48,Nature,IGT,19.0,,,,,,,,,,,,,,,,,,,,,
5659,48,Nature,IGT,20.0,,,,,,,,,,,,,,,,,,,,,
5680,48,Urban,IGT,1.0,,,,,,,,,,,,,,,,,,,,,
5681,48,Urban,IGT,2.0,,,,,,,,,,,,,,,,,,,,,
5682,48,Urban,IGT,3.0,,,,,,,,,,,,,,,,,,,,,
5683,48,Urban,IGT,4.0,,,,,,,,,,,,,,,,,,,,,
5684,48,Urban,IGT,5.0,,,,,,,,,,,,,,,,,,,,,
5685,48,Urban,IGT,6.0,,,,,,,,,,,,,,,,,,,,,
5686,48,Urban,IGT,7.0,,,,,,,,,,,,,,,,,,,,,
5687,48,Urban,IGT,8.0,,,,,,,,,,,,,,,,,,,,,
5688,48,Urban,IGT,9.0,,,,,,,,,,,,,,,,,,,,,
5689,48,Urban,IGT,10.0,,,,,,,,,,,,,,,,,,,,,
5690,48,Urban,IGT,11.0,,,,,,,,,,,,,,,,,,,,,
5691,48,Urban,IGT,12.0,,,,,,,,,,,,,,,,,,,,,
5692,48,Urban,IGT,13.0,,,,,,,,,,,,,,,,,,,,,
5693,48,Urban,IGT,14.0,,,,,,,,,,,,,,,,,,,,,
5694,48,Urban,IGT,15.0,,,,,,,,,,,,,,,,,,,,,
5695,48,Urban,IGT,16.0,,,,,,,,,,,,,,,,,,,,,
5696,48,Urban,IGT,17.0,,,,,,,,,,,,,,,,,,,,,
5697,48,Urban,IGT,18.0,,,,,,,,,,,,,,,,,,,,,
5698,48,Urban,IGT,19.0,,,,,,,,,,,,,,,,,,,,,
5699,48,Urban,IGT,20.0,,,,,,,,,,,,,,,,,,,,,
5720,48,Control,IGT,1.0,,,47.0,4.54,3.28,4.36,,,,,,,,,,,,,,,
5721,48,Control,IGT,2.0,,,47.0,4.54,3.28,4.36,,,,,,,,,,,,,,,
5722,48,Control,IGT,3.0,,,47.0,4.54,3.28,4.36,,,,,,,,,,,,,,,
5723,48,Control,IGT,4.0,,,47.0,4.54,3.28,4.36,,,,,,,,,,,,,,,
5724,48,Control,IGT,5.0,,,47.0,4.54,3.28,4.36,,,,,,,,,,,,,,,
5725,48,Control,IGT,6.0,,,47.0,4.54,3.28,4.36,,,,,,,,,,,,,,,
5726,48,Control,IGT,7.0,,,47.0,4.54,3.28,4.36,,,,,,,,,,,,,,,
5727,48,Control,IGT,8.0,,,47.0,4.54,3.28,4.36,,,,,,,,,,,,,,,
5728,48,Control,IGT,9.0,,,47.0,4.54,3.28,4.36,,,,,,,,,,,,,,,
5729,48,Control,IGT,10.0,,,47.0,4.54,3.28,4.36,,,,,,,,,,,,,,,
5730,48,Control,IGT,11.0,0.6,0.4,47.0,4.54,3.28,4.36,,,,,,,,,,,,,,,
5731,48,Control,IGT,12.0,0.6,0.7,47.0,4.54,3.28,4.36,,,,,,,,,,,,,,,
5732,48,Control,IGT,13.0,0.5,0.7,47.0,4.54,3.28,4.36,,,,,,,,,,,,,,,
5733,48,Control,IGT,14.0,0.5,0.4,47.0,4.54,3.28,4.36,,,,,,,,,,,,,,,
5734,48,Control,IGT,15.0,0.6,0.6,47.0,4.54,3.28,4.36,,,,,,,,,,,,,,,
5735,48,Control,IGT,16.0,0.8,0.5,47.0,4.54,3.28,4.36,,,,,,,,,,,,,,,
5736,48,Control,IGT,17.0,0.4,0.5,47.0,4.54,3.28,4.36,,,,,,,,,,,,,,,
5737,48,Control,IGT,18.0,0.5,0.7,47.0,4.54,3.28,4.36,,,,,,,,,,,,,,,
5738,48,Control,IGT,19.0,0.7,0.7,47.0,4.54,3.28,4.36,,,,,,,,,,,,,,,
5739,48,Control,IGT,20.0,0.4,0.5,47.0,4.54,3.28,4.36,,,,,,,,,,,,,,,
5760,49,Nature,IGT,1.0,,,,,,,,,,,,,,,,,,,,,
5761,49,Nature,IGT,2.0,,,,,,,,,,,,,,,,,,,,,
5762,49,Nature,IGT,3.0,,,,,,,,,,,,,,,,,,,,,
5763,49,Nature,IGT,4.0,,,,,,,,,,,,,,,,,,,,,
5764,49,Nature,IGT,5.0,,,,,,,,,,,,,,,,,,,,,
5765,49,Nature,IGT,6.0,,,,,,,,,,,,,,,,,,,,,
5766,49,Nature,IGT,7.0,,,,,,,,,,,,,,,,,,,,,
5767,49,Nature,IGT,8.0,,,,,,,,,,,,,,,,,,,,,
5768,49,Nature,IGT,9.0,,,,,,,,,,,,,,,,,,,,,
5769,49,Nature,IGT,10.0,,,,,,,,,,,,,,,,,,,,,
5770,49,Nature,IGT,11.0,,,,,,,,,,,,,,,,,,,,,
5771,49,Nature,IGT,12.0,,,,,,,,,,,,,,,,,,,,,
5772,49,Nature,IGT,13.0,,,,,,,,,,,,,,,,,,,,,
5773,49,Nature,IGT,14.0,,,,,,,,,,,,,,,,,,,,,
5774,49,Nature,IGT,15.0,,,,,,,,,,,,,,,,,,,,,
5775,49,Nature,IGT,16.0,,,,,,,,,,,,,,,,,,,,,
5776,49,Nature,IGT,17.0,,,,,,,,,,,,,,,,,,,,,
5777,49,Nature,IGT,18.0,,,,,,,,,,,,,,,,,,,,,
5778,49,Nature,IGT,19.0,,,,,,,,,,,,,,,,,,,,,
5779,49,Nature,IGT,20.0,,,,,,,,,,,,,,,,,,,,,
5800,49,Urban,IGT,1.0,,,,,,,,,,,,,,,,,,,,,
5801,49,Urban,IGT,2.0,,,,,,,,,,,,,,,,,,,,,
5802,49,Urban,IGT,3.0,,,,,,,,,,,,,,,,,,,,,
5803,49,Urban,IGT,4.0,,,,,,,,,,,,,,,,,,,,,
5804,49,Urban,IGT,5.0,,,,,,,,,,,,,,,,,,,,,
5805,49,Urban,IGT,6.0,,,,,,,,,,,,,,,,,,,,,
5806,49,Urban,IGT,7.0,,,,,,,,,,,,,,,,,,,,,
5807,49,Urban,IGT,8.0,,,,,,,,,,,,,,,,,,,,,
5808,49,Urban,IGT,9.0,,,,,,,,,,,,,,,,,,,,,
5809,49,Urban,IGT,10.0,,,,,,,,,,,,,,,,,,,,,
5810,49,Urban,IGT,11.0,,,,,,,,,,,,,,,,,,,,,
5811,49,Urban,IGT,12.0,,,,,,,,,,,,,,,,,,,,,
5812,49,Urban,IGT,13.0,,,,,,,,,,,,,,,,,,,,,
5813,49,Urban,IGT,14.0,,,,,,,,,,,,,,,,,,,,,
5814,49,Urban,IGT,15.0,,,,,,,,,,,,,,,,,,,,,
5815,49,Urban,IGT,16.0,,,,,,,,,,,,,,,,,,,,,
5816,49,Urban,IGT,17.0,,,,,,,,,,,,,,,,,,,,,
5817,49,Urban,IGT,18.0,,,,,,,,,,,,,,,,,,,,,
5818,49,Urban,IGT,19.0,,,,,,,,,,,,,,,,,,,,,
5819,49,Urban,IGT,20.0,,,,,,,,,,,,,,,,,,,,,
5840,49,Control,IGT,1.0,,,48.0,5.58,2.48,2.32,,,,,,,,,,,,,,,
5841,49,Control,IGT,2.0,,,48.0,5.58,2.48,2.32,,,,,,,,,,,,,,,
5842,49,Control,IGT,3.0,,,48.0,5.58,2.48,2.32,,,,,,,,,,,,,,,
5843,49,Control,IGT,4.0,,,48.0,5.58,2.48,2.32,,,,,,,,,,,,,,,
5844,49,Control,IGT,5.0,,,48.0,5.58,2.48,2.32,,,,,,,,,,,,,,,
5845,49,Control,IGT,6.0,,,48.0,5.58,2.48,2.32,,,,,,,,,,,,,,,
5846,49,Control,IGT,7.0,,,48.0,5.58,2.48,2.32,,,,,,,,,,,,,,,
5847,49,Control,IGT,8.0,,,48.0,5.58,2.48,2.32,,,,,,,,,,,,,,,
5848,49,Control,IGT,9.0,,,48.0,5.58,2.48,2.32,,,,,,,,,,,,,,,
5849,49,Control,IGT,10.0,,,48.0,5.58,2.48,2.32,,,,,,,,,,,,,,,
5850,49,Control,IGT,11.0,0.7,0.7,48.0,5.58,2.48,2.32,,,,,,,,,,,,,,,
5851,49,Control,IGT,12.0,0.0,0.7,48.0,5.58,2.48,2.32,,,,,,,,,,,,,,,
5852,49,Control,IGT,13.0,1.0,0.7,48.0,5.58,2.48,2.32,,,,,,,,,,,,,,,
5853,49,Control,IGT,14.0,1.0,0.6,48.0,5.58,2.48,2.32,,,,,,,,,,,,,,,
5854,49,Control,IGT,15.0,0.5,0.2,48.0,5.58,2.48,2.32,,,,,,,,,,,,,,,
5855,49,Control,IGT,16.0,1.0,0.9,48.0,5.58,2.48,2.32,,,,,,,,,,,,,,,
5856,49,Control,IGT,17.0,0.2,0.6,48.0,5.58,2.48,2.32,,,,,,,,,,,,,,,
5857,49,Control,IGT,18.0,0.6,0.4,48.0,5.58,2.48,2.32,,,,,,,,,,,,,,,
5858,49,Control,IGT,19.0,0.5,0.7,48.0,5.58,2.48,2.32,,,,,,,,,,,,,,,
5859,49,Control,IGT,20.0,0.7,0.4,48.0,5.58,2.48,2.32,,,,,,,,,,,,,,,
5880,50,Nature,IGT,1.0,,,,,,,,,,,,,,,,,,,,,
5881,50,Nature,IGT,2.0,,,,,,,,,,,,,,,,,,,,,
5882,50,Nature,IGT,3.0,,,,,,,,,,,,,,,,,,,,,
5883,50,Nature,IGT,4.0,,,,,,,,,,,,,,,,,,,,,
5884,50,Nature,IGT,5.0,,,,,,,,,,,,,,,,,,,,,
5885,50,Nature,IGT,6.0,,,,,,,,,,,,,,,,,,,,,
5886,50,Nature,IGT,7.0,,,,,,,,,,,,,,,,,,,,,
5887,50,Nature,IGT,8.0,,,,,,,,,,,,,,,,,,,,,
5888,50,Nature,IGT,9.0,,,,,,,,,,,,,,,,,,,,,
5889,50,Nature,IGT,10.0,,,,,,,,,,,,,,,,,,,,,
5890,50,Nature,IGT,11.0,,,,,,,,,,,,,,,,,,,,,
5891,50,Nature,IGT,12.0,,,,,,,,,,,,,,,,,,,,,
5892,50,Nature,IGT,13.0,,,,,,,,,,,,,,,,,,,,,
5893,50,Nature,IGT,14.0,,,,,,,,,,,,,,,,,,,,,
5894,50,Nature,IGT,15.0,,,,,,,,,,,,,,,,,,,,,
5895,50,Nature,IGT,16.0,,,,,,,,,,,,,,,,,,,,,
5896,50,Nature,IGT,17.0,,,,,,,,,,,,,,,,,,,,,
5897,50,Nature,IGT,18.0,,,,,,,,,,,,,,,,,,,,,
5898,50,Nature,IGT,19.0,,,,,,,,,,,,,,,,,,,,,
5899,50,Nature,IGT,20.0,,,,,,,,,,,,,,,,,,,,,
5920,50,Urban,IGT,1.0,,,,,,,,,,,,,,,,,,,,,
5921,50,Urban,IGT,2.0,,,,,,,,,,,,,,,,,,,,,
5922,50,Urban,IGT,3.0,,,,,,,,,,,,,,,,,,,,,
5923,50,Urban,IGT,4.0,,,,,,,,,,,,,,,,,,,,,
5924,50,Urban,IGT,5.0,,,,,,,,,,,,,,,,,,,,,
5925,50,Urban,IGT,6.0,,,,,,,,,,,,,,,,,,,,,
5926,50,Urban,IGT,7.0,,,,,,,,,,,,,,,,,,,,,
5927,50,Urban,IGT,8.0,,,,,,,,,,,,,,,,,,,,,
5928,50,Urban,IGT,9.0,,,,,,,,,,,,,,,,,,,,,
5929,50,Urban,IGT,10.0,,,,,,,,,,,,,,,,,,,,,
5930,50,Urban,IGT,11.0,,,,,,,,,,,,,,,,,,,,,
5931,50,Urban,IGT,12.0,,,,,,,,,,,,,,,,,,,,,
5932,50,Urban,IGT,13.0,,,,,,,,,,,,,,,,,,,,,
5933,50,Urban,IGT,14.0,,,,,,,,,,,,,,,,,,,,,
5934,50,Urban,IGT,15.0,,,,,,,,,,,,,,,,,,,,,
5935,50,Urban,IGT,16.0,,,,,,,,,,,,,,,,,,,,,
5936,50,Urban,IGT,17.0,,,,,,,,,,,,,,,,,,,,,
5937,50,Urban,IGT,18.0,,,,,,,,,,,,,,,,,,,,,
5938,50,Urban,IGT,19.0,,,,,,,,,,,,,,,,,,,,,
5939,50,Urban,IGT,20.0,,,,,,,,,,,,,,,,,,,,,
5960,50,Control,IGT,1.0,,,49.0,4.4,3.6,3.62,,,,,,,,,,,,,,,
5961,50,Control,IGT,2.0,,,49.0,4.4,3.6,3.62,,,,,,,,,,,,,,,
5962,50,Control,IGT,3.0,,,49.0,4.4,3.6,3.62,,,,,,,,,,,,,,,
5963,50,Control,IGT,4.0,,,49.0,4.4,3.6,3.62,,,,,,,,,,,,,,,
5964,50,Control,IGT,5.0,,,49.0,4.4,3.6,3.62,,,,,,,,,,,,,,,
5965,50,Control,IGT,6.0,,,49.0,4.4,3.6,3.62,,,,,,,,,,,,,,,
5966,50,Control,IGT,7.0,,,49.0,4.4,3.6,3.62,,,,,,,,,,,,,,,
5967,50,Control,IGT,8.0,,,49.0,4.4,3.6,3.62,,,,,,,,,,,,,,,
5968,50,Control,IGT,9.0,,,49.0,4.4,3.6,3.62,,,,,,,,,,,,,,,
5969,50,Control,IGT,10.0,,,49.0,4.4,3.6,3.62,,,,,,,,,,,,,,,
5970,50,Control,IGT,11.0,0.4,0.7,49.0,4.4,3.6,3.62,,,,,,,,,,,,,,,
5971,50,Control,IGT,12.0,0.3,0.8,49.0,4.4,3.6,3.62,,,,,,,,,,,,,,,
5972,50,Control,IGT,13.0,0.3,0.5,49.0,4.4,3.6,3.62,,,,,,,,,,,,,,,
5973,50,Control,IGT,14.0,0.5,0.7,49.0,4.4,3.6,3.62,,,,,,,,,,,,,,,
5974,50,Control,IGT,15.0,0.4,0.7,49.0,4.4,3.6,3.62,,,,,,,,,,,,,,,
5975,50,Control,IGT,16.0,0.4,0.5,49.0,4.4,3.6,3.62,,,,,,,,,,,,,,,
5976,50,Control,IGT,17.0,0.6,0.8,49.0,4.4,3.6,3.62,,,,,,,,,,,,,,,
5977,50,Control,IGT,18.0,0.5,0.8,49.0,4.4,3.6,3.62,,,,,,,,,,,,,,,
5978,50,Control,IGT,19.0,0.5,0.6,49.0,4.4,3.6,3.62,,,,,,,,,,,,,,,
5979,50,Control,IGT,20.0,0.2,0.7,49.0,4.4,3.6,3.62,,,,,,,,,,,,,,,
6000,51,Nature,IGT,1.0,,,,,,,,,,,,,,,,,,,,,
6001,51,Nature,IGT,2.0,,,,,,,,,,,,,,,,,,,,,
6002,51,Nature,IGT,3.0,,,,,,,,,,,,,,,,,,,,,
6003,51,Nature,IGT,4.0,,,,,,,,,,,,,,,,,,,,,
6004,51,Nature,IGT,5.0,,,,,,,,,,,,,,,,,,,,,
6005,51,Nature,IGT,6.0,,,,,,,,,,,,,,,,,,,,,
6006,51,Nature,IGT,7.0,,,,,,,,,,,,,,,,,,,,,
6007,51,Nature,IGT,8.0,,,,,,,,,,,,,,,,,,,,,
6008,51,Nature,IGT,9.0,,,,,,,,,,,,,,,,,,,,,
6009,51,Nature,IGT,10.0,,,,,,,,,,,,,,,,,,,,,
6010,51,Nature,IGT,11.0,,,,,,,,,,,,,,,,,,,,,
6011,51,Nature,IGT,12.0,,,,,,,,,,,,,,,,,,,,,
6012,51,Nature,IGT,13.0,,,,,,,,,,,,,,,,,,,,,
6013,51,Nature,IGT,14.0,,,,,,,,,,,,,,,,,,,,,
6014,51,Nature,IGT,15.0,,,,,,,,,,,,,,,,,,,,,
6015,51,Nature,IGT,16.0,,,,,,,,,,,,,,,,,,,,,
6016,51,Nature,IGT,17.0,,,,,,,,,,,,,,,,,,,,,
6017,51,Nature,IGT,18.0,,,,,,,,,,,,,,,,,,,,,
6018,51,Nature,IGT,19.0,,,,,,,,,,,,,,,,,,,,,
6019,51,Nature,IGT,20.0,,,,,,,,,,,,,,,,,,,,,
6040,51,Urban,IGT,1.0,,,,,,,,,,,,,,,,,,,,,
6041,51,Urban,IGT,2.0,,,,,,,,,,,,,,,,,,,,,
6042,51,Urban,IGT,3.0,,,,,,,,,,,,,,,,,,,,,
6043,51,Urban,IGT,4.0,,,,,,,,,,,,,,,,,,,,,
6044,51,Urban,IGT,5.0,,,,,,,,,,,,,,,,,,,,,
6045,51,Urban,IGT,6.0,,,,,,,,,,,,,,,,,,,,,
6046,51,Urban,IGT,7.0,,,,,,,,,,,,,,,,,,,,,
6047,51,Urban,IGT,8.0,,,,,,,,,,,,,,,,,,,,,
6048,51,Urban,IGT,9.0,,,,,,,,,,,,,,,,,,,,,
6049,51,Urban,IGT,10.0,,,,,,,,,,,,,,,,,,,,,
6050,51,Urban,IGT,11.0,,,,,,,,,,,,,,,,,,,,,
6051,51,Urban,IGT,12.0,,,,,,,,,,,,,,,,,,,,,
6052,51,Urban,IGT,13.0,,,,,,,,,,,,,,,,,,,,,
6053,51,Urban,IGT,14.0,,,,,,,,,,,,,,,,,,,,,
6054,51,Urban,IGT,15.0,,,,,,,,,,,,,,,,,,,,,
6055,51,Urban,IGT,16.0,,,,,,,,,,,,,,,,,,,,,
6056,51,Urban,IGT,17.0,,,,,,,,,,,,,,,,,,,,,
6057,51,Urban,IGT,18.0,,,,,,,,,,,,,,,,,,,,,
6058,51,Urban,IGT,19.0,,,,,,,,,,,,,,,,,,,,,
6059,51,Urban,IGT,20.0,,,,,,,,,,,,,,,,,,,,,
6080,51,Control,IGT,1.0,,,50.0,3.96,3.76,4.04,,,,,,,,,,,,,,,
6081,51,Control,IGT,2.0,,,50.0,3.96,3.76,4.04,,,,,,,,,,,,,,,
6082,51,Control,IGT,3.0,,,50.0,3.96,3.76,4.04,,,,,,,,,,,,,,,
6083,51,Control,IGT,4.0,,,50.0,3.96,3.76,4.04,,,,,,,,,,,,,,,
6084,51,Control,IGT,5.0,,,50.0,3.96,3.76,4.04,,,,,,,,,,,,,,,
6085,51,Control,IGT,6.0,,,50.0,3.96,3.76,4.04,,,,,,,,,,,,,,,
6086,51,Control,IGT,7.0,,,50.0,3.96,3.76,4.04,,,,,,,,,,,,,,,
6087,51,Control,IGT,8.0,,,50.0,3.96,3.76,4.04,,,,,,,,,,,,,,,
6088,51,Control,IGT,9.0,,,50.0,3.96,3.76,4.04,,,,,,,,,,,,,,,
6089,51,Control,IGT,10.0,,,50.0,3.96,3.76,4.04,,,,,,,,,,,,,,,
6090,51,Control,IGT,11.0,0.5,0.5,50.0,3.96,3.76,4.04,,,,,,,,,,,,,,,
6091,51,Control,IGT,12.0,0.5,0.6,50.0,3.96,3.76,4.04,,,,,,,,,,,,,,,
6092,51,Control,IGT,13.0,0.7,0.6,50.0,3.96,3.76,4.04,,,,,,,,,,,,,,,
6093,51,Control,IGT,14.0,0.3,0.5,50.0,3.96,3.76,4.04,,,,,,,,,,,,,,,
6094,51,Control,IGT,15.0,0.6,0.4,50.0,3.96,3.76,4.04,,,,,,,,,,,,,,,
6095,51,Control,IGT,16.0,0.5,0.8,50.0,3.96,3.76,4.04,,,,,,,,,,,,,,,
6096,51,Control,IGT,17.0,0.6,0.4,50.0,3.96,3.76,4.04,,,,,,,,,,,,,,,
6097,51,Control,IGT,18.0,0.2,0.6,50.0,3.96,3.76,4.04,,,,,,,,,,,,,,,
6098,51,Control,IGT,19.0,0.3,0.7,50.0,3.96,3.76,4.04,,,,,,,,,,,,,,,
6099,51,Control,IGT,20.0,0.5,0.6,50.0,3.96,3.76,4.04,,,,,,,,,,,,,,,
6120,52,Nature,IGT,1.0,,,51.0,6.36,5.44,6.72,0.15638133874,-0.12690754548,0.21599004336,0.16107033144,0.2168606119,0.269108066,7.495244791,6.200550980939999,-0.06027934828,0.0076649775,-0.00212471866,-0.01360411614,0.02014427576,0.1399162392,0.18981851438
6121,52,Nature,IGT,2.0,,,51.0,6.36,5.44,6.72,0.15638133874,-0.12690754548,0.21599004336,0.16107033144,0.2168606119,0.269108066,7.495244791,6.200550980939999,-0.06027934828,0.0076649775,-0.00212471866,-0.01360411614,0.02014427576,0.1399162392,0.18981851438
6122,52,Nature,IGT,3.0,,,51.0,6.36,5.44,6.72,0.15638133874,-0.12690754548,0.21599004336,0.16107033144,0.2168606119,0.269108066,7.495244791,6.200550980939999,-0.06027934828,0.0076649775,-0.00212471866,-0.01360411614,0.02014427576,0.1399162392,0.18981851438
6123,52,Nature,IGT,4.0,,,51.0,6.36,5.44,6.72,0.15638133874,-0.12690754548,0.21599004336,0.16107033144,0.2168606119,0.269108066,7.495244791,6.200550980939999,-0.06027934828,0.0076649775,-0.00212471866,-0.01360411614,0.02014427576,0.1399162392,0.18981851438
6124,52,Nature,IGT,5.0,,,51.0,6.36,5.44,6.72,0.15638133874,-0.12690754548,0.21599004336,0.16107033144,0.2168606119,0.269108066,7.495244791,6.200550980939999,-0.06027934828,0.0076649775,-0.00212471866,-0.01360411614,0.02014427576,0.1399162392,0.18981851438
6125,52,Nature,IGT,6.0,,,51.0,6.36,5.44,6.72,0.15638133874,-0.12690754548,0.21599004336,0.16107033144,0.2168606119,0.269108066,7.495244791,6.200550980939999,-0.06027934828,0.0076649775,-0.00212471866,-0.01360411614,0.02014427576,0.1399162392,0.18981851438
6126,52,Nature,IGT,7.0,,,51.0,6.36,5.44,6.72,0.15638133874,-0.12690754548,0.21599004336,0.16107033144,0.2168606119,0.269108066,7.495244791,6.200550980939999,-0.06027934828,0.0076649775,-0.00212471866,-0.01360411614,0.02014427576,0.1399162392,0.18981851438
6127,52,Nature,IGT,8.0,,,51.0,6.36,5.44,6.72,0.15638133874,-0.12690754548,0.21599004336,0.16107033144,0.2168606119,0.269108066,7.495244791,6.200550980939999,-0.06027934828,0.0076649775,-0.00212471866,-0.01360411614,0.02014427576,0.1399162392,0.18981851438
6128,52,Nature,IGT,9.0,,,51.0,6.36,5.44,6.72,0.15638133874,-0.12690754548,0.21599004336,0.16107033144,0.2168606119,0.269108066,7.495244791,6.200550980939999,-0.06027934828,0.0076649775,-0.00212471866,-0.01360411614,0.02014427576,0.1399162392,0.18981851438
6129,52,Nature,IGT,10.0,,,51.0,6.36,5.44,6.72,0.15638133874,-0.12690754548,0.21599004336,0.16107033144,0.2168606119,0.269108066,7.495244791,6.200550980939999,-0.06027934828,0.0076649775,-0.00212471866,-0.01360411614,0.02014427576,0.1399162392,0.18981851438
6130,52,Nature,IGT,11.0,0.3,0.3,51.0,6.36,5.44,6.72,0.15638133874,-0.12690754548,0.21599004336,0.16107033144,0.2168606119,0.269108066,7.495244791,6.200550980939999,-0.06027934828,0.0076649775,-0.00212471866,-0.01360411614,0.02014427576,0.1399162392,0.18981851438
6131,52,Nature,IGT,12.0,1.0,0.5,51.0,6.36,5.44,6.72,0.15638133874,-0.12690754548,0.21599004336,0.16107033144,0.2168606119,0.269108066,7.495244791,6.200550980939999,-0.06027934828,0.0076649775,-0.00212471866,-0.01360411614,0.02014427576,0.1399162392,0.18981851438
6132,52,Nature,IGT,13.0,0.3,0.7,51.0,6.36,5.44,6.72,0.15638133874,-0.12690754548,0.21599004336,0.16107033144,0.2168606119,0.269108066,7.495244791,6.200550980939999,-0.06027934828,0.0076649775,-0.00212471866,-0.01360411614,0.02014427576,0.1399162392,0.18981851438
6133,52,Nature,IGT,14.0,0.5,0.4,51.0,6.36,5.44,6.72,0.15638133874,-0.12690754548,0.21599004336,0.16107033144,0.2168606119,0.269108066,7.495244791,6.200550980939999,-0.06027934828,0.0076649775,-0.00212471866,-0.01360411614,0.02014427576,0.1399162392,0.18981851438
6134,52,Nature,IGT,15.0,0.8,0.7,51.0,6.36,5.44,6.72,0.15638133874,-0.12690754548,0.21599004336,0.16107033144,0.2168606119,0.269108066,7.495244791,6.200550980939999,-0.06027934828,0.0076649775,-0.00212471866,-0.01360411614,0.02014427576,0.1399162392,0.18981851438
6135,52,Nature,IGT,16.0,0.7,0.1,51.0,6.36,5.44,6.72,0.15638133874,-0.12690754548,0.21599004336,0.16107033144,0.2168606119,0.269108066,7.495244791,6.200550980939999,-0.06027934828,0.0076649775,-0.00212471866,-0.01360411614,0.02014427576,0.1399162392,0.18981851438
6136,52,Nature,IGT,17.0,0.9,0.9,51.0,6.36,5.44,6.72,0.15638133874,-0.12690754548,0.21599004336,0.16107033144,0.2168606119,0.269108066,7.495244791,6.200550980939999,-0.06027934828,0.0076649775,-0.00212471866,-0.01360411614,0.02014427576,0.1399162392,0.18981851438
6137,52,Nature,IGT,18.0,0.4,0.6,51.0,6.36,5.44,6.72,0.15638133874,-0.12690754548,0.21599004336,0.16107033144,0.2168606119,0.269108066,7.495244791,6.200550980939999,-0.06027934828,0.0076649775,-0.00212471866,-0.01360411614,0.02014427576,0.1399162392,0.18981851438
6138,52,Nature,IGT,19.0,1.0,0.4,51.0,6.36,5.44,6.72,0.15638133874,-0.12690754548,0.21599004336,0.16107033144,0.2168606119,0.269108066,7.495244791,6.200550980939999,-0.06027934828,0.0076649775,-0.00212471866,-0.01360411614,0.02014427576,0.1399162392,0.18981851438
6139,52,Nature,IGT,20.0,0.4,0.4,51.0,6.36,5.44,6.72,0.15638133874,-0.12690754548,0.21599004336,0.16107033144,0.2168606119,0.269108066,7.495244791,6.200550980939999,-0.06027934828,0.0076649775,-0.00212471866,-0.01360411614,0.02014427576,0.1399162392,0.18981851438
6160,52,Urban,IGT,1.0,,,,,,,,,,,,,,,,,,,,,
6161,52,Urban,IGT,2.0,,,,,,,,,,,,,,,,,,,,,
6162,52,Urban,IGT,3.0,,,,,,,,,,,,,,,,,,,,,
6163,52,Urban,IGT,4.0,,,,,,,,,,,,,,,,,,,,,
6164,52,Urban,IGT,5.0,,,,,,,,,,,,,,,,,,,,,
6165,52,Urban,IGT,6.0,,,,,,,,,,,,,,,,,,,,,
6166,52,Urban,IGT,7.0,,,,,,,,,,,,,,,,,,,,,
6167,52,Urban,IGT,8.0,,,,,,,,,,,,,,,,,,,,,
6168,52,Urban,IGT,9.0,,,,,,,,,,,,,,,,,,,,,
6169,52,Urban,IGT,10.0,,,,,,,,,,,,,,,,,,,,,
6170,52,Urban,IGT,11.0,,,,,,,,,,,,,,,,,,,,,
6171,52,Urban,IGT,12.0,,,,,,,,,,,,,,,,,,,,,
6172,52,Urban,IGT,13.0,,,,,,,,,,,,,,,,,,,,,
6173,52,Urban,IGT,14.0,,,,,,,,,,,,,,,,,,,,,
6174,52,Urban,IGT,15.0,,,,,,,,,,,,,,,,,,,,,
6175,52,Urban,IGT,16.0,,,,,,,,,,,,,,,,,,,,,
6176,52,Urban,IGT,17.0,,,,,,,,,,,,,,,,,,,,,
6177,52,Urban,IGT,18.0,,,,,,,,,,,,,,,,,,,,,
6178,52,Urban,IGT,19.0,,,,,,,,,,,,,,,,,,,,,
6179,52,Urban,IGT,20.0,,,,,,,,,,,,,,,,,,,,,
6200,52,Control,IGT,1.0,,,,,,,,,,,,,,,,,,,,,
6201,52,Control,IGT,2.0,,,,,,,,,,,,,,,,,,,,,
6202,52,Control,IGT,3.0,,,,,,,,,,,,,,,,,,,,,
6203,52,Control,IGT,4.0,,,,,,,,,,,,,,,,,,,,,
6204,52,Control,IGT,5.0,,,,,,,,,,,,,,,,,,,,,
6205,52,Control,IGT,6.0,,,,,,,,,,,,,,,,,,,,,
6206,52,Control,IGT,7.0,,,,,,,,,,,,,,,,,,,,,
6207,52,Control,IGT,8.0,,,,,,,,,,,,,,,,,,,,,
6208,52,Control,IGT,9.0,,,,,,,,,,,,,,,,,,,,,
6209,52,Control,IGT,10.0,,,,,,,,,,,,,,,,,,,,,
6210,52,Control,IGT,11.0,,,,,,,,,,,,,,,,,,,,,
6211,52,Control,IGT,12.0,,,,,,,,,,,,,,,,,,,,,
6212,52,Control,IGT,13.0,,,,,,,,,,,,,,,,,,,,,
6213,52,Control,IGT,14.0,,,,,,,,,,,,,,,,,,,,,
6214,52,Control,IGT,15.0,,,,,,,,,,,,,,,,,,,,,
6215,52,Control,IGT,16.0,,,,,,,,,,,,,,,,,,,,,
6216,52,Control,IGT,17.0,,,,,,,,,,,,,,,,,,,,,
6217,52,Control,IGT,18.0,,,,,,,,,,,,,,,,,,,,,
6218,52,Control,IGT,19.0,,,,,,,,,,,,,,,,,,,,,
6219,52,Control,IGT,20.0,,,,,,,,,,,,,,,,,,,,,
6240,53,Nature,IGT,1.0,,,52.0,5.72,5.52,5.1,0.1603261829199999,-0.1156223692999999,0.23811752492,0.15910615048,0.21237065218,0.26574509996,7.5389080946,6.220074746840001,-0.06058491986,0.01186274998,-0.00075889918,-0.0188213312,0.018294829,0.13746057156,0.1913550822799999
6241,53,Nature,IGT,2.0,,,52.0,5.72,5.52,5.1,0.1603261829199999,-0.1156223692999999,0.23811752492,0.15910615048,0.21237065218,0.26574509996,7.5389080946,6.220074746840001,-0.06058491986,0.01186274998,-0.00075889918,-0.0188213312,0.018294829,0.13746057156,0.1913550822799999
6242,53,Nature,IGT,3.0,,,52.0,5.72,5.52,5.1,0.1603261829199999,-0.1156223692999999,0.23811752492,0.15910615048,0.21237065218,0.26574509996,7.5389080946,6.220074746840001,-0.06058491986,0.01186274998,-0.00075889918,-0.0188213312,0.018294829,0.13746057156,0.1913550822799999
6243,53,Nature,IGT,4.0,,,52.0,5.72,5.52,5.1,0.1603261829199999,-0.1156223692999999,0.23811752492,0.15910615048,0.21237065218,0.26574509996,7.5389080946,6.220074746840001,-0.06058491986,0.01186274998,-0.00075889918,-0.0188213312,0.018294829,0.13746057156,0.1913550822799999
6244,53,Nature,IGT,5.0,,,52.0,5.72,5.52,5.1,0.1603261829199999,-0.1156223692999999,0.23811752492,0.15910615048,0.21237065218,0.26574509996,7.5389080946,6.220074746840001,-0.06058491986,0.01186274998,-0.00075889918,-0.0188213312,0.018294829,0.13746057156,0.1913550822799999
6245,53,Nature,IGT,6.0,,,52.0,5.72,5.52,5.1,0.1603261829199999,-0.1156223692999999,0.23811752492,0.15910615048,0.21237065218,0.26574509996,7.5389080946,6.220074746840001,-0.06058491986,0.01186274998,-0.00075889918,-0.0188213312,0.018294829,0.13746057156,0.1913550822799999
6246,53,Nature,IGT,7.0,,,52.0,5.72,5.52,5.1,0.1603261829199999,-0.1156223692999999,0.23811752492,0.15910615048,0.21237065218,0.26574509996,7.5389080946,6.220074746840001,-0.06058491986,0.01186274998,-0.00075889918,-0.0188213312,0.018294829,0.13746057156,0.1913550822799999
6247,53,Nature,IGT,8.0,,,52.0,5.72,5.52,5.1,0.1603261829199999,-0.1156223692999999,0.23811752492,0.15910615048,0.21237065218,0.26574509996,7.5389080946,6.220074746840001,-0.06058491986,0.01186274998,-0.00075889918,-0.0188213312,0.018294829,0.13746057156,0.1913550822799999
6248,53,Nature,IGT,9.0,,,52.0,5.72,5.52,5.1,0.1603261829199999,-0.1156223692999999,0.23811752492,0.15910615048,0.21237065218,0.26574509996,7.5389080946,6.220074746840001,-0.06058491986,0.01186274998,-0.00075889918,-0.0188213312,0.018294829,0.13746057156,0.1913550822799999
6249,53,Nature,IGT,10.0,,,52.0,5.72,5.52,5.1,0.1603261829199999,-0.1156223692999999,0.23811752492,0.15910615048,0.21237065218,0.26574509996,7.5389080946,6.220074746840001,-0.06058491986,0.01186274998,-0.00075889918,-0.0188213312,0.018294829,0.13746057156,0.1913550822799999
6250,53,Nature,IGT,11.0,0.2,0.8,52.0,5.72,5.52,5.1,0.1603261829199999,-0.1156223692999999,0.23811752492,0.15910615048,0.21237065218,0.26574509996,7.5389080946,6.220074746840001,-0.06058491986,0.01186274998,-0.00075889918,-0.0188213312,0.018294829,0.13746057156,0.1913550822799999
6251,53,Nature,IGT,12.0,0.4,0.9,52.0,5.72,5.52,5.1,0.1603261829199999,-0.1156223692999999,0.23811752492,0.15910615048,0.21237065218,0.26574509996,7.5389080946,6.220074746840001,-0.06058491986,0.01186274998,-0.00075889918,-0.0188213312,0.018294829,0.13746057156,0.1913550822799999
6252,53,Nature,IGT,13.0,0.5,1.0,52.0,5.72,5.52,5.1,0.1603261829199999,-0.1156223692999999,0.23811752492,0.15910615048,0.21237065218,0.26574509996,7.5389080946,6.220074746840001,-0.06058491986,0.01186274998,-0.00075889918,-0.0188213312,0.018294829,0.13746057156,0.1913550822799999
6253,53,Nature,IGT,14.0,0.7,1.0,52.0,5.72,5.52,5.1,0.1603261829199999,-0.1156223692999999,0.23811752492,0.15910615048,0.21237065218,0.26574509996,7.5389080946,6.220074746840001,-0.06058491986,0.01186274998,-0.00075889918,-0.0188213312,0.018294829,0.13746057156,0.1913550822799999
6254,53,Nature,IGT,15.0,0.9,1.0,52.0,5.72,5.52,5.1,0.1603261829199999,-0.1156223692999999,0.23811752492,0.15910615048,0.21237065218,0.26574509996,7.5389080946,6.220074746840001,-0.06058491986,0.01186274998,-0.00075889918,-0.0188213312,0.018294829,0.13746057156,0.1913550822799999
6255,53,Nature,IGT,16.0,0.0,1.0,52.0,5.72,5.52,5.1,0.1603261829199999,-0.1156223692999999,0.23811752492,0.15910615048,0.21237065218,0.26574509996,7.5389080946,6.220074746840001,-0.06058491986,0.01186274998,-0.00075889918,-0.0188213312,0.018294829,0.13746057156,0.1913550822799999
6256,53,Nature,IGT,17.0,1.0,1.0,52.0,5.72,5.52,5.1,0.1603261829199999,-0.1156223692999999,0.23811752492,0.15910615048,0.21237065218,0.26574509996,7.5389080946,6.220074746840001,-0.06058491986,0.01186274998,-0.00075889918,-0.0188213312,0.018294829,0.13746057156,0.1913550822799999
6257,53,Nature,IGT,18.0,1.0,1.0,52.0,5.72,5.52,5.1,0.1603261829199999,-0.1156223692999999,0.23811752492,0.15910615048,0.21237065218,0.26574509996,7.5389080946,6.220074746840001,-0.06058491986,0.01186274998,-0.00075889918,-0.0188213312,0.018294829,0.13746057156,0.1913550822799999
6258,53,Nature,IGT,19.0,1.0,1.0,52.0,5.72,5.52,5.1,0.1603261829199999,-0.1156223692999999,0.23811752492,0.15910615048,0.21237065218,0.26574509996,7.5389080946,6.220074746840001,-0.06058491986,0.01186274998,-0.00075889918,-0.0188213312,0.018294829,0.13746057156,0.1913550822799999
6259,53,Nature,IGT,20.0,1.0,1.0,52.0,5.72,5.52,5.1,0.1603261829199999,-0.1156223692999999,0.23811752492,0.15910615048,0.21237065218,0.26574509996,7.5389080946,6.220074746840001,-0.06058491986,0.01186274998,-0.00075889918,-0.0188213312,0.018294829,0.13746057156,0.1913550822799999
6280,53,Urban,IGT,1.0,,,,,,,,,,,,,,,,,,,,,
6281,53,Urban,IGT,2.0,,,,,,,,,,,,,,,,,,,,,
6282,53,Urban,IGT,3.0,,,,,,,,,,,,,,,,,,,,,
6283,53,Urban,IGT,4.0,,,,,,,,,,,,,,,,,,,,,
6284,53,Urban,IGT,5.0,,,,,,,,,,,,,,,,,,,,,
6285,53,Urban,IGT,6.0,,,,,,,,,,,,,,,,,,,,,
6286,53,Urban,IGT,7.0,,,,,,,,,,,,,,,,,,,,,
6287,53,Urban,IGT,8.0,,,,,,,,,,,,,,,,,,,,,
6288,53,Urban,IGT,9.0,,,,,,,,,,,,,,,,,,,,,
6289,53,Urban,IGT,10.0,,,,,,,,,,,,,,,,,,,,,
6290,53,Urban,IGT,11.0,,,,,,,,,,,,,,,,,,,,,
6291,53,Urban,IGT,12.0,,,,,,,,,,,,,,,,,,,,,
6292,53,Urban,IGT,13.0,,,,,,,,,,,,,,,,,,,,,
6293,53,Urban,IGT,14.0,,,,,,,,,,,,,,,,,,,,,
6294,53,Urban,IGT,15.0,,,,,,,,,,,,,,,,,,,,,
6295,53,Urban,IGT,16.0,,,,,,,,,,,,,,,,,,,,,
6296,53,Urban,IGT,17.0,,,,,,,,,,,,,,,,,,,,,
6297,53,Urban,IGT,18.0,,,,,,,,,,,,,,,,,,,,,
6298,53,Urban,IGT,19.0,,,,,,,,,,,,,,,,,,,,,
6299,53,Urban,IGT,20.0,,,,,,,,,,,,,,,,,,,,,
6320,53,Control,IGT,1.0,,,,,,,,,,,,,,,,,,,,,
6321,53,Control,IGT,2.0,,,,,,,,,,,,,,,,,,,,,
6322,53,Control,IGT,3.0,,,,,,,,,,,,,,,,,,,,,
6323,53,Control,IGT,4.0,,,,,,,,,,,,,,,,,,,,,
6324,53,Control,IGT,5.0,,,,,,,,,,,,,,,,,,,,,
6325,53,Control,IGT,6.0,,,,,,,,,,,,,,,,,,,,,
6326,53,Control,IGT,7.0,,,,,,,,,,,,,,,,,,,,,
6327,53,Control,IGT,8.0,,,,,,,,,,,,,,,,,,,,,
6328,53,Control,IGT,9.0,,,,,,,,,,,,,,,,,,,,,
6329,53,Control,IGT,10.0,,,,,,,,,,,,,,,,,,,,,
6330,53,Control,IGT,11.0,,,,,,,,,,,,,,,,,,,,,
6331,53,Control,IGT,12.0,,,,,,,,,,,,,,,,,,,,,
6332,53,Control,IGT,13.0,,,,,,,,,,,,,,,,,,,,,
6333,53,Control,IGT,14.0,,,,,,,,,,,,,,,,,,,,,
6334,53,Control,IGT,15.0,,,,,,,,,,,,,,,,,,,,,
6335,53,Control,IGT,16.0,,,,,,,,,,,,,,,,,,,,,
6336,53,Control,IGT,17.0,,,,,,,,,,,,,,,,,,,,,
6337,53,Control,IGT,18.0,,,,,,,,,,,,,,,,,,,,,
6338,53,Control,IGT,19.0,,,,,,,,,,,,,,,,,,,,,
6339,53,Control,IGT,20.0,,,,,,,,,,,,,,,,,,,,,
6360,54,Nature,IGT,1.0,,,53.0,6.16,6.16,6.04,0.16362899564,-0.15362188374,0.21557950446,0.16565809024,0.2109204469399999,0.266564196,7.510505015,6.1961245129,-0.06234837336,0.0082266216,-0.0026933995399999,-0.01304782302,0.0189813689199999,0.13765095778,0.18718528658
6361,54,Nature,IGT,2.0,,,53.0,6.16,6.16,6.04,0.16362899564,-0.15362188374,0.21557950446,0.16565809024,0.2109204469399999,0.266564196,7.510505015,6.1961245129,-0.06234837336,0.0082266216,-0.0026933995399999,-0.01304782302,0.0189813689199999,0.13765095778,0.18718528658
6362,54,Nature,IGT,3.0,,,53.0,6.16,6.16,6.04,0.16362899564,-0.15362188374,0.21557950446,0.16565809024,0.2109204469399999,0.266564196,7.510505015,6.1961245129,-0.06234837336,0.0082266216,-0.0026933995399999,-0.01304782302,0.0189813689199999,0.13765095778,0.18718528658
6363,54,Nature,IGT,4.0,,,53.0,6.16,6.16,6.04,0.16362899564,-0.15362188374,0.21557950446,0.16565809024,0.2109204469399999,0.266564196,7.510505015,6.1961245129,-0.06234837336,0.0082266216,-0.0026933995399999,-0.01304782302,0.0189813689199999,0.13765095778,0.18718528658
6364,54,Nature,IGT,5.0,,,53.0,6.16,6.16,6.04,0.16362899564,-0.15362188374,0.21557950446,0.16565809024,0.2109204469399999,0.266564196,7.510505015,6.1961245129,-0.06234837336,0.0082266216,-0.0026933995399999,-0.01304782302,0.0189813689199999,0.13765095778,0.18718528658
6365,54,Nature,IGT,6.0,,,53.0,6.16,6.16,6.04,0.16362899564,-0.15362188374,0.21557950446,0.16565809024,0.2109204469399999,0.266564196,7.510505015,6.1961245129,-0.06234837336,0.0082266216,-0.0026933995399999,-0.01304782302,0.0189813689199999,0.13765095778,0.18718528658
6366,54,Nature,IGT,7.0,,,53.0,6.16,6.16,6.04,0.16362899564,-0.15362188374,0.21557950446,0.16565809024,0.2109204469399999,0.266564196,7.510505015,6.1961245129,-0.06234837336,0.0082266216,-0.0026933995399999,-0.01304782302,0.0189813689199999,0.13765095778,0.18718528658
6367,54,Nature,IGT,8.0,,,53.0,6.16,6.16,6.04,0.16362899564,-0.15362188374,0.21557950446,0.16565809024,0.2109204469399999,0.266564196,7.510505015,6.1961245129,-0.06234837336,0.0082266216,-0.0026933995399999,-0.01304782302,0.0189813689199999,0.13765095778,0.18718528658
6368,54,Nature,IGT,9.0,,,53.0,6.16,6.16,6.04,0.16362899564,-0.15362188374,0.21557950446,0.16565809024,0.2109204469399999,0.266564196,7.510505015,6.1961245129,-0.06234837336,0.0082266216,-0.0026933995399999,-0.01304782302,0.0189813689199999,0.13765095778,0.18718528658
6369,54,Nature,IGT,10.0,,,53.0,6.16,6.16,6.04,0.16362899564,-0.15362188374,0.21557950446,0.16565809024,0.2109204469399999,0.266564196,7.510505015,6.1961245129,-0.06234837336,0.0082266216,-0.0026933995399999,-0.01304782302,0.0189813689199999,0.13765095778,0.18718528658
6370,54,Nature,IGT,11.0,0.2,0.6,53.0,6.16,6.16,6.04,0.16362899564,-0.15362188374,0.21557950446,0.16565809024,0.2109204469399999,0.266564196,7.510505015,6.1961245129,-0.06234837336,0.0082266216,-0.0026933995399999,-0.01304782302,0.0189813689199999,0.13765095778,0.18718528658
6371,54,Nature,IGT,12.0,0.0,0.4,53.0,6.16,6.16,6.04,0.16362899564,-0.15362188374,0.21557950446,0.16565809024,0.2109204469399999,0.266564196,7.510505015,6.1961245129,-0.06234837336,0.0082266216,-0.0026933995399999,-0.01304782302,0.0189813689199999,0.13765095778,0.18718528658
6372,54,Nature,IGT,13.0,1.0,0.0,53.0,6.16,6.16,6.04,0.16362899564,-0.15362188374,0.21557950446,0.16565809024,0.2109204469399999,0.266564196,7.510505015,6.1961245129,-0.06234837336,0.0082266216,-0.0026933995399999,-0.01304782302,0.0189813689199999,0.13765095778,0.18718528658
6373,54,Nature,IGT,14.0,1.0,0.0,53.0,6.16,6.16,6.04,0.16362899564,-0.15362188374,0.21557950446,0.16565809024,0.2109204469399999,0.266564196,7.510505015,6.1961245129,-0.06234837336,0.0082266216,-0.0026933995399999,-0.01304782302,0.0189813689199999,0.13765095778,0.18718528658
6374,54,Nature,IGT,15.0,0.9,0.1,53.0,6.16,6.16,6.04,0.16362899564,-0.15362188374,0.21557950446,0.16565809024,0.2109204469399999,0.266564196,7.510505015,6.1961245129,-0.06234837336,0.0082266216,-0.0026933995399999,-0.01304782302,0.0189813689199999,0.13765095778,0.18718528658
6375,54,Nature,IGT,16.0,0.7,0.4,53.0,6.16,6.16,6.04,0.16362899564,-0.15362188374,0.21557950446,0.16565809024,0.2109204469399999,0.266564196,7.510505015,6.1961245129,-0.06234837336,0.0082266216,-0.0026933995399999,-0.01304782302,0.0189813689199999,0.13765095778,0.18718528658
6376,54,Nature,IGT,17.0,0.8,0.7,53.0,6.16,6.16,6.04,0.16362899564,-0.15362188374,0.21557950446,0.16565809024,0.2109204469399999,0.266564196,7.510505015,6.1961245129,-0.06234837336,0.0082266216,-0.0026933995399999,-0.01304782302,0.0189813689199999,0.13765095778,0.18718528658
6377,54,Nature,IGT,18.0,0.7,0.5,53.0,6.16,6.16,6.04,0.16362899564,-0.15362188374,0.21557950446,0.16565809024,0.2109204469399999,0.266564196,7.510505015,6.1961245129,-0.06234837336,0.0082266216,-0.0026933995399999,-0.01304782302,0.0189813689199999,0.13765095778,0.18718528658
6378,54,Nature,IGT,19.0,0.7,0.3,53.0,6.16,6.16,6.04,0.16362899564,-0.15362188374,0.21557950446,0.16565809024,0.2109204469399999,0.266564196,7.510505015,6.1961245129,-0.06234837336,0.0082266216,-0.0026933995399999,-0.01304782302,0.0189813689199999,0.13765095778,0.18718528658
6379,54,Nature,IGT,20.0,0.3,0.4,53.0,6.16,6.16,6.04,0.16362899564,-0.15362188374,0.21557950446,0.16565809024,0.2109204469399999,0.266564196,7.510505015,6.1961245129,-0.06234837336,0.0082266216,-0.0026933995399999,-0.01304782302,0.0189813689199999,0.13765095778,0.18718528658
6400,54,Urban,IGT,1.0,,,,,,,,,,,,,,,,,,,,,
6401,54,Urban,IGT,2.0,,,,,,,,,,,,,,,,,,,,,
6402,54,Urban,IGT,3.0,,,,,,,,,,,,,,,,,,,,,
6403,54,Urban,IGT,4.0,,,,,,,,,,,,,,,,,,,,,
6404,54,Urban,IGT,5.0,,,,,,,,,,,,,,,,,,,,,
6405,54,Urban,IGT,6.0,,,,,,,,,,,,,,,,,,,,,
6406,54,Urban,IGT,7.0,,,,,,,,,,,,,,,,,,,,,
6407,54,Urban,IGT,8.0,,,,,,,,,,,,,,,,,,,,,
6408,54,Urban,IGT,9.0,,,,,,,,,,,,,,,,,,,,,
6409,54,Urban,IGT,10.0,,,,,,,,,,,,,,,,,,,,,
6410,54,Urban,IGT,11.0,,,,,,,,,,,,,,,,,,,,,
6411,54,Urban,IGT,12.0,,,,,,,,,,,,,,,,,,,,,
6412,54,Urban,IGT,13.0,,,,,,,,,,,,,,,,,,,,,
6413,54,Urban,IGT,14.0,,,,,,,,,,,,,,,,,,,,,
6414,54,Urban,IGT,15.0,,,,,,,,,,,,,,,,,,,,,
6415,54,Urban,IGT,16.0,,,,,,,,,,,,,,,,,,,,,
6416,54,Urban,IGT,17.0,,,,,,,,,,,,,,,,,,,,,
6417,54,Urban,IGT,18.0,,,,,,,,,,,,,,,,,,,,,
6418,54,Urban,IGT,19.0,,,,,,,,,,,,,,,,,,,,,
6419,54,Urban,IGT,20.0,,,,,,,,,,,,,,,,,,,,,
6440,54,Control,IGT,1.0,,,,,,,,,,,,,,,,,,,,,
6441,54,Control,IGT,2.0,,,,,,,,,,,,,,,,,,,,,
6442,54,Control,IGT,3.0,,,,,,,,,,,,,,,,,,,,,
6443,54,Control,IGT,4.0,,,,,,,,,,,,,,,,,,,,,
6444,54,Control,IGT,5.0,,,,,,,,,,,,,,,,,,,,,
6445,54,Control,IGT,6.0,,,,,,,,,,,,,,,,,,,,,
6446,54,Control,IGT,7.0,,,,,,,,,,,,,,,,,,,,,
6447,54,Control,IGT,8.0,,,,,,,,,,,,,,,,,,,,,
6448,54,Control,IGT,9.0,,,,,,,,,,,,,,,,,,,,,
6449,54,Control,IGT,10.0,,,,,,,,,,,,,,,,,,,,,
6450,54,Control,IGT,11.0,,,,,,,,,,,,,,,,,,,,,
6451,54,Control,IGT,12.0,,,,,,,,,,,,,,,,,,,,,
6452,54,Control,IGT,13.0,,,,,,,,,,,,,,,,,,,,,
6453,54,Control,IGT,14.0,,,,,,,,,,,,,,,,,,,,,
6454,54,Control,IGT,15.0,,,,,,,,,,,,,,,,,,,,,
6455,54,Control,IGT,16.0,,,,,,,,,,,,,,,,,,,,,
6456,54,Control,IGT,17.0,,,,,,,,,,,,,,,,,,,,,
6457,54,Control,IGT,18.0,,,,,,,,,,,,,,,,,,,,,
6458,54,Control,IGT,19.0,,,,,,,,,,,,,,,,,,,,,
6459,54,Control,IGT,20.0,,,,,,,,,,,,,,,,,,,,,
6480,55,Nature,IGT,1.0,,,,,,,,,,,,,,,,,,,,,
6481,55,Nature,IGT,2.0,,,,,,,,,,,,,,,,,,,,,
6482,55,Nature,IGT,3.0,,,,,,,,,,,,,,,,,,,,,
6483,55,Nature,IGT,4.0,,,,,,,,,,,,,,,,,,,,,
6484,55,Nature,IGT,5.0,,,,,,,,,,,,,,,,,,,,,
6485,55,Nature,IGT,6.0,,,,,,,,,,,,,,,,,,,,,
6486,55,Nature,IGT,7.0,,,,,,,,,,,,,,,,,,,,,
6487,55,Nature,IGT,8.0,,,,,,,,,,,,,,,,,,,,,
6488,55,Nature,IGT,9.0,,,,,,,,,,,,,,,,,,,,,
6489,55,Nature,IGT,10.0,,,,,,,,,,,,,,,,,,,,,
6490,55,Nature,IGT,11.0,,,,,,,,,,,,,,,,,,,,,
6491,55,Nature,IGT,12.0,,,,,,,,,,,,,,,,,,,,,
6492,55,Nature,IGT,13.0,,,,,,,,,,,,,,,,,,,,,
6493,55,Nature,IGT,14.0,,,,,,,,,,,,,,,,,,,,,
6494,55,Nature,IGT,15.0,,,,,,,,,,,,,,,,,,,,,
6495,55,Nature,IGT,16.0,,,,,,,,,,,,,,,,,,,,,
6496,55,Nature,IGT,17.0,,,,,,,,,,,,,,,,,,,,,
6497,55,Nature,IGT,18.0,,,,,,,,,,,,,,,,,,,,,
6498,55,Nature,IGT,19.0,,,,,,,,,,,,,,,,,,,,,
6499,55,Nature,IGT,20.0,,,,,,,,,,,,,,,,,,,,,
6520,55,Urban,IGT,1.0,,,54.0,2.54,4.3,4.14,0.22348145094,0.29153628502,0.15806172844,0.2309524470399999,0.1646029102,0.25947293342,7.42958647788,1.6430492922,-0.0594561556,-0.01880180914,0.0090590586,0.01960994804,0.07307074218,0.10607799516,0.09683404458
6521,55,Urban,IGT,2.0,,,54.0,2.54,4.3,4.14,0.22348145094,0.29153628502,0.15806172844,0.2309524470399999,0.1646029102,0.25947293342,7.42958647788,1.6430492922,-0.0594561556,-0.01880180914,0.0090590586,0.01960994804,0.07307074218,0.10607799516,0.09683404458
6522,55,Urban,IGT,3.0,,,54.0,2.54,4.3,4.14,0.22348145094,0.29153628502,0.15806172844,0.2309524470399999,0.1646029102,0.25947293342,7.42958647788,1.6430492922,-0.0594561556,-0.01880180914,0.0090590586,0.01960994804,0.07307074218,0.10607799516,0.09683404458
6523,55,Urban,IGT,4.0,,,54.0,2.54,4.3,4.14,0.22348145094,0.29153628502,0.15806172844,0.2309524470399999,0.1646029102,0.25947293342,7.42958647788,1.6430492922,-0.0594561556,-0.01880180914,0.0090590586,0.01960994804,0.07307074218,0.10607799516,0.09683404458
6524,55,Urban,IGT,5.0,,,54.0,2.54,4.3,4.14,0.22348145094,0.29153628502,0.15806172844,0.2309524470399999,0.1646029102,0.25947293342,7.42958647788,1.6430492922,-0.0594561556,-0.01880180914,0.0090590586,0.01960994804,0.07307074218,0.10607799516,0.09683404458
6525,55,Urban,IGT,6.0,,,54.0,2.54,4.3,4.14,0.22348145094,0.29153628502,0.15806172844,0.2309524470399999,0.1646029102,0.25947293342,7.42958647788,1.6430492922,-0.0594561556,-0.01880180914,0.0090590586,0.01960994804,0.07307074218,0.10607799516,0.09683404458
6526,55,Urban,IGT,7.0,,,54.0,2.54,4.3,4.14,0.22348145094,0.29153628502,0.15806172844,0.2309524470399999,0.1646029102,0.25947293342,7.42958647788,1.6430492922,-0.0594561556,-0.01880180914,0.0090590586,0.01960994804,0.07307074218,0.10607799516,0.09683404458
6527,55,Urban,IGT,8.0,,,54.0,2.54,4.3,4.14,0.22348145094,0.29153628502,0.15806172844,0.2309524470399999,0.1646029102,0.25947293342,7.42958647788,1.6430492922,-0.0594561556,-0.01880180914,0.0090590586,0.01960994804,0.07307074218,0.10607799516,0.09683404458
6528,55,Urban,IGT,9.0,,,54.0,2.54,4.3,4.14,0.22348145094,0.29153628502,0.15806172844,0.2309524470399999,0.1646029102,0.25947293342,7.42958647788,1.6430492922,-0.0594561556,-0.01880180914,0.0090590586,0.01960994804,0.07307074218,0.10607799516,0.09683404458
6529,55,Urban,IGT,10.0,,,54.0,2.54,4.3,4.14,0.22348145094,0.29153628502,0.15806172844,0.2309524470399999,0.1646029102,0.25947293342,7.42958647788,1.6430492922,-0.0594561556,-0.01880180914,0.0090590586,0.01960994804,0.07307074218,0.10607799516,0.09683404458
6530,55,Urban,IGT,11.0,0.8,0.4,54.0,2.54,4.3,4.14,0.22348145094,0.29153628502,0.15806172844,0.2309524470399999,0.1646029102,0.25947293342,7.42958647788,1.6430492922,-0.0594561556,-0.01880180914,0.0090590586,0.01960994804,0.07307074218,0.10607799516,0.09683404458
6531,55,Urban,IGT,12.0,0.1,1.0,54.0,2.54,4.3,4.14,0.22348145094,0.29153628502,0.15806172844,0.2309524470399999,0.1646029102,0.25947293342,7.42958647788,1.6430492922,-0.0594561556,-0.01880180914,0.0090590586,0.01960994804,0.07307074218,0.10607799516,0.09683404458
6532,55,Urban,IGT,13.0,0.6,0.1,54.0,2.54,4.3,4.14,0.22348145094,0.29153628502,0.15806172844,0.2309524470399999,0.1646029102,0.25947293342,7.42958647788,1.6430492922,-0.0594561556,-0.01880180914,0.0090590586,0.01960994804,0.07307074218,0.10607799516,0.09683404458
6533,55,Urban,IGT,14.0,1.0,0.0,54.0,2.54,4.3,4.14,0.22348145094,0.29153628502,0.15806172844,0.2309524470399999,0.1646029102,0.25947293342,7.42958647788,1.6430492922,-0.0594561556,-0.01880180914,0.0090590586,0.01960994804,0.07307074218,0.10607799516,0.09683404458
6534,55,Urban,IGT,15.0,1.0,0.0,54.0,2.54,4.3,4.14,0.22348145094,0.29153628502,0.15806172844,0.2309524470399999,0.1646029102,0.25947293342,7.42958647788,1.6430492922,-0.0594561556,-0.01880180914,0.0090590586,0.01960994804,0.07307074218,0.10607799516,0.09683404458
6535,55,Urban,IGT,16.0,1.0,0.0,54.0,2.54,4.3,4.14,0.22348145094,0.29153628502,0.15806172844,0.2309524470399999,0.1646029102,0.25947293342,7.42958647788,1.6430492922,-0.0594561556,-0.01880180914,0.0090590586,0.01960994804,0.07307074218,0.10607799516,0.09683404458
6536,55,Urban,IGT,17.0,0.4,0.6,54.0,2.54,4.3,4.14,0.22348145094,0.29153628502,0.15806172844,0.2309524470399999,0.1646029102,0.25947293342,7.42958647788,1.6430492922,-0.0594561556,-0.01880180914,0.0090590586,0.01960994804,0.07307074218,0.10607799516,0.09683404458
6537,55,Urban,IGT,18.0,0.7,0.3,54.0,2.54,4.3,4.14,0.22348145094,0.29153628502,0.15806172844,0.2309524470399999,0.1646029102,0.25947293342,7.42958647788,1.6430492922,-0.0594561556,-0.01880180914,0.0090590586,0.01960994804,0.07307074218,0.10607799516,0.09683404458
6538,55,Urban,IGT,19.0,1.0,0.0,54.0,2.54,4.3,4.14,0.22348145094,0.29153628502,0.15806172844,0.2309524470399999,0.1646029102,0.25947293342,7.42958647788,1.6430492922,-0.0594561556,-0.01880180914,0.0090590586,0.01960994804,0.07307074218,0.10607799516,0.09683404458
6539,55,Urban,IGT,20.0,1.0,0.0,54.0,2.54,4.3,4.14,0.22348145094,0.29153628502,0.15806172844,0.2309524470399999,0.1646029102,0.25947293342,7.42958647788,1.6430492922,-0.0594561556,-0.01880180914,0.0090590586,0.01960994804,0.07307074218,0.10607799516,0.09683404458
6560,55,Control,IGT,1.0,,,,,,,,,,,,,,,,,,,,,
6561,55,Control,IGT,2.0,,,,,,,,,,,,,,,,,,,,,
6562,55,Control,IGT,3.0,,,,,,,,,,,,,,,,,,,,,
6563,55,Control,IGT,4.0,,,,,,,,,,,,,,,,,,,,,
6564,55,Control,IGT,5.0,,,,,,,,,,,,,,,,,,,,,
6565,55,Control,IGT,6.0,,,,,,,,,,,,,,,,,,,,,
6566,55,Control,IGT,7.0,,,,,,,,,,,,,,,,,,,,,
6567,55,Control,IGT,8.0,,,,,,,,,,,,,,,,,,,,,
6568,55,Control,IGT,9.0,,,,,,,,,,,,,,,,,,,,,
6569,55,Control,IGT,10.0,,,,,,,,,,,,,,,,,,,,,
6570,55,Control,IGT,11.0,,,,,,,,,,,,,,,,,,,,,
6571,55,Control,IGT,12.0,,,,,,,,,,,,,,,,,,,,,
6572,55,Control,IGT,13.0,,,,,,,,,,,,,,,,,,,,,
6573,55,Control,IGT,14.0,,,,,,,,,,,,,,,,,,,,,
6574,55,Control,IGT,15.0,,,,,,,,,,,,,,,,,,,,,
6575,55,Control,IGT,16.0,,,,,,,,,,,,,,,,,,,,,
6576,55,Control,IGT,17.0,,,,,,,,,,,,,,,,,,,,,
6577,55,Control,IGT,18.0,,,,,,,,,,,,,,,,,,,,,
6578,55,Control,IGT,19.0,,,,,,,,,,,,,,,,,,,,,
6579,55,Control,IGT,20.0,,,,,,,,,,,,,,,,,,,,,
6600,56,Nature,IGT,1.0,,,55.0,5.78,5.8,5.8,0.15974311446,-0.1193667806799999,0.19385974122,0.17192804524,0.21709367128,0.27491314722,7.4666045906,6.21820678314,-0.06341895778,0.01901152664,-0.00075599986,-0.01303340134,0.01831025096,0.1361514088,0.1884908955399999
6601,56,Nature,IGT,2.0,,,55.0,5.78,5.8,5.8,0.15974311446,-0.1193667806799999,0.19385974122,0.17192804524,0.21709367128,0.27491314722,7.4666045906,6.21820678314,-0.06341895778,0.01901152664,-0.00075599986,-0.01303340134,0.01831025096,0.1361514088,0.1884908955399999
6602,56,Nature,IGT,3.0,,,55.0,5.78,5.8,5.8,0.15974311446,-0.1193667806799999,0.19385974122,0.17192804524,0.21709367128,0.27491314722,7.4666045906,6.21820678314,-0.06341895778,0.01901152664,-0.00075599986,-0.01303340134,0.01831025096,0.1361514088,0.1884908955399999
6603,56,Nature,IGT,4.0,,,55.0,5.78,5.8,5.8,0.15974311446,-0.1193667806799999,0.19385974122,0.17192804524,0.21709367128,0.27491314722,7.4666045906,6.21820678314,-0.06341895778,0.01901152664,-0.00075599986,-0.01303340134,0.01831025096,0.1361514088,0.1884908955399999
6604,56,Nature,IGT,5.0,,,55.0,5.78,5.8,5.8,0.15974311446,-0.1193667806799999,0.19385974122,0.17192804524,0.21709367128,0.27491314722,7.4666045906,6.21820678314,-0.06341895778,0.01901152664,-0.00075599986,-0.01303340134,0.01831025096,0.1361514088,0.1884908955399999
6605,56,Nature,IGT,6.0,,,55.0,5.78,5.8,5.8,0.15974311446,-0.1193667806799999,0.19385974122,0.17192804524,0.21709367128,0.27491314722,7.4666045906,6.21820678314,-0.06341895778,0.01901152664,-0.00075599986,-0.01303340134,0.01831025096,0.1361514088,0.1884908955399999
6606,56,Nature,IGT,7.0,,,55.0,5.78,5.8,5.8,0.15974311446,-0.1193667806799999,0.19385974122,0.17192804524,0.21709367128,0.27491314722,7.4666045906,6.21820678314,-0.06341895778,0.01901152664,-0.00075599986,-0.01303340134,0.01831025096,0.1361514088,0.1884908955399999
6607,56,Nature,IGT,8.0,,,55.0,5.78,5.8,5.8,0.15974311446,-0.1193667806799999,0.19385974122,0.17192804524,0.21709367128,0.27491314722,7.4666045906,6.21820678314,-0.06341895778,0.01901152664,-0.00075599986,-0.01303340134,0.01831025096,0.1361514088,0.1884908955399999
6608,56,Nature,IGT,9.0,,,55.0,5.78,5.8,5.8,0.15974311446,-0.1193667806799999,0.19385974122,0.17192804524,0.21709367128,0.27491314722,7.4666045906,6.21820678314,-0.06341895778,0.01901152664,-0.00075599986,-0.01303340134,0.01831025096,0.1361514088,0.1884908955399999
6609,56,Nature,IGT,10.0,,,55.0,5.78,5.8,5.8,0.15974311446,-0.1193667806799999,0.19385974122,0.17192804524,0.21709367128,0.27491314722,7.4666045906,6.21820678314,-0.06341895778,0.01901152664,-0.00075599986,-0.01303340134,0.01831025096,0.1361514088,0.1884908955399999
6610,56,Nature,IGT,11.0,0.0,0.7,55.0,5.78,5.8,5.8,0.15974311446,-0.1193667806799999,0.19385974122,0.17192804524,0.21709367128,0.27491314722,7.4666045906,6.21820678314,-0.06341895778,0.01901152664,-0.00075599986,-0.01303340134,0.01831025096,0.1361514088,0.1884908955399999
6611,56,Nature,IGT,12.0,0.0,0.8,55.0,5.78,5.8,5.8,0.15974311446,-0.1193667806799999,0.19385974122,0.17192804524,0.21709367128,0.27491314722,7.4666045906,6.21820678314,-0.06341895778,0.01901152664,-0.00075599986,-0.01303340134,0.01831025096,0.1361514088,0.1884908955399999
6612,56,Nature,IGT,13.0,0.4,0.7,55.0,5.78,5.8,5.8,0.15974311446,-0.1193667806799999,0.19385974122,0.17192804524,0.21709367128,0.27491314722,7.4666045906,6.21820678314,-0.06341895778,0.01901152664,-0.00075599986,-0.01303340134,0.01831025096,0.1361514088,0.1884908955399999
6613,56,Nature,IGT,14.0,0.2,0.7,55.0,5.78,5.8,5.8,0.15974311446,-0.1193667806799999,0.19385974122,0.17192804524,0.21709367128,0.27491314722,7.4666045906,6.21820678314,-0.06341895778,0.01901152664,-0.00075599986,-0.01303340134,0.01831025096,0.1361514088,0.1884908955399999
6614,56,Nature,IGT,15.0,0.3,0.7,55.0,5.78,5.8,5.8,0.15974311446,-0.1193667806799999,0.19385974122,0.17192804524,0.21709367128,0.27491314722,7.4666045906,6.21820678314,-0.06341895778,0.01901152664,-0.00075599986,-0.01303340134,0.01831025096,0.1361514088,0.1884908955399999
6615,56,Nature,IGT,16.0,0.2,0.7,55.0,5.78,5.8,5.8,0.15974311446,-0.1193667806799999,0.19385974122,0.17192804524,0.21709367128,0.27491314722,7.4666045906,6.21820678314,-0.06341895778,0.01901152664,-0.00075599986,-0.01303340134,0.01831025096,0.1361514088,0.1884908955399999
6616,56,Nature,IGT,17.0,0.4,0.7,55.0,5.78,5.8,5.8,0.15974311446,-0.1193667806799999,0.19385974122,0.17192804524,0.21709367128,0.27491314722,7.4666045906,6.21820678314,-0.06341895778,0.01901152664,-0.00075599986,-0.01303340134,0.01831025096,0.1361514088,0.1884908955399999
6617,56,Nature,IGT,18.0,0.0,1.0,55.0,5.78,5.8,5.8,0.15974311446,-0.1193667806799999,0.19385974122,0.17192804524,0.21709367128,0.27491314722,7.4666045906,6.21820678314,-0.06341895778,0.01901152664,-0.00075599986,-0.01303340134,0.01831025096,0.1361514088,0.1884908955399999
6618,56,Nature,IGT,19.0,0.0,1.0,55.0,5.78,5.8,5.8,0.15974311446,-0.1193667806799999,0.19385974122,0.17192804524,0.21709367128,0.27491314722,7.4666045906,6.21820678314,-0.06341895778,0.01901152664,-0.00075599986,-0.01303340134,0.01831025096,0.1361514088,0.1884908955399999
6619,56,Nature,IGT,20.0,0.0,1.0,55.0,5.78,5.8,5.8,0.15974311446,-0.1193667806799999,0.19385974122,0.17192804524,0.21709367128,0.27491314722,7.4666045906,6.21820678314,-0.06341895778,0.01901152664,-0.00075599986,-0.01303340134,0.01831025096,0.1361514088,0.1884908955399999
6640,56,Urban,IGT,1.0,,,,,,,,,,,,,,,,,,,,,
6641,56,Urban,IGT,2.0,,,,,,,,,,,,,,,,,,,,,
6642,56,Urban,IGT,3.0,,,,,,,,,,,,,,,,,,,,,
6643,56,Urban,IGT,4.0,,,,,,,,,,,,,,,,,,,,,
6644,56,Urban,IGT,5.0,,,,,,,,,,,,,,,,,,,,,
6645,56,Urban,IGT,6.0,,,,,,,,,,,,,,,,,,,,,
6646,56,Urban,IGT,7.0,,,,,,,,,,,,,,,,,,,,,
6647,56,Urban,IGT,8.0,,,,,,,,,,,,,,,,,,,,,
6648,56,Urban,IGT,9.0,,,,,,,,,,,,,,,,,,,,,
6649,56,Urban,IGT,10.0,,,,,,,,,,,,,,,,,,,,,
6650,56,Urban,IGT,11.0,,,,,,,,,,,,,,,,,,,,,
6651,56,Urban,IGT,12.0,,,,,,,,,,,,,,,,,,,,,
6652,56,Urban,IGT,13.0,,,,,,,,,,,,,,,,,,,,,
6653,56,Urban,IGT,14.0,,,,,,,,,,,,,,,,,,,,,
6654,56,Urban,IGT,15.0,,,,,,,,,,,,,,,,,,,,,
6655,56,Urban,IGT,16.0,,,,,,,,,,,,,,,,,,,,,
6656,56,Urban,IGT,17.0,,,,,,,,,,,,,,,,,,,,,
6657,56,Urban,IGT,18.0,,,,,,,,,,,,,,,,,,,,,
6658,56,Urban,IGT,19.0,,,,,,,,,,,,,,,,,,,,,
6659,56,Urban,IGT,20.0,,,,,,,,,,,,,,,,,,,,,
6680,56,Control,IGT,1.0,,,,,,,,,,,,,,,,,,,,,
6681,56,Control,IGT,2.0,,,,,,,,,,,,,,,,,,,,,
6682,56,Control,IGT,3.0,,,,,,,,,,,,,,,,,,,,,
6683,56,Control,IGT,4.0,,,,,,,,,,,,,,,,,,,,,
6684,56,Control,IGT,5.0,,,,,,,,,,,,,,,,,,,,,
6685,56,Control,IGT,6.0,,,,,,,,,,,,,,,,,,,,,
6686,56,Control,IGT,7.0,,,,,,,,,,,,,,,,,,,,,
6687,56,Control,IGT,8.0,,,,,,,,,,,,,,,,,,,,,
6688,56,Control,IGT,9.0,,,,,,,,,,,,,,,,,,,,,
6689,56,Control,IGT,10.0,,,,,,,,,,,,,,,,,,,,,
6690,56,Control,IGT,11.0,,,,,,,,,,,,,,,,,,,,,
6691,56,Control,IGT,12.0,,,,,,,,,,,,,,,,,,,,,
6692,56,Control,IGT,13.0,,,,,,,,,,,,,,,,,,,,,
6693,56,Control,IGT,14.0,,,,,,,,,,,,,,,,,,,,,
6694,56,Control,IGT,15.0,,,,,,,,,,,,,,,,,,,,,
6695,56,Control,IGT,16.0,,,,,,,,,,,,,,,,,,,,,
6696,56,Control,IGT,17.0,,,,,,,,,,,,,,,,,,,,,
6697,56,Control,IGT,18.0,,,,,,,,,,,,,,,,,,,,,
6698,56,Control,IGT,19.0,,,,,,,,,,,,,,,,,,,,,
6699,56,Control,IGT,20.0,,,,,,,,,,,,,,,,,,,,,
6720,57,Nature,IGT,1.0,,,,,,,,,,,,,,,,,,,,,
6721,57,Nature,IGT,2.0,,,,,,,,,,,,,,,,,,,,,
6722,57,Nature,IGT,3.0,,,,,,,,,,,,,,,,,,,,,
6723,57,Nature,IGT,4.0,,,,,,,,,,,,,,,,,,,,,
6724,57,Nature,IGT,5.0,,,,,,,,,,,,,,,,,,,,,
6725,57,Nature,IGT,6.0,,,,,,,,,,,,,,,,,,,,,
6726,57,Nature,IGT,7.0,,,,,,,,,,,,,,,,,,,,,
6727,57,Nature,IGT,8.0,,,,,,,,,,,,,,,,,,,,,
6728,57,Nature,IGT,9.0,,,,,,,,,,,,,,,,,,,,,
6729,57,Nature,IGT,10.0,,,,,,,,,,,,,,,,,,,,,
6730,57,Nature,IGT,11.0,,,,,,,,,,,,,,,,,,,,,
6731,57,Nature,IGT,12.0,,,,,,,,,,,,,,,,,,,,,
6732,57,Nature,IGT,13.0,,,,,,,,,,,,,,,,,,,,,
6733,57,Nature,IGT,14.0,,,,,,,,,,,,,,,,,,,,,
6734,57,Nature,IGT,15.0,,,,,,,,,,,,,,,,,,,,,
6735,57,Nature,IGT,16.0,,,,,,,,,,,,,,,,,,,,,
6736,57,Nature,IGT,17.0,,,,,,,,,,,,,,,,,,,,,
6737,57,Nature,IGT,18.0,,,,,,,,,,,,,,,,,,,,,
6738,57,Nature,IGT,19.0,,,,,,,,,,,,,,,,,,,,,
6739,57,Nature,IGT,20.0,,,,,,,,,,,,,,,,,,,,,
6760,57,Urban,IGT,1.0,,,,,,,,,,,,,,,,,,,,,
6761,57,Urban,IGT,2.0,,,,,,,,,,,,,,,,,,,,,
6762,57,Urban,IGT,3.0,,,,,,,,,,,,,,,,,,,,,
6763,57,Urban,IGT,4.0,,,,,,,,,,,,,,,,,,,,,
6764,57,Urban,IGT,5.0,,,,,,,,,,,,,,,,,,,,,
6765,57,Urban,IGT,6.0,,,,,,,,,,,,,,,,,,,,,
6766,57,Urban,IGT,7.0,,,,,,,,,,,,,,,,,,,,,
6767,57,Urban,IGT,8.0,,,,,,,,,,,,,,,,,,,,,
6768,57,Urban,IGT,9.0,,,,,,,,,,,,,,,,,,,,,
6769,57,Urban,IGT,10.0,,,,,,,,,,,,,,,,,,,,,
6770,57,Urban,IGT,11.0,,,,,,,,,,,,,,,,,,,,,
6771,57,Urban,IGT,12.0,,,,,,,,,,,,,,,,,,,,,
6772,57,Urban,IGT,13.0,,,,,,,,,,,,,,,,,,,,,
6773,57,Urban,IGT,14.0,,,,,,,,,,,,,,,,,,,,,
6774,57,Urban,IGT,15.0,,,,,,,,,,,,,,,,,,,,,
6775,57,Urban,IGT,16.0,,,,,,,,,,,,,,,,,,,,,
6776,57,Urban,IGT,17.0,,,,,,,,,,,,,,,,,,,,,
6777,57,Urban,IGT,18.0,,,,,,,,,,,,,,,,,,,,,
6778,57,Urban,IGT,19.0,,,,,,,,,,,,,,,,,,,,,
6779,57,Urban,IGT,20.0,,,,,,,,,,,,,,,,,,,,,
6800,57,Control,IGT,1.0,,,56.0,4.08,3.18,3.24,,,,,,,,,,,,,,,
6801,57,Control,IGT,2.0,,,56.0,4.08,3.18,3.24,,,,,,,,,,,,,,,
6802,57,Control,IGT,3.0,,,56.0,4.08,3.18,3.24,,,,,,,,,,,,,,,
6803,57,Control,IGT,4.0,,,56.0,4.08,3.18,3.24,,,,,,,,,,,,,,,
6804,57,Control,IGT,5.0,,,56.0,4.08,3.18,3.24,,,,,,,,,,,,,,,
6805,57,Control,IGT,6.0,,,56.0,4.08,3.18,3.24,,,,,,,,,,,,,,,
6806,57,Control,IGT,7.0,,,56.0,4.08,3.18,3.24,,,,,,,,,,,,,,,
6807,57,Control,IGT,8.0,,,56.0,4.08,3.18,3.24,,,,,,,,,,,,,,,
6808,57,Control,IGT,9.0,,,56.0,4.08,3.18,3.24,,,,,,,,,,,,,,,
6809,57,Control,IGT,10.0,,,56.0,4.08,3.18,3.24,,,,,,,,,,,,,,,
6810,57,Control,IGT,11.0,0.7,0.5,56.0,4.08,3.18,3.24,,,,,,,,,,,,,,,
6811,57,Control,IGT,12.0,0.1,0.9,56.0,4.08,3.18,3.24,,,,,,,,,,,,,,,
6812,57,Control,IGT,13.0,0.5,0.7,56.0,4.08,3.18,3.24,,,,,,,,,,,,,,,
6813,57,Control,IGT,14.0,0.4,0.4,56.0,4.08,3.18,3.24,,,,,,,,,,,,,,,
6814,57,Control,IGT,15.0,1.0,0.1,56.0,4.08,3.18,3.24,,,,,,,,,,,,,,,
6815,57,Control,IGT,16.0,0.1,0.6,56.0,4.08,3.18,3.24,,,,,,,,,,,,,,,
6816,57,Control,IGT,17.0,0.7,0.7,56.0,4.08,3.18,3.24,,,,,,,,,,,,,,,
6817,57,Control,IGT,18.0,0.3,0.5,56.0,4.08,3.18,3.24,,,,,,,,,,,,,,,
6818,57,Control,IGT,19.0,0.1,0.8,56.0,4.08,3.18,3.24,,,,,,,,,,,,,,,
6819,57,Control,IGT,20.0,0.5,0.7,56.0,4.08,3.18,3.24,,,,,,,,,,,,,,,
6840,58,Nature,IGT,1.0,,,57.0,5.06,4.5,4.24,0.14910422746,-0.0664594005999999,0.2038512342399999,0.15892096854,0.2135801105799999,0.26587611234,7.51526694998,6.2602301421,-0.06059543804,0.01124563102,-0.0048678254,-0.01955971836,0.01961883272,0.13915727622,0.18870596596
6841,58,Nature,IGT,2.0,,,57.0,5.06,4.5,4.24,0.14910422746,-0.0664594005999999,0.2038512342399999,0.15892096854,0.2135801105799999,0.26587611234,7.51526694998,6.2602301421,-0.06059543804,0.01124563102,-0.0048678254,-0.01955971836,0.01961883272,0.13915727622,0.18870596596
6842,58,Nature,IGT,3.0,,,57.0,5.06,4.5,4.24,0.14910422746,-0.0664594005999999,0.2038512342399999,0.15892096854,0.2135801105799999,0.26587611234,7.51526694998,6.2602301421,-0.06059543804,0.01124563102,-0.0048678254,-0.01955971836,0.01961883272,0.13915727622,0.18870596596
6843,58,Nature,IGT,4.0,,,57.0,5.06,4.5,4.24,0.14910422746,-0.0664594005999999,0.2038512342399999,0.15892096854,0.2135801105799999,0.26587611234,7.51526694998,6.2602301421,-0.06059543804,0.01124563102,-0.0048678254,-0.01955971836,0.01961883272,0.13915727622,0.18870596596
6844,58,Nature,IGT,5.0,,,57.0,5.06,4.5,4.24,0.14910422746,-0.0664594005999999,0.2038512342399999,0.15892096854,0.2135801105799999,0.26587611234,7.51526694998,6.2602301421,-0.06059543804,0.01124563102,-0.0048678254,-0.01955971836,0.01961883272,0.13915727622,0.18870596596
6845,58,Nature,IGT,6.0,,,57.0,5.06,4.5,4.24,0.14910422746,-0.0664594005999999,0.2038512342399999,0.15892096854,0.2135801105799999,0.26587611234,7.51526694998,6.2602301421,-0.06059543804,0.01124563102,-0.0048678254,-0.01955971836,0.01961883272,0.13915727622,0.18870596596
6846,58,Nature,IGT,7.0,,,57.0,5.06,4.5,4.24,0.14910422746,-0.0664594005999999,0.2038512342399999,0.15892096854,0.2135801105799999,0.26587611234,7.51526694998,6.2602301421,-0.06059543804,0.01124563102,-0.0048678254,-0.01955971836,0.01961883272,0.13915727622,0.18870596596
6847,58,Nature,IGT,8.0,,,57.0,5.06,4.5,4.24,0.14910422746,-0.0664594005999999,0.2038512342399999,0.15892096854,0.2135801105799999,0.26587611234,7.51526694998,6.2602301421,-0.06059543804,0.01124563102,-0.0048678254,-0.01955971836,0.01961883272,0.13915727622,0.18870596596
6848,58,Nature,IGT,9.0,,,57.0,5.06,4.5,4.24,0.14910422746,-0.0664594005999999,0.2038512342399999,0.15892096854,0.2135801105799999,0.26587611234,7.51526694998,6.2602301421,-0.06059543804,0.01124563102,-0.0048678254,-0.01955971836,0.01961883272,0.13915727622,0.18870596596
6849,58,Nature,IGT,10.0,,,57.0,5.06,4.5,4.24,0.14910422746,-0.0664594005999999,0.2038512342399999,0.15892096854,0.2135801105799999,0.26587611234,7.51526694998,6.2602301421,-0.06059543804,0.01124563102,-0.0048678254,-0.01955971836,0.01961883272,0.13915727622,0.18870596596
6850,58,Nature,IGT,11.0,0.4,0.3,57.0,5.06,4.5,4.24,0.14910422746,-0.0664594005999999,0.2038512342399999,0.15892096854,0.2135801105799999,0.26587611234,7.51526694998,6.2602301421,-0.06059543804,0.01124563102,-0.0048678254,-0.01955971836,0.01961883272,0.13915727622,0.18870596596
6851,58,Nature,IGT,12.0,0.3,0.7,57.0,5.06,4.5,4.24,0.14910422746,-0.0664594005999999,0.2038512342399999,0.15892096854,0.2135801105799999,0.26587611234,7.51526694998,6.2602301421,-0.06059543804,0.01124563102,-0.0048678254,-0.01955971836,0.01961883272,0.13915727622,0.18870596596
6852,58,Nature,IGT,13.0,0.4,0.5,57.0,5.06,4.5,4.24,0.14910422746,-0.0664594005999999,0.2038512342399999,0.15892096854,0.2135801105799999,0.26587611234,7.51526694998,6.2602301421,-0.06059543804,0.01124563102,-0.0048678254,-0.01955971836,0.01961883272,0.13915727622,0.18870596596
6853,58,Nature,IGT,14.0,0.5,0.6,57.0,5.06,4.5,4.24,0.14910422746,-0.0664594005999999,0.2038512342399999,0.15892096854,0.2135801105799999,0.26587611234,7.51526694998,6.2602301421,-0.06059543804,0.01124563102,-0.0048678254,-0.01955971836,0.01961883272,0.13915727622,0.18870596596
6854,58,Nature,IGT,15.0,0.7,0.3,57.0,5.06,4.5,4.24,0.14910422746,-0.0664594005999999,0.2038512342399999,0.15892096854,0.2135801105799999,0.26587611234,7.51526694998,6.2602301421,-0.06059543804,0.01124563102,-0.0048678254,-0.01955971836,0.01961883272,0.13915727622,0.18870596596
6855,58,Nature,IGT,16.0,0.3,0.3,57.0,5.06,4.5,4.24,0.14910422746,-0.0664594005999999,0.2038512342399999,0.15892096854,0.2135801105799999,0.26587611234,7.51526694998,6.2602301421,-0.06059543804,0.01124563102,-0.0048678254,-0.01955971836,0.01961883272,0.13915727622,0.18870596596
6856,58,Nature,IGT,17.0,0.8,0.7,57.0,5.06,4.5,4.24,0.14910422746,-0.0664594005999999,0.2038512342399999,0.15892096854,0.2135801105799999,0.26587611234,7.51526694998,6.2602301421,-0.06059543804,0.01124563102,-0.0048678254,-0.01955971836,0.01961883272,0.13915727622,0.18870596596
6857,58,Nature,IGT,18.0,0.3,0.1,57.0,5.06,4.5,4.24,0.14910422746,-0.0664594005999999,0.2038512342399999,0.15892096854,0.2135801105799999,0.26587611234,7.51526694998,6.2602301421,-0.06059543804,0.01124563102,-0.0048678254,-0.01955971836,0.01961883272,0.13915727622,0.18870596596
6858,58,Nature,IGT,19.0,0.7,0.3,57.0,5.06,4.5,4.24,0.14910422746,-0.0664594005999999,0.2038512342399999,0.15892096854,0.2135801105799999,0.26587611234,7.51526694998,6.2602301421,-0.06059543804,0.01124563102,-0.0048678254,-0.01955971836,0.01961883272,0.13915727622,0.18870596596
6859,58,Nature,IGT,20.0,0.3,0.0,57.0,5.06,4.5,4.24,0.14910422746,-0.0664594005999999,0.2038512342399999,0.15892096854,0.2135801105799999,0.26587611234,7.51526694998,6.2602301421,-0.06059543804,0.01124563102,-0.0048678254,-0.01955971836,0.01961883272,0.13915727622,0.18870596596
6880,58,Urban,IGT,1.0,,,,,,,,,,,,,,,,,,,,,
6881,58,Urban,IGT,2.0,,,,,,,,,,,,,,,,,,,,,
6882,58,Urban,IGT,3.0,,,,,,,,,,,,,,,,,,,,,
6883,58,Urban,IGT,4.0,,,,,,,,,,,,,,,,,,,,,
6884,58,Urban,IGT,5.0,,,,,,,,,,,,,,,,,,,,,
6885,58,Urban,IGT,6.0,,,,,,,,,,,,,,,,,,,,,
6886,58,Urban,IGT,7.0,,,,,,,,,,,,,,,,,,,,,
6887,58,Urban,IGT,8.0,,,,,,,,,,,,,,,,,,,,,
6888,58,Urban,IGT,9.0,,,,,,,,,,,,,,,,,,,,,
6889,58,Urban,IGT,10.0,,,,,,,,,,,,,,,,,,,,,
6890,58,Urban,IGT,11.0,,,,,,,,,,,,,,,,,,,,,
6891,58,Urban,IGT,12.0,,,,,,,,,,,,,,,,,,,,,
6892,58,Urban,IGT,13.0,,,,,,,,,,,,,,,,,,,,,
6893,58,Urban,IGT,14.0,,,,,,,,,,,,,,,,,,,,,
6894,58,Urban,IGT,15.0,,,,,,,,,,,,,,,,,,,,,
6895,58,Urban,IGT,16.0,,,,,,,,,,,,,,,,,,,,,
6896,58,Urban,IGT,17.0,,,,,,,,,,,,,,,,,,,,,
6897,58,Urban,IGT,18.0,,,,,,,,,,,,,,,,,,,,,
6898,58,Urban,IGT,19.0,,,,,,,,,,,,,,,,,,,,,
6899,58,Urban,IGT,20.0,,,,,,,,,,,,,,,,,,,,,
6920,58,Control,IGT,1.0,,,,,,,,,,,,,,,,,,,,,
6921,58,Control,IGT,2.0,,,,,,,,,,,,,,,,,,,,,
6922,58,Control,IGT,3.0,,,,,,,,,,,,,,,,,,,,,
6923,58,Control,IGT,4.0,,,,,,,,,,,,,,,,,,,,,
6924,58,Control,IGT,5.0,,,,,,,,,,,,,,,,,,,,,
6925,58,Control,IGT,6.0,,,,,,,,,,,,,,,,,,,,,
6926,58,Control,IGT,7.0,,,,,,,,,,,,,,,,,,,,,
6927,58,Control,IGT,8.0,,,,,,,,,,,,,,,,,,,,,
6928,58,Control,IGT,9.0,,,,,,,,,,,,,,,,,,,,,
6929,58,Control,IGT,10.0,,,,,,,,,,,,,,,,,,,,,
6930,58,Control,IGT,11.0,,,,,,,,,,,,,,,,,,,,,
6931,58,Control,IGT,12.0,,,,,,,,,,,,,,,,,,,,,
6932,58,Control,IGT,13.0,,,,,,,,,,,,,,,,,,,,,
6933,58,Control,IGT,14.0,,,,,,,,,,,,,,,,,,,,,
6934,58,Control,IGT,15.0,,,,,,,,,,,,,,,,,,,,,
6935,58,Control,IGT,16.0,,,,,,,,,,,,,,,,,,,,,
6936,58,Control,IGT,17.0,,,,,,,,,,,,,,,,,,,,,
6937,58,Control,IGT,18.0,,,,,,,,,,,,,,,,,,,,,
6938,58,Control,IGT,19.0,,,,,,,,,,,,,,,,,,,,,
6939,58,Control,IGT,20.0,,,,,,,,,,,,,,,,,,,,,
6960,59,Nature,IGT,1.0,,,58.0,6.1,3.56,6.96,0.15764803998,-0.20331104984,0.24464379174,0.1566935682,0.2102723146199999,0.26505769868,7.508655336499999,6.11196494522,-0.05981322334,0.00957840976,-0.0136999699799999,-0.02359382112,0.01811213566,0.14171126014,0.1943548791
6961,59,Nature,IGT,2.0,,,58.0,6.1,3.56,6.96,0.15764803998,-0.20331104984,0.24464379174,0.1566935682,0.2102723146199999,0.26505769868,7.508655336499999,6.11196494522,-0.05981322334,0.00957840976,-0.0136999699799999,-0.02359382112,0.01811213566,0.14171126014,0.1943548791
6962,59,Nature,IGT,3.0,,,58.0,6.1,3.56,6.96,0.15764803998,-0.20331104984,0.24464379174,0.1566935682,0.2102723146199999,0.26505769868,7.508655336499999,6.11196494522,-0.05981322334,0.00957840976,-0.0136999699799999,-0.02359382112,0.01811213566,0.14171126014,0.1943548791
6963,59,Nature,IGT,4.0,,,58.0,6.1,3.56,6.96,0.15764803998,-0.20331104984,0.24464379174,0.1566935682,0.2102723146199999,0.26505769868,7.508655336499999,6.11196494522,-0.05981322334,0.00957840976,-0.0136999699799999,-0.02359382112,0.01811213566,0.14171126014,0.1943548791
6964,59,Nature,IGT,5.0,,,58.0,6.1,3.56,6.96,0.15764803998,-0.20331104984,0.24464379174,0.1566935682,0.2102723146199999,0.26505769868,7.508655336499999,6.11196494522,-0.05981322334,0.00957840976,-0.0136999699799999,-0.02359382112,0.01811213566,0.14171126014,0.1943548791
6965,59,Nature,IGT,6.0,,,58.0,6.1,3.56,6.96,0.15764803998,-0.20331104984,0.24464379174,0.1566935682,0.2102723146199999,0.26505769868,7.508655336499999,6.11196494522,-0.05981322334,0.00957840976,-0.0136999699799999,-0.02359382112,0.01811213566,0.14171126014,0.1943548791
6966,59,Nature,IGT,7.0,,,58.0,6.1,3.56,6.96,0.15764803998,-0.20331104984,0.24464379174,0.1566935682,0.2102723146199999,0.26505769868,7.508655336499999,6.11196494522,-0.05981322334,0.00957840976,-0.0136999699799999,-0.02359382112,0.01811213566,0.14171126014,0.1943548791
6967,59,Nature,IGT,8.0,,,58.0,6.1,3.56,6.96,0.15764803998,-0.20331104984,0.24464379174,0.1566935682,0.2102723146199999,0.26505769868,7.508655336499999,6.11196494522,-0.05981322334,0.00957840976,-0.0136999699799999,-0.02359382112,0.01811213566,0.14171126014,0.1943548791
6968,59,Nature,IGT,9.0,,,58.0,6.1,3.56,6.96,0.15764803998,-0.20331104984,0.24464379174,0.1566935682,0.2102723146199999,0.26505769868,7.508655336499999,6.11196494522,-0.05981322334,0.00957840976,-0.0136999699799999,-0.02359382112,0.01811213566,0.14171126014,0.1943548791
6969,59,Nature,IGT,10.0,,,58.0,6.1,3.56,6.96,0.15764803998,-0.20331104984,0.24464379174,0.1566935682,0.2102723146199999,0.26505769868,7.508655336499999,6.11196494522,-0.05981322334,0.00957840976,-0.0136999699799999,-0.02359382112,0.01811213566,0.14171126014,0.1943548791
6970,59,Nature,IGT,11.0,0.4,0.6,58.0,6.1,3.56,6.96,0.15764803998,-0.20331104984,0.24464379174,0.1566935682,0.2102723146199999,0.26505769868,7.508655336499999,6.11196494522,-0.05981322334,0.00957840976,-0.0136999699799999,-0.02359382112,0.01811213566,0.14171126014,0.1943548791
6971,59,Nature,IGT,12.0,0.0,0.8,58.0,6.1,3.56,6.96,0.15764803998,-0.20331104984,0.24464379174,0.1566935682,0.2102723146199999,0.26505769868,7.508655336499999,6.11196494522,-0.05981322334,0.00957840976,-0.0136999699799999,-0.02359382112,0.01811213566,0.14171126014,0.1943548791
6972,59,Nature,IGT,13.0,0.8,1.0,58.0,6.1,3.56,6.96,0.15764803998,-0.20331104984,0.24464379174,0.1566935682,0.2102723146199999,0.26505769868,7.508655336499999,6.11196494522,-0.05981322334,0.00957840976,-0.0136999699799999,-0.02359382112,0.01811213566,0.14171126014,0.1943548791
6973,59,Nature,IGT,14.0,1.0,1.0,58.0,6.1,3.56,6.96,0.15764803998,-0.20331104984,0.24464379174,0.1566935682,0.2102723146199999,0.26505769868,7.508655336499999,6.11196494522,-0.05981322334,0.00957840976,-0.0136999699799999,-0.02359382112,0.01811213566,0.14171126014,0.1943548791
6974,59,Nature,IGT,15.0,0.5,0.4,58.0,6.1,3.56,6.96,0.15764803998,-0.20331104984,0.24464379174,0.1566935682,0.2102723146199999,0.26505769868,7.508655336499999,6.11196494522,-0.05981322334,0.00957840976,-0.0136999699799999,-0.02359382112,0.01811213566,0.14171126014,0.1943548791
6975,59,Nature,IGT,16.0,0.9,0.1,58.0,6.1,3.56,6.96,0.15764803998,-0.20331104984,0.24464379174,0.1566935682,0.2102723146199999,0.26505769868,7.508655336499999,6.11196494522,-0.05981322334,0.00957840976,-0.0136999699799999,-0.02359382112,0.01811213566,0.14171126014,0.1943548791
6976,59,Nature,IGT,17.0,0.2,0.8,58.0,6.1,3.56,6.96,0.15764803998,-0.20331104984,0.24464379174,0.1566935682,0.2102723146199999,0.26505769868,7.508655336499999,6.11196494522,-0.05981322334,0.00957840976,-0.0136999699799999,-0.02359382112,0.01811213566,0.14171126014,0.1943548791
6977,59,Nature,IGT,18.0,0.6,0.8,58.0,6.1,3.56,6.96,0.15764803998,-0.20331104984,0.24464379174,0.1566935682,0.2102723146199999,0.26505769868,7.508655336499999,6.11196494522,-0.05981322334,0.00957840976,-0.0136999699799999,-0.02359382112,0.01811213566,0.14171126014,0.1943548791
6978,59,Nature,IGT,19.0,1.0,1.0,58.0,6.1,3.56,6.96,0.15764803998,-0.20331104984,0.24464379174,0.1566935682,0.2102723146199999,0.26505769868,7.508655336499999,6.11196494522,-0.05981322334,0.00957840976,-0.0136999699799999,-0.02359382112,0.01811213566,0.14171126014,0.1943548791
6979,59,Nature,IGT,20.0,1.0,1.0,58.0,6.1,3.56,6.96,0.15764803998,-0.20331104984,0.24464379174,0.1566935682,0.2102723146199999,0.26505769868,7.508655336499999,6.11196494522,-0.05981322334,0.00957840976,-0.0136999699799999,-0.02359382112,0.01811213566,0.14171126014,0.1943548791
7000,59,Urban,IGT,1.0,,,,,,,,,,,,,,,,,,,,,
7001,59,Urban,IGT,2.0,,,,,,,,,,,,,,,,,,,,,
7002,59,Urban,IGT,3.0,,,,,,,,,,,,,,,,,,,,,
7003,59,Urban,IGT,4.0,,,,,,,,,,,,,,,,,,,,,
7004,59,Urban,IGT,5.0,,,,,,,,,,,,,,,,,,,,,
7005,59,Urban,IGT,6.0,,,,,,,,,,,,,,,,,,,,,
7006,59,Urban,IGT,7.0,,,,,,,,,,,,,,,,,,,,,
7007,59,Urban,IGT,8.0,,,,,,,,,,,,,,,,,,,,,
7008,59,Urban,IGT,9.0,,,,,,,,,,,,,,,,,,,,,
7009,59,Urban,IGT,10.0,,,,,,,,,,,,,,,,,,,,,
7010,59,Urban,IGT,11.0,,,,,,,,,,,,,,,,,,,,,
7011,59,Urban,IGT,12.0,,,,,,,,,,,,,,,,,,,,,
7012,59,Urban,IGT,13.0,,,,,,,,,,,,,,,,,,,,,
7013,59,Urban,IGT,14.0,,,,,,,,,,,,,,,,,,,,,
7014,59,Urban,IGT,15.0,,,,,,,,,,,,,,,,,,,,,
7015,59,Urban,IGT,16.0,,,,,,,,,,,,,,,,,,,,,
7016,59,Urban,IGT,17.0,,,,,,,,,,,,,,,,,,,,,
7017,59,Urban,IGT,18.0,,,,,,,,,,,,,,,,,,,,,
7018,59,Urban,IGT,19.0,,,,,,,,,,,,,,,,,,,,,
7019,59,Urban,IGT,20.0,,,,,,,,,,,,,,,,,,,,,
7040,59,Control,IGT,1.0,,,,,,,,,,,,,,,,,,,,,
7041,59,Control,IGT,2.0,,,,,,,,,,,,,,,,,,,,,
7042,59,Control,IGT,3.0,,,,,,,,,,,,,,,,,,,,,
7043,59,Control,IGT,4.0,,,,,,,,,,,,,,,,,,,,,
7044,59,Control,IGT,5.0,,,,,,,,,,,,,,,,,,,,,
7045,59,Control,IGT,6.0,,,,,,,,,,,,,,,,,,,,,
7046,59,Control,IGT,7.0,,,,,,,,,,,,,,,,,,,,,
7047,59,Control,IGT,8.0,,,,,,,,,,,,,,,,,,,,,
7048,59,Control,IGT,9.0,,,,,,,,,,,,,,,,,,,,,
7049,59,Control,IGT,10.0,,,,,,,,,,,,,,,,,,,,,
7050,59,Control,IGT,11.0,,,,,,,,,,,,,,,,,,,,,
7051,59,Control,IGT,12.0,,,,,,,,,,,,,,,,,,,,,
7052,59,Control,IGT,13.0,,,,,,,,,,,,,,,,,,,,,
7053,59,Control,IGT,14.0,,,,,,,,,,,,,,,,,,,,,
7054,59,Control,IGT,15.0,,,,,,,,,,,,,,,,,,,,,
7055,59,Control,IGT,16.0,,,,,,,,,,,,,,,,,,,,,
7056,59,Control,IGT,17.0,,,,,,,,,,,,,,,,,,,,,
7057,59,Control,IGT,18.0,,,,,,,,,,,,,,,,,,,,,
7058,59,Control,IGT,19.0,,,,,,,,,,,,,,,,,,,,,
7059,59,Control,IGT,20.0,,,,,,,,,,,,,,,,,,,,,
7080,60,Nature,IGT,1.0,,,,,,,,,,,,,,,,,,,,,
7081,60,Nature,IGT,2.0,,,,,,,,,,,,,,,,,,,,,
7082,60,Nature,IGT,3.0,,,,,,,,,,,,,,,,,,,,,
7083,60,Nature,IGT,4.0,,,,,,,,,,,,,,,,,,,,,
7084,60,Nature,IGT,5.0,,,,,,,,,,,,,,,,,,,,,
7085,60,Nature,IGT,6.0,,,,,,,,,,,,,,,,,,,,,
7086,60,Nature,IGT,7.0,,,,,,,,,,,,,,,,,,,,,
7087,60,Nature,IGT,8.0,,,,,,,,,,,,,,,,,,,,,
7088,60,Nature,IGT,9.0,,,,,,,,,,,,,,,,,,,,,
7089,60,Nature,IGT,10.0,,,,,,,,,,,,,,,,,,,,,
7090,60,Nature,IGT,11.0,,,,,,,,,,,,,,,,,,,,,
7091,60,Nature,IGT,12.0,,,,,,,,,,,,,,,,,,,,,
7092,60,Nature,IGT,13.0,,,,,,,,,,,,,,,,,,,,,
7093,60,Nature,IGT,14.0,,,,,,,,,,,,,,,,,,,,,
7094,60,Nature,IGT,15.0,,,,,,,,,,,,,,,,,,,,,
7095,60,Nature,IGT,16.0,,,,,,,,,,,,,,,,,,,,,
7096,60,Nature,IGT,17.0,,,,,,,,,,,,,,,,,,,,,
7097,60,Nature,IGT,18.0,,,,,,,,,,,,,,,,,,,,,
7098,60,Nature,IGT,19.0,,,,,,,,,,,,,,,,,,,,,
7099,60,Nature,IGT,20.0,,,,,,,,,,,,,,,,,,,,,
7120,60,Urban,IGT,1.0,,,,,,,,,,,,,,,,,,,,,
7121,60,Urban,IGT,2.0,,,,,,,,,,,,,,,,,,,,,
7122,60,Urban,IGT,3.0,,,,,,,,,,,,,,,,,,,,,
7123,60,Urban,IGT,4.0,,,,,,,,,,,,,,,,,,,,,
7124,60,Urban,IGT,5.0,,,,,,,,,,,,,,,,,,,,,
7125,60,Urban,IGT,6.0,,,,,,,,,,,,,,,,,,,,,
7126,60,Urban,IGT,7.0,,,,,,,,,,,,,,,,,,,,,
7127,60,Urban,IGT,8.0,,,,,,,,,,,,,,,,,,,,,
7128,60,Urban,IGT,9.0,,,,,,,,,,,,,,,,,,,,,
7129,60,Urban,IGT,10.0,,,,,,,,,,,,,,,,,,,,,
7130,60,Urban,IGT,11.0,,,,,,,,,,,,,,,,,,,,,
7131,60,Urban,IGT,12.0,,,,,,,,,,,,,,,,,,,,,
7132,60,Urban,IGT,13.0,,,,,,,,,,,,,,,,,,,,,
7133,60,Urban,IGT,14.0,,,,,,,,,,,,,,,,,,,,,
7134,60,Urban,IGT,15.0,,,,,,,,,,,,,,,,,,,,,
7135,60,Urban,IGT,16.0,,,,,,,,,,,,,,,,,,,,,
7136,60,Urban,IGT,17.0,,,,,,,,,,,,,,,,,,,,,
7137,60,Urban,IGT,18.0,,,,,,,,,,,,,,,,,,,,,
7138,60,Urban,IGT,19.0,,,,,,,,,,,,,,,,,,,,,
7139,60,Urban,IGT,20.0,,,,,,,,,,,,,,,,,,,,,
7160,60,Control,IGT,1.0,,,59.0,2.32,2.24,2.5,,,,,,,,,,,,,,,
7161,60,Control,IGT,2.0,,,59.0,2.32,2.24,2.5,,,,,,,,,,,,,,,
7162,60,Control,IGT,3.0,,,59.0,2.32,2.24,2.5,,,,,,,,,,,,,,,
7163,60,Control,IGT,4.0,,,59.0,2.32,2.24,2.5,,,,,,,,,,,,,,,
7164,60,Control,IGT,5.0,,,59.0,2.32,2.24,2.5,,,,,,,,,,,,,,,
7165,60,Control,IGT,6.0,,,59.0,2.32,2.24,2.5,,,,,,,,,,,,,,,
7166,60,Control,IGT,7.0,,,59.0,2.32,2.24,2.5,,,,,,,,,,,,,,,
7167,60,Control,IGT,8.0,,,59.0,2.32,2.24,2.5,,,,,,,,,,,,,,,
7168,60,Control,IGT,9.0,,,59.0,2.32,2.24,2.5,,,,,,,,,,,,,,,
7169,60,Control,IGT,10.0,,,59.0,2.32,2.24,2.5,,,,,,,,,,,,,,,
7170,60,Control,IGT,11.0,0.3,0.5,59.0,2.32,2.24,2.5,,,,,,,,,,,,,,,
7171,60,Control,IGT,12.0,0.1,0.8,59.0,2.32,2.24,2.5,,,,,,,,,,,,,,,
7172,60,Control,IGT,13.0,0.5,0.7,59.0,2.32,2.24,2.5,,,,,,,,,,,,,,,
7173,60,Control,IGT,14.0,0.6,0.5,59.0,2.32,2.24,2.5,,,,,,,,,,,,,,,
7174,60,Control,IGT,15.0,0.6,0.9,59.0,2.32,2.24,2.5,,,,,,,,,,,,,,,
7175,60,Control,IGT,16.0,0.7,1.0,59.0,2.32,2.24,2.5,,,,,,,,,,,,,,,
7176,60,Control,IGT,17.0,0.5,0.7,59.0,2.32,2.24,2.5,,,,,,,,,,,,,,,
7177,60,Control,IGT,18.0,0.9,0.8,59.0,2.32,2.24,2.5,,,,,,,,,,,,,,,
7178,60,Control,IGT,19.0,0.4,1.0,59.0,2.32,2.24,2.5,,,,,,,,,,,,,,,
7179,60,Control,IGT,20.0,0.7,0.9,59.0,2.32,2.24,2.5,,,,,,,,,,,,,,,
7200,61,Nature,IGT,1.0,,,,,,,,,,,,,,,,,,,,,
7201,61,Nature,IGT,2.0,,,,,,,,,,,,,,,,,,,,,
7202,61,Nature,IGT,3.0,,,,,,,,,,,,,,,,,,,,,
7203,61,Nature,IGT,4.0,,,,,,,,,,,,,,,,,,,,,
7204,61,Nature,IGT,5.0,,,,,,,,,,,,,,,,,,,,,
7205,61,Nature,IGT,6.0,,,,,,,,,,,,,,,,,,,,,
7206,61,Nature,IGT,7.0,,,,,,,,,,,,,,,,,,,,,
7207,61,Nature,IGT,8.0,,,,,,,,,,,,,,,,,,,,,
7208,61,Nature,IGT,9.0,,,,,,,,,,,,,,,,,,,,,
7209,61,Nature,IGT,10.0,,,,,,,,,,,,,,,,,,,,,
7210,61,Nature,IGT,11.0,,,,,,,,,,,,,,,,,,,,,
7211,61,Nature,IGT,12.0,,,,,,,,,,,,,,,,,,,,,
7212,61,Nature,IGT,13.0,,,,,,,,,,,,,,,,,,,,,
7213,61,Nature,IGT,14.0,,,,,,,,,,,,,,,,,,,,,
7214,61,Nature,IGT,15.0,,,,,,,,,,,,,,,,,,,,,
7215,61,Nature,IGT,16.0,,,,,,,,,,,,,,,,,,,,,
7216,61,Nature,IGT,17.0,,,,,,,,,,,,,,,,,,,,,
7217,61,Nature,IGT,18.0,,,,,,,,,,,,,,,,,,,,,
7218,61,Nature,IGT,19.0,,,,,,,,,,,,,,,,,,,,,
7219,61,Nature,IGT,20.0,,,,,,,,,,,,,,,,,,,,,
7240,61,Urban,IGT,1.0,,,60.0,1.46,5.54,4.42,0.2104692812,0.1143206836,0.1620427912599999,0.22177982746,0.1679970086599999,0.26203329942,7.42704291496,1.63196762672,-0.05894369252,-0.0194296425,0.0196995776,0.0139365969199999,0.06994187802,0.10518791206,0.10059669206
7241,61,Urban,IGT,2.0,,,60.0,1.46,5.54,4.42,0.2104692812,0.1143206836,0.1620427912599999,0.22177982746,0.1679970086599999,0.26203329942,7.42704291496,1.63196762672,-0.05894369252,-0.0194296425,0.0196995776,0.0139365969199999,0.06994187802,0.10518791206,0.10059669206
7242,61,Urban,IGT,3.0,,,60.0,1.46,5.54,4.42,0.2104692812,0.1143206836,0.1620427912599999,0.22177982746,0.1679970086599999,0.26203329942,7.42704291496,1.63196762672,-0.05894369252,-0.0194296425,0.0196995776,0.0139365969199999,0.06994187802,0.10518791206,0.10059669206
7243,61,Urban,IGT,4.0,,,60.0,1.46,5.54,4.42,0.2104692812,0.1143206836,0.1620427912599999,0.22177982746,0.1679970086599999,0.26203329942,7.42704291496,1.63196762672,-0.05894369252,-0.0194296425,0.0196995776,0.0139365969199999,0.06994187802,0.10518791206,0.10059669206
7244,61,Urban,IGT,5.0,,,60.0,1.46,5.54,4.42,0.2104692812,0.1143206836,0.1620427912599999,0.22177982746,0.1679970086599999,0.26203329942,7.42704291496,1.63196762672,-0.05894369252,-0.0194296425,0.0196995776,0.0139365969199999,0.06994187802,0.10518791206,0.10059669206
7245,61,Urban,IGT,6.0,,,60.0,1.46,5.54,4.42,0.2104692812,0.1143206836,0.1620427912599999,0.22177982746,0.1679970086599999,0.26203329942,7.42704291496,1.63196762672,-0.05894369252,-0.0194296425,0.0196995776,0.0139365969199999,0.06994187802,0.10518791206,0.10059669206
7246,61,Urban,IGT,7.0,,,60.0,1.46,5.54,4.42,0.2104692812,0.1143206836,0.1620427912599999,0.22177982746,0.1679970086599999,0.26203329942,7.42704291496,1.63196762672,-0.05894369252,-0.0194296425,0.0196995776,0.0139365969199999,0.06994187802,0.10518791206,0.10059669206
7247,61,Urban,IGT,8.0,,,60.0,1.46,5.54,4.42,0.2104692812,0.1143206836,0.1620427912599999,0.22177982746,0.1679970086599999,0.26203329942,7.42704291496,1.63196762672,-0.05894369252,-0.0194296425,0.0196995776,0.0139365969199999,0.06994187802,0.10518791206,0.10059669206
7248,61,Urban,IGT,9.0,,,60.0,1.46,5.54,4.42,0.2104692812,0.1143206836,0.1620427912599999,0.22177982746,0.1679970086599999,0.26203329942,7.42704291496,1.63196762672,-0.05894369252,-0.0194296425,0.0196995776,0.0139365969199999,0.06994187802,0.10518791206,0.10059669206
7249,61,Urban,IGT,10.0,,,60.0,1.46,5.54,4.42,0.2104692812,0.1143206836,0.1620427912599999,0.22177982746,0.1679970086599999,0.26203329942,7.42704291496,1.63196762672,-0.05894369252,-0.0194296425,0.0196995776,0.0139365969199999,0.06994187802,0.10518791206,0.10059669206
7250,61,Urban,IGT,11.0,0.4,0.5,60.0,1.46,5.54,4.42,0.2104692812,0.1143206836,0.1620427912599999,0.22177982746,0.1679970086599999,0.26203329942,7.42704291496,1.63196762672,-0.05894369252,-0.0194296425,0.0196995776,0.0139365969199999,0.06994187802,0.10518791206,0.10059669206
7251,61,Urban,IGT,12.0,0.2,0.6,60.0,1.46,5.54,4.42,0.2104692812,0.1143206836,0.1620427912599999,0.22177982746,0.1679970086599999,0.26203329942,7.42704291496,1.63196762672,-0.05894369252,-0.0194296425,0.0196995776,0.0139365969199999,0.06994187802,0.10518791206,0.10059669206
7252,61,Urban,IGT,13.0,0.2,0.6,60.0,1.46,5.54,4.42,0.2104692812,0.1143206836,0.1620427912599999,0.22177982746,0.1679970086599999,0.26203329942,7.42704291496,1.63196762672,-0.05894369252,-0.0194296425,0.0196995776,0.0139365969199999,0.06994187802,0.10518791206,0.10059669206
7253,61,Urban,IGT,14.0,0.7,0.8,60.0,1.46,5.54,4.42,0.2104692812,0.1143206836,0.1620427912599999,0.22177982746,0.1679970086599999,0.26203329942,7.42704291496,1.63196762672,-0.05894369252,-0.0194296425,0.0196995776,0.0139365969199999,0.06994187802,0.10518791206,0.10059669206
7254,61,Urban,IGT,15.0,0.3,0.7,60.0,1.46,5.54,4.42,0.2104692812,0.1143206836,0.1620427912599999,0.22177982746,0.1679970086599999,0.26203329942,7.42704291496,1.63196762672,-0.05894369252,-0.0194296425,0.0196995776,0.0139365969199999,0.06994187802,0.10518791206,0.10059669206
7255,61,Urban,IGT,16.0,0.4,0.5,60.0,1.46,5.54,4.42,0.2104692812,0.1143206836,0.1620427912599999,0.22177982746,0.1679970086599999,0.26203329942,7.42704291496,1.63196762672,-0.05894369252,-0.0194296425,0.0196995776,0.0139365969199999,0.06994187802,0.10518791206,0.10059669206
7256,61,Urban,IGT,17.0,0.4,0.6,60.0,1.46,5.54,4.42,0.2104692812,0.1143206836,0.1620427912599999,0.22177982746,0.1679970086599999,0.26203329942,7.42704291496,1.63196762672,-0.05894369252,-0.0194296425,0.0196995776,0.0139365969199999,0.06994187802,0.10518791206,0.10059669206
7257,61,Urban,IGT,18.0,0.1,0.8,60.0,1.46,5.54,4.42,0.2104692812,0.1143206836,0.1620427912599999,0.22177982746,0.1679970086599999,0.26203329942,7.42704291496,1.63196762672,-0.05894369252,-0.0194296425,0.0196995776,0.0139365969199999,0.06994187802,0.10518791206,0.10059669206
7258,61,Urban,IGT,19.0,0.5,0.5,60.0,1.46,5.54,4.42,0.2104692812,0.1143206836,0.1620427912599999,0.22177982746,0.1679970086599999,0.26203329942,7.42704291496,1.63196762672,-0.05894369252,-0.0194296425,0.0196995776,0.0139365969199999,0.06994187802,0.10518791206,0.10059669206
7259,61,Urban,IGT,20.0,0.2,0.8,60.0,1.46,5.54,4.42,0.2104692812,0.1143206836,0.1620427912599999,0.22177982746,0.1679970086599999,0.26203329942,7.42704291496,1.63196762672,-0.05894369252,-0.0194296425,0.0196995776,0.0139365969199999,0.06994187802,0.10518791206,0.10059669206
7280,61,Control,IGT,1.0,,,,,,,,,,,,,,,,,,,,,
7281,61,Control,IGT,2.0,,,,,,,,,,,,,,,,,,,,,
7282,61,Control,IGT,3.0,,,,,,,,,,,,,,,,,,,,,
7283,61,Control,IGT,4.0,,,,,,,,,,,,,,,,,,,,,
7284,61,Control,IGT,5.0,,,,,,,,,,,,,,,,,,,,,
7285,61,Control,IGT,6.0,,,,,,,,,,,,,,,,,,,,,
7286,61,Control,IGT,7.0,,,,,,,,,,,,,,,,,,,,,
7287,61,Control,IGT,8.0,,,,,,,,,,,,,,,,,,,,,
7288,61,Control,IGT,9.0,,,,,,,,,,,,,,,,,,,,,
7289,61,Control,IGT,10.0,,,,,,,,,,,,,,,,,,,,,
7290,61,Control,IGT,11.0,,,,,,,,,,,,,,,,,,,,,
7291,61,Control,IGT,12.0,,,,,,,,,,,,,,,,,,,,,
7292,61,Control,IGT,13.0,,,,,,,,,,,,,,,,,,,,,
7293,61,Control,IGT,14.0,,,,,,,,,,,,,,,,,,,,,
7294,61,Control,IGT,15.0,,,,,,,,,,,,,,,,,,,,,
7295,61,Control,IGT,16.0,,,,,,,,,,,,,,,,,,,,,
7296,61,Control,IGT,17.0,,,,,,,,,,,,,,,,,,,,,
7297,61,Control,IGT,18.0,,,,,,,,,,,,,,,,,,,,,
7298,61,Control,IGT,19.0,,,,,,,,,,,,,,,,,,,,,
7299,61,Control,IGT,20.0,,,,,,,,,,,,,,,,,,,,,
7320,62,Nature,IGT,1.0,,,61.0,4.46,3.98,4.26,0.1685426036799999,-0.19080548336,0.25251543102,0.15842288774,0.21624737452,0.27412497524,7.513432161340001,6.07894456988,-0.06246389688,0.01275753554,-0.00474531624,-0.01520840362,0.01855815572,0.1372667258,0.191990162
7321,62,Nature,IGT,2.0,,,61.0,4.46,3.98,4.26,0.1685426036799999,-0.19080548336,0.25251543102,0.15842288774,0.21624737452,0.27412497524,7.513432161340001,6.07894456988,-0.06246389688,0.01275753554,-0.00474531624,-0.01520840362,0.01855815572,0.1372667258,0.191990162
7322,62,Nature,IGT,3.0,,,61.0,4.46,3.98,4.26,0.1685426036799999,-0.19080548336,0.25251543102,0.15842288774,0.21624737452,0.27412497524,7.513432161340001,6.07894456988,-0.06246389688,0.01275753554,-0.00474531624,-0.01520840362,0.01855815572,0.1372667258,0.191990162
7323,62,Nature,IGT,4.0,,,61.0,4.46,3.98,4.26,0.1685426036799999,-0.19080548336,0.25251543102,0.15842288774,0.21624737452,0.27412497524,7.513432161340001,6.07894456988,-0.06246389688,0.01275753554,-0.00474531624,-0.01520840362,0.01855815572,0.1372667258,0.191990162
7324,62,Nature,IGT,5.0,,,61.0,4.46,3.98,4.26,0.1685426036799999,-0.19080548336,0.25251543102,0.15842288774,0.21624737452,0.27412497524,7.513432161340001,6.07894456988,-0.06246389688,0.01275753554,-0.00474531624,-0.01520840362,0.01855815572,0.1372667258,0.191990162
7325,62,Nature,IGT,6.0,,,61.0,4.46,3.98,4.26,0.1685426036799999,-0.19080548336,0.25251543102,0.15842288774,0.21624737452,0.27412497524,7.513432161340001,6.07894456988,-0.06246389688,0.01275753554,-0.00474531624,-0.01520840362,0.01855815572,0.1372667258,0.191990162
7326,62,Nature,IGT,7.0,,,61.0,4.46,3.98,4.26,0.1685426036799999,-0.19080548336,0.25251543102,0.15842288774,0.21624737452,0.27412497524,7.513432161340001,6.07894456988,-0.06246389688,0.01275753554,-0.00474531624,-0.01520840362,0.01855815572,0.1372667258,0.191990162
7327,62,Nature,IGT,8.0,,,61.0,4.46,3.98,4.26,0.1685426036799999,-0.19080548336,0.25251543102,0.15842288774,0.21624737452,0.27412497524,7.513432161340001,6.07894456988,-0.06246389688,0.01275753554,-0.00474531624,-0.01520840362,0.01855815572,0.1372667258,0.191990162
7328,62,Nature,IGT,9.0,,,61.0,4.46,3.98,4.26,0.1685426036799999,-0.19080548336,0.25251543102,0.15842288774,0.21624737452,0.27412497524,7.513432161340001,6.07894456988,-0.06246389688,0.01275753554,-0.00474531624,-0.01520840362,0.01855815572,0.1372667258,0.191990162
7329,62,Nature,IGT,10.0,,,61.0,4.46,3.98,4.26,0.1685426036799999,-0.19080548336,0.25251543102,0.15842288774,0.21624737452,0.27412497524,7.513432161340001,6.07894456988,-0.06246389688,0.01275753554,-0.00474531624,-0.01520840362,0.01855815572,0.1372667258,0.191990162
7330,62,Nature,IGT,11.0,0.4,0.5,61.0,4.46,3.98,4.26,0.1685426036799999,-0.19080548336,0.25251543102,0.15842288774,0.21624737452,0.27412497524,7.513432161340001,6.07894456988,-0.06246389688,0.01275753554,-0.00474531624,-0.01520840362,0.01855815572,0.1372667258,0.191990162
7331,62,Nature,IGT,12.0,0.4,0.9,61.0,4.46,3.98,4.26,0.1685426036799999,-0.19080548336,0.25251543102,0.15842288774,0.21624737452,0.27412497524,7.513432161340001,6.07894456988,-0.06246389688,0.01275753554,-0.00474531624,-0.01520840362,0.01855815572,0.1372667258,0.191990162
7332,62,Nature,IGT,13.0,0.6,0.6,61.0,4.46,3.98,4.26,0.1685426036799999,-0.19080548336,0.25251543102,0.15842288774,0.21624737452,0.27412497524,7.513432161340001,6.07894456988,-0.06246389688,0.01275753554,-0.00474531624,-0.01520840362,0.01855815572,0.1372667258,0.191990162
7333,62,Nature,IGT,14.0,1.0,1.0,61.0,4.46,3.98,4.26,0.1685426036799999,-0.19080548336,0.25251543102,0.15842288774,0.21624737452,0.27412497524,7.513432161340001,6.07894456988,-0.06246389688,0.01275753554,-0.00474531624,-0.01520840362,0.01855815572,0.1372667258,0.191990162
7334,62,Nature,IGT,15.0,1.0,0.3,61.0,4.46,3.98,4.26,0.1685426036799999,-0.19080548336,0.25251543102,0.15842288774,0.21624737452,0.27412497524,7.513432161340001,6.07894456988,-0.06246389688,0.01275753554,-0.00474531624,-0.01520840362,0.01855815572,0.1372667258,0.191990162
7335,62,Nature,IGT,16.0,0.9,0.9,61.0,4.46,3.98,4.26,0.1685426036799999,-0.19080548336,0.25251543102,0.15842288774,0.21624737452,0.27412497524,7.513432161340001,6.07894456988,-0.06246389688,0.01275753554,-0.00474531624,-0.01520840362,0.01855815572,0.1372667258,0.191990162
7336,62,Nature,IGT,17.0,1.0,1.0,61.0,4.46,3.98,4.26,0.1685426036799999,-0.19080548336,0.25251543102,0.15842288774,0.21624737452,0.27412497524,7.513432161340001,6.07894456988,-0.06246389688,0.01275753554,-0.00474531624,-0.01520840362,0.01855815572,0.1372667258,0.191990162
7337,62,Nature,IGT,18.0,1.0,1.0,61.0,4.46,3.98,4.26,0.1685426036799999,-0.19080548336,0.25251543102,0.15842288774,0.21624737452,0.27412497524,7.513432161340001,6.07894456988,-0.06246389688,0.01275753554,-0.00474531624,-0.01520840362,0.01855815572,0.1372667258,0.191990162
7338,62,Nature,IGT,19.0,1.0,1.0,61.0,4.46,3.98,4.26,0.1685426036799999,-0.19080548336,0.25251543102,0.15842288774,0.21624737452,0.27412497524,7.513432161340001,6.07894456988,-0.06246389688,0.01275753554,-0.00474531624,-0.01520840362,0.01855815572,0.1372667258,0.191990162
7339,62,Nature,IGT,20.0,1.0,1.0,61.0,4.46,3.98,4.26,0.1685426036799999,-0.19080548336,0.25251543102,0.15842288774,0.21624737452,0.27412497524,7.513432161340001,6.07894456988,-0.06246389688,0.01275753554,-0.00474531624,-0.01520840362,0.01855815572,0.1372667258,0.191990162
7360,62,Urban,IGT,1.0,,,,,,,,,,,,,,,,,,,,,
7361,62,Urban,IGT,2.0,,,,,,,,,,,,,,,,,,,,,
7362,62,Urban,IGT,3.0,,,,,,,,,,,,,,,,,,,,,
7363,62,Urban,IGT,4.0,,,,,,,,,,,,,,,,,,,,,
7364,62,Urban,IGT,5.0,,,,,,,,,,,,,,,,,,,,,
7365,62,Urban,IGT,6.0,,,,,,,,,,,,,,,,,,,,,
7366,62,Urban,IGT,7.0,,,,,,,,,,,,,,,,,,,,,
7367,62,Urban,IGT,8.0,,,,,,,,,,,,,,,,,,,,,
7368,62,Urban,IGT,9.0,,,,,,,,,,,,,,,,,,,,,
7369,62,Urban,IGT,10.0,,,,,,,,,,,,,,,,,,,,,
7370,62,Urban,IGT,11.0,,,,,,,,,,,,,,,,,,,,,
7371,62,Urban,IGT,12.0,,,,,,,,,,,,,,,,,,,,,
7372,62,Urban,IGT,13.0,,,,,,,,,,,,,,,,,,,,,
7373,62,Urban,IGT,14.0,,,,,,,,,,,,,,,,,,,,,
7374,62,Urban,IGT,15.0,,,,,,,,,,,,,,,,,,,,,
7375,62,Urban,IGT,16.0,,,,,,,,,,,,,,,,,,,,,
7376,62,Urban,IGT,17.0,,,,,,,,,,,,,,,,,,,,,
7377,62,Urban,IGT,18.0,,,,,,,,,,,,,,,,,,,,,
7378,62,Urban,IGT,19.0,,,,,,,,,,,,,,,,,,,,,
7379,62,Urban,IGT,20.0,,,,,,,,,,,,,,,,,,,,,
7400,62,Control,IGT,1.0,,,,,,,,,,,,,,,,,,,,,
7401,62,Control,IGT,2.0,,,,,,,,,,,,,,,,,,,,,
7402,62,Control,IGT,3.0,,,,,,,,,,,,,,,,,,,,,
7403,62,Control,IGT,4.0,,,,,,,,,,,,,,,,,,,,,
7404,62,Control,IGT,5.0,,,,,,,,,,,,,,,,,,,,,
7405,62,Control,IGT,6.0,,,,,,,,,,,,,,,,,,,,,
7406,62,Control,IGT,7.0,,,,,,,,,,,,,,,,,,,,,
7407,62,Control,IGT,8.0,,,,,,,,,,,,,,,,,,,,,
7408,62,Control,IGT,9.0,,,,,,,,,,,,,,,,,,,,,
7409,62,Control,IGT,10.0,,,,,,,,,,,,,,,,,,,,,
7410,62,Control,IGT,11.0,,,,,,,,,,,,,,,,,,,,,
7411,62,Control,IGT,12.0,,,,,,,,,,,,,,,,,,,,,
7412,62,Control,IGT,13.0,,,,,,,,,,,,,,,,,,,,,
7413,62,Control,IGT,14.0,,,,,,,,,,,,,,,,,,,,,
7414,62,Control,IGT,15.0,,,,,,,,,,,,,,,,,,,,,
7415,62,Control,IGT,16.0,,,,,,,,,,,,,,,,,,,,,
7416,62,Control,IGT,17.0,,,,,,,,,,,,,,,,,,,,,
7417,62,Control,IGT,18.0,,,,,,,,,,,,,,,,,,,,,
7418,62,Control,IGT,19.0,,,,,,,,,,,,,,,,,,,,,
7419,62,Control,IGT,20.0,,,,,,,,,,,,,,,,,,,,,
7440,63,Nature,IGT,1.0,,,,,,,,,,,,,,,,,,,,,
7441,63,Nature,IGT,2.0,,,,,,,,,,,,,,,,,,,,,
7442,63,Nature,IGT,3.0,,,,,,,,,,,,,,,,,,,,,
7443,63,Nature,IGT,4.0,,,,,,,,,,,,,,,,,,,,,
7444,63,Nature,IGT,5.0,,,,,,,,,,,,,,,,,,,,,
7445,63,Nature,IGT,6.0,,,,,,,,,,,,,,,,,,,,,
7446,63,Nature,IGT,7.0,,,,,,,,,,,,,,,,,,,,,
7447,63,Nature,IGT,8.0,,,,,,,,,,,,,,,,,,,,,
7448,63,Nature,IGT,9.0,,,,,,,,,,,,,,,,,,,,,
7449,63,Nature,IGT,10.0,,,,,,,,,,,,,,,,,,,,,
7450,63,Nature,IGT,11.0,,,,,,,,,,,,,,,,,,,,,
7451,63,Nature,IGT,12.0,,,,,,,,,,,,,,,,,,,,,
7452,63,Nature,IGT,13.0,,,,,,,,,,,,,,,,,,,,,
7453,63,Nature,IGT,14.0,,,,,,,,,,,,,,,,,,,,,
7454,63,Nature,IGT,15.0,,,,,,,,,,,,,,,,,,,,,
7455,63,Nature,IGT,16.0,,,,,,,,,,,,,,,,,,,,,
7456,63,Nature,IGT,17.0,,,,,,,,,,,,,,,,,,,,,
7457,63,Nature,IGT,18.0,,,,,,,,,,,,,,,,,,,,,
7458,63,Nature,IGT,19.0,,,,,,,,,,,,,,,,,,,,,
7459,63,Nature,IGT,20.0,,,,,,,,,,,,,,,,,,,,,
7480,63,Urban,IGT,1.0,,,62.0,3.38,4.22,4.34,0.20853219604,0.10818934928,0.15500232108,0.2254480694,0.1634713273,0.2568066935199999,7.40284295832,1.61035708228,-0.05644116338,-0.0210022370399999,0.0074152845199999,0.01491742892,0.07124330158,0.10623074112,0.1004084854199999
7481,63,Urban,IGT,2.0,,,62.0,3.38,4.22,4.34,0.20853219604,0.10818934928,0.15500232108,0.2254480694,0.1634713273,0.2568066935199999,7.40284295832,1.61035708228,-0.05644116338,-0.0210022370399999,0.0074152845199999,0.01491742892,0.07124330158,0.10623074112,0.1004084854199999
7482,63,Urban,IGT,3.0,,,62.0,3.38,4.22,4.34,0.20853219604,0.10818934928,0.15500232108,0.2254480694,0.1634713273,0.2568066935199999,7.40284295832,1.61035708228,-0.05644116338,-0.0210022370399999,0.0074152845199999,0.01491742892,0.07124330158,0.10623074112,0.1004084854199999
7483,63,Urban,IGT,4.0,,,62.0,3.38,4.22,4.34,0.20853219604,0.10818934928,0.15500232108,0.2254480694,0.1634713273,0.2568066935199999,7.40284295832,1.61035708228,-0.05644116338,-0.0210022370399999,0.0074152845199999,0.01491742892,0.07124330158,0.10623074112,0.1004084854199999
7484,63,Urban,IGT,5.0,,,62.0,3.38,4.22,4.34,0.20853219604,0.10818934928,0.15500232108,0.2254480694,0.1634713273,0.2568066935199999,7.40284295832,1.61035708228,-0.05644116338,-0.0210022370399999,0.0074152845199999,0.01491742892,0.07124330158,0.10623074112,0.1004084854199999
7485,63,Urban,IGT,6.0,,,62.0,3.38,4.22,4.34,0.20853219604,0.10818934928,0.15500232108,0.2254480694,0.1634713273,0.2568066935199999,7.40284295832,1.61035708228,-0.05644116338,-0.0210022370399999,0.0074152845199999,0.01491742892,0.07124330158,0.10623074112,0.1004084854199999
7486,63,Urban,IGT,7.0,,,62.0,3.38,4.22,4.34,0.20853219604,0.10818934928,0.15500232108,0.2254480694,0.1634713273,0.2568066935199999,7.40284295832,1.61035708228,-0.05644116338,-0.0210022370399999,0.0074152845199999,0.01491742892,0.07124330158,0.10623074112,0.1004084854199999
7487,63,Urban,IGT,8.0,,,62.0,3.38,4.22,4.34,0.20853219604,0.10818934928,0.15500232108,0.2254480694,0.1634713273,0.2568066935199999,7.40284295832,1.61035708228,-0.05644116338,-0.0210022370399999,0.0074152845199999,0.01491742892,0.07124330158,0.10623074112,0.1004084854199999
7488,63,Urban,IGT,9.0,,,62.0,3.38,4.22,4.34,0.20853219604,0.10818934928,0.15500232108,0.2254480694,0.1634713273,0.2568066935199999,7.40284295832,1.61035708228,-0.05644116338,-0.0210022370399999,0.0074152845199999,0.01491742892,0.07124330158,0.10623074112,0.1004084854199999
7489,63,Urban,IGT,10.0,,,62.0,3.38,4.22,4.34,0.20853219604,0.10818934928,0.15500232108,0.2254480694,0.1634713273,0.2568066935199999,7.40284295832,1.61035708228,-0.05644116338,-0.0210022370399999,0.0074152845199999,0.01491742892,0.07124330158,0.10623074112,0.1004084854199999
7490,63,Urban,IGT,11.0,0.2,0.4,62.0,3.38,4.22,4.34,0.20853219604,0.10818934928,0.15500232108,0.2254480694,0.1634713273,0.2568066935199999,7.40284295832,1.61035708228,-0.05644116338,-0.0210022370399999,0.0074152845199999,0.01491742892,0.07124330158,0.10623074112,0.1004084854199999
7491,63,Urban,IGT,12.0,0.5,0.5,62.0,3.38,4.22,4.34,0.20853219604,0.10818934928,0.15500232108,0.2254480694,0.1634713273,0.2568066935199999,7.40284295832,1.61035708228,-0.05644116338,-0.0210022370399999,0.0074152845199999,0.01491742892,0.07124330158,0.10623074112,0.1004084854199999
7492,63,Urban,IGT,13.0,0.6,0.6,62.0,3.38,4.22,4.34,0.20853219604,0.10818934928,0.15500232108,0.2254480694,0.1634713273,0.2568066935199999,7.40284295832,1.61035708228,-0.05644116338,-0.0210022370399999,0.0074152845199999,0.01491742892,0.07124330158,0.10623074112,0.1004084854199999
7493,63,Urban,IGT,14.0,0.8,0.5,62.0,3.38,4.22,4.34,0.20853219604,0.10818934928,0.15500232108,0.2254480694,0.1634713273,0.2568066935199999,7.40284295832,1.61035708228,-0.05644116338,-0.0210022370399999,0.0074152845199999,0.01491742892,0.07124330158,0.10623074112,0.1004084854199999
7494,63,Urban,IGT,15.0,0.2,0.6,62.0,3.38,4.22,4.34,0.20853219604,0.10818934928,0.15500232108,0.2254480694,0.1634713273,0.2568066935199999,7.40284295832,1.61035708228,-0.05644116338,-0.0210022370399999,0.0074152845199999,0.01491742892,0.07124330158,0.10623074112,0.1004084854199999
7495,63,Urban,IGT,16.0,0.6,0.5,62.0,3.38,4.22,4.34,0.20853219604,0.10818934928,0.15500232108,0.2254480694,0.1634713273,0.2568066935199999,7.40284295832,1.61035708228,-0.05644116338,-0.0210022370399999,0.0074152845199999,0.01491742892,0.07124330158,0.10623074112,0.1004084854199999
7496,63,Urban,IGT,17.0,0.6,0.4,62.0,3.38,4.22,4.34,0.20853219604,0.10818934928,0.15500232108,0.2254480694,0.1634713273,0.2568066935199999,7.40284295832,1.61035708228,-0.05644116338,-0.0210022370399999,0.0074152845199999,0.01491742892,0.07124330158,0.10623074112,0.1004084854199999
7497,63,Urban,IGT,18.0,0.7,0.8,62.0,3.38,4.22,4.34,0.20853219604,0.10818934928,0.15500232108,0.2254480694,0.1634713273,0.2568066935199999,7.40284295832,1.61035708228,-0.05644116338,-0.0210022370399999,0.0074152845199999,0.01491742892,0.07124330158,0.10623074112,0.1004084854199999
7498,63,Urban,IGT,19.0,0.6,0.4,62.0,3.38,4.22,4.34,0.20853219604,0.10818934928,0.15500232108,0.2254480694,0.1634713273,0.2568066935199999,7.40284295832,1.61035708228,-0.05644116338,-0.0210022370399999,0.0074152845199999,0.01491742892,0.07124330158,0.10623074112,0.1004084854199999
7499,63,Urban,IGT,20.0,0.8,0.0,62.0,3.38,4.22,4.34,0.20853219604,0.10818934928,0.15500232108,0.2254480694,0.1634713273,0.2568066935199999,7.40284295832,1.61035708228,-0.05644116338,-0.0210022370399999,0.0074152845199999,0.01491742892,0.07124330158,0.10623074112,0.1004084854199999
7520,63,Control,IGT,1.0,,,,,,,,,,,,,,,,,,,,,
7521,63,Control,IGT,2.0,,,,,,,,,,,,,,,,,,,,,
7522,63,Control,IGT,3.0,,,,,,,,,,,,,,,,,,,,,
7523,63,Control,IGT,4.0,,,,,,,,,,,,,,,,,,,,,
7524,63,Control,IGT,5.0,,,,,,,,,,,,,,,,,,,,,
7525,63,Control,IGT,6.0,,,,,,,,,,,,,,,,,,,,,
7526,63,Control,IGT,7.0,,,,,,,,,,,,,,,,,,,,,
7527,63,Control,IGT,8.0,,,,,,,,,,,,,,,,,,,,,
7528,63,Control,IGT,9.0,,,,,,,,,,,,,,,,,,,,,
7529,63,Control,IGT,10.0,,,,,,,,,,,,,,,,,,,,,
7530,63,Control,IGT,11.0,,,,,,,,,,,,,,,,,,,,,
7531,63,Control,IGT,12.0,,,,,,,,,,,,,,,,,,,,,
7532,63,Control,IGT,13.0,,,,,,,,,,,,,,,,,,,,,
7533,63,Control,IGT,14.0,,,,,,,,,,,,,,,,,,,,,
7534,63,Control,IGT,15.0,,,,,,,,,,,,,,,,,,,,,
7535,63,Control,IGT,16.0,,,,,,,,,,,,,,,,,,,,,
7536,63,Control,IGT,17.0,,,,,,,,,,,,,,,,,,,,,
7537,63,Control,IGT,18.0,,,,,,,,,,,,,,,,,,,,,
7538,63,Control,IGT,19.0,,,,,,,,,,,,,,,,,,,,,
7539,63,Control,IGT,20.0,,,,,,,,,,,,,,,,,,,,,
7560,64,Nature,IGT,1.0,,,63.0,6.08,4.56,5.88,0.15951202496,-0.16329254704,0.22349383864,0.1579369220599999,0.21172373622,0.26277724088,7.483674611640001,6.23885829018,-0.0590818420799999,0.00252676258,-0.00166412268,-0.02126969072,0.01788495046,0.1402197175,0.1923757636999999
7561,64,Nature,IGT,2.0,,,63.0,6.08,4.56,5.88,0.15951202496,-0.16329254704,0.22349383864,0.1579369220599999,0.21172373622,0.26277724088,7.483674611640001,6.23885829018,-0.0590818420799999,0.00252676258,-0.00166412268,-0.02126969072,0.01788495046,0.1402197175,0.1923757636999999
7562,64,Nature,IGT,3.0,,,63.0,6.08,4.56,5.88,0.15951202496,-0.16329254704,0.22349383864,0.1579369220599999,0.21172373622,0.26277724088,7.483674611640001,6.23885829018,-0.0590818420799999,0.00252676258,-0.00166412268,-0.02126969072,0.01788495046,0.1402197175,0.1923757636999999
7563,64,Nature,IGT,4.0,,,63.0,6.08,4.56,5.88,0.15951202496,-0.16329254704,0.22349383864,0.1579369220599999,0.21172373622,0.26277724088,7.483674611640001,6.23885829018,-0.0590818420799999,0.00252676258,-0.00166412268,-0.02126969072,0.01788495046,0.1402197175,0.1923757636999999
7564,64,Nature,IGT,5.0,,,63.0,6.08,4.56,5.88,0.15951202496,-0.16329254704,0.22349383864,0.1579369220599999,0.21172373622,0.26277724088,7.483674611640001,6.23885829018,-0.0590818420799999,0.00252676258,-0.00166412268,-0.02126969072,0.01788495046,0.1402197175,0.1923757636999999
7565,64,Nature,IGT,6.0,,,63.0,6.08,4.56,5.88,0.15951202496,-0.16329254704,0.22349383864,0.1579369220599999,0.21172373622,0.26277724088,7.483674611640001,6.23885829018,-0.0590818420799999,0.00252676258,-0.00166412268,-0.02126969072,0.01788495046,0.1402197175,0.1923757636999999
7566,64,Nature,IGT,7.0,,,63.0,6.08,4.56,5.88,0.15951202496,-0.16329254704,0.22349383864,0.1579369220599999,0.21172373622,0.26277724088,7.483674611640001,6.23885829018,-0.0590818420799999,0.00252676258,-0.00166412268,-0.02126969072,0.01788495046,0.1402197175,0.1923757636999999
7567,64,Nature,IGT,8.0,,,63.0,6.08,4.56,5.88,0.15951202496,-0.16329254704,0.22349383864,0.1579369220599999,0.21172373622,0.26277724088,7.483674611640001,6.23885829018,-0.0590818420799999,0.00252676258,-0.00166412268,-0.02126969072,0.01788495046,0.1402197175,0.1923757636999999
7568,64,Nature,IGT,9.0,,,63.0,6.08,4.56,5.88,0.15951202496,-0.16329254704,0.22349383864,0.1579369220599999,0.21172373622,0.26277724088,7.483674611640001,6.23885829018,-0.0590818420799999,0.00252676258,-0.00166412268,-0.02126969072,0.01788495046,0.1402197175,0.1923757636999999
7569,64,Nature,IGT,10.0,,,63.0,6.08,4.56,5.88,0.15951202496,-0.16329254704,0.22349383864,0.1579369220599999,0.21172373622,0.26277724088,7.483674611640001,6.23885829018,-0.0590818420799999,0.00252676258,-0.00166412268,-0.02126969072,0.01788495046,0.1402197175,0.1923757636999999
7570,64,Nature,IGT,11.0,0.8,0.4,63.0,6.08,4.56,5.88,0.15951202496,-0.16329254704,0.22349383864,0.1579369220599999,0.21172373622,0.26277724088,7.483674611640001,6.23885829018,-0.0590818420799999,0.00252676258,-0.00166412268,-0.02126969072,0.01788495046,0.1402197175,0.1923757636999999
7571,64,Nature,IGT,12.0,0.8,0.4,63.0,6.08,4.56,5.88,0.15951202496,-0.16329254704,0.22349383864,0.1579369220599999,0.21172373622,0.26277724088,7.483674611640001,6.23885829018,-0.0590818420799999,0.00252676258,-0.00166412268,-0.02126969072,0.01788495046,0.1402197175,0.1923757636999999
7572,64,Nature,IGT,13.0,1.0,0.5,63.0,6.08,4.56,5.88,0.15951202496,-0.16329254704,0.22349383864,0.1579369220599999,0.21172373622,0.26277724088,7.483674611640001,6.23885829018,-0.0590818420799999,0.00252676258,-0.00166412268,-0.02126969072,0.01788495046,0.1402197175,0.1923757636999999
7573,64,Nature,IGT,14.0,0.7,0.6,63.0,6.08,4.56,5.88,0.15951202496,-0.16329254704,0.22349383864,0.1579369220599999,0.21172373622,0.26277724088,7.483674611640001,6.23885829018,-0.0590818420799999,0.00252676258,-0.00166412268,-0.02126969072,0.01788495046,0.1402197175,0.1923757636999999
7574,64,Nature,IGT,15.0,0.8,0.6,63.0,6.08,4.56,5.88,0.15951202496,-0.16329254704,0.22349383864,0.1579369220599999,0.21172373622,0.26277724088,7.483674611640001,6.23885829018,-0.0590818420799999,0.00252676258,-0.00166412268,-0.02126969072,0.01788495046,0.1402197175,0.1923757636999999
7575,64,Nature,IGT,16.0,0.6,0.8,63.0,6.08,4.56,5.88,0.15951202496,-0.16329254704,0.22349383864,0.1579369220599999,0.21172373622,0.26277724088,7.483674611640001,6.23885829018,-0.0590818420799999,0.00252676258,-0.00166412268,-0.02126969072,0.01788495046,0.1402197175,0.1923757636999999
7576,64,Nature,IGT,17.0,0.7,0.5,63.0,6.08,4.56,5.88,0.15951202496,-0.16329254704,0.22349383864,0.1579369220599999,0.21172373622,0.26277724088,7.483674611640001,6.23885829018,-0.0590818420799999,0.00252676258,-0.00166412268,-0.02126969072,0.01788495046,0.1402197175,0.1923757636999999
7577,64,Nature,IGT,18.0,0.8,0.7,63.0,6.08,4.56,5.88,0.15951202496,-0.16329254704,0.22349383864,0.1579369220599999,0.21172373622,0.26277724088,7.483674611640001,6.23885829018,-0.0590818420799999,0.00252676258,-0.00166412268,-0.02126969072,0.01788495046,0.1402197175,0.1923757636999999
7578,64,Nature,IGT,19.0,0.6,0.7,63.0,6.08,4.56,5.88,0.15951202496,-0.16329254704,0.22349383864,0.1579369220599999,0.21172373622,0.26277724088,7.483674611640001,6.23885829018,-0.0590818420799999,0.00252676258,-0.00166412268,-0.02126969072,0.01788495046,0.1402197175,0.1923757636999999
7579,64,Nature,IGT,20.0,0.7,0.7,63.0,6.08,4.56,5.88,0.15951202496,-0.16329254704,0.22349383864,0.1579369220599999,0.21172373622,0.26277724088,7.483674611640001,6.23885829018,-0.0590818420799999,0.00252676258,-0.00166412268,-0.02126969072,0.01788495046,0.1402197175,0.1923757636999999
7600,64,Urban,IGT,1.0,,,,,,,,,,,,,,,,,,,,,
7601,64,Urban,IGT,2.0,,,,,,,,,,,,,,,,,,,,,
7602,64,Urban,IGT,3.0,,,,,,,,,,,,,,,,,,,,,
7603,64,Urban,IGT,4.0,,,,,,,,,,,,,,,,,,,,,
7604,64,Urban,IGT,5.0,,,,,,,,,,,,,,,,,,,,,
7605,64,Urban,IGT,6.0,,,,,,,,,,,,,,,,,,,,,
7606,64,Urban,IGT,7.0,,,,,,,,,,,,,,,,,,,,,
7607,64,Urban,IGT,8.0,,,,,,,,,,,,,,,,,,,,,
7608,64,Urban,IGT,9.0,,,,,,,,,,,,,,,,,,,,,
7609,64,Urban,IGT,10.0,,,,,,,,,,,,,,,,,,,,,
7610,64,Urban,IGT,11.0,,,,,,,,,,,,,,,,,,,,,
7611,64,Urban,IGT,12.0,,,,,,,,,,,,,,,,,,,,,
7612,64,Urban,IGT,13.0,,,,,,,,,,,,,,,,,,,,,
7613,64,Urban,IGT,14.0,,,,,,,,,,,,,,,,,,,,,
7614,64,Urban,IGT,15.0,,,,,,,,,,,,,,,,,,,,,
7615,64,Urban,IGT,16.0,,,,,,,,,,,,,,,,,,,,,
7616,64,Urban,IGT,17.0,,,,,,,,,,,,,,,,,,,,,
7617,64,Urban,IGT,18.0,,,,,,,,,,,,,,,,,,,,,
7618,64,Urban,IGT,19.0,,,,,,,,,,,,,,,,,,,,,
7619,64,Urban,IGT,20.0,,,,,,,,,,,,,,,,,,,,,
7640,64,Control,IGT,1.0,,,,,,,,,,,,,,,,,,,,,
7641,64,Control,IGT,2.0,,,,,,,,,,,,,,,,,,,,,
7642,64,Control,IGT,3.0,,,,,,,,,,,,,,,,,,,,,
7643,64,Control,IGT,4.0,,,,,,,,,,,,,,,,,,,,,
7644,64,Control,IGT,5.0,,,,,,,,,,,,,,,,,,,,,
7645,64,Control,IGT,6.0,,,,,,,,,,,,,,,,,,,,,
7646,64,Control,IGT,7.0,,,,,,,,,,,,,,,,,,,,,
7647,64,Control,IGT,8.0,,,,,,,,,,,,,,,,,,,,,
7648,64,Control,IGT,9.0,,,,,,,,,,,,,,,,,,,,,
7649,64,Control,IGT,10.0,,,,,,,,,,,,,,,,,,,,,
7650,64,Control,IGT,11.0,,,,,,,,,,,,,,,,,,,,,
7651,64,Control,IGT,12.0,,,,,,,,,,,,,,,,,,,,,
7652,64,Control,IGT,13.0,,,,,,,,,,,,,,,,,,,,,
7653,64,Control,IGT,14.0,,,,,,,,,,,,,,,,,,,,,
7654,64,Control,IGT,15.0,,,,,,,,,,,,,,,,,,,,,
7655,64,Control,IGT,16.0,,,,,,,,,,,,,,,,,,,,,
7656,64,Control,IGT,17.0,,,,,,,,,,,,,,,,,,,,,
7657,64,Control,IGT,18.0,,,,,,,,,,,,,,,,,,,,,
7658,64,Control,IGT,19.0,,,,,,,,,,,,,,,,,,,,,
7659,64,Control,IGT,20.0,,,,,,,,,,,,,,,,,,,,,
7680,65,Nature,IGT,1.0,,,,,,,,,,,,,,,,,,,,,
7681,65,Nature,IGT,2.0,,,,,,,,,,,,,,,,,,,,,
7682,65,Nature,IGT,3.0,,,,,,,,,,,,,,,,,,,,,
7683,65,Nature,IGT,4.0,,,,,,,,,,,,,,,,,,,,,
7684,65,Nature,IGT,5.0,,,,,,,,,,,,,,,,,,,,,
7685,65,Nature,IGT,6.0,,,,,,,,,,,,,,,,,,,,,
7686,65,Nature,IGT,7.0,,,,,,,,,,,,,,,,,,,,,
7687,65,Nature,IGT,8.0,,,,,,,,,,,,,,,,,,,,,
7688,65,Nature,IGT,9.0,,,,,,,,,,,,,,,,,,,,,
7689,65,Nature,IGT,10.0,,,,,,,,,,,,,,,,,,,,,
7690,65,Nature,IGT,11.0,,,,,,,,,,,,,,,,,,,,,
7691,65,Nature,IGT,12.0,,,,,,,,,,,,,,,,,,,,,
7692,65,Nature,IGT,13.0,,,,,,,,,,,,,,,,,,,,,
7693,65,Nature,IGT,14.0,,,,,,,,,,,,,,,,,,,,,
7694,65,Nature,IGT,15.0,,,,,,,,,,,,,,,,,,,,,
7695,65,Nature,IGT,16.0,,,,,,,,,,,,,,,,,,,,,
7696,65,Nature,IGT,17.0,,,,,,,,,,,,,,,,,,,,,
7697,65,Nature,IGT,18.0,,,,,,,,,,,,,,,,,,,,,
7698,65,Nature,IGT,19.0,,,,,,,,,,,,,,,,,,,,,
7699,65,Nature,IGT,20.0,,,,,,,,,,,,,,,,,,,,,
7720,65,Urban,IGT,1.0,,,64.0,2.0,5.96,5.16,0.21946235992,0.27796305806,0.15075882644,0.23217653184,0.16241312192,0.25933353806,7.38998471294,1.6165119247000002,-0.05918537872,-0.02229527012,0.01402912422,0.01656043744,0.06894515358,0.10580774562,0.1011954642199999
7721,65,Urban,IGT,2.0,,,64.0,2.0,5.96,5.16,0.21946235992,0.27796305806,0.15075882644,0.23217653184,0.16241312192,0.25933353806,7.38998471294,1.6165119247000002,-0.05918537872,-0.02229527012,0.01402912422,0.01656043744,0.06894515358,0.10580774562,0.1011954642199999
7722,65,Urban,IGT,3.0,,,64.0,2.0,5.96,5.16,0.21946235992,0.27796305806,0.15075882644,0.23217653184,0.16241312192,0.25933353806,7.38998471294,1.6165119247000002,-0.05918537872,-0.02229527012,0.01402912422,0.01656043744,0.06894515358,0.10580774562,0.1011954642199999
7723,65,Urban,IGT,4.0,,,64.0,2.0,5.96,5.16,0.21946235992,0.27796305806,0.15075882644,0.23217653184,0.16241312192,0.25933353806,7.38998471294,1.6165119247000002,-0.05918537872,-0.02229527012,0.01402912422,0.01656043744,0.06894515358,0.10580774562,0.1011954642199999
7724,65,Urban,IGT,5.0,,,64.0,2.0,5.96,5.16,0.21946235992,0.27796305806,0.15075882644,0.23217653184,0.16241312192,0.25933353806,7.38998471294,1.6165119247000002,-0.05918537872,-0.02229527012,0.01402912422,0.01656043744,0.06894515358,0.10580774562,0.1011954642199999
7725,65,Urban,IGT,6.0,,,64.0,2.0,5.96,5.16,0.21946235992,0.27796305806,0.15075882644,0.23217653184,0.16241312192,0.25933353806,7.38998471294,1.6165119247000002,-0.05918537872,-0.02229527012,0.01402912422,0.01656043744,0.06894515358,0.10580774562,0.1011954642199999
7726,65,Urban,IGT,7.0,,,64.0,2.0,5.96,5.16,0.21946235992,0.27796305806,0.15075882644,0.23217653184,0.16241312192,0.25933353806,7.38998471294,1.6165119247000002,-0.05918537872,-0.02229527012,0.01402912422,0.01656043744,0.06894515358,0.10580774562,0.1011954642199999
7727,65,Urban,IGT,8.0,,,64.0,2.0,5.96,5.16,0.21946235992,0.27796305806,0.15075882644,0.23217653184,0.16241312192,0.25933353806,7.38998471294,1.6165119247000002,-0.05918537872,-0.02229527012,0.01402912422,0.01656043744,0.06894515358,0.10580774562,0.1011954642199999
7728,65,Urban,IGT,9.0,,,64.0,2.0,5.96,5.16,0.21946235992,0.27796305806,0.15075882644,0.23217653184,0.16241312192,0.25933353806,7.38998471294,1.6165119247000002,-0.05918537872,-0.02229527012,0.01402912422,0.01656043744,0.06894515358,0.10580774562,0.1011954642199999
7729,65,Urban,IGT,10.0,,,64.0,2.0,5.96,5.16,0.21946235992,0.27796305806,0.15075882644,0.23217653184,0.16241312192,0.25933353806,7.38998471294,1.6165119247000002,-0.05918537872,-0.02229527012,0.01402912422,0.01656043744,0.06894515358,0.10580774562,0.1011954642199999
7730,65,Urban,IGT,11.0,0.6,0.5,64.0,2.0,5.96,5.16,0.21946235992,0.27796305806,0.15075882644,0.23217653184,0.16241312192,0.25933353806,7.38998471294,1.6165119247000002,-0.05918537872,-0.02229527012,0.01402912422,0.01656043744,0.06894515358,0.10580774562,0.1011954642199999
7731,65,Urban,IGT,12.0,0.4,0.5,64.0,2.0,5.96,5.16,0.21946235992,0.27796305806,0.15075882644,0.23217653184,0.16241312192,0.25933353806,7.38998471294,1.6165119247000002,-0.05918537872,-0.02229527012,0.01402912422,0.01656043744,0.06894515358,0.10580774562,0.1011954642199999
7732,65,Urban,IGT,13.0,0.2,0.7,64.0,2.0,5.96,5.16,0.21946235992,0.27796305806,0.15075882644,0.23217653184,0.16241312192,0.25933353806,7.38998471294,1.6165119247000002,-0.05918537872,-0.02229527012,0.01402912422,0.01656043744,0.06894515358,0.10580774562,0.1011954642199999
7733,65,Urban,IGT,14.0,0.5,0.7,64.0,2.0,5.96,5.16,0.21946235992,0.27796305806,0.15075882644,0.23217653184,0.16241312192,0.25933353806,7.38998471294,1.6165119247000002,-0.05918537872,-0.02229527012,0.01402912422,0.01656043744,0.06894515358,0.10580774562,0.1011954642199999
7734,65,Urban,IGT,15.0,0.2,0.6,64.0,2.0,5.96,5.16,0.21946235992,0.27796305806,0.15075882644,0.23217653184,0.16241312192,0.25933353806,7.38998471294,1.6165119247000002,-0.05918537872,-0.02229527012,0.01402912422,0.01656043744,0.06894515358,0.10580774562,0.1011954642199999
7735,65,Urban,IGT,16.0,0.2,0.5,64.0,2.0,5.96,5.16,0.21946235992,0.27796305806,0.15075882644,0.23217653184,0.16241312192,0.25933353806,7.38998471294,1.6165119247000002,-0.05918537872,-0.02229527012,0.01402912422,0.01656043744,0.06894515358,0.10580774562,0.1011954642199999
7736,65,Urban,IGT,17.0,0.8,0.7,64.0,2.0,5.96,5.16,0.21946235992,0.27796305806,0.15075882644,0.23217653184,0.16241312192,0.25933353806,7.38998471294,1.6165119247000002,-0.05918537872,-0.02229527012,0.01402912422,0.01656043744,0.06894515358,0.10580774562,0.1011954642199999
7737,65,Urban,IGT,18.0,0.6,0.7,64.0,2.0,5.96,5.16,0.21946235992,0.27796305806,0.15075882644,0.23217653184,0.16241312192,0.25933353806,7.38998471294,1.6165119247000002,-0.05918537872,-0.02229527012,0.01402912422,0.01656043744,0.06894515358,0.10580774562,0.1011954642199999
7738,65,Urban,IGT,19.0,0.4,1.0,64.0,2.0,5.96,5.16,0.21946235992,0.27796305806,0.15075882644,0.23217653184,0.16241312192,0.25933353806,7.38998471294,1.6165119247000002,-0.05918537872,-0.02229527012,0.01402912422,0.01656043744,0.06894515358,0.10580774562,0.1011954642199999
7739,65,Urban,IGT,20.0,0.2,0.9,64.0,2.0,5.96,5.16,0.21946235992,0.27796305806,0.15075882644,0.23217653184,0.16241312192,0.25933353806,7.38998471294,1.6165119247000002,-0.05918537872,-0.02229527012,0.01402912422,0.01656043744,0.06894515358,0.10580774562,0.1011954642199999
7760,65,Control,IGT,1.0,,,,,,,,,,,,,,,,,,,,,
7761,65,Control,IGT,2.0,,,,,,,,,,,,,,,,,,,,,
7762,65,Control,IGT,3.0,,,,,,,,,,,,,,,,,,,,,
7763,65,Control,IGT,4.0,,,,,,,,,,,,,,,,,,,,,
7764,65,Control,IGT,5.0,,,,,,,,,,,,,,,,,,,,,
7765,65,Control,IGT,6.0,,,,,,,,,,,,,,,,,,,,,
7766,65,Control,IGT,7.0,,,,,,,,,,,,,,,,,,,,,
7767,65,Control,IGT,8.0,,,,,,,,,,,,,,,,,,,,,
7768,65,Control,IGT,9.0,,,,,,,,,,,,,,,,,,,,,
7769,65,Control,IGT,10.0,,,,,,,,,,,,,,,,,,,,,
7770,65,Control,IGT,11.0,,,,,,,,,,,,,,,,,,,,,
7771,65,Control,IGT,12.0,,,,,,,,,,,,,,,,,,,,,
7772,65,Control,IGT,13.0,,,,,,,,,,,,,,,,,,,,,
7773,65,Control,IGT,14.0,,,,,,,,,,,,,,,,,,,,,
7774,65,Control,IGT,15.0,,,,,,,,,,,,,,,,,,,,,
7775,65,Control,IGT,16.0,,,,,,,,,,,,,,,,,,,,,
7776,65,Control,IGT,17.0,,,,,,,,,,,,,,,,,,,,,
7777,65,Control,IGT,18.0,,,,,,,,,,,,,,,,,,,,,
7778,65,Control,IGT,19.0,,,,,,,,,,,,,,,,,,,,,
7779,65,Control,IGT,20.0,,,,,,,,,,,,,,,,,,,,,
7800,66,Nature,IGT,1.0,,,,,,,,,,,,,,,,,,,,,
7801,66,Nature,IGT,2.0,,,,,,,,,,,,,,,,,,,,,
7802,66,Nature,IGT,3.0,,,,,,,,,,,,,,,,,,,,,
7803,66,Nature,IGT,4.0,,,,,,,,,,,,,,,,,,,,,
7804,66,Nature,IGT,5.0,,,,,,,,,,,,,,,,,,,,,
7805,66,Nature,IGT,6.0,,,,,,,,,,,,,,,,,,,,,
7806,66,Nature,IGT,7.0,,,,,,,,,,,,,,,,,,,,,
7807,66,Nature,IGT,8.0,,,,,,,,,,,,,,,,,,,,,
7808,66,Nature,IGT,9.0,,,,,,,,,,,,,,,,,,,,,
7809,66,Nature,IGT,10.0,,,,,,,,,,,,,,,,,,,,,
7810,66,Nature,IGT,11.0,,,,,,,,,,,,,,,,,,,,,
7811,66,Nature,IGT,12.0,,,,,,,,,,,,,,,,,,,,,
7812,66,Nature,IGT,13.0,,,,,,,,,,,,,,,,,,,,,
7813,66,Nature,IGT,14.0,,,,,,,,,,,,,,,,,,,,,
7814,66,Nature,IGT,15.0,,,,,,,,,,,,,,,,,,,,,
7815,66,Nature,IGT,16.0,,,,,,,,,,,,,,,,,,,,,
7816,66,Nature,IGT,17.0,,,,,,,,,,,,,,,,,,,,,
7817,66,Nature,IGT,18.0,,,,,,,,,,,,,,,,,,,,,
7818,66,Nature,IGT,19.0,,,,,,,,,,,,,,,,,,,,,
7819,66,Nature,IGT,20.0,,,,,,,,,,,,,,,,,,,,,
7840,66,Urban,IGT,1.0,,,,,,,,,,,,,,,,,,,,,
7841,66,Urban,IGT,2.0,,,,,,,,,,,,,,,,,,,,,
7842,66,Urban,IGT,3.0,,,,,,,,,,,,,,,,,,,,,
7843,66,Urban,IGT,4.0,,,,,,,,,,,,,,,,,,,,,
7844,66,Urban,IGT,5.0,,,,,,,,,,,,,,,,,,,,,
7845,66,Urban,IGT,6.0,,,,,,,,,,,,,,,,,,,,,
7846,66,Urban,IGT,7.0,,,,,,,,,,,,,,,,,,,,,
7847,66,Urban,IGT,8.0,,,,,,,,,,,,,,,,,,,,,
7848,66,Urban,IGT,9.0,,,,,,,,,,,,,,,,,,,,,
7849,66,Urban,IGT,10.0,,,,,,,,,,,,,,,,,,,,,
7850,66,Urban,IGT,11.0,,,,,,,,,,,,,,,,,,,,,
7851,66,Urban,IGT,12.0,,,,,,,,,,,,,,,,,,,,,
7852,66,Urban,IGT,13.0,,,,,,,,,,,,,,,,,,,,,
7853,66,Urban,IGT,14.0,,,,,,,,,,,,,,,,,,,,,
7854,66,Urban,IGT,15.0,,,,,,,,,,,,,,,,,,,,,
7855,66,Urban,IGT,16.0,,,,,,,,,,,,,,,,,,,,,
7856,66,Urban,IGT,17.0,,,,,,,,,,,,,,,,,,,,,
7857,66,Urban,IGT,18.0,,,,,,,,,,,,,,,,,,,,,
7858,66,Urban,IGT,19.0,,,,,,,,,,,,,,,,,,,,,
7859,66,Urban,IGT,20.0,,,,,,,,,,,,,,,,,,,,,
7880,66,Control,IGT,1.0,,,65.0,4.08,4.46,4.84,,,,,,,,,,,,,,,
7881,66,Control,IGT,2.0,,,65.0,4.08,4.46,4.84,,,,,,,,,,,,,,,
7882,66,Control,IGT,3.0,,,65.0,4.08,4.46,4.84,,,,,,,,,,,,,,,
7883,66,Control,IGT,4.0,,,65.0,4.08,4.46,4.84,,,,,,,,,,,,,,,
7884,66,Control,IGT,5.0,,,65.0,4.08,4.46,4.84,,,,,,,,,,,,,,,
7885,66,Control,IGT,6.0,,,65.0,4.08,4.46,4.84,,,,,,,,,,,,,,,
7886,66,Control,IGT,7.0,,,65.0,4.08,4.46,4.84,,,,,,,,,,,,,,,
7887,66,Control,IGT,8.0,,,65.0,4.08,4.46,4.84,,,,,,,,,,,,,,,
7888,66,Control,IGT,9.0,,,65.0,4.08,4.46,4.84,,,,,,,,,,,,,,,
7889,66,Control,IGT,10.0,,,65.0,4.08,4.46,4.84,,,,,,,,,,,,,,,
7890,66,Control,IGT,11.0,0.2,0.6,65.0,4.08,4.46,4.84,,,,,,,,,,,,,,,
7891,66,Control,IGT,12.0,0.1,0.9,65.0,4.08,4.46,4.84,,,,,,,,,,,,,,,
7892,66,Control,IGT,13.0,0.2,0.7,65.0,4.08,4.46,4.84,,,,,,,,,,,,,,,
7893,66,Control,IGT,14.0,0.2,0.9,65.0,4.08,4.46,4.84,,,,,,,,,,,,,,,
7894,66,Control,IGT,15.0,0.6,0.3,65.0,4.08,4.46,4.84,,,,,,,,,,,,,,,
7895,66,Control,IGT,16.0,0.2,0.7,65.0,4.08,4.46,4.84,,,,,,,,,,,,,,,
7896,66,Control,IGT,17.0,0.4,0.7,65.0,4.08,4.46,4.84,,,,,,,,,,,,,,,
7897,66,Control,IGT,18.0,0.3,0.5,65.0,4.08,4.46,4.84,,,,,,,,,,,,,,,
7898,66,Control,IGT,19.0,0.4,0.7,65.0,4.08,4.46,4.84,,,,,,,,,,,,,,,
7899,66,Control,IGT,20.0,0.2,0.7,65.0,4.08,4.46,4.84,,,,,,,,,,,,,,,
7920,67,Nature,IGT,1.0,,,66.0,5.14,5.12,5.3,0.15923342848,-0.03369360696,0.23474270654,0.1591842116,0.21112427204,0.25988517804,7.517349331,6.17049793022,-0.05892438086,0.00493402064,-0.0062694031,-0.0189355308,0.02011941968,0.13846686708,0.18717127872
7921,67,Nature,IGT,2.0,,,66.0,5.14,5.12,5.3,0.15923342848,-0.03369360696,0.23474270654,0.1591842116,0.21112427204,0.25988517804,7.517349331,6.17049793022,-0.05892438086,0.00493402064,-0.0062694031,-0.0189355308,0.02011941968,0.13846686708,0.18717127872
7922,67,Nature,IGT,3.0,,,66.0,5.14,5.12,5.3,0.15923342848,-0.03369360696,0.23474270654,0.1591842116,0.21112427204,0.25988517804,7.517349331,6.17049793022,-0.05892438086,0.00493402064,-0.0062694031,-0.0189355308,0.02011941968,0.13846686708,0.18717127872
7923,67,Nature,IGT,4.0,,,66.0,5.14,5.12,5.3,0.15923342848,-0.03369360696,0.23474270654,0.1591842116,0.21112427204,0.25988517804,7.517349331,6.17049793022,-0.05892438086,0.00493402064,-0.0062694031,-0.0189355308,0.02011941968,0.13846686708,0.18717127872
7924,67,Nature,IGT,5.0,,,66.0,5.14,5.12,5.3,0.15923342848,-0.03369360696,0.23474270654,0.1591842116,0.21112427204,0.25988517804,7.517349331,6.17049793022,-0.05892438086,0.00493402064,-0.0062694031,-0.0189355308,0.02011941968,0.13846686708,0.18717127872
7925,67,Nature,IGT,6.0,,,66.0,5.14,5.12,5.3,0.15923342848,-0.03369360696,0.23474270654,0.1591842116,0.21112427204,0.25988517804,7.517349331,6.17049793022,-0.05892438086,0.00493402064,-0.0062694031,-0.0189355308,0.02011941968,0.13846686708,0.18717127872
7926,67,Nature,IGT,7.0,,,66.0,5.14,5.12,5.3,0.15923342848,-0.03369360696,0.23474270654,0.1591842116,0.21112427204,0.25988517804,7.517349331,6.17049793022,-0.05892438086,0.00493402064,-0.0062694031,-0.0189355308,0.02011941968,0.13846686708,0.18717127872
7927,67,Nature,IGT,8.0,,,66.0,5.14,5.12,5.3,0.15923342848,-0.03369360696,0.23474270654,0.1591842116,0.21112427204,0.25988517804,7.517349331,6.17049793022,-0.05892438086,0.00493402064,-0.0062694031,-0.0189355308,0.02011941968,0.13846686708,0.18717127872
7928,67,Nature,IGT,9.0,,,66.0,5.14,5.12,5.3,0.15923342848,-0.03369360696,0.23474270654,0.1591842116,0.21112427204,0.25988517804,7.517349331,6.17049793022,-0.05892438086,0.00493402064,-0.0062694031,-0.0189355308,0.02011941968,0.13846686708,0.18717127872
7929,67,Nature,IGT,10.0,,,66.0,5.14,5.12,5.3,0.15923342848,-0.03369360696,0.23474270654,0.1591842116,0.21112427204,0.25988517804,7.517349331,6.17049793022,-0.05892438086,0.00493402064,-0.0062694031,-0.0189355308,0.02011941968,0.13846686708,0.18717127872
7930,67,Nature,IGT,11.0,0.5,0.6,66.0,5.14,5.12,5.3,0.15923342848,-0.03369360696,0.23474270654,0.1591842116,0.21112427204,0.25988517804,7.517349331,6.17049793022,-0.05892438086,0.00493402064,-0.0062694031,-0.0189355308,0.02011941968,0.13846686708,0.18717127872
7931,67,Nature,IGT,12.0,0.5,0.4,66.0,5.14,5.12,5.3,0.15923342848,-0.03369360696,0.23474270654,0.1591842116,0.21112427204,0.25988517804,7.517349331,6.17049793022,-0.05892438086,0.00493402064,-0.0062694031,-0.0189355308,0.02011941968,0.13846686708,0.18717127872
7932,67,Nature,IGT,13.0,0.2,0.7,66.0,5.14,5.12,5.3,0.15923342848,-0.03369360696,0.23474270654,0.1591842116,0.21112427204,0.25988517804,7.517349331,6.17049793022,-0.05892438086,0.00493402064,-0.0062694031,-0.0189355308,0.02011941968,0.13846686708,0.18717127872
7933,67,Nature,IGT,14.0,0.7,0.9,66.0,5.14,5.12,5.3,0.15923342848,-0.03369360696,0.23474270654,0.1591842116,0.21112427204,0.25988517804,7.517349331,6.17049793022,-0.05892438086,0.00493402064,-0.0062694031,-0.0189355308,0.02011941968,0.13846686708,0.18717127872
7934,67,Nature,IGT,15.0,1.0,0.2,66.0,5.14,5.12,5.3,0.15923342848,-0.03369360696,0.23474270654,0.1591842116,0.21112427204,0.25988517804,7.517349331,6.17049793022,-0.05892438086,0.00493402064,-0.0062694031,-0.0189355308,0.02011941968,0.13846686708,0.18717127872
7935,67,Nature,IGT,16.0,0.8,0.7,66.0,5.14,5.12,5.3,0.15923342848,-0.03369360696,0.23474270654,0.1591842116,0.21112427204,0.25988517804,7.517349331,6.17049793022,-0.05892438086,0.00493402064,-0.0062694031,-0.0189355308,0.02011941968,0.13846686708,0.18717127872
7936,67,Nature,IGT,17.0,0.4,0.9,66.0,5.14,5.12,5.3,0.15923342848,-0.03369360696,0.23474270654,0.1591842116,0.21112427204,0.25988517804,7.517349331,6.17049793022,-0.05892438086,0.00493402064,-0.0062694031,-0.0189355308,0.02011941968,0.13846686708,0.18717127872
7937,67,Nature,IGT,18.0,0.5,0.3,66.0,5.14,5.12,5.3,0.15923342848,-0.03369360696,0.23474270654,0.1591842116,0.21112427204,0.25988517804,7.517349331,6.17049793022,-0.05892438086,0.00493402064,-0.0062694031,-0.0189355308,0.02011941968,0.13846686708,0.18717127872
7938,67,Nature,IGT,19.0,0.7,1.0,66.0,5.14,5.12,5.3,0.15923342848,-0.03369360696,0.23474270654,0.1591842116,0.21112427204,0.25988517804,7.517349331,6.17049793022,-0.05892438086,0.00493402064,-0.0062694031,-0.0189355308,0.02011941968,0.13846686708,0.18717127872
7939,67,Nature,IGT,20.0,0.8,1.0,66.0,5.14,5.12,5.3,0.15923342848,-0.03369360696,0.23474270654,0.1591842116,0.21112427204,0.25988517804,7.517349331,6.17049793022,-0.05892438086,0.00493402064,-0.0062694031,-0.0189355308,0.02011941968,0.13846686708,0.18717127872
7960,67,Urban,IGT,1.0,,,,,,,,,,,,,,,,,,,,,
7961,67,Urban,IGT,2.0,,,,,,,,,,,,,,,,,,,,,
7962,67,Urban,IGT,3.0,,,,,,,,,,,,,,,,,,,,,
7963,67,Urban,IGT,4.0,,,,,,,,,,,,,,,,,,,,,
7964,67,Urban,IGT,5.0,,,,,,,,,,,,,,,,,,,,,
7965,67,Urban,IGT,6.0,,,,,,,,,,,,,,,,,,,,,
7966,67,Urban,IGT,7.0,,,,,,,,,,,,,,,,,,,,,
7967,67,Urban,IGT,8.0,,,,,,,,,,,,,,,,,,,,,
7968,67,Urban,IGT,9.0,,,,,,,,,,,,,,,,,,,,,
7969,67,Urban,IGT,10.0,,,,,,,,,,,,,,,,,,,,,
7970,67,Urban,IGT,11.0,,,,,,,,,,,,,,,,,,,,,
7971,67,Urban,IGT,12.0,,,,,,,,,,,,,,,,,,,,,
7972,67,Urban,IGT,13.0,,,,,,,,,,,,,,,,,,,,,
7973,67,Urban,IGT,14.0,,,,,,,,,,,,,,,,,,,,,
7974,67,Urban,IGT,15.0,,,,,,,,,,,,,,,,,,,,,
7975,67,Urban,IGT,16.0,,,,,,,,,,,,,,,,,,,,,
7976,67,Urban,IGT,17.0,,,,,,,,,,,,,,,,,,,,,
7977,67,Urban,IGT,18.0,,,,,,,,,,,,,,,,,,,,,
7978,67,Urban,IGT,19.0,,,,,,,,,,,,,,,,,,,,,
7979,67,Urban,IGT,20.0,,,,,,,,,,,,,,,,,,,,,
8000,67,Control,IGT,1.0,,,,,,,,,,,,,,,,,,,,,
8001,67,Control,IGT,2.0,,,,,,,,,,,,,,,,,,,,,
8002,67,Control,IGT,3.0,,,,,,,,,,,,,,,,,,,,,
8003,67,Control,IGT,4.0,,,,,,,,,,,,,,,,,,,,,
8004,67,Control,IGT,5.0,,,,,,,,,,,,,,,,,,,,,
8005,67,Control,IGT,6.0,,,,,,,,,,,,,,,,,,,,,
8006,67,Control,IGT,7.0,,,,,,,,,,,,,,,,,,,,,
8007,67,Control,IGT,8.0,,,,,,,,,,,,,,,,,,,,,
8008,67,Control,IGT,9.0,,,,,,,,,,,,,,,,,,,,,
8009,67,Control,IGT,10.0,,,,,,,,,,,,,,,,,,,,,
8010,67,Control,IGT,11.0,,,,,,,,,,,,,,,,,,,,,
8011,67,Control,IGT,12.0,,,,,,,,,,,,,,,,,,,,,
8012,67,Control,IGT,13.0,,,,,,,,,,,,,,,,,,,,,
8013,67,Control,IGT,14.0,,,,,,,,,,,,,,,,,,,,,
8014,67,Control,IGT,15.0,,,,,,,,,,,,,,,,,,,,,
8015,67,Control,IGT,16.0,,,,,,,,,,,,,,,,,,,,,
8016,67,Control,IGT,17.0,,,,,,,,,,,,,,,,,,,,,
8017,67,Control,IGT,18.0,,,,,,,,,,,,,,,,,,,,,
8018,67,Control,IGT,19.0,,,,,,,,,,,,,,,,,,,,,
8019,67,Control,IGT,20.0,,,,,,,,,,,,,,,,,,,,,
8040,68,Nature,IGT,1.0,,,,,,,,,,,,,,,,,,,,,
8041,68,Nature,IGT,2.0,,,,,,,,,,,,,,,,,,,,,
8042,68,Nature,IGT,3.0,,,,,,,,,,,,,,,,,,,,,
8043,68,Nature,IGT,4.0,,,,,,,,,,,,,,,,,,,,,
8044,68,Nature,IGT,5.0,,,,,,,,,,,,,,,,,,,,,
8045,68,Nature,IGT,6.0,,,,,,,,,,,,,,,,,,,,,
8046,68,Nature,IGT,7.0,,,,,,,,,,,,,,,,,,,,,
8047,68,Nature,IGT,8.0,,,,,,,,,,,,,,,,,,,,,
8048,68,Nature,IGT,9.0,,,,,,,,,,,,,,,,,,,,,
8049,68,Nature,IGT,10.0,,,,,,,,,,,,,,,,,,,,,
8050,68,Nature,IGT,11.0,,,,,,,,,,,,,,,,,,,,,
8051,68,Nature,IGT,12.0,,,,,,,,,,,,,,,,,,,,,
8052,68,Nature,IGT,13.0,,,,,,,,,,,,,,,,,,,,,
8053,68,Nature,IGT,14.0,,,,,,,,,,,,,,,,,,,,,
8054,68,Nature,IGT,15.0,,,,,,,,,,,,,,,,,,,,,
8055,68,Nature,IGT,16.0,,,,,,,,,,,,,,,,,,,,,
8056,68,Nature,IGT,17.0,,,,,,,,,,,,,,,,,,,,,
8057,68,Nature,IGT,18.0,,,,,,,,,,,,,,,,,,,,,
8058,68,Nature,IGT,19.0,,,,,,,,,,,,,,,,,,,,,
8059,68,Nature,IGT,20.0,,,,,,,,,,,,,,,,,,,,,
8080,68,Urban,IGT,1.0,,,,,,,,,,,,,,,,,,,,,
8081,68,Urban,IGT,2.0,,,,,,,,,,,,,,,,,,,,,
8082,68,Urban,IGT,3.0,,,,,,,,,,,,,,,,,,,,,
8083,68,Urban,IGT,4.0,,,,,,,,,,,,,,,,,,,,,
8084,68,Urban,IGT,5.0,,,,,,,,,,,,,,,,,,,,,
8085,68,Urban,IGT,6.0,,,,,,,,,,,,,,,,,,,,,
8086,68,Urban,IGT,7.0,,,,,,,,,,,,,,,,,,,,,
8087,68,Urban,IGT,8.0,,,,,,,,,,,,,,,,,,,,,
8088,68,Urban,IGT,9.0,,,,,,,,,,,,,,,,,,,,,
8089,68,Urban,IGT,10.0,,,,,,,,,,,,,,,,,,,,,
8090,68,Urban,IGT,11.0,,,,,,,,,,,,,,,,,,,,,
8091,68,Urban,IGT,12.0,,,,,,,,,,,,,,,,,,,,,
8092,68,Urban,IGT,13.0,,,,,,,,,,,,,,,,,,,,,
8093,68,Urban,IGT,14.0,,,,,,,,,,,,,,,,,,,,,
8094,68,Urban,IGT,15.0,,,,,,,,,,,,,,,,,,,,,
8095,68,Urban,IGT,16.0,,,,,,,,,,,,,,,,,,,,,
8096,68,Urban,IGT,17.0,,,,,,,,,,,,,,,,,,,,,
8097,68,Urban,IGT,18.0,,,,,,,,,,,,,,,,,,,,,
8098,68,Urban,IGT,19.0,,,,,,,,,,,,,,,,,,,,,
8099,68,Urban,IGT,20.0,,,,,,,,,,,,,,,,,,,,,
8120,68,Control,IGT,1.0,,,67.0,3.48,4.0,3.68,,,,,,,,,,,,,,,
8121,68,Control,IGT,2.0,,,67.0,3.48,4.0,3.68,,,,,,,,,,,,,,,
8122,68,Control,IGT,3.0,,,67.0,3.48,4.0,3.68,,,,,,,,,,,,,,,
8123,68,Control,IGT,4.0,,,67.0,3.48,4.0,3.68,,,,,,,,,,,,,,,
8124,68,Control,IGT,5.0,,,67.0,3.48,4.0,3.68,,,,,,,,,,,,,,,
8125,68,Control,IGT,6.0,,,67.0,3.48,4.0,3.68,,,,,,,,,,,,,,,
8126,68,Control,IGT,7.0,,,67.0,3.48,4.0,3.68,,,,,,,,,,,,,,,
8127,68,Control,IGT,8.0,,,67.0,3.48,4.0,3.68,,,,,,,,,,,,,,,
8128,68,Control,IGT,9.0,,,67.0,3.48,4.0,3.68,,,,,,,,,,,,,,,
8129,68,Control,IGT,10.0,,,67.0,3.48,4.0,3.68,,,,,,,,,,,,,,,
8130,68,Control,IGT,11.0,0.5,0.4,67.0,3.48,4.0,3.68,,,,,,,,,,,,,,,
8131,68,Control,IGT,12.0,0.2,0.6,67.0,3.48,4.0,3.68,,,,,,,,,,,,,,,
8132,68,Control,IGT,13.0,0.4,0.4,67.0,3.48,4.0,3.68,,,,,,,,,,,,,,,
8133,68,Control,IGT,14.0,0.3,0.7,67.0,3.48,4.0,3.68,,,,,,,,,,,,,,,
8134,68,Control,IGT,15.0,0.3,0.6,67.0,3.48,4.0,3.68,,,,,,,,,,,,,,,
8135,68,Control,IGT,16.0,0.5,0.5,67.0,3.48,4.0,3.68,,,,,,,,,,,,,,,
8136,68,Control,IGT,17.0,0.3,0.6,67.0,3.48,4.0,3.68,,,,,,,,,,,,,,,
8137,68,Control,IGT,18.0,0.5,0.4,67.0,3.48,4.0,3.68,,,,,,,,,,,,,,,
8138,68,Control,IGT,19.0,0.4,0.4,67.0,3.48,4.0,3.68,,,,,,,,,,,,,,,
8139,68,Control,IGT,20.0,0.4,0.6,67.0,3.48,4.0,3.68,,,,,,,,,,,,,,,
8160,69,Nature,IGT,1.0,,,68.0,5.8,5.18,5.84,0.15497366322,-0.04425066908,0.21882564804,0.1578097729199999,0.21679775182,0.27356348118,7.4966072076,6.31710712002,-0.06410487746,0.0207511007,0.00556989596,-0.01187776476,0.0192634565,0.13700470562,0.19137004504
8161,69,Nature,IGT,2.0,,,68.0,5.8,5.18,5.84,0.15497366322,-0.04425066908,0.21882564804,0.1578097729199999,0.21679775182,0.27356348118,7.4966072076,6.31710712002,-0.06410487746,0.0207511007,0.00556989596,-0.01187776476,0.0192634565,0.13700470562,0.19137004504
8162,69,Nature,IGT,3.0,,,68.0,5.8,5.18,5.84,0.15497366322,-0.04425066908,0.21882564804,0.1578097729199999,0.21679775182,0.27356348118,7.4966072076,6.31710712002,-0.06410487746,0.0207511007,0.00556989596,-0.01187776476,0.0192634565,0.13700470562,0.19137004504
8163,69,Nature,IGT,4.0,,,68.0,5.8,5.18,5.84,0.15497366322,-0.04425066908,0.21882564804,0.1578097729199999,0.21679775182,0.27356348118,7.4966072076,6.31710712002,-0.06410487746,0.0207511007,0.00556989596,-0.01187776476,0.0192634565,0.13700470562,0.19137004504
8164,69,Nature,IGT,5.0,,,68.0,5.8,5.18,5.84,0.15497366322,-0.04425066908,0.21882564804,0.1578097729199999,0.21679775182,0.27356348118,7.4966072076,6.31710712002,-0.06410487746,0.0207511007,0.00556989596,-0.01187776476,0.0192634565,0.13700470562,0.19137004504
8165,69,Nature,IGT,6.0,,,68.0,5.8,5.18,5.84,0.15497366322,-0.04425066908,0.21882564804,0.1578097729199999,0.21679775182,0.27356348118,7.4966072076,6.31710712002,-0.06410487746,0.0207511007,0.00556989596,-0.01187776476,0.0192634565,0.13700470562,0.19137004504
8166,69,Nature,IGT,7.0,,,68.0,5.8,5.18,5.84,0.15497366322,-0.04425066908,0.21882564804,0.1578097729199999,0.21679775182,0.27356348118,7.4966072076,6.31710712002,-0.06410487746,0.0207511007,0.00556989596,-0.01187776476,0.0192634565,0.13700470562,0.19137004504
8167,69,Nature,IGT,8.0,,,68.0,5.8,5.18,5.84,0.15497366322,-0.04425066908,0.21882564804,0.1578097729199999,0.21679775182,0.27356348118,7.4966072076,6.31710712002,-0.06410487746,0.0207511007,0.00556989596,-0.01187776476,0.0192634565,0.13700470562,0.19137004504
8168,69,Nature,IGT,9.0,,,68.0,5.8,5.18,5.84,0.15497366322,-0.04425066908,0.21882564804,0.1578097729199999,0.21679775182,0.27356348118,7.4966072076,6.31710712002,-0.06410487746,0.0207511007,0.00556989596,-0.01187776476,0.0192634565,0.13700470562,0.19137004504
8169,69,Nature,IGT,10.0,,,68.0,5.8,5.18,5.84,0.15497366322,-0.04425066908,0.21882564804,0.1578097729199999,0.21679775182,0.27356348118,7.4966072076,6.31710712002,-0.06410487746,0.0207511007,0.00556989596,-0.01187776476,0.0192634565,0.13700470562,0.19137004504
8170,69,Nature,IGT,11.0,0.8,0.2,68.0,5.8,5.18,5.84,0.15497366322,-0.04425066908,0.21882564804,0.1578097729199999,0.21679775182,0.27356348118,7.4966072076,6.31710712002,-0.06410487746,0.0207511007,0.00556989596,-0.01187776476,0.0192634565,0.13700470562,0.19137004504
8171,69,Nature,IGT,12.0,0.6,0.7,68.0,5.8,5.18,5.84,0.15497366322,-0.04425066908,0.21882564804,0.1578097729199999,0.21679775182,0.27356348118,7.4966072076,6.31710712002,-0.06410487746,0.0207511007,0.00556989596,-0.01187776476,0.0192634565,0.13700470562,0.19137004504
8172,69,Nature,IGT,13.0,0.3,0.6,68.0,5.8,5.18,5.84,0.15497366322,-0.04425066908,0.21882564804,0.1578097729199999,0.21679775182,0.27356348118,7.4966072076,6.31710712002,-0.06410487746,0.0207511007,0.00556989596,-0.01187776476,0.0192634565,0.13700470562,0.19137004504
8173,69,Nature,IGT,14.0,0.7,0.4,68.0,5.8,5.18,5.84,0.15497366322,-0.04425066908,0.21882564804,0.1578097729199999,0.21679775182,0.27356348118,7.4966072076,6.31710712002,-0.06410487746,0.0207511007,0.00556989596,-0.01187776476,0.0192634565,0.13700470562,0.19137004504
8174,69,Nature,IGT,15.0,1.0,0.1,68.0,5.8,5.18,5.84,0.15497366322,-0.04425066908,0.21882564804,0.1578097729199999,0.21679775182,0.27356348118,7.4966072076,6.31710712002,-0.06410487746,0.0207511007,0.00556989596,-0.01187776476,0.0192634565,0.13700470562,0.19137004504
8175,69,Nature,IGT,16.0,1.0,0.0,68.0,5.8,5.18,5.84,0.15497366322,-0.04425066908,0.21882564804,0.1578097729199999,0.21679775182,0.27356348118,7.4966072076,6.31710712002,-0.06410487746,0.0207511007,0.00556989596,-0.01187776476,0.0192634565,0.13700470562,0.19137004504
8176,69,Nature,IGT,17.0,1.0,0.0,68.0,5.8,5.18,5.84,0.15497366322,-0.04425066908,0.21882564804,0.1578097729199999,0.21679775182,0.27356348118,7.4966072076,6.31710712002,-0.06410487746,0.0207511007,0.00556989596,-0.01187776476,0.0192634565,0.13700470562,0.19137004504
8177,69,Nature,IGT,18.0,1.0,0.0,68.0,5.8,5.18,5.84,0.15497366322,-0.04425066908,0.21882564804,0.1578097729199999,0.21679775182,0.27356348118,7.4966072076,6.31710712002,-0.06410487746,0.0207511007,0.00556989596,-0.01187776476,0.0192634565,0.13700470562,0.19137004504
8178,69,Nature,IGT,19.0,1.0,0.0,68.0,5.8,5.18,5.84,0.15497366322,-0.04425066908,0.21882564804,0.1578097729199999,0.21679775182,0.27356348118,7.4966072076,6.31710712002,-0.06410487746,0.0207511007,0.00556989596,-0.01187776476,0.0192634565,0.13700470562,0.19137004504
8179,69,Nature,IGT,20.0,1.0,0.0,68.0,5.8,5.18,5.84,0.15497366322,-0.04425066908,0.21882564804,0.1578097729199999,0.21679775182,0.27356348118,7.4966072076,6.31710712002,-0.06410487746,0.0207511007,0.00556989596,-0.01187776476,0.0192634565,0.13700470562,0.19137004504
8200,69,Urban,IGT,1.0,,,,,,,,,,,,,,,,,,,,,
8201,69,Urban,IGT,2.0,,,,,,,,,,,,,,,,,,,,,
8202,69,Urban,IGT,3.0,,,,,,,,,,,,,,,,,,,,,
8203,69,Urban,IGT,4.0,,,,,,,,,,,,,,,,,,,,,
8204,69,Urban,IGT,5.0,,,,,,,,,,,,,,,,,,,,,
8205,69,Urban,IGT,6.0,,,,,,,,,,,,,,,,,,,,,
8206,69,Urban,IGT,7.0,,,,,,,,,,,,,,,,,,,,,
8207,69,Urban,IGT,8.0,,,,,,,,,,,,,,,,,,,,,
8208,69,Urban,IGT,9.0,,,,,,,,,,,,,,,,,,,,,
8209,69,Urban,IGT,10.0,,,,,,,,,,,,,,,,,,,,,
8210,69,Urban,IGT,11.0,,,,,,,,,,,,,,,,,,,,,
8211,69,Urban,IGT,12.0,,,,,,,,,,,,,,,,,,,,,
8212,69,Urban,IGT,13.0,,,,,,,,,,,,,,,,,,,,,
8213,69,Urban,IGT,14.0,,,,,,,,,,,,,,,,,,,,,
8214,69,Urban,IGT,15.0,,,,,,,,,,,,,,,,,,,,,
8215,69,Urban,IGT,16.0,,,,,,,,,,,,,,,,,,,,,
8216,69,Urban,IGT,17.0,,,,,,,,,,,,,,,,,,,,,
8217,69,Urban,IGT,18.0,,,,,,,,,,,,,,,,,,,,,
8218,69,Urban,IGT,19.0,,,,,,,,,,,,,,,,,,,,,
8219,69,Urban,IGT,20.0,,,,,,,,,,,,,,,,,,,,,
8240,69,Control,IGT,1.0,,,,,,,,,,,,,,,,,,,,,
8241,69,Control,IGT,2.0,,,,,,,,,,,,,,,,,,,,,
8242,69,Control,IGT,3.0,,,,,,,,,,,,,,,,,,,,,
8243,69,Control,IGT,4.0,,,,,,,,,,,,,,,,,,,,,
8244,69,Control,IGT,5.0,,,,,,,,,,,,,,,,,,,,,
8245,69,Control,IGT,6.0,,,,,,,,,,,,,,,,,,,,,
8246,69,Control,IGT,7.0,,,,,,,,,,,,,,,,,,,,,
8247,69,Control,IGT,8.0,,,,,,,,,,,,,,,,,,,,,
8248,69,Control,IGT,9.0,,,,,,,,,,,,,,,,,,,,,
8249,69,Control,IGT,10.0,,,,,,,,,,,,,,,,,,,,,
8250,69,Control,IGT,11.0,,,,,,,,,,,,,,,,,,,,,
8251,69,Control,IGT,12.0,,,,,,,,,,,,,,,,,,,,,
8252,69,Control,IGT,13.0,,,,,,,,,,,,,,,,,,,,,
8253,69,Control,IGT,14.0,,,,,,,,,,,,,,,,,,,,,
8254,69,Control,IGT,15.0,,,,,,,,,,,,,,,,,,,,,
8255,69,Control,IGT,16.0,,,,,,,,,,,,,,,,,,,,,
8256,69,Control,IGT,17.0,,,,,,,,,,,,,,,,,,,,,
8257,69,Control,IGT,18.0,,,,,,,,,,,,,,,,,,,,,
8258,69,Control,IGT,19.0,,,,,,,,,,,,,,,,,,,,,
8259,69,Control,IGT,20.0,,,,,,,,,,,,,,,,,,,,,
8280,70,Nature,IGT,1.0,,,69.0,4.9,4.18,5.7,0.15132691108,-0.17448829554,0.2268355436,0.1570658496,0.2173849977,0.26494215192,7.48044376184,6.2343242216800006,-0.0607000874,0.01126693206,-0.0014357001,-0.02419853062,0.01760383102,0.13824215832,0.19178410928
8281,70,Nature,IGT,2.0,,,69.0,4.9,4.18,5.7,0.15132691108,-0.17448829554,0.2268355436,0.1570658496,0.2173849977,0.26494215192,7.48044376184,6.2343242216800006,-0.0607000874,0.01126693206,-0.0014357001,-0.02419853062,0.01760383102,0.13824215832,0.19178410928
8282,70,Nature,IGT,3.0,,,69.0,4.9,4.18,5.7,0.15132691108,-0.17448829554,0.2268355436,0.1570658496,0.2173849977,0.26494215192,7.48044376184,6.2343242216800006,-0.0607000874,0.01126693206,-0.0014357001,-0.02419853062,0.01760383102,0.13824215832,0.19178410928
8283,70,Nature,IGT,4.0,,,69.0,4.9,4.18,5.7,0.15132691108,-0.17448829554,0.2268355436,0.1570658496,0.2173849977,0.26494215192,7.48044376184,6.2343242216800006,-0.0607000874,0.01126693206,-0.0014357001,-0.02419853062,0.01760383102,0.13824215832,0.19178410928
8284,70,Nature,IGT,5.0,,,69.0,4.9,4.18,5.7,0.15132691108,-0.17448829554,0.2268355436,0.1570658496,0.2173849977,0.26494215192,7.48044376184,6.2343242216800006,-0.0607000874,0.01126693206,-0.0014357001,-0.02419853062,0.01760383102,0.13824215832,0.19178410928
8285,70,Nature,IGT,6.0,,,69.0,4.9,4.18,5.7,0.15132691108,-0.17448829554,0.2268355436,0.1570658496,0.2173849977,0.26494215192,7.48044376184,6.2343242216800006,-0.0607000874,0.01126693206,-0.0014357001,-0.02419853062,0.01760383102,0.13824215832,0.19178410928
8286,70,Nature,IGT,7.0,,,69.0,4.9,4.18,5.7,0.15132691108,-0.17448829554,0.2268355436,0.1570658496,0.2173849977,0.26494215192,7.48044376184,6.2343242216800006,-0.0607000874,0.01126693206,-0.0014357001,-0.02419853062,0.01760383102,0.13824215832,0.19178410928
8287,70,Nature,IGT,8.0,,,69.0,4.9,4.18,5.7,0.15132691108,-0.17448829554,0.2268355436,0.1570658496,0.2173849977,0.26494215192,7.48044376184,6.2343242216800006,-0.0607000874,0.01126693206,-0.0014357001,-0.02419853062,0.01760383102,0.13824215832,0.19178410928
8288,70,Nature,IGT,9.0,,,69.0,4.9,4.18,5.7,0.15132691108,-0.17448829554,0.2268355436,0.1570658496,0.2173849977,0.26494215192,7.48044376184,6.2343242216800006,-0.0607000874,0.01126693206,-0.0014357001,-0.02419853062,0.01760383102,0.13824215832,0.19178410928
8289,70,Nature,IGT,10.0,,,69.0,4.9,4.18,5.7,0.15132691108,-0.17448829554,0.2268355436,0.1570658496,0.2173849977,0.26494215192,7.48044376184,6.2343242216800006,-0.0607000874,0.01126693206,-0.0014357001,-0.02419853062,0.01760383102,0.13824215832,0.19178410928
8290,70,Nature,IGT,11.0,0.2,0.4,69.0,4.9,4.18,5.7,0.15132691108,-0.17448829554,0.2268355436,0.1570658496,0.2173849977,0.26494215192,7.48044376184,6.2343242216800006,-0.0607000874,0.01126693206,-0.0014357001,-0.02419853062,0.01760383102,0.13824215832,0.19178410928
8291,70,Nature,IGT,12.0,0.4,1.0,69.0,4.9,4.18,5.7,0.15132691108,-0.17448829554,0.2268355436,0.1570658496,0.2173849977,0.26494215192,7.48044376184,6.2343242216800006,-0.0607000874,0.01126693206,-0.0014357001,-0.02419853062,0.01760383102,0.13824215832,0.19178410928
8292,70,Nature,IGT,13.0,0.6,0.5,69.0,4.9,4.18,5.7,0.15132691108,-0.17448829554,0.2268355436,0.1570658496,0.2173849977,0.26494215192,7.48044376184,6.2343242216800006,-0.0607000874,0.01126693206,-0.0014357001,-0.02419853062,0.01760383102,0.13824215832,0.19178410928
8293,70,Nature,IGT,14.0,1.0,0.0,69.0,4.9,4.18,5.7,0.15132691108,-0.17448829554,0.2268355436,0.1570658496,0.2173849977,0.26494215192,7.48044376184,6.2343242216800006,-0.0607000874,0.01126693206,-0.0014357001,-0.02419853062,0.01760383102,0.13824215832,0.19178410928
8294,70,Nature,IGT,15.0,0.8,0.2,69.0,4.9,4.18,5.7,0.15132691108,-0.17448829554,0.2268355436,0.1570658496,0.2173849977,0.26494215192,7.48044376184,6.2343242216800006,-0.0607000874,0.01126693206,-0.0014357001,-0.02419853062,0.01760383102,0.13824215832,0.19178410928
8295,70,Nature,IGT,16.0,0.7,1.0,69.0,4.9,4.18,5.7,0.15132691108,-0.17448829554,0.2268355436,0.1570658496,0.2173849977,0.26494215192,7.48044376184,6.2343242216800006,-0.0607000874,0.01126693206,-0.0014357001,-0.02419853062,0.01760383102,0.13824215832,0.19178410928
8296,70,Nature,IGT,17.0,0.1,1.0,69.0,4.9,4.18,5.7,0.15132691108,-0.17448829554,0.2268355436,0.1570658496,0.2173849977,0.26494215192,7.48044376184,6.2343242216800006,-0.0607000874,0.01126693206,-0.0014357001,-0.02419853062,0.01760383102,0.13824215832,0.19178410928
8297,70,Nature,IGT,18.0,0.2,0.5,69.0,4.9,4.18,5.7,0.15132691108,-0.17448829554,0.2268355436,0.1570658496,0.2173849977,0.26494215192,7.48044376184,6.2343242216800006,-0.0607000874,0.01126693206,-0.0014357001,-0.02419853062,0.01760383102,0.13824215832,0.19178410928
8298,70,Nature,IGT,19.0,1.0,0.0,69.0,4.9,4.18,5.7,0.15132691108,-0.17448829554,0.2268355436,0.1570658496,0.2173849977,0.26494215192,7.48044376184,6.2343242216800006,-0.0607000874,0.01126693206,-0.0014357001,-0.02419853062,0.01760383102,0.13824215832,0.19178410928
8299,70,Nature,IGT,20.0,1.0,0.0,69.0,4.9,4.18,5.7,0.15132691108,-0.17448829554,0.2268355436,0.1570658496,0.2173849977,0.26494215192,7.48044376184,6.2343242216800006,-0.0607000874,0.01126693206,-0.0014357001,-0.02419853062,0.01760383102,0.13824215832,0.19178410928
8320,70,Urban,IGT,1.0,,,,,,,,,,,,,,,,,,,,,
8321,70,Urban,IGT,2.0,,,,,,,,,,,,,,,,,,,,,
8322,70,Urban,IGT,3.0,,,,,,,,,,,,,,,,,,,,,
8323,70,Urban,IGT,4.0,,,,,,,,,,,,,,,,,,,,,
8324,70,Urban,IGT,5.0,,,,,,,,,,,,,,,,,,,,,
8325,70,Urban,IGT,6.0,,,,,,,,,,,,,,,,,,,,,
8326,70,Urban,IGT,7.0,,,,,,,,,,,,,,,,,,,,,
8327,70,Urban,IGT,8.0,,,,,,,,,,,,,,,,,,,,,
8328,70,Urban,IGT,9.0,,,,,,,,,,,,,,,,,,,,,
8329,70,Urban,IGT,10.0,,,,,,,,,,,,,,,,,,,,,
8330,70,Urban,IGT,11.0,,,,,,,,,,,,,,,,,,,,,
8331,70,Urban,IGT,12.0,,,,,,,,,,,,,,,,,,,,,
8332,70,Urban,IGT,13.0,,,,,,,,,,,,,,,,,,,,,
8333,70,Urban,IGT,14.0,,,,,,,,,,,,,,,,,,,,,
8334,70,Urban,IGT,15.0,,,,,,,,,,,,,,,,,,,,,
8335,70,Urban,IGT,16.0,,,,,,,,,,,,,,,,,,,,,
8336,70,Urban,IGT,17.0,,,,,,,,,,,,,,,,,,,,,
8337,70,Urban,IGT,18.0,,,,,,,,,,,,,,,,,,,,,
8338,70,Urban,IGT,19.0,,,,,,,,,,,,,,,,,,,,,
8339,70,Urban,IGT,20.0,,,,,,,,,,,,,,,,,,,,,
8360,70,Control,IGT,1.0,,,,,,,,,,,,,,,,,,,,,
8361,70,Control,IGT,2.0,,,,,,,,,,,,,,,,,,,,,
8362,70,Control,IGT,3.0,,,,,,,,,,,,,,,,,,,,,
8363,70,Control,IGT,4.0,,,,,,,,,,,,,,,,,,,,,
8364,70,Control,IGT,5.0,,,,,,,,,,,,,,,,,,,,,
8365,70,Control,IGT,6.0,,,,,,,,,,,,,,,,,,,,,
8366,70,Control,IGT,7.0,,,,,,,,,,,,,,,,,,,,,
8367,70,Control,IGT,8.0,,,,,,,,,,,,,,,,,,,,,
8368,70,Control,IGT,9.0,,,,,,,,,,,,,,,,,,,,,
8369,70,Control,IGT,10.0,,,,,,,,,,,,,,,,,,,,,
8370,70,Control,IGT,11.0,,,,,,,,,,,,,,,,,,,,,
8371,70,Control,IGT,12.0,,,,,,,,,,,,,,,,,,,,,
8372,70,Control,IGT,13.0,,,,,,,,,,,,,,,,,,,,,
8373,70,Control,IGT,14.0,,,,,,,,,,,,,,,,,,,,,
8374,70,Control,IGT,15.0,,,,,,,,,,,,,,,,,,,,,
8375,70,Control,IGT,16.0,,,,,,,,,,,,,,,,,,,,,
8376,70,Control,IGT,17.0,,,,,,,,,,,,,,,,,,,,,
8377,70,Control,IGT,18.0,,,,,,,,,,,,,,,,,,,,,
8378,70,Control,IGT,19.0,,,,,,,,,,,,,,,,,,,,,
8379,70,Control,IGT,20.0,,,,,,,,,,,,,,,,,,,,,
8400,71,Nature,IGT,1.0,,,70.0,6.18,4.62,5.54,0.1659427509,-0.03451338556,0.22597724814,0.15841708152,0.2053631675,0.25998658406,7.51368741708,6.11415930732,-0.05883417994,0.0120233295799999,-0.005655531,-0.02852566338,0.01810815842,0.1403380723599999,0.19157733334
8401,71,Nature,IGT,2.0,,,70.0,6.18,4.62,5.54,0.1659427509,-0.03451338556,0.22597724814,0.15841708152,0.2053631675,0.25998658406,7.51368741708,6.11415930732,-0.05883417994,0.0120233295799999,-0.005655531,-0.02852566338,0.01810815842,0.1403380723599999,0.19157733334
8402,71,Nature,IGT,3.0,,,70.0,6.18,4.62,5.54,0.1659427509,-0.03451338556,0.22597724814,0.15841708152,0.2053631675,0.25998658406,7.51368741708,6.11415930732,-0.05883417994,0.0120233295799999,-0.005655531,-0.02852566338,0.01810815842,0.1403380723599999,0.19157733334
8403,71,Nature,IGT,4.0,,,70.0,6.18,4.62,5.54,0.1659427509,-0.03451338556,0.22597724814,0.15841708152,0.2053631675,0.25998658406,7.51368741708,6.11415930732,-0.05883417994,0.0120233295799999,-0.005655531,-0.02852566338,0.01810815842,0.1403380723599999,0.19157733334
8404,71,Nature,IGT,5.0,,,70.0,6.18,4.62,5.54,0.1659427509,-0.03451338556,0.22597724814,0.15841708152,0.2053631675,0.25998658406,7.51368741708,6.11415930732,-0.05883417994,0.0120233295799999,-0.005655531,-0.02852566338,0.01810815842,0.1403380723599999,0.19157733334
8405,71,Nature,IGT,6.0,,,70.0,6.18,4.62,5.54,0.1659427509,-0.03451338556,0.22597724814,0.15841708152,0.2053631675,0.25998658406,7.51368741708,6.11415930732,-0.05883417994,0.0120233295799999,-0.005655531,-0.02852566338,0.01810815842,0.1403380723599999,0.19157733334
8406,71,Nature,IGT,7.0,,,70.0,6.18,4.62,5.54,0.1659427509,-0.03451338556,0.22597724814,0.15841708152,0.2053631675,0.25998658406,7.51368741708,6.11415930732,-0.05883417994,0.0120233295799999,-0.005655531,-0.02852566338,0.01810815842,0.1403380723599999,0.19157733334
8407,71,Nature,IGT,8.0,,,70.0,6.18,4.62,5.54,0.1659427509,-0.03451338556,0.22597724814,0.15841708152,0.2053631675,0.25998658406,7.51368741708,6.11415930732,-0.05883417994,0.0120233295799999,-0.005655531,-0.02852566338,0.01810815842,0.1403380723599999,0.19157733334
8408,71,Nature,IGT,9.0,,,70.0,6.18,4.62,5.54,0.1659427509,-0.03451338556,0.22597724814,0.15841708152,0.2053631675,0.25998658406,7.51368741708,6.11415930732,-0.05883417994,0.0120233295799999,-0.005655531,-0.02852566338,0.01810815842,0.1403380723599999,0.19157733334
8409,71,Nature,IGT,10.0,,,70.0,6.18,4.62,5.54,0.1659427509,-0.03451338556,0.22597724814,0.15841708152,0.2053631675,0.25998658406,7.51368741708,6.11415930732,-0.05883417994,0.0120233295799999,-0.005655531,-0.02852566338,0.01810815842,0.1403380723599999,0.19157733334
8410,71,Nature,IGT,11.0,0.2,0.6,70.0,6.18,4.62,5.54,0.1659427509,-0.03451338556,0.22597724814,0.15841708152,0.2053631675,0.25998658406,7.51368741708,6.11415930732,-0.05883417994,0.0120233295799999,-0.005655531,-0.02852566338,0.01810815842,0.1403380723599999,0.19157733334
8411,71,Nature,IGT,12.0,0.8,0.4,70.0,6.18,4.62,5.54,0.1659427509,-0.03451338556,0.22597724814,0.15841708152,0.2053631675,0.25998658406,7.51368741708,6.11415930732,-0.05883417994,0.0120233295799999,-0.005655531,-0.02852566338,0.01810815842,0.1403380723599999,0.19157733334
8412,71,Nature,IGT,13.0,0.0,0.4,70.0,6.18,4.62,5.54,0.1659427509,-0.03451338556,0.22597724814,0.15841708152,0.2053631675,0.25998658406,7.51368741708,6.11415930732,-0.05883417994,0.0120233295799999,-0.005655531,-0.02852566338,0.01810815842,0.1403380723599999,0.19157733334
8413,71,Nature,IGT,14.0,0.6,0.3,70.0,6.18,4.62,5.54,0.1659427509,-0.03451338556,0.22597724814,0.15841708152,0.2053631675,0.25998658406,7.51368741708,6.11415930732,-0.05883417994,0.0120233295799999,-0.005655531,-0.02852566338,0.01810815842,0.1403380723599999,0.19157733334
8414,71,Nature,IGT,15.0,0.6,0.4,70.0,6.18,4.62,5.54,0.1659427509,-0.03451338556,0.22597724814,0.15841708152,0.2053631675,0.25998658406,7.51368741708,6.11415930732,-0.05883417994,0.0120233295799999,-0.005655531,-0.02852566338,0.01810815842,0.1403380723599999,0.19157733334
8415,71,Nature,IGT,16.0,1.0,0.0,70.0,6.18,4.62,5.54,0.1659427509,-0.03451338556,0.22597724814,0.15841708152,0.2053631675,0.25998658406,7.51368741708,6.11415930732,-0.05883417994,0.0120233295799999,-0.005655531,-0.02852566338,0.01810815842,0.1403380723599999,0.19157733334
8416,71,Nature,IGT,17.0,1.0,0.0,70.0,6.18,4.62,5.54,0.1659427509,-0.03451338556,0.22597724814,0.15841708152,0.2053631675,0.25998658406,7.51368741708,6.11415930732,-0.05883417994,0.0120233295799999,-0.005655531,-0.02852566338,0.01810815842,0.1403380723599999,0.19157733334
8417,71,Nature,IGT,18.0,1.0,0.0,70.0,6.18,4.62,5.54,0.1659427509,-0.03451338556,0.22597724814,0.15841708152,0.2053631675,0.25998658406,7.51368741708,6.11415930732,-0.05883417994,0.0120233295799999,-0.005655531,-0.02852566338,0.01810815842,0.1403380723599999,0.19157733334
8418,71,Nature,IGT,19.0,1.0,0.0,70.0,6.18,4.62,5.54,0.1659427509,-0.03451338556,0.22597724814,0.15841708152,0.2053631675,0.25998658406,7.51368741708,6.11415930732,-0.05883417994,0.0120233295799999,-0.005655531,-0.02852566338,0.01810815842,0.1403380723599999,0.19157733334
8419,71,Nature,IGT,20.0,1.0,0.0,70.0,6.18,4.62,5.54,0.1659427509,-0.03451338556,0.22597724814,0.15841708152,0.2053631675,0.25998658406,7.51368741708,6.11415930732,-0.05883417994,0.0120233295799999,-0.005655531,-0.02852566338,0.01810815842,0.1403380723599999,0.19157733334
8440,71,Urban,IGT,1.0,,,,,,,,,,,,,,,,,,,,,
8441,71,Urban,IGT,2.0,,,,,,,,,,,,,,,,,,,,,
8442,71,Urban,IGT,3.0,,,,,,,,,,,,,,,,,,,,,
8443,71,Urban,IGT,4.0,,,,,,,,,,,,,,,,,,,,,
8444,71,Urban,IGT,5.0,,,,,,,,,,,,,,,,,,,,,
8445,71,Urban,IGT,6.0,,,,,,,,,,,,,,,,,,,,,
8446,71,Urban,IGT,7.0,,,,,,,,,,,,,,,,,,,,,
8447,71,Urban,IGT,8.0,,,,,,,,,,,,,,,,,,,,,
8448,71,Urban,IGT,9.0,,,,,,,,,,,,,,,,,,,,,
8449,71,Urban,IGT,10.0,,,,,,,,,,,,,,,,,,,,,
8450,71,Urban,IGT,11.0,,,,,,,,,,,,,,,,,,,,,
8451,71,Urban,IGT,12.0,,,,,,,,,,,,,,,,,,,,,
8452,71,Urban,IGT,13.0,,,,,,,,,,,,,,,,,,,,,
8453,71,Urban,IGT,14.0,,,,,,,,,,,,,,,,,,,,,
8454,71,Urban,IGT,15.0,,,,,,,,,,,,,,,,,,,,,
8455,71,Urban,IGT,16.0,,,,,,,,,,,,,,,,,,,,,
8456,71,Urban,IGT,17.0,,,,,,,,,,,,,,,,,,,,,
8457,71,Urban,IGT,18.0,,,,,,,,,,,,,,,,,,,,,
8458,71,Urban,IGT,19.0,,,,,,,,,,,,,,,,,,,,,
8459,71,Urban,IGT,20.0,,,,,,,,,,,,,,,,,,,,,
8480,71,Control,IGT,1.0,,,,,,,,,,,,,,,,,,,,,
8481,71,Control,IGT,2.0,,,,,,,,,,,,,,,,,,,,,
8482,71,Control,IGT,3.0,,,,,,,,,,,,,,,,,,,,,
8483,71,Control,IGT,4.0,,,,,,,,,,,,,,,,,,,,,
8484,71,Control,IGT,5.0,,,,,,,,,,,,,,,,,,,,,
8485,71,Control,IGT,6.0,,,,,,,,,,,,,,,,,,,,,
8486,71,Control,IGT,7.0,,,,,,,,,,,,,,,,,,,,,
8487,71,Control,IGT,8.0,,,,,,,,,,,,,,,,,,,,,
8488,71,Control,IGT,9.0,,,,,,,,,,,,,,,,,,,,,
8489,71,Control,IGT,10.0,,,,,,,,,,,,,,,,,,,,,
8490,71,Control,IGT,11.0,,,,,,,,,,,,,,,,,,,,,
8491,71,Control,IGT,12.0,,,,,,,,,,,,,,,,,,,,,
8492,71,Control,IGT,13.0,,,,,,,,,,,,,,,,,,,,,
8493,71,Control,IGT,14.0,,,,,,,,,,,,,,,,,,,,,
8494,71,Control,IGT,15.0,,,,,,,,,,,,,,,,,,,,,
8495,71,Control,IGT,16.0,,,,,,,,,,,,,,,,,,,,,
8496,71,Control,IGT,17.0,,,,,,,,,,,,,,,,,,,,,
8497,71,Control,IGT,18.0,,,,,,,,,,,,,,,,,,,,,
8498,71,Control,IGT,19.0,,,,,,,,,,,,,,,,,,,,,
8499,71,Control,IGT,20.0,,,,,,,,,,,,,,,,,,,,,
8520,72,Nature,IGT,1.0,,,71.0,5.66,3.34,4.98,0.1676841023,-0.14615811724,0.24897531334,0.15386754988,0.21301455348,0.27085155328,7.519126973920001,6.18443562076,-0.0594203647999999,0.0104791853199999,-0.00359067288,-0.01807650764,0.01827579228,0.13890285798,0.19417386926
8521,72,Nature,IGT,2.0,,,71.0,5.66,3.34,4.98,0.1676841023,-0.14615811724,0.24897531334,0.15386754988,0.21301455348,0.27085155328,7.519126973920001,6.18443562076,-0.0594203647999999,0.0104791853199999,-0.00359067288,-0.01807650764,0.01827579228,0.13890285798,0.19417386926
8522,72,Nature,IGT,3.0,,,71.0,5.66,3.34,4.98,0.1676841023,-0.14615811724,0.24897531334,0.15386754988,0.21301455348,0.27085155328,7.519126973920001,6.18443562076,-0.0594203647999999,0.0104791853199999,-0.00359067288,-0.01807650764,0.01827579228,0.13890285798,0.19417386926
8523,72,Nature,IGT,4.0,,,71.0,5.66,3.34,4.98,0.1676841023,-0.14615811724,0.24897531334,0.15386754988,0.21301455348,0.27085155328,7.519126973920001,6.18443562076,-0.0594203647999999,0.0104791853199999,-0.00359067288,-0.01807650764,0.01827579228,0.13890285798,0.19417386926
8524,72,Nature,IGT,5.0,,,71.0,5.66,3.34,4.98,0.1676841023,-0.14615811724,0.24897531334,0.15386754988,0.21301455348,0.27085155328,7.519126973920001,6.18443562076,-0.0594203647999999,0.0104791853199999,-0.00359067288,-0.01807650764,0.01827579228,0.13890285798,0.19417386926
8525,72,Nature,IGT,6.0,,,71.0,5.66,3.34,4.98,0.1676841023,-0.14615811724,0.24897531334,0.15386754988,0.21301455348,0.27085155328,7.519126973920001,6.18443562076,-0.0594203647999999,0.0104791853199999,-0.00359067288,-0.01807650764,0.01827579228,0.13890285798,0.19417386926
8526,72,Nature,IGT,7.0,,,71.0,5.66,3.34,4.98,0.1676841023,-0.14615811724,0.24897531334,0.15386754988,0.21301455348,0.27085155328,7.519126973920001,6.18443562076,-0.0594203647999999,0.0104791853199999,-0.00359067288,-0.01807650764,0.01827579228,0.13890285798,0.19417386926
8527,72,Nature,IGT,8.0,,,71.0,5.66,3.34,4.98,0.1676841023,-0.14615811724,0.24897531334,0.15386754988,0.21301455348,0.27085155328,7.519126973920001,6.18443562076,-0.0594203647999999,0.0104791853199999,-0.00359067288,-0.01807650764,0.01827579228,0.13890285798,0.19417386926
8528,72,Nature,IGT,9.0,,,71.0,5.66,3.34,4.98,0.1676841023,-0.14615811724,0.24897531334,0.15386754988,0.21301455348,0.27085155328,7.519126973920001,6.18443562076,-0.0594203647999999,0.0104791853199999,-0.00359067288,-0.01807650764,0.01827579228,0.13890285798,0.19417386926
8529,72,Nature,IGT,10.0,,,71.0,5.66,3.34,4.98,0.1676841023,-0.14615811724,0.24897531334,0.15386754988,0.21301455348,0.27085155328,7.519126973920001,6.18443562076,-0.0594203647999999,0.0104791853199999,-0.00359067288,-0.01807650764,0.01827579228,0.13890285798,0.19417386926
8530,72,Nature,IGT,11.0,0.6,0.3,71.0,5.66,3.34,4.98,0.1676841023,-0.14615811724,0.24897531334,0.15386754988,0.21301455348,0.27085155328,7.519126973920001,6.18443562076,-0.0594203647999999,0.0104791853199999,-0.00359067288,-0.01807650764,0.01827579228,0.13890285798,0.19417386926
8531,72,Nature,IGT,12.0,0.8,0.6,71.0,5.66,3.34,4.98,0.1676841023,-0.14615811724,0.24897531334,0.15386754988,0.21301455348,0.27085155328,7.519126973920001,6.18443562076,-0.0594203647999999,0.0104791853199999,-0.00359067288,-0.01807650764,0.01827579228,0.13890285798,0.19417386926
8532,72,Nature,IGT,13.0,0.4,0.7,71.0,5.66,3.34,4.98,0.1676841023,-0.14615811724,0.24897531334,0.15386754988,0.21301455348,0.27085155328,7.519126973920001,6.18443562076,-0.0594203647999999,0.0104791853199999,-0.00359067288,-0.01807650764,0.01827579228,0.13890285798,0.19417386926
8533,72,Nature,IGT,14.0,0.5,0.8,71.0,5.66,3.34,4.98,0.1676841023,-0.14615811724,0.24897531334,0.15386754988,0.21301455348,0.27085155328,7.519126973920001,6.18443562076,-0.0594203647999999,0.0104791853199999,-0.00359067288,-0.01807650764,0.01827579228,0.13890285798,0.19417386926
8534,72,Nature,IGT,15.0,0.4,0.6,71.0,5.66,3.34,4.98,0.1676841023,-0.14615811724,0.24897531334,0.15386754988,0.21301455348,0.27085155328,7.519126973920001,6.18443562076,-0.0594203647999999,0.0104791853199999,-0.00359067288,-0.01807650764,0.01827579228,0.13890285798,0.19417386926
8535,72,Nature,IGT,16.0,0.4,0.6,71.0,5.66,3.34,4.98,0.1676841023,-0.14615811724,0.24897531334,0.15386754988,0.21301455348,0.27085155328,7.519126973920001,6.18443562076,-0.0594203647999999,0.0104791853199999,-0.00359067288,-0.01807650764,0.01827579228,0.13890285798,0.19417386926
8536,72,Nature,IGT,17.0,0.5,0.5,71.0,5.66,3.34,4.98,0.1676841023,-0.14615811724,0.24897531334,0.15386754988,0.21301455348,0.27085155328,7.519126973920001,6.18443562076,-0.0594203647999999,0.0104791853199999,-0.00359067288,-0.01807650764,0.01827579228,0.13890285798,0.19417386926
8537,72,Nature,IGT,18.0,0.5,0.7,71.0,5.66,3.34,4.98,0.1676841023,-0.14615811724,0.24897531334,0.15386754988,0.21301455348,0.27085155328,7.519126973920001,6.18443562076,-0.0594203647999999,0.0104791853199999,-0.00359067288,-0.01807650764,0.01827579228,0.13890285798,0.19417386926
8538,72,Nature,IGT,19.0,0.5,0.6,71.0,5.66,3.34,4.98,0.1676841023,-0.14615811724,0.24897531334,0.15386754988,0.21301455348,0.27085155328,7.519126973920001,6.18443562076,-0.0594203647999999,0.0104791853199999,-0.00359067288,-0.01807650764,0.01827579228,0.13890285798,0.19417386926
8539,72,Nature,IGT,20.0,0.5,0.6,71.0,5.66,3.34,4.98,0.1676841023,-0.14615811724,0.24897531334,0.15386754988,0.21301455348,0.27085155328,7.519126973920001,6.18443562076,-0.0594203647999999,0.0104791853199999,-0.00359067288,-0.01807650764,0.01827579228,0.13890285798,0.19417386926
8560,72,Urban,IGT,1.0,,,,,,,,,,,,,,,,,,,,,
8561,72,Urban,IGT,2.0,,,,,,,,,,,,,,,,,,,,,
8562,72,Urban,IGT,3.0,,,,,,,,,,,,,,,,,,,,,
8563,72,Urban,IGT,4.0,,,,,,,,,,,,,,,,,,,,,
8564,72,Urban,IGT,5.0,,,,,,,,,,,,,,,,,,,,,
8565,72,Urban,IGT,6.0,,,,,,,,,,,,,,,,,,,,,
8566,72,Urban,IGT,7.0,,,,,,,,,,,,,,,,,,,,,
8567,72,Urban,IGT,8.0,,,,,,,,,,,,,,,,,,,,,
8568,72,Urban,IGT,9.0,,,,,,,,,,,,,,,,,,,,,
8569,72,Urban,IGT,10.0,,,,,,,,,,,,,,,,,,,,,
8570,72,Urban,IGT,11.0,,,,,,,,,,,,,,,,,,,,,
8571,72,Urban,IGT,12.0,,,,,,,,,,,,,,,,,,,,,
8572,72,Urban,IGT,13.0,,,,,,,,,,,,,,,,,,,,,
8573,72,Urban,IGT,14.0,,,,,,,,,,,,,,,,,,,,,
8574,72,Urban,IGT,15.0,,,,,,,,,,,,,,,,,,,,,
8575,72,Urban,IGT,16.0,,,,,,,,,,,,,,,,,,,,,
8576,72,Urban,IGT,17.0,,,,,,,,,,,,,,,,,,,,,
8577,72,Urban,IGT,18.0,,,,,,,,,,,,,,,,,,,,,
8578,72,Urban,IGT,19.0,,,,,,,,,,,,,,,,,,,,,
8579,72,Urban,IGT,20.0,,,,,,,,,,,,,,,,,,,,,
8600,72,Control,IGT,1.0,,,,,,,,,,,,,,,,,,,,,
8601,72,Control,IGT,2.0,,,,,,,,,,,,,,,,,,,,,
8602,72,Control,IGT,3.0,,,,,,,,,,,,,,,,,,,,,
8603,72,Control,IGT,4.0,,,,,,,,,,,,,,,,,,,,,
8604,72,Control,IGT,5.0,,,,,,,,,,,,,,,,,,,,,
8605,72,Control,IGT,6.0,,,,,,,,,,,,,,,,,,,,,
8606,72,Control,IGT,7.0,,,,,,,,,,,,,,,,,,,,,
8607,72,Control,IGT,8.0,,,,,,,,,,,,,,,,,,,,,
8608,72,Control,IGT,9.0,,,,,,,,,,,,,,,,,,,,,
8609,72,Control,IGT,10.0,,,,,,,,,,,,,,,,,,,,,
8610,72,Control,IGT,11.0,,,,,,,,,,,,,,,,,,,,,
8611,72,Control,IGT,12.0,,,,,,,,,,,,,,,,,,,,,
8612,72,Control,IGT,13.0,,,,,,,,,,,,,,,,,,,,,
8613,72,Control,IGT,14.0,,,,,,,,,,,,,,,,,,,,,
8614,72,Control,IGT,15.0,,,,,,,,,,,,,,,,,,,,,
8615,72,Control,IGT,16.0,,,,,,,,,,,,,,,,,,,,,
8616,72,Control,IGT,17.0,,,,,,,,,,,,,,,,,,,,,
8617,72,Control,IGT,18.0,,,,,,,,,,,,,,,,,,,,,
8618,72,Control,IGT,19.0,,,,,,,,,,,,,,,,,,,,,
8619,72,Control,IGT,20.0,,,,,,,,,,,,,,,,,,,,,
8640,73,Nature,IGT,1.0,,,,,,,,,,,,,,,,,,,,,
8641,73,Nature,IGT,2.0,,,,,,,,,,,,,,,,,,,,,
8642,73,Nature,IGT,3.0,,,,,,,,,,,,,,,,,,,,,
8643,73,Nature,IGT,4.0,,,,,,,,,,,,,,,,,,,,,
8644,73,Nature,IGT,5.0,,,,,,,,,,,,,,,,,,,,,
8645,73,Nature,IGT,6.0,,,,,,,,,,,,,,,,,,,,,
8646,73,Nature,IGT,7.0,,,,,,,,,,,,,,,,,,,,,
8647,73,Nature,IGT,8.0,,,,,,,,,,,,,,,,,,,,,
8648,73,Nature,IGT,9.0,,,,,,,,,,,,,,,,,,,,,
8649,73,Nature,IGT,10.0,,,,,,,,,,,,,,,,,,,,,
8650,73,Nature,IGT,11.0,,,,,,,,,,,,,,,,,,,,,
8651,73,Nature,IGT,12.0,,,,,,,,,,,,,,,,,,,,,
8652,73,Nature,IGT,13.0,,,,,,,,,,,,,,,,,,,,,
8653,73,Nature,IGT,14.0,,,,,,,,,,,,,,,,,,,,,
8654,73,Nature,IGT,15.0,,,,,,,,,,,,,,,,,,,,,
8655,73,Nature,IGT,16.0,,,,,,,,,,,,,,,,,,,,,
8656,73,Nature,IGT,17.0,,,,,,,,,,,,,,,,,,,,,
8657,73,Nature,IGT,18.0,,,,,,,,,,,,,,,,,,,,,
8658,73,Nature,IGT,19.0,,,,,,,,,,,,,,,,,,,,,
8659,73,Nature,IGT,20.0,,,,,,,,,,,,,,,,,,,,,
8680,73,Urban,IGT,1.0,,,,,,,,,,,,,,,,,,,,,
8681,73,Urban,IGT,2.0,,,,,,,,,,,,,,,,,,,,,
8682,73,Urban,IGT,3.0,,,,,,,,,,,,,,,,,,,,,
8683,73,Urban,IGT,4.0,,,,,,,,,,,,,,,,,,,,,
8684,73,Urban,IGT,5.0,,,,,,,,,,,,,,,,,,,,,
8685,73,Urban,IGT,6.0,,,,,,,,,,,,,,,,,,,,,
8686,73,Urban,IGT,7.0,,,,,,,,,,,,,,,,,,,,,
8687,73,Urban,IGT,8.0,,,,,,,,,,,,,,,,,,,,,
8688,73,Urban,IGT,9.0,,,,,,,,,,,,,,,,,,,,,
8689,73,Urban,IGT,10.0,,,,,,,,,,,,,,,,,,,,,
8690,73,Urban,IGT,11.0,,,,,,,,,,,,,,,,,,,,,
8691,73,Urban,IGT,12.0,,,,,,,,,,,,,,,,,,,,,
8692,73,Urban,IGT,13.0,,,,,,,,,,,,,,,,,,,,,
8693,73,Urban,IGT,14.0,,,,,,,,,,,,,,,,,,,,,
8694,73,Urban,IGT,15.0,,,,,,,,,,,,,,,,,,,,,
8695,73,Urban,IGT,16.0,,,,,,,,,,,,,,,,,,,,,
8696,73,Urban,IGT,17.0,,,,,,,,,,,,,,,,,,,,,
8697,73,Urban,IGT,18.0,,,,,,,,,,,,,,,,,,,,,
8698,73,Urban,IGT,19.0,,,,,,,,,,,,,,,,,,,,,
8699,73,Urban,IGT,20.0,,,,,,,,,,,,,,,,,,,,,
8720,73,Control,IGT,1.0,,,72.0,4.6,2.52,2.38,,,,,,,,,,,,,,,
8721,73,Control,IGT,2.0,,,72.0,4.6,2.52,2.38,,,,,,,,,,,,,,,
8722,73,Control,IGT,3.0,,,72.0,4.6,2.52,2.38,,,,,,,,,,,,,,,
8723,73,Control,IGT,4.0,,,72.0,4.6,2.52,2.38,,,,,,,,,,,,,,,
8724,73,Control,IGT,5.0,,,72.0,4.6,2.52,2.38,,,,,,,,,,,,,,,
8725,73,Control,IGT,6.0,,,72.0,4.6,2.52,2.38,,,,,,,,,,,,,,,
8726,73,Control,IGT,7.0,,,72.0,4.6,2.52,2.38,,,,,,,,,,,,,,,
8727,73,Control,IGT,8.0,,,72.0,4.6,2.52,2.38,,,,,,,,,,,,,,,
8728,73,Control,IGT,9.0,,,72.0,4.6,2.52,2.38,,,,,,,,,,,,,,,
8729,73,Control,IGT,10.0,,,72.0,4.6,2.52,2.38,,,,,,,,,,,,,,,
8730,73,Control,IGT,11.0,0.1,0.9,72.0,4.6,2.52,2.38,,,,,,,,,,,,,,,
8731,73,Control,IGT,12.0,0.5,0.5,72.0,4.6,2.52,2.38,,,,,,,,,,,,,,,
8732,73,Control,IGT,13.0,0.8,0.9,72.0,4.6,2.52,2.38,,,,,,,,,,,,,,,
8733,73,Control,IGT,14.0,0.7,0.6,72.0,4.6,2.52,2.38,,,,,,,,,,,,,,,
8734,73,Control,IGT,15.0,0.4,0.8,72.0,4.6,2.52,2.38,,,,,,,,,,,,,,,
8735,73,Control,IGT,16.0,0.5,0.7,72.0,4.6,2.52,2.38,,,,,,,,,,,,,,,
8736,73,Control,IGT,17.0,0.4,0.9,72.0,4.6,2.52,2.38,,,,,,,,,,,,,,,
8737,73,Control,IGT,18.0,0.2,0.8,72.0,4.6,2.52,2.38,,,,,,,,,,,,,,,
8738,73,Control,IGT,19.0,0.0,1.0,72.0,4.6,2.52,2.38,,,,,,,,,,,,,,,
8739,73,Control,IGT,20.0,0.9,0.5,72.0,4.6,2.52,2.38,,,,,,,,,,,,,,,
8760,74,Nature,IGT,1.0,,,,,,,,,,,,,,,,,,,,,
8761,74,Nature,IGT,2.0,,,,,,,,,,,,,,,,,,,,,
8762,74,Nature,IGT,3.0,,,,,,,,,,,,,,,,,,,,,
8763,74,Nature,IGT,4.0,,,,,,,,,,,,,,,,,,,,,
8764,74,Nature,IGT,5.0,,,,,,,,,,,,,,,,,,,,,
8765,74,Nature,IGT,6.0,,,,,,,,,,,,,,,,,,,,,
8766,74,Nature,IGT,7.0,,,,,,,,,,,,,,,,,,,,,
8767,74,Nature,IGT,8.0,,,,,,,,,,,,,,,,,,,,,
8768,74,Nature,IGT,9.0,,,,,,,,,,,,,,,,,,,,,
8769,74,Nature,IGT,10.0,,,,,,,,,,,,,,,,,,,,,
8770,74,Nature,IGT,11.0,,,,,,,,,,,,,,,,,,,,,
8771,74,Nature,IGT,12.0,,,,,,,,,,,,,,,,,,,,,
8772,74,Nature,IGT,13.0,,,,,,,,,,,,,,,,,,,,,
8773,74,Nature,IGT,14.0,,,,,,,,,,,,,,,,,,,,,
8774,74,Nature,IGT,15.0,,,,,,,,,,,,,,,,,,,,,
8775,74,Nature,IGT,16.0,,,,,,,,,,,,,,,,,,,,,
8776,74,Nature,IGT,17.0,,,,,,,,,,,,,,,,,,,,,
8777,74,Nature,IGT,18.0,,,,,,,,,,,,,,,,,,,,,
8778,74,Nature,IGT,19.0,,,,,,,,,,,,,,,,,,,,,
8779,74,Nature,IGT,20.0,,,,,,,,,,,,,,,,,,,,,
8800,74,Urban,IGT,1.0,,,73.0,1.78,4.64,2.9,0.219568683,0.0900091107799999,0.16232919798,0.22945594986,0.16587490224,0.2532354546399999,7.42396633122,1.63851313648,-0.05654823232,-0.02398627832,0.00497729386,0.02831309962,0.06993811724,0.10847898346,0.10180558676
8801,74,Urban,IGT,2.0,,,73.0,1.78,4.64,2.9,0.219568683,0.0900091107799999,0.16232919798,0.22945594986,0.16587490224,0.2532354546399999,7.42396633122,1.63851313648,-0.05654823232,-0.02398627832,0.00497729386,0.02831309962,0.06993811724,0.10847898346,0.10180558676
8802,74,Urban,IGT,3.0,,,73.0,1.78,4.64,2.9,0.219568683,0.0900091107799999,0.16232919798,0.22945594986,0.16587490224,0.2532354546399999,7.42396633122,1.63851313648,-0.05654823232,-0.02398627832,0.00497729386,0.02831309962,0.06993811724,0.10847898346,0.10180558676
8803,74,Urban,IGT,4.0,,,73.0,1.78,4.64,2.9,0.219568683,0.0900091107799999,0.16232919798,0.22945594986,0.16587490224,0.2532354546399999,7.42396633122,1.63851313648,-0.05654823232,-0.02398627832,0.00497729386,0.02831309962,0.06993811724,0.10847898346,0.10180558676
8804,74,Urban,IGT,5.0,,,73.0,1.78,4.64,2.9,0.219568683,0.0900091107799999,0.16232919798,0.22945594986,0.16587490224,0.2532354546399999,7.42396633122,1.63851313648,-0.05654823232,-0.02398627832,0.00497729386,0.02831309962,0.06993811724,0.10847898346,0.10180558676
8805,74,Urban,IGT,6.0,,,73.0,1.78,4.64,2.9,0.219568683,0.0900091107799999,0.16232919798,0.22945594986,0.16587490224,0.2532354546399999,7.42396633122,1.63851313648,-0.05654823232,-0.02398627832,0.00497729386,0.02831309962,0.06993811724,0.10847898346,0.10180558676
8806,74,Urban,IGT,7.0,,,73.0,1.78,4.64,2.9,0.219568683,0.0900091107799999,0.16232919798,0.22945594986,0.16587490224,0.2532354546399999,7.42396633122,1.63851313648,-0.05654823232,-0.02398627832,0.00497729386,0.02831309962,0.06993811724,0.10847898346,0.10180558676
8807,74,Urban,IGT,8.0,,,73.0,1.78,4.64,2.9,0.219568683,0.0900091107799999,0.16232919798,0.22945594986,0.16587490224,0.2532354546399999,7.42396633122,1.63851313648,-0.05654823232,-0.02398627832,0.00497729386,0.02831309962,0.06993811724,0.10847898346,0.10180558676
8808,74,Urban,IGT,9.0,,,73.0,1.78,4.64,2.9,0.219568683,0.0900091107799999,0.16232919798,0.22945594986,0.16587490224,0.2532354546399999,7.42396633122,1.63851313648,-0.05654823232,-0.02398627832,0.00497729386,0.02831309962,0.06993811724,0.10847898346,0.10180558676
8809,74,Urban,IGT,10.0,,,73.0,1.78,4.64,2.9,0.219568683,0.0900091107799999,0.16232919798,0.22945594986,0.16587490224,0.2532354546399999,7.42396633122,1.63851313648,-0.05654823232,-0.02398627832,0.00497729386,0.02831309962,0.06993811724,0.10847898346,0.10180558676
8810,74,Urban,IGT,11.0,0.4,0.5,73.0,1.78,4.64,2.9,0.219568683,0.0900091107799999,0.16232919798,0.22945594986,0.16587490224,0.2532354546399999,7.42396633122,1.63851313648,-0.05654823232,-0.02398627832,0.00497729386,0.02831309962,0.06993811724,0.10847898346,0.10180558676
8811,74,Urban,IGT,12.0,0.6,0.6,73.0,1.78,4.64,2.9,0.219568683,0.0900091107799999,0.16232919798,0.22945594986,0.16587490224,0.2532354546399999,7.42396633122,1.63851313648,-0.05654823232,-0.02398627832,0.00497729386,0.02831309962,0.06993811724,0.10847898346,0.10180558676
8812,74,Urban,IGT,13.0,0.2,0.5,73.0,1.78,4.64,2.9,0.219568683,0.0900091107799999,0.16232919798,0.22945594986,0.16587490224,0.2532354546399999,7.42396633122,1.63851313648,-0.05654823232,-0.02398627832,0.00497729386,0.02831309962,0.06993811724,0.10847898346,0.10180558676
8813,74,Urban,IGT,14.0,1.0,0.3,73.0,1.78,4.64,2.9,0.219568683,0.0900091107799999,0.16232919798,0.22945594986,0.16587490224,0.2532354546399999,7.42396633122,1.63851313648,-0.05654823232,-0.02398627832,0.00497729386,0.02831309962,0.06993811724,0.10847898346,0.10180558676
8814,74,Urban,IGT,15.0,0.3,0.5,73.0,1.78,4.64,2.9,0.219568683,0.0900091107799999,0.16232919798,0.22945594986,0.16587490224,0.2532354546399999,7.42396633122,1.63851313648,-0.05654823232,-0.02398627832,0.00497729386,0.02831309962,0.06993811724,0.10847898346,0.10180558676
8815,74,Urban,IGT,16.0,0.8,0.2,73.0,1.78,4.64,2.9,0.219568683,0.0900091107799999,0.16232919798,0.22945594986,0.16587490224,0.2532354546399999,7.42396633122,1.63851313648,-0.05654823232,-0.02398627832,0.00497729386,0.02831309962,0.06993811724,0.10847898346,0.10180558676
8816,74,Urban,IGT,17.0,1.0,0.5,73.0,1.78,4.64,2.9,0.219568683,0.0900091107799999,0.16232919798,0.22945594986,0.16587490224,0.2532354546399999,7.42396633122,1.63851313648,-0.05654823232,-0.02398627832,0.00497729386,0.02831309962,0.06993811724,0.10847898346,0.10180558676
8817,74,Urban,IGT,18.0,1.0,0.2,73.0,1.78,4.64,2.9,0.219568683,0.0900091107799999,0.16232919798,0.22945594986,0.16587490224,0.2532354546399999,7.42396633122,1.63851313648,-0.05654823232,-0.02398627832,0.00497729386,0.02831309962,0.06993811724,0.10847898346,0.10180558676
8818,74,Urban,IGT,19.0,1.0,0.4,73.0,1.78,4.64,2.9,0.219568683,0.0900091107799999,0.16232919798,0.22945594986,0.16587490224,0.2532354546399999,7.42396633122,1.63851313648,-0.05654823232,-0.02398627832,0.00497729386,0.02831309962,0.06993811724,0.10847898346,0.10180558676
8819,74,Urban,IGT,20.0,1.0,0.4,73.0,1.78,4.64,2.9,0.219568683,0.0900091107799999,0.16232919798,0.22945594986,0.16587490224,0.2532354546399999,7.42396633122,1.63851313648,-0.05654823232,-0.02398627832,0.00497729386,0.02831309962,0.06993811724,0.10847898346,0.10180558676
8840,74,Control,IGT,1.0,,,,,,,,,,,,,,,,,,,,,
8841,74,Control,IGT,2.0,,,,,,,,,,,,,,,,,,,,,
8842,74,Control,IGT,3.0,,,,,,,,,,,,,,,,,,,,,
8843,74,Control,IGT,4.0,,,,,,,,,,,,,,,,,,,,,
8844,74,Control,IGT,5.0,,,,,,,,,,,,,,,,,,,,,
8845,74,Control,IGT,6.0,,,,,,,,,,,,,,,,,,,,,
8846,74,Control,IGT,7.0,,,,,,,,,,,,,,,,,,,,,
8847,74,Control,IGT,8.0,,,,,,,,,,,,,,,,,,,,,
8848,74,Control,IGT,9.0,,,,,,,,,,,,,,,,,,,,,
8849,74,Control,IGT,10.0,,,,,,,,,,,,,,,,,,,,,
8850,74,Control,IGT,11.0,,,,,,,,,,,,,,,,,,,,,
8851,74,Control,IGT,12.0,,,,,,,,,,,,,,,,,,,,,
8852,74,Control,IGT,13.0,,,,,,,,,,,,,,,,,,,,,
8853,74,Control,IGT,14.0,,,,,,,,,,,,,,,,,,,,,
8854,74,Control,IGT,15.0,,,,,,,,,,,,,,,,,,,,,
8855,74,Control,IGT,16.0,,,,,,,,,,,,,,,,,,,,,
8856,74,Control,IGT,17.0,,,,,,,,,,,,,,,,,,,,,
8857,74,Control,IGT,18.0,,,,,,,,,,,,,,,,,,,,,
8858,74,Control,IGT,19.0,,,,,,,,,,,,,,,,,,,,,
8859,74,Control,IGT,20.0,,,,,,,,,,,,,,,,,,,,,
8880,75,Nature,IGT,1.0,,,,,,,,,,,,,,,,,,,,,
8881,75,Nature,IGT,2.0,,,,,,,,,,,,,,,,,,,,,
8882,75,Nature,IGT,3.0,,,,,,,,,,,,,,,,,,,,,
8883,75,Nature,IGT,4.0,,,,,,,,,,,,,,,,,,,,,
8884,75,Nature,IGT,5.0,,,,,,,,,,,,,,,,,,,,,
8885,75,Nature,IGT,6.0,,,,,,,,,,,,,,,,,,,,,
8886,75,Nature,IGT,7.0,,,,,,,,,,,,,,,,,,,,,
8887,75,Nature,IGT,8.0,,,,,,,,,,,,,,,,,,,,,
8888,75,Nature,IGT,9.0,,,,,,,,,,,,,,,,,,,,,
8889,75,Nature,IGT,10.0,,,,,,,,,,,,,,,,,,,,,
8890,75,Nature,IGT,11.0,,,,,,,,,,,,,,,,,,,,,
8891,75,Nature,IGT,12.0,,,,,,,,,,,,,,,,,,,,,
8892,75,Nature,IGT,13.0,,,,,,,,,,,,,,,,,,,,,
8893,75,Nature,IGT,14.0,,,,,,,,,,,,,,,,,,,,,
8894,75,Nature,IGT,15.0,,,,,,,,,,,,,,,,,,,,,
8895,75,Nature,IGT,16.0,,,,,,,,,,,,,,,,,,,,,
8896,75,Nature,IGT,17.0,,,,,,,,,,,,,,,,,,,,,
8897,75,Nature,IGT,18.0,,,,,,,,,,,,,,,,,,,,,
8898,75,Nature,IGT,19.0,,,,,,,,,,,,,,,,,,,,,
8899,75,Nature,IGT,20.0,,,,,,,,,,,,,,,,,,,,,
8920,75,Urban,IGT,1.0,,,74.0,1.96,4.3,3.32,0.22369381876,0.08356726228,0.1833803433,0.22688732584,0.171507487,0.26089350508,7.41029712534,1.65368893966,-0.0563044540799999,-0.0207298644,0.0106463136799999,0.01770851208,0.0660526548599999,0.10540217328,0.10595862838
8921,75,Urban,IGT,2.0,,,74.0,1.96,4.3,3.32,0.22369381876,0.08356726228,0.1833803433,0.22688732584,0.171507487,0.26089350508,7.41029712534,1.65368893966,-0.0563044540799999,-0.0207298644,0.0106463136799999,0.01770851208,0.0660526548599999,0.10540217328,0.10595862838
8922,75,Urban,IGT,3.0,,,74.0,1.96,4.3,3.32,0.22369381876,0.08356726228,0.1833803433,0.22688732584,0.171507487,0.26089350508,7.41029712534,1.65368893966,-0.0563044540799999,-0.0207298644,0.0106463136799999,0.01770851208,0.0660526548599999,0.10540217328,0.10595862838
8923,75,Urban,IGT,4.0,,,74.0,1.96,4.3,3.32,0.22369381876,0.08356726228,0.1833803433,0.22688732584,0.171507487,0.26089350508,7.41029712534,1.65368893966,-0.0563044540799999,-0.0207298644,0.0106463136799999,0.01770851208,0.0660526548599999,0.10540217328,0.10595862838
8924,75,Urban,IGT,5.0,,,74.0,1.96,4.3,3.32,0.22369381876,0.08356726228,0.1833803433,0.22688732584,0.171507487,0.26089350508,7.41029712534,1.65368893966,-0.0563044540799999,-0.0207298644,0.0106463136799999,0.01770851208,0.0660526548599999,0.10540217328,0.10595862838
8925,75,Urban,IGT,6.0,,,74.0,1.96,4.3,3.32,0.22369381876,0.08356726228,0.1833803433,0.22688732584,0.171507487,0.26089350508,7.41029712534,1.65368893966,-0.0563044540799999,-0.0207298644,0.0106463136799999,0.01770851208,0.0660526548599999,0.10540217328,0.10595862838
8926,75,Urban,IGT,7.0,,,74.0,1.96,4.3,3.32,0.22369381876,0.08356726228,0.1833803433,0.22688732584,0.171507487,0.26089350508,7.41029712534,1.65368893966,-0.0563044540799999,-0.0207298644,0.0106463136799999,0.01770851208,0.0660526548599999,0.10540217328,0.10595862838
8927,75,Urban,IGT,8.0,,,74.0,1.96,4.3,3.32,0.22369381876,0.08356726228,0.1833803433,0.22688732584,0.171507487,0.26089350508,7.41029712534,1.65368893966,-0.0563044540799999,-0.0207298644,0.0106463136799999,0.01770851208,0.0660526548599999,0.10540217328,0.10595862838
8928,75,Urban,IGT,9.0,,,74.0,1.96,4.3,3.32,0.22369381876,0.08356726228,0.1833803433,0.22688732584,0.171507487,0.26089350508,7.41029712534,1.65368893966,-0.0563044540799999,-0.0207298644,0.0106463136799999,0.01770851208,0.0660526548599999,0.10540217328,0.10595862838
8929,75,Urban,IGT,10.0,,,74.0,1.96,4.3,3.32,0.22369381876,0.08356726228,0.1833803433,0.22688732584,0.171507487,0.26089350508,7.41029712534,1.65368893966,-0.0563044540799999,-0.0207298644,0.0106463136799999,0.01770851208,0.0660526548599999,0.10540217328,0.10595862838
8930,75,Urban,IGT,11.0,0.6,0.5,74.0,1.96,4.3,3.32,0.22369381876,0.08356726228,0.1833803433,0.22688732584,0.171507487,0.26089350508,7.41029712534,1.65368893966,-0.0563044540799999,-0.0207298644,0.0106463136799999,0.01770851208,0.0660526548599999,0.10540217328,0.10595862838
8931,75,Urban,IGT,12.0,0.4,0.5,74.0,1.96,4.3,3.32,0.22369381876,0.08356726228,0.1833803433,0.22688732584,0.171507487,0.26089350508,7.41029712534,1.65368893966,-0.0563044540799999,-0.0207298644,0.0106463136799999,0.01770851208,0.0660526548599999,0.10540217328,0.10595862838
8932,75,Urban,IGT,13.0,0.4,0.5,74.0,1.96,4.3,3.32,0.22369381876,0.08356726228,0.1833803433,0.22688732584,0.171507487,0.26089350508,7.41029712534,1.65368893966,-0.0563044540799999,-0.0207298644,0.0106463136799999,0.01770851208,0.0660526548599999,0.10540217328,0.10595862838
8933,75,Urban,IGT,14.0,0.6,0.4,74.0,1.96,4.3,3.32,0.22369381876,0.08356726228,0.1833803433,0.22688732584,0.171507487,0.26089350508,7.41029712534,1.65368893966,-0.0563044540799999,-0.0207298644,0.0106463136799999,0.01770851208,0.0660526548599999,0.10540217328,0.10595862838
8934,75,Urban,IGT,15.0,0.4,0.4,74.0,1.96,4.3,3.32,0.22369381876,0.08356726228,0.1833803433,0.22688732584,0.171507487,0.26089350508,7.41029712534,1.65368893966,-0.0563044540799999,-0.0207298644,0.0106463136799999,0.01770851208,0.0660526548599999,0.10540217328,0.10595862838
8935,75,Urban,IGT,16.0,0.5,0.3,74.0,1.96,4.3,3.32,0.22369381876,0.08356726228,0.1833803433,0.22688732584,0.171507487,0.26089350508,7.41029712534,1.65368893966,-0.0563044540799999,-0.0207298644,0.0106463136799999,0.01770851208,0.0660526548599999,0.10540217328,0.10595862838
8936,75,Urban,IGT,17.0,0.4,0.3,74.0,1.96,4.3,3.32,0.22369381876,0.08356726228,0.1833803433,0.22688732584,0.171507487,0.26089350508,7.41029712534,1.65368893966,-0.0563044540799999,-0.0207298644,0.0106463136799999,0.01770851208,0.0660526548599999,0.10540217328,0.10595862838
8937,75,Urban,IGT,18.0,0.4,0.4,74.0,1.96,4.3,3.32,0.22369381876,0.08356726228,0.1833803433,0.22688732584,0.171507487,0.26089350508,7.41029712534,1.65368893966,-0.0563044540799999,-0.0207298644,0.0106463136799999,0.01770851208,0.0660526548599999,0.10540217328,0.10595862838
8938,75,Urban,IGT,19.0,0.7,0.3,74.0,1.96,4.3,3.32,0.22369381876,0.08356726228,0.1833803433,0.22688732584,0.171507487,0.26089350508,7.41029712534,1.65368893966,-0.0563044540799999,-0.0207298644,0.0106463136799999,0.01770851208,0.0660526548599999,0.10540217328,0.10595862838
8939,75,Urban,IGT,20.0,0.4,0.3,74.0,1.96,4.3,3.32,0.22369381876,0.08356726228,0.1833803433,0.22688732584,0.171507487,0.26089350508,7.41029712534,1.65368893966,-0.0563044540799999,-0.0207298644,0.0106463136799999,0.01770851208,0.0660526548599999,0.10540217328,0.10595862838
8960,75,Control,IGT,1.0,,,,,,,,,,,,,,,,,,,,,
8961,75,Control,IGT,2.0,,,,,,,,,,,,,,,,,,,,,
8962,75,Control,IGT,3.0,,,,,,,,,,,,,,,,,,,,,
8963,75,Control,IGT,4.0,,,,,,,,,,,,,,,,,,,,,
8964,75,Control,IGT,5.0,,,,,,,,,,,,,,,,,,,,,
8965,75,Control,IGT,6.0,,,,,,,,,,,,,,,,,,,,,
8966,75,Control,IGT,7.0,,,,,,,,,,,,,,,,,,,,,
8967,75,Control,IGT,8.0,,,,,,,,,,,,,,,,,,,,,
8968,75,Control,IGT,9.0,,,,,,,,,,,,,,,,,,,,,
8969,75,Control,IGT,10.0,,,,,,,,,,,,,,,,,,,,,
8970,75,Control,IGT,11.0,,,,,,,,,,,,,,,,,,,,,
8971,75,Control,IGT,12.0,,,,,,,,,,,,,,,,,,,,,
8972,75,Control,IGT,13.0,,,,,,,,,,,,,,,,,,,,,
8973,75,Control,IGT,14.0,,,,,,,,,,,,,,,,,,,,,
8974,75,Control,IGT,15.0,,,,,,,,,,,,,,,,,,,,,
8975,75,Control,IGT,16.0,,,,,,,,,,,,,,,,,,,,,
8976,75,Control,IGT,17.0,,,,,,,,,,,,,,,,,,,,,
8977,75,Control,IGT,18.0,,,,,,,,,,,,,,,,,,,,,
8978,75,Control,IGT,19.0,,,,,,,,,,,,,,,,,,,,,
8979,75,Control,IGT,20.0,,,,,,,,,,,,,,,,,,,,,
9000,76,Nature,IGT,1.0,,,,,,,,,,,,,,,,,,,,,
9001,76,Nature,IGT,2.0,,,,,,,,,,,,,,,,,,,,,
9002,76,Nature,IGT,3.0,,,,,,,,,,,,,,,,,,,,,
9003,76,Nature,IGT,4.0,,,,,,,,,,,,,,,,,,,,,
9004,76,Nature,IGT,5.0,,,,,,,,,,,,,,,,,,,,,
9005,76,Nature,IGT,6.0,,,,,,,,,,,,,,,,,,,,,
9006,76,Nature,IGT,7.0,,,,,,,,,,,,,,,,,,,,,
9007,76,Nature,IGT,8.0,,,,,,,,,,,,,,,,,,,,,
9008,76,Nature,IGT,9.0,,,,,,,,,,,,,,,,,,,,,
9009,76,Nature,IGT,10.0,,,,,,,,,,,,,,,,,,,,,
9010,76,Nature,IGT,11.0,,,,,,,,,,,,,,,,,,,,,
9011,76,Nature,IGT,12.0,,,,,,,,,,,,,,,,,,,,,
9012,76,Nature,IGT,13.0,,,,,,,,,,,,,,,,,,,,,
9013,76,Nature,IGT,14.0,,,,,,,,,,,,,,,,,,,,,
9014,76,Nature,IGT,15.0,,,,,,,,,,,,,,,,,,,,,
9015,76,Nature,IGT,16.0,,,,,,,,,,,,,,,,,,,,,
9016,76,Nature,IGT,17.0,,,,,,,,,,,,,,,,,,,,,
9017,76,Nature,IGT,18.0,,,,,,,,,,,,,,,,,,,,,
9018,76,Nature,IGT,19.0,,,,,,,,,,,,,,,,,,,,,
9019,76,Nature,IGT,20.0,,,,,,,,,,,,,,,,,,,,,
9040,76,Urban,IGT,1.0,,,,,,,,,,,,,,,,,,,,,
9041,76,Urban,IGT,2.0,,,,,,,,,,,,,,,,,,,,,
9042,76,Urban,IGT,3.0,,,,,,,,,,,,,,,,,,,,,
9043,76,Urban,IGT,4.0,,,,,,,,,,,,,,,,,,,,,
9044,76,Urban,IGT,5.0,,,,,,,,,,,,,,,,,,,,,
9045,76,Urban,IGT,6.0,,,,,,,,,,,,,,,,,,,,,
9046,76,Urban,IGT,7.0,,,,,,,,,,,,,,,,,,,,,
9047,76,Urban,IGT,8.0,,,,,,,,,,,,,,,,,,,,,
9048,76,Urban,IGT,9.0,,,,,,,,,,,,,,,,,,,,,
9049,76,Urban,IGT,10.0,,,,,,,,,,,,,,,,,,,,,
9050,76,Urban,IGT,11.0,,,,,,,,,,,,,,,,,,,,,
9051,76,Urban,IGT,12.0,,,,,,,,,,,,,,,,,,,,,
9052,76,Urban,IGT,13.0,,,,,,,,,,,,,,,,,,,,,
9053,76,Urban,IGT,14.0,,,,,,,,,,,,,,,,,,,,,
9054,76,Urban,IGT,15.0,,,,,,,,,,,,,,,,,,,,,
9055,76,Urban,IGT,16.0,,,,,,,,,,,,,,,,,,,,,
9056,76,Urban,IGT,17.0,,,,,,,,,,,,,,,,,,,,,
9057,76,Urban,IGT,18.0,,,,,,,,,,,,,,,,,,,,,
9058,76,Urban,IGT,19.0,,,,,,,,,,,,,,,,,,,,,
9059,76,Urban,IGT,20.0,,,,,,,,,,,,,,,,,,,,,
9080,76,Control,IGT,1.0,,,75.0,3.64,3.86,4.16,,,,,,,,,,,,,,,
9081,76,Control,IGT,2.0,,,75.0,3.64,3.86,4.16,,,,,,,,,,,,,,,
9082,76,Control,IGT,3.0,,,75.0,3.64,3.86,4.16,,,,,,,,,,,,,,,
9083,76,Control,IGT,4.0,,,75.0,3.64,3.86,4.16,,,,,,,,,,,,,,,
9084,76,Control,IGT,5.0,,,75.0,3.64,3.86,4.16,,,,,,,,,,,,,,,
9085,76,Control,IGT,6.0,,,75.0,3.64,3.86,4.16,,,,,,,,,,,,,,,
9086,76,Control,IGT,7.0,,,75.0,3.64,3.86,4.16,,,,,,,,,,,,,,,
9087,76,Control,IGT,8.0,,,75.0,3.64,3.86,4.16,,,,,,,,,,,,,,,
9088,76,Control,IGT,9.0,,,75.0,3.64,3.86,4.16,,,,,,,,,,,,,,,
9089,76,Control,IGT,10.0,,,75.0,3.64,3.86,4.16,,,,,,,,,,,,,,,
9090,76,Control,IGT,11.0,0.2,0.8,75.0,3.64,3.86,4.16,,,,,,,,,,,,,,,
9091,76,Control,IGT,12.0,0.8,1.0,75.0,3.64,3.86,4.16,,,,,,,,,,,,,,,
9092,76,Control,IGT,13.0,0.3,0.1,75.0,3.64,3.86,4.16,,,,,,,,,,,,,,,
9093,76,Control,IGT,14.0,1.0,0.0,75.0,3.64,3.86,4.16,,,,,,,,,,,,,,,
9094,76,Control,IGT,15.0,1.0,0.0,75.0,3.64,3.86,4.16,,,,,,,,,,,,,,,
9095,76,Control,IGT,16.0,1.0,0.0,75.0,3.64,3.86,4.16,,,,,,,,,,,,,,,
9096,76,Control,IGT,17.0,1.0,0.0,75.0,3.64,3.86,4.16,,,,,,,,,,,,,,,
9097,76,Control,IGT,18.0,1.0,0.0,75.0,3.64,3.86,4.16,,,,,,,,,,,,,,,
9098,76,Control,IGT,19.0,1.0,0.0,75.0,3.64,3.86,4.16,,,,,,,,,,,,,,,
9099,76,Control,IGT,20.0,1.0,0.0,75.0,3.64,3.86,4.16,,,,,,,,,,,,,,,
9120,77,Nature,IGT,1.0,,,,,,,,,,,,,,,,,,,,,
9121,77,Nature,IGT,2.0,,,,,,,,,,,,,,,,,,,,,
9122,77,Nature,IGT,3.0,,,,,,,,,,,,,,,,,,,,,
9123,77,Nature,IGT,4.0,,,,,,,,,,,,,,,,,,,,,
9124,77,Nature,IGT,5.0,,,,,,,,,,,,,,,,,,,,,
9125,77,Nature,IGT,6.0,,,,,,,,,,,,,,,,,,,,,
9126,77,Nature,IGT,7.0,,,,,,,,,,,,,,,,,,,,,
9127,77,Nature,IGT,8.0,,,,,,,,,,,,,,,,,,,,,
9128,77,Nature,IGT,9.0,,,,,,,,,,,,,,,,,,,,,
9129,77,Nature,IGT,10.0,,,,,,,,,,,,,,,,,,,,,
9130,77,Nature,IGT,11.0,,,,,,,,,,,,,,,,,,,,,
9131,77,Nature,IGT,12.0,,,,,,,,,,,,,,,,,,,,,
9132,77,Nature,IGT,13.0,,,,,,,,,,,,,,,,,,,,,
9133,77,Nature,IGT,14.0,,,,,,,,,,,,,,,,,,,,,
9134,77,Nature,IGT,15.0,,,,,,,,,,,,,,,,,,,,,
9135,77,Nature,IGT,16.0,,,,,,,,,,,,,,,,,,,,,
9136,77,Nature,IGT,17.0,,,,,,,,,,,,,,,,,,,,,
9137,77,Nature,IGT,18.0,,,,,,,,,,,,,,,,,,,,,
9138,77,Nature,IGT,19.0,,,,,,,,,,,,,,,,,,,,,
9139,77,Nature,IGT,20.0,,,,,,,,,,,,,,,,,,,,,
9160,77,Urban,IGT,1.0,,,76.0,1.24,5.0,4.3,0.2228534301399999,0.1798081737799999,0.16646396774,0.22926165594,0.1663573716999999,0.25572421376,7.4427911711,1.62537165512,-0.05783545572,-0.01931532122,0.00784531592,0.02447910948,0.0718552276,0.1083087493,0.09888621328
9161,77,Urban,IGT,2.0,,,76.0,1.24,5.0,4.3,0.2228534301399999,0.1798081737799999,0.16646396774,0.22926165594,0.1663573716999999,0.25572421376,7.4427911711,1.62537165512,-0.05783545572,-0.01931532122,0.00784531592,0.02447910948,0.0718552276,0.1083087493,0.09888621328
9162,77,Urban,IGT,3.0,,,76.0,1.24,5.0,4.3,0.2228534301399999,0.1798081737799999,0.16646396774,0.22926165594,0.1663573716999999,0.25572421376,7.4427911711,1.62537165512,-0.05783545572,-0.01931532122,0.00784531592,0.02447910948,0.0718552276,0.1083087493,0.09888621328
9163,77,Urban,IGT,4.0,,,76.0,1.24,5.0,4.3,0.2228534301399999,0.1798081737799999,0.16646396774,0.22926165594,0.1663573716999999,0.25572421376,7.4427911711,1.62537165512,-0.05783545572,-0.01931532122,0.00784531592,0.02447910948,0.0718552276,0.1083087493,0.09888621328
9164,77,Urban,IGT,5.0,,,76.0,1.24,5.0,4.3,0.2228534301399999,0.1798081737799999,0.16646396774,0.22926165594,0.1663573716999999,0.25572421376,7.4427911711,1.62537165512,-0.05783545572,-0.01931532122,0.00784531592,0.02447910948,0.0718552276,0.1083087493,0.09888621328
9165,77,Urban,IGT,6.0,,,76.0,1.24,5.0,4.3,0.2228534301399999,0.1798081737799999,0.16646396774,0.22926165594,0.1663573716999999,0.25572421376,7.4427911711,1.62537165512,-0.05783545572,-0.01931532122,0.00784531592,0.02447910948,0.0718552276,0.1083087493,0.09888621328
9166,77,Urban,IGT,7.0,,,76.0,1.24,5.0,4.3,0.2228534301399999,0.1798081737799999,0.16646396774,0.22926165594,0.1663573716999999,0.25572421376,7.4427911711,1.62537165512,-0.05783545572,-0.01931532122,0.00784531592,0.02447910948,0.0718552276,0.1083087493,0.09888621328
9167,77,Urban,IGT,8.0,,,76.0,1.24,5.0,4.3,0.2228534301399999,0.1798081737799999,0.16646396774,0.22926165594,0.1663573716999999,0.25572421376,7.4427911711,1.62537165512,-0.05783545572,-0.01931532122,0.00784531592,0.02447910948,0.0718552276,0.1083087493,0.09888621328
9168,77,Urban,IGT,9.0,,,76.0,1.24,5.0,4.3,0.2228534301399999,0.1798081737799999,0.16646396774,0.22926165594,0.1663573716999999,0.25572421376,7.4427911711,1.62537165512,-0.05783545572,-0.01931532122,0.00784531592,0.02447910948,0.0718552276,0.1083087493,0.09888621328
9169,77,Urban,IGT,10.0,,,76.0,1.24,5.0,4.3,0.2228534301399999,0.1798081737799999,0.16646396774,0.22926165594,0.1663573716999999,0.25572421376,7.4427911711,1.62537165512,-0.05783545572,-0.01931532122,0.00784531592,0.02447910948,0.0718552276,0.1083087493,0.09888621328
9170,77,Urban,IGT,11.0,0.6,0.5,76.0,1.24,5.0,4.3,0.2228534301399999,0.1798081737799999,0.16646396774,0.22926165594,0.1663573716999999,0.25572421376,7.4427911711,1.62537165512,-0.05783545572,-0.01931532122,0.00784531592,0.02447910948,0.0718552276,0.1083087493,0.09888621328
9171,77,Urban,IGT,12.0,0.4,0.5,76.0,1.24,5.0,4.3,0.2228534301399999,0.1798081737799999,0.16646396774,0.22926165594,0.1663573716999999,0.25572421376,7.4427911711,1.62537165512,-0.05783545572,-0.01931532122,0.00784531592,0.02447910948,0.0718552276,0.1083087493,0.09888621328
9172,77,Urban,IGT,13.0,0.0,0.8,76.0,1.24,5.0,4.3,0.2228534301399999,0.1798081737799999,0.16646396774,0.22926165594,0.1663573716999999,0.25572421376,7.4427911711,1.62537165512,-0.05783545572,-0.01931532122,0.00784531592,0.02447910948,0.0718552276,0.1083087493,0.09888621328
9173,77,Urban,IGT,14.0,0.8,0.5,76.0,1.24,5.0,4.3,0.2228534301399999,0.1798081737799999,0.16646396774,0.22926165594,0.1663573716999999,0.25572421376,7.4427911711,1.62537165512,-0.05783545572,-0.01931532122,0.00784531592,0.02447910948,0.0718552276,0.1083087493,0.09888621328
9174,77,Urban,IGT,15.0,0.5,0.4,76.0,1.24,5.0,4.3,0.2228534301399999,0.1798081737799999,0.16646396774,0.22926165594,0.1663573716999999,0.25572421376,7.4427911711,1.62537165512,-0.05783545572,-0.01931532122,0.00784531592,0.02447910948,0.0718552276,0.1083087493,0.09888621328
9175,77,Urban,IGT,16.0,1.0,0.2,76.0,1.24,5.0,4.3,0.2228534301399999,0.1798081737799999,0.16646396774,0.22926165594,0.1663573716999999,0.25572421376,7.4427911711,1.62537165512,-0.05783545572,-0.01931532122,0.00784531592,0.02447910948,0.0718552276,0.1083087493,0.09888621328
9176,77,Urban,IGT,17.0,1.0,0.0,76.0,1.24,5.0,4.3,0.2228534301399999,0.1798081737799999,0.16646396774,0.22926165594,0.1663573716999999,0.25572421376,7.4427911711,1.62537165512,-0.05783545572,-0.01931532122,0.00784531592,0.02447910948,0.0718552276,0.1083087493,0.09888621328
9177,77,Urban,IGT,18.0,0.5,0.1,76.0,1.24,5.0,4.3,0.2228534301399999,0.1798081737799999,0.16646396774,0.22926165594,0.1663573716999999,0.25572421376,7.4427911711,1.62537165512,-0.05783545572,-0.01931532122,0.00784531592,0.02447910948,0.0718552276,0.1083087493,0.09888621328
9178,77,Urban,IGT,19.0,1.0,0.0,76.0,1.24,5.0,4.3,0.2228534301399999,0.1798081737799999,0.16646396774,0.22926165594,0.1663573716999999,0.25572421376,7.4427911711,1.62537165512,-0.05783545572,-0.01931532122,0.00784531592,0.02447910948,0.0718552276,0.1083087493,0.09888621328
9179,77,Urban,IGT,20.0,1.0,0.3,76.0,1.24,5.0,4.3,0.2228534301399999,0.1798081737799999,0.16646396774,0.22926165594,0.1663573716999999,0.25572421376,7.4427911711,1.62537165512,-0.05783545572,-0.01931532122,0.00784531592,0.02447910948,0.0718552276,0.1083087493,0.09888621328
9200,77,Control,IGT,1.0,,,,,,,,,,,,,,,,,,,,,
9201,77,Control,IGT,2.0,,,,,,,,,,,,,,,,,,,,,
9202,77,Control,IGT,3.0,,,,,,,,,,,,,,,,,,,,,
9203,77,Control,IGT,4.0,,,,,,,,,,,,,,,,,,,,,
9204,77,Control,IGT,5.0,,,,,,,,,,,,,,,,,,,,,
9205,77,Control,IGT,6.0,,,,,,,,,,,,,,,,,,,,,
9206,77,Control,IGT,7.0,,,,,,,,,,,,,,,,,,,,,
9207,77,Control,IGT,8.0,,,,,,,,,,,,,,,,,,,,,
9208,77,Control,IGT,9.0,,,,,,,,,,,,,,,,,,,,,
9209,77,Control,IGT,10.0,,,,,,,,,,,,,,,,,,,,,
9210,77,Control,IGT,11.0,,,,,,,,,,,,,,,,,,,,,
9211,77,Control,IGT,12.0,,,,,,,,,,,,,,,,,,,,,
9212,77,Control,IGT,13.0,,,,,,,,,,,,,,,,,,,,,
9213,77,Control,IGT,14.0,,,,,,,,,,,,,,,,,,,,,
9214,77,Control,IGT,15.0,,,,,,,,,,,,,,,,,,,,,
9215,77,Control,IGT,16.0,,,,,,,,,,,,,,,,,,,,,
9216,77,Control,IGT,17.0,,,,,,,,,,,,,,,,,,,,,
9217,77,Control,IGT,18.0,,,,,,,,,,,,,,,,,,,,,
9218,77,Control,IGT,19.0,,,,,,,,,,,,,,,,,,,,,
9219,77,Control,IGT,20.0,,,,,,,,,,,,,,,,,,,,,
9240,78,Nature,IGT,1.0,,,,,,,,,,,,,,,,,,,,,
9241,78,Nature,IGT,2.0,,,,,,,,,,,,,,,,,,,,,
9242,78,Nature,IGT,3.0,,,,,,,,,,,,,,,,,,,,,
9243,78,Nature,IGT,4.0,,,,,,,,,,,,,,,,,,,,,
9244,78,Nature,IGT,5.0,,,,,,,,,,,,,,,,,,,,,
9245,78,Nature,IGT,6.0,,,,,,,,,,,,,,,,,,,,,
9246,78,Nature,IGT,7.0,,,,,,,,,,,,,,,,,,,,,
9247,78,Nature,IGT,8.0,,,,,,,,,,,,,,,,,,,,,
9248,78,Nature,IGT,9.0,,,,,,,,,,,,,,,,,,,,,
9249,78,Nature,IGT,10.0,,,,,,,,,,,,,,,,,,,,,
9250,78,Nature,IGT,11.0,,,,,,,,,,,,,,,,,,,,,
9251,78,Nature,IGT,12.0,,,,,,,,,,,,,,,,,,,,,
9252,78,Nature,IGT,13.0,,,,,,,,,,,,,,,,,,,,,
9253,78,Nature,IGT,14.0,,,,,,,,,,,,,,,,,,,,,
9254,78,Nature,IGT,15.0,,,,,,,,,,,,,,,,,,,,,
9255,78,Nature,IGT,16.0,,,,,,,,,,,,,,,,,,,,,
9256,78,Nature,IGT,17.0,,,,,,,,,,,,,,,,,,,,,
9257,78,Nature,IGT,18.0,,,,,,,,,,,,,,,,,,,,,
9258,78,Nature,IGT,19.0,,,,,,,,,,,,,,,,,,,,,
9259,78,Nature,IGT,20.0,,,,,,,,,,,,,,,,,,,,,
9280,78,Urban,IGT,1.0,,,77.0,2.08,4.86,4.04,0.22044019346,0.20268143276,0.1636598230199999,0.21690957898,0.16332764118,0.25874837788,7.4548824389,1.66015637084,-0.0579944560399999,-0.0160843545,0.00916139394,0.01796702076,0.07300247046,0.10705504898,0.0985481335799999
9281,78,Urban,IGT,2.0,,,77.0,2.08,4.86,4.04,0.22044019346,0.20268143276,0.1636598230199999,0.21690957898,0.16332764118,0.25874837788,7.4548824389,1.66015637084,-0.0579944560399999,-0.0160843545,0.00916139394,0.01796702076,0.07300247046,0.10705504898,0.0985481335799999
9282,78,Urban,IGT,3.0,,,77.0,2.08,4.86,4.04,0.22044019346,0.20268143276,0.1636598230199999,0.21690957898,0.16332764118,0.25874837788,7.4548824389,1.66015637084,-0.0579944560399999,-0.0160843545,0.00916139394,0.01796702076,0.07300247046,0.10705504898,0.0985481335799999
9283,78,Urban,IGT,4.0,,,77.0,2.08,4.86,4.04,0.22044019346,0.20268143276,0.1636598230199999,0.21690957898,0.16332764118,0.25874837788,7.4548824389,1.66015637084,-0.0579944560399999,-0.0160843545,0.00916139394,0.01796702076,0.07300247046,0.10705504898,0.0985481335799999
9284,78,Urban,IGT,5.0,,,77.0,2.08,4.86,4.04,0.22044019346,0.20268143276,0.1636598230199999,0.21690957898,0.16332764118,0.25874837788,7.4548824389,1.66015637084,-0.0579944560399999,-0.0160843545,0.00916139394,0.01796702076,0.07300247046,0.10705504898,0.0985481335799999
9285,78,Urban,IGT,6.0,,,77.0,2.08,4.86,4.04,0.22044019346,0.20268143276,0.1636598230199999,0.21690957898,0.16332764118,0.25874837788,7.4548824389,1.66015637084,-0.0579944560399999,-0.0160843545,0.00916139394,0.01796702076,0.07300247046,0.10705504898,0.0985481335799999
9286,78,Urban,IGT,7.0,,,77.0,2.08,4.86,4.04,0.22044019346,0.20268143276,0.1636598230199999,0.21690957898,0.16332764118,0.25874837788,7.4548824389,1.66015637084,-0.0579944560399999,-0.0160843545,0.00916139394,0.01796702076,0.07300247046,0.10705504898,0.0985481335799999
9287,78,Urban,IGT,8.0,,,77.0,2.08,4.86,4.04,0.22044019346,0.20268143276,0.1636598230199999,0.21690957898,0.16332764118,0.25874837788,7.4548824389,1.66015637084,-0.0579944560399999,-0.0160843545,0.00916139394,0.01796702076,0.07300247046,0.10705504898,0.0985481335799999
9288,78,Urban,IGT,9.0,,,77.0,2.08,4.86,4.04,0.22044019346,0.20268143276,0.1636598230199999,0.21690957898,0.16332764118,0.25874837788,7.4548824389,1.66015637084,-0.0579944560399999,-0.0160843545,0.00916139394,0.01796702076,0.07300247046,0.10705504898,0.0985481335799999
9289,78,Urban,IGT,10.0,,,77.0,2.08,4.86,4.04,0.22044019346,0.20268143276,0.1636598230199999,0.21690957898,0.16332764118,0.25874837788,7.4548824389,1.66015637084,-0.0579944560399999,-0.0160843545,0.00916139394,0.01796702076,0.07300247046,0.10705504898,0.0985481335799999
9290,78,Urban,IGT,11.0,0.0,0.9,77.0,2.08,4.86,4.04,0.22044019346,0.20268143276,0.1636598230199999,0.21690957898,0.16332764118,0.25874837788,7.4548824389,1.66015637084,-0.0579944560399999,-0.0160843545,0.00916139394,0.01796702076,0.07300247046,0.10705504898,0.0985481335799999
9291,78,Urban,IGT,12.0,0.5,0.1,77.0,2.08,4.86,4.04,0.22044019346,0.20268143276,0.1636598230199999,0.21690957898,0.16332764118,0.25874837788,7.4548824389,1.66015637084,-0.0579944560399999,-0.0160843545,0.00916139394,0.01796702076,0.07300247046,0.10705504898,0.0985481335799999
9292,78,Urban,IGT,13.0,1.0,0.4,77.0,2.08,4.86,4.04,0.22044019346,0.20268143276,0.1636598230199999,0.21690957898,0.16332764118,0.25874837788,7.4548824389,1.66015637084,-0.0579944560399999,-0.0160843545,0.00916139394,0.01796702076,0.07300247046,0.10705504898,0.0985481335799999
9293,78,Urban,IGT,14.0,1.0,1.0,77.0,2.08,4.86,4.04,0.22044019346,0.20268143276,0.1636598230199999,0.21690957898,0.16332764118,0.25874837788,7.4548824389,1.66015637084,-0.0579944560399999,-0.0160843545,0.00916139394,0.01796702076,0.07300247046,0.10705504898,0.0985481335799999
9294,78,Urban,IGT,15.0,1.0,0.1,77.0,2.08,4.86,4.04,0.22044019346,0.20268143276,0.1636598230199999,0.21690957898,0.16332764118,0.25874837788,7.4548824389,1.66015637084,-0.0579944560399999,-0.0160843545,0.00916139394,0.01796702076,0.07300247046,0.10705504898,0.0985481335799999
9295,78,Urban,IGT,16.0,0.8,0.0,77.0,2.08,4.86,4.04,0.22044019346,0.20268143276,0.1636598230199999,0.21690957898,0.16332764118,0.25874837788,7.4548824389,1.66015637084,-0.0579944560399999,-0.0160843545,0.00916139394,0.01796702076,0.07300247046,0.10705504898,0.0985481335799999
9296,78,Urban,IGT,17.0,1.0,0.6,77.0,2.08,4.86,4.04,0.22044019346,0.20268143276,0.1636598230199999,0.21690957898,0.16332764118,0.25874837788,7.4548824389,1.66015637084,-0.0579944560399999,-0.0160843545,0.00916139394,0.01796702076,0.07300247046,0.10705504898,0.0985481335799999
9297,78,Urban,IGT,18.0,1.0,0.0,77.0,2.08,4.86,4.04,0.22044019346,0.20268143276,0.1636598230199999,0.21690957898,0.16332764118,0.25874837788,7.4548824389,1.66015637084,-0.0579944560399999,-0.0160843545,0.00916139394,0.01796702076,0.07300247046,0.10705504898,0.0985481335799999
9298,78,Urban,IGT,19.0,1.0,0.0,77.0,2.08,4.86,4.04,0.22044019346,0.20268143276,0.1636598230199999,0.21690957898,0.16332764118,0.25874837788,7.4548824389,1.66015637084,-0.0579944560399999,-0.0160843545,0.00916139394,0.01796702076,0.07300247046,0.10705504898,0.0985481335799999
9299,78,Urban,IGT,20.0,1.0,0.0,77.0,2.08,4.86,4.04,0.22044019346,0.20268143276,0.1636598230199999,0.21690957898,0.16332764118,0.25874837788,7.4548824389,1.66015637084,-0.0579944560399999,-0.0160843545,0.00916139394,0.01796702076,0.07300247046,0.10705504898,0.0985481335799999
9320,78,Control,IGT,1.0,,,,,,,,,,,,,,,,,,,,,
9321,78,Control,IGT,2.0,,,,,,,,,,,,,,,,,,,,,
9322,78,Control,IGT,3.0,,,,,,,,,,,,,,,,,,,,,
9323,78,Control,IGT,4.0,,,,,,,,,,,,,,,,,,,,,
9324,78,Control,IGT,5.0,,,,,,,,,,,,,,,,,,,,,
9325,78,Control,IGT,6.0,,,,,,,,,,,,,,,,,,,,,
9326,78,Control,IGT,7.0,,,,,,,,,,,,,,,,,,,,,
9327,78,Control,IGT,8.0,,,,,,,,,,,,,,,,,,,,,
9328,78,Control,IGT,9.0,,,,,,,,,,,,,,,,,,,,,
9329,78,Control,IGT,10.0,,,,,,,,,,,,,,,,,,,,,
9330,78,Control,IGT,11.0,,,,,,,,,,,,,,,,,,,,,
9331,78,Control,IGT,12.0,,,,,,,,,,,,,,,,,,,,,
9332,78,Control,IGT,13.0,,,,,,,,,,,,,,,,,,,,,
9333,78,Control,IGT,14.0,,,,,,,,,,,,,,,,,,,,,
9334,78,Control,IGT,15.0,,,,,,,,,,,,,,,,,,,,,
9335,78,Control,IGT,16.0,,,,,,,,,,,,,,,,,,,,,
9336,78,Control,IGT,17.0,,,,,,,,,,,,,,,,,,,,,
9337,78,Control,IGT,18.0,,,,,,,,,,,,,,,,,,,,,
9338,78,Control,IGT,19.0,,,,,,,,,,,,,,,,,,,,,
9339,78,Control,IGT,20.0,,,,,,,,,,,,,,,,,,,,,
9360,79,Nature,IGT,1.0,,,78.0,5.58,4.86,5.4,0.1630720293799999,-0.0380190663399999,0.25186836748,0.1597365916999999,0.2094116181,0.26172229122,7.487359509179999,6.11183652814,-0.05994134146,0.01737504368,-0.00395330356,-0.01772791116,0.01788367454,0.1393616148399999,0.1953019438
9361,79,Nature,IGT,2.0,,,78.0,5.58,4.86,5.4,0.1630720293799999,-0.0380190663399999,0.25186836748,0.1597365916999999,0.2094116181,0.26172229122,7.487359509179999,6.11183652814,-0.05994134146,0.01737504368,-0.00395330356,-0.01772791116,0.01788367454,0.1393616148399999,0.1953019438
9362,79,Nature,IGT,3.0,,,78.0,5.58,4.86,5.4,0.1630720293799999,-0.0380190663399999,0.25186836748,0.1597365916999999,0.2094116181,0.26172229122,7.487359509179999,6.11183652814,-0.05994134146,0.01737504368,-0.00395330356,-0.01772791116,0.01788367454,0.1393616148399999,0.1953019438
9363,79,Nature,IGT,4.0,,,78.0,5.58,4.86,5.4,0.1630720293799999,-0.0380190663399999,0.25186836748,0.1597365916999999,0.2094116181,0.26172229122,7.487359509179999,6.11183652814,-0.05994134146,0.01737504368,-0.00395330356,-0.01772791116,0.01788367454,0.1393616148399999,0.1953019438
9364,79,Nature,IGT,5.0,,,78.0,5.58,4.86,5.4,0.1630720293799999,-0.0380190663399999,0.25186836748,0.1597365916999999,0.2094116181,0.26172229122,7.487359509179999,6.11183652814,-0.05994134146,0.01737504368,-0.00395330356,-0.01772791116,0.01788367454,0.1393616148399999,0.1953019438
9365,79,Nature,IGT,6.0,,,78.0,5.58,4.86,5.4,0.1630720293799999,-0.0380190663399999,0.25186836748,0.1597365916999999,0.2094116181,0.26172229122,7.487359509179999,6.11183652814,-0.05994134146,0.01737504368,-0.00395330356,-0.01772791116,0.01788367454,0.1393616148399999,0.1953019438
9366,79,Nature,IGT,7.0,,,78.0,5.58,4.86,5.4,0.1630720293799999,-0.0380190663399999,0.25186836748,0.1597365916999999,0.2094116181,0.26172229122,7.487359509179999,6.11183652814,-0.05994134146,0.01737504368,-0.00395330356,-0.01772791116,0.01788367454,0.1393616148399999,0.1953019438
9367,79,Nature,IGT,8.0,,,78.0,5.58,4.86,5.4,0.1630720293799999,-0.0380190663399999,0.25186836748,0.1597365916999999,0.2094116181,0.26172229122,7.487359509179999,6.11183652814,-0.05994134146,0.01737504368,-0.00395330356,-0.01772791116,0.01788367454,0.1393616148399999,0.1953019438
9368,79,Nature,IGT,9.0,,,78.0,5.58,4.86,5.4,0.1630720293799999,-0.0380190663399999,0.25186836748,0.1597365916999999,0.2094116181,0.26172229122,7.487359509179999,6.11183652814,-0.05994134146,0.01737504368,-0.00395330356,-0.01772791116,0.01788367454,0.1393616148399999,0.1953019438
9369,79,Nature,IGT,10.0,,,78.0,5.58,4.86,5.4,0.1630720293799999,-0.0380190663399999,0.25186836748,0.1597365916999999,0.2094116181,0.26172229122,7.487359509179999,6.11183652814,-0.05994134146,0.01737504368,-0.00395330356,-0.01772791116,0.01788367454,0.1393616148399999,0.1953019438
9370,79,Nature,IGT,11.0,0.0,1.0,78.0,5.58,4.86,5.4,0.1630720293799999,-0.0380190663399999,0.25186836748,0.1597365916999999,0.2094116181,0.26172229122,7.487359509179999,6.11183652814,-0.05994134146,0.01737504368,-0.00395330356,-0.01772791116,0.01788367454,0.1393616148399999,0.1953019438
9371,79,Nature,IGT,12.0,0.5,0.5,78.0,5.58,4.86,5.4,0.1630720293799999,-0.0380190663399999,0.25186836748,0.1597365916999999,0.2094116181,0.26172229122,7.487359509179999,6.11183652814,-0.05994134146,0.01737504368,-0.00395330356,-0.01772791116,0.01788367454,0.1393616148399999,0.1953019438
9372,79,Nature,IGT,13.0,1.0,0.8,78.0,5.58,4.86,5.4,0.1630720293799999,-0.0380190663399999,0.25186836748,0.1597365916999999,0.2094116181,0.26172229122,7.487359509179999,6.11183652814,-0.05994134146,0.01737504368,-0.00395330356,-0.01772791116,0.01788367454,0.1393616148399999,0.1953019438
9373,79,Nature,IGT,14.0,0.2,0.2,78.0,5.58,4.86,5.4,0.1630720293799999,-0.0380190663399999,0.25186836748,0.1597365916999999,0.2094116181,0.26172229122,7.487359509179999,6.11183652814,-0.05994134146,0.01737504368,-0.00395330356,-0.01772791116,0.01788367454,0.1393616148399999,0.1953019438
9374,79,Nature,IGT,15.0,1.0,0.1,78.0,5.58,4.86,5.4,0.1630720293799999,-0.0380190663399999,0.25186836748,0.1597365916999999,0.2094116181,0.26172229122,7.487359509179999,6.11183652814,-0.05994134146,0.01737504368,-0.00395330356,-0.01772791116,0.01788367454,0.1393616148399999,0.1953019438
9375,79,Nature,IGT,16.0,1.0,0.0,78.0,5.58,4.86,5.4,0.1630720293799999,-0.0380190663399999,0.25186836748,0.1597365916999999,0.2094116181,0.26172229122,7.487359509179999,6.11183652814,-0.05994134146,0.01737504368,-0.00395330356,-0.01772791116,0.01788367454,0.1393616148399999,0.1953019438
9376,79,Nature,IGT,17.0,1.0,0.0,78.0,5.58,4.86,5.4,0.1630720293799999,-0.0380190663399999,0.25186836748,0.1597365916999999,0.2094116181,0.26172229122,7.487359509179999,6.11183652814,-0.05994134146,0.01737504368,-0.00395330356,-0.01772791116,0.01788367454,0.1393616148399999,0.1953019438
9377,79,Nature,IGT,18.0,1.0,0.0,78.0,5.58,4.86,5.4,0.1630720293799999,-0.0380190663399999,0.25186836748,0.1597365916999999,0.2094116181,0.26172229122,7.487359509179999,6.11183652814,-0.05994134146,0.01737504368,-0.00395330356,-0.01772791116,0.01788367454,0.1393616148399999,0.1953019438
9378,79,Nature,IGT,19.0,0.9,0.1,78.0,5.58,4.86,5.4,0.1630720293799999,-0.0380190663399999,0.25186836748,0.1597365916999999,0.2094116181,0.26172229122,7.487359509179999,6.11183652814,-0.05994134146,0.01737504368,-0.00395330356,-0.01772791116,0.01788367454,0.1393616148399999,0.1953019438
9379,79,Nature,IGT,20.0,1.0,0.0,78.0,5.58,4.86,5.4,0.1630720293799999,-0.0380190663399999,0.25186836748,0.1597365916999999,0.2094116181,0.26172229122,7.487359509179999,6.11183652814,-0.05994134146,0.01737504368,-0.00395330356,-0.01772791116,0.01788367454,0.1393616148399999,0.1953019438
9400,79,Urban,IGT,1.0,,,,,,,,,,,,,,,,,,,,,
9401,79,Urban,IGT,2.0,,,,,,,,,,,,,,,,,,,,,
9402,79,Urban,IGT,3.0,,,,,,,,,,,,,,,,,,,,,
9403,79,Urban,IGT,4.0,,,,,,,,,,,,,,,,,,,,,
9404,79,Urban,IGT,5.0,,,,,,,,,,,,,,,,,,,,,
9405,79,Urban,IGT,6.0,,,,,,,,,,,,,,,,,,,,,
9406,79,Urban,IGT,7.0,,,,,,,,,,,,,,,,,,,,,
9407,79,Urban,IGT,8.0,,,,,,,,,,,,,,,,,,,,,
9408,79,Urban,IGT,9.0,,,,,,,,,,,,,,,,,,,,,
9409,79,Urban,IGT,10.0,,,,,,,,,,,,,,,,,,,,,
9410,79,Urban,IGT,11.0,,,,,,,,,,,,,,,,,,,,,
9411,79,Urban,IGT,12.0,,,,,,,,,,,,,,,,,,,,,
9412,79,Urban,IGT,13.0,,,,,,,,,,,,,,,,,,,,,
9413,79,Urban,IGT,14.0,,,,,,,,,,,,,,,,,,,,,
9414,79,Urban,IGT,15.0,,,,,,,,,,,,,,,,,,,,,
9415,79,Urban,IGT,16.0,,,,,,,,,,,,,,,,,,,,,
9416,79,Urban,IGT,17.0,,,,,,,,,,,,,,,,,,,,,
9417,79,Urban,IGT,18.0,,,,,,,,,,,,,,,,,,,,,
9418,79,Urban,IGT,19.0,,,,,,,,,,,,,,,,,,,,,
9419,79,Urban,IGT,20.0,,,,,,,,,,,,,,,,,,,,,
9440,79,Control,IGT,1.0,,,,,,,,,,,,,,,,,,,,,
9441,79,Control,IGT,2.0,,,,,,,,,,,,,,,,,,,,,
9442,79,Control,IGT,3.0,,,,,,,,,,,,,,,,,,,,,
9443,79,Control,IGT,4.0,,,,,,,,,,,,,,,,,,,,,
9444,79,Control,IGT,5.0,,,,,,,,,,,,,,,,,,,,,
9445,79,Control,IGT,6.0,,,,,,,,,,,,,,,,,,,,,
9446,79,Control,IGT,7.0,,,,,,,,,,,,,,,,,,,,,
9447,79,Control,IGT,8.0,,,,,,,,,,,,,,,,,,,,,
9448,79,Control,IGT,9.0,,,,,,,,,,,,,,,,,,,,,
9449,79,Control,IGT,10.0,,,,,,,,,,,,,,,,,,,,,
9450,79,Control,IGT,11.0,,,,,,,,,,,,,,,,,,,,,
9451,79,Control,IGT,12.0,,,,,,,,,,,,,,,,,,,,,
9452,79,Control,IGT,13.0,,,,,,,,,,,,,,,,,,,,,
9453,79,Control,IGT,14.0,,,,,,,,,,,,,,,,,,,,,
9454,79,Control,IGT,15.0,,,,,,,,,,,,,,,,,,,,,
9455,79,Control,IGT,16.0,,,,,,,,,,,,,,,,,,,,,
9456,79,Control,IGT,17.0,,,,,,,,,,,,,,,,,,,,,
9457,79,Control,IGT,18.0,,,,,,,,,,,,,,,,,,,,,
9458,79,Control,IGT,19.0,,,,,,,,,,,,,,,,,,,,,
9459,79,Control,IGT,20.0,,,,,,,,,,,,,,,,,,,,,
9480,80,Nature,IGT,1.0,,,,,,,,,,,,,,,,,,,,,
9481,80,Nature,IGT,2.0,,,,,,,,,,,,,,,,,,,,,
9482,80,Nature,IGT,3.0,,,,,,,,,,,,,,,,,,,,,
9483,80,Nature,IGT,4.0,,,,,,,,,,,,,,,,,,,,,
9484,80,Nature,IGT,5.0,,,,,,,,,,,,,,,,,,,,,
9485,80,Nature,IGT,6.0,,,,,,,,,,,,,,,,,,,,,
9486,80,Nature,IGT,7.0,,,,,,,,,,,,,,,,,,,,,
9487,80,Nature,IGT,8.0,,,,,,,,,,,,,,,,,,,,,
9488,80,Nature,IGT,9.0,,,,,,,,,,,,,,,,,,,,,
9489,80,Nature,IGT,10.0,,,,,,,,,,,,,,,,,,,,,
9490,80,Nature,IGT,11.0,,,,,,,,,,,,,,,,,,,,,
9491,80,Nature,IGT,12.0,,,,,,,,,,,,,,,,,,,,,
9492,80,Nature,IGT,13.0,,,,,,,,,,,,,,,,,,,,,
9493,80,Nature,IGT,14.0,,,,,,,,,,,,,,,,,,,,,
9494,80,Nature,IGT,15.0,,,,,,,,,,,,,,,,,,,,,
9495,80,Nature,IGT,16.0,,,,,,,,,,,,,,,,,,,,,
9496,80,Nature,IGT,17.0,,,,,,,,,,,,,,,,,,,,,
9497,80,Nature,IGT,18.0,,,,,,,,,,,,,,,,,,,,,
9498,80,Nature,IGT,19.0,,,,,,,,,,,,,,,,,,,,,
9499,80,Nature,IGT,20.0,,,,,,,,,,,,,,,,,,,,,
9520,80,Urban,IGT,1.0,,,,,,,,,,,,,,,,,,,,,
9521,80,Urban,IGT,2.0,,,,,,,,,,,,,,,,,,,,,
9522,80,Urban,IGT,3.0,,,,,,,,,,,,,,,,,,,,,
9523,80,Urban,IGT,4.0,,,,,,,,,,,,,,,,,,,,,
9524,80,Urban,IGT,5.0,,,,,,,,,,,,,,,,,,,,,
9525,80,Urban,IGT,6.0,,,,,,,,,,,,,,,,,,,,,
9526,80,Urban,IGT,7.0,,,,,,,,,,,,,,,,,,,,,
9527,80,Urban,IGT,8.0,,,,,,,,,,,,,,,,,,,,,
9528,80,Urban,IGT,9.0,,,,,,,,,,,,,,,,,,,,,
9529,80,Urban,IGT,10.0,,,,,,,,,,,,,,,,,,,,,
9530,80,Urban,IGT,11.0,,,,,,,,,,,,,,,,,,,,,
9531,80,Urban,IGT,12.0,,,,,,,,,,,,,,,,,,,,,
9532,80,Urban,IGT,13.0,,,,,,,,,,,,,,,,,,,,,
9533,80,Urban,IGT,14.0,,,,,,,,,,,,,,,,,,,,,
9534,80,Urban,IGT,15.0,,,,,,,,,,,,,,,,,,,,,
9535,80,Urban,IGT,16.0,,,,,,,,,,,,,,,,,,,,,
9536,80,Urban,IGT,17.0,,,,,,,,,,,,,,,,,,,,,
9537,80,Urban,IGT,18.0,,,,,,,,,,,,,,,,,,,,,
9538,80,Urban,IGT,19.0,,,,,,,,,,,,,,,,,,,,,
9539,80,Urban,IGT,20.0,,,,,,,,,,,,,,,,,,,,,
9560,80,Control,IGT,1.0,,,79.0,3.52,2.12,1.78,,,,,,,,,,,,,,,
9561,80,Control,IGT,2.0,,,79.0,3.52,2.12,1.78,,,,,,,,,,,,,,,
9562,80,Control,IGT,3.0,,,79.0,3.52,2.12,1.78,,,,,,,,,,,,,,,
9563,80,Control,IGT,4.0,,,79.0,3.52,2.12,1.78,,,,,,,,,,,,,,,
9564,80,Control,IGT,5.0,,,79.0,3.52,2.12,1.78,,,,,,,,,,,,,,,
9565,80,Control,IGT,6.0,,,79.0,3.52,2.12,1.78,,,,,,,,,,,,,,,
9566,80,Control,IGT,7.0,,,79.0,3.52,2.12,1.78,,,,,,,,,,,,,,,
9567,80,Control,IGT,8.0,,,79.0,3.52,2.12,1.78,,,,,,,,,,,,,,,
9568,80,Control,IGT,9.0,,,79.0,3.52,2.12,1.78,,,,,,,,,,,,,,,
9569,80,Control,IGT,10.0,,,79.0,3.52,2.12,1.78,,,,,,,,,,,,,,,
9570,80,Control,IGT,11.0,0.5,0.5,79.0,3.52,2.12,1.78,,,,,,,,,,,,,,,
9571,80,Control,IGT,12.0,0.6,0.5,79.0,3.52,2.12,1.78,,,,,,,,,,,,,,,
9572,80,Control,IGT,13.0,0.5,0.5,79.0,3.52,2.12,1.78,,,,,,,,,,,,,,,
9573,80,Control,IGT,14.0,0.4,0.5,79.0,3.52,2.12,1.78,,,,,,,,,,,,,,,
9574,80,Control,IGT,15.0,0.4,0.6,79.0,3.52,2.12,1.78,,,,,,,,,,,,,,,
9575,80,Control,IGT,16.0,0.6,0.5,79.0,3.52,2.12,1.78,,,,,,,,,,,,,,,
9576,80,Control,IGT,17.0,0.5,0.5,79.0,3.52,2.12,1.78,,,,,,,,,,,,,,,
9577,80,Control,IGT,18.0,0.5,0.4,79.0,3.52,2.12,1.78,,,,,,,,,,,,,,,
9578,80,Control,IGT,19.0,0.6,0.5,79.0,3.52,2.12,1.78,,,,,,,,,,,,,,,
9579,80,Control,IGT,20.0,0.6,0.4,79.0,3.52,2.12,1.78,,,,,,,,,,,,,,,
9600,81,Nature,IGT,1.0,,,80.0,6.38,6.52,6.76,0.1560017729,-0.07994022024,0.21873779946,0.15858065438,0.2132182373799999,0.26563075864,7.469198335680001,6.24379439952,-0.06158487422,0.0154746097,0.0011099756399999,-0.01935225288,0.01797320864,0.13969876032,0.19373572028
9601,81,Nature,IGT,2.0,,,80.0,6.38,6.52,6.76,0.1560017729,-0.07994022024,0.21873779946,0.15858065438,0.2132182373799999,0.26563075864,7.469198335680001,6.24379439952,-0.06158487422,0.0154746097,0.0011099756399999,-0.01935225288,0.01797320864,0.13969876032,0.19373572028
9602,81,Nature,IGT,3.0,,,80.0,6.38,6.52,6.76,0.1560017729,-0.07994022024,0.21873779946,0.15858065438,0.2132182373799999,0.26563075864,7.469198335680001,6.24379439952,-0.06158487422,0.0154746097,0.0011099756399999,-0.01935225288,0.01797320864,0.13969876032,0.19373572028
9603,81,Nature,IGT,4.0,,,80.0,6.38,6.52,6.76,0.1560017729,-0.07994022024,0.21873779946,0.15858065438,0.2132182373799999,0.26563075864,7.469198335680001,6.24379439952,-0.06158487422,0.0154746097,0.0011099756399999,-0.01935225288,0.01797320864,0.13969876032,0.19373572028
9604,81,Nature,IGT,5.0,,,80.0,6.38,6.52,6.76,0.1560017729,-0.07994022024,0.21873779946,0.15858065438,0.2132182373799999,0.26563075864,7.469198335680001,6.24379439952,-0.06158487422,0.0154746097,0.0011099756399999,-0.01935225288,0.01797320864,0.13969876032,0.19373572028
9605,81,Nature,IGT,6.0,,,80.0,6.38,6.52,6.76,0.1560017729,-0.07994022024,0.21873779946,0.15858065438,0.2132182373799999,0.26563075864,7.469198335680001,6.24379439952,-0.06158487422,0.0154746097,0.0011099756399999,-0.01935225288,0.01797320864,0.13969876032,0.19373572028
9606,81,Nature,IGT,7.0,,,80.0,6.38,6.52,6.76,0.1560017729,-0.07994022024,0.21873779946,0.15858065438,0.2132182373799999,0.26563075864,7.469198335680001,6.24379439952,-0.06158487422,0.0154746097,0.0011099756399999,-0.01935225288,0.01797320864,0.13969876032,0.19373572028
9607,81,Nature,IGT,8.0,,,80.0,6.38,6.52,6.76,0.1560017729,-0.07994022024,0.21873779946,0.15858065438,0.2132182373799999,0.26563075864,7.469198335680001,6.24379439952,-0.06158487422,0.0154746097,0.0011099756399999,-0.01935225288,0.01797320864,0.13969876032,0.19373572028
9608,81,Nature,IGT,9.0,,,80.0,6.38,6.52,6.76,0.1560017729,-0.07994022024,0.21873779946,0.15858065438,0.2132182373799999,0.26563075864,7.469198335680001,6.24379439952,-0.06158487422,0.0154746097,0.0011099756399999,-0.01935225288,0.01797320864,0.13969876032,0.19373572028
9609,81,Nature,IGT,10.0,,,80.0,6.38,6.52,6.76,0.1560017729,-0.07994022024,0.21873779946,0.15858065438,0.2132182373799999,0.26563075864,7.469198335680001,6.24379439952,-0.06158487422,0.0154746097,0.0011099756399999,-0.01935225288,0.01797320864,0.13969876032,0.19373572028
9610,81,Nature,IGT,11.0,0.2,0.2,80.0,6.38,6.52,6.76,0.1560017729,-0.07994022024,0.21873779946,0.15858065438,0.2132182373799999,0.26563075864,7.469198335680001,6.24379439952,-0.06158487422,0.0154746097,0.0011099756399999,-0.01935225288,0.01797320864,0.13969876032,0.19373572028
9611,81,Nature,IGT,12.0,0.3,0.0,80.0,6.38,6.52,6.76,0.1560017729,-0.07994022024,0.21873779946,0.15858065438,0.2132182373799999,0.26563075864,7.469198335680001,6.24379439952,-0.06158487422,0.0154746097,0.0011099756399999,-0.01935225288,0.01797320864,0.13969876032,0.19373572028
9612,81,Nature,IGT,13.0,1.0,0.0,80.0,6.38,6.52,6.76,0.1560017729,-0.07994022024,0.21873779946,0.15858065438,0.2132182373799999,0.26563075864,7.469198335680001,6.24379439952,-0.06158487422,0.0154746097,0.0011099756399999,-0.01935225288,0.01797320864,0.13969876032,0.19373572028
9613,81,Nature,IGT,14.0,1.0,0.0,80.0,6.38,6.52,6.76,0.1560017729,-0.07994022024,0.21873779946,0.15858065438,0.2132182373799999,0.26563075864,7.469198335680001,6.24379439952,-0.06158487422,0.0154746097,0.0011099756399999,-0.01935225288,0.01797320864,0.13969876032,0.19373572028
9614,81,Nature,IGT,15.0,1.0,0.0,80.0,6.38,6.52,6.76,0.1560017729,-0.07994022024,0.21873779946,0.15858065438,0.2132182373799999,0.26563075864,7.469198335680001,6.24379439952,-0.06158487422,0.0154746097,0.0011099756399999,-0.01935225288,0.01797320864,0.13969876032,0.19373572028
9615,81,Nature,IGT,16.0,1.0,0.0,80.0,6.38,6.52,6.76,0.1560017729,-0.07994022024,0.21873779946,0.15858065438,0.2132182373799999,0.26563075864,7.469198335680001,6.24379439952,-0.06158487422,0.0154746097,0.0011099756399999,-0.01935225288,0.01797320864,0.13969876032,0.19373572028
9616,81,Nature,IGT,17.0,1.0,0.0,80.0,6.38,6.52,6.76,0.1560017729,-0.07994022024,0.21873779946,0.15858065438,0.2132182373799999,0.26563075864,7.469198335680001,6.24379439952,-0.06158487422,0.0154746097,0.0011099756399999,-0.01935225288,0.01797320864,0.13969876032,0.19373572028
9617,81,Nature,IGT,18.0,1.0,0.0,80.0,6.38,6.52,6.76,0.1560017729,-0.07994022024,0.21873779946,0.15858065438,0.2132182373799999,0.26563075864,7.469198335680001,6.24379439952,-0.06158487422,0.0154746097,0.0011099756399999,-0.01935225288,0.01797320864,0.13969876032,0.19373572028
9618,81,Nature,IGT,19.0,1.0,0.0,80.0,6.38,6.52,6.76,0.1560017729,-0.07994022024,0.21873779946,0.15858065438,0.2132182373799999,0.26563075864,7.469198335680001,6.24379439952,-0.06158487422,0.0154746097,0.0011099756399999,-0.01935225288,0.01797320864,0.13969876032,0.19373572028
9619,81,Nature,IGT,20.0,1.0,0.0,80.0,6.38,6.52,6.76,0.1560017729,-0.07994022024,0.21873779946,0.15858065438,0.2132182373799999,0.26563075864,7.469198335680001,6.24379439952,-0.06158487422,0.0154746097,0.0011099756399999,-0.01935225288,0.01797320864,0.13969876032,0.19373572028
9640,81,Urban,IGT,1.0,,,,,,,,,,,,,,,,,,,,,
9641,81,Urban,IGT,2.0,,,,,,,,,,,,,,,,,,,,,
9642,81,Urban,IGT,3.0,,,,,,,,,,,,,,,,,,,,,
9643,81,Urban,IGT,4.0,,,,,,,,,,,,,,,,,,,,,
9644,81,Urban,IGT,5.0,,,,,,,,,,,,,,,,,,,,,
9645,81,Urban,IGT,6.0,,,,,,,,,,,,,,,,,,,,,
9646,81,Urban,IGT,7.0,,,,,,,,,,,,,,,,,,,,,
9647,81,Urban,IGT,8.0,,,,,,,,,,,,,,,,,,,,,
9648,81,Urban,IGT,9.0,,,,,,,,,,,,,,,,,,,,,
9649,81,Urban,IGT,10.0,,,,,,,,,,,,,,,,,,,,,
9650,81,Urban,IGT,11.0,,,,,,,,,,,,,,,,,,,,,
9651,81,Urban,IGT,12.0,,,,,,,,,,,,,,,,,,,,,
9652,81,Urban,IGT,13.0,,,,,,,,,,,,,,,,,,,,,
9653,81,Urban,IGT,14.0,,,,,,,,,,,,,,,,,,,,,
9654,81,Urban,IGT,15.0,,,,,,,,,,,,,,,,,,,,,
9655,81,Urban,IGT,16.0,,,,,,,,,,,,,,,,,,,,,
9656,81,Urban,IGT,17.0,,,,,,,,,,,,,,,,,,,,,
9657,81,Urban,IGT,18.0,,,,,,,,,,,,,,,,,,,,,
9658,81,Urban,IGT,19.0,,,,,,,,,,,,,,,,,,,,,
9659,81,Urban,IGT,20.0,,,,,,,,,,,,,,,,,,,,,
9680,81,Control,IGT,1.0,,,,,,,,,,,,,,,,,,,,,
9681,81,Control,IGT,2.0,,,,,,,,,,,,,,,,,,,,,
9682,81,Control,IGT,3.0,,,,,,,,,,,,,,,,,,,,,
9683,81,Control,IGT,4.0,,,,,,,,,,,,,,,,,,,,,
9684,81,Control,IGT,5.0,,,,,,,,,,,,,,,,,,,,,
9685,81,Control,IGT,6.0,,,,,,,,,,,,,,,,,,,,,
9686,81,Control,IGT,7.0,,,,,,,,,,,,,,,,,,,,,
9687,81,Control,IGT,8.0,,,,,,,,,,,,,,,,,,,,,
9688,81,Control,IGT,9.0,,,,,,,,,,,,,,,,,,,,,
9689,81,Control,IGT,10.0,,,,,,,,,,,,,,,,,,,,,
9690,81,Control,IGT,11.0,,,,,,,,,,,,,,,,,,,,,
9691,81,Control,IGT,12.0,,,,,,,,,,,,,,,,,,,,,
9692,81,Control,IGT,13.0,,,,,,,,,,,,,,,,,,,,,
9693,81,Control,IGT,14.0,,,,,,,,,,,,,,,,,,,,,
9694,81,Control,IGT,15.0,,,,,,,,,,,,,,,,,,,,,
9695,81,Control,IGT,16.0,,,,,,,,,,,,,,,,,,,,,
9696,81,Control,IGT,17.0,,,,,,,,,,,,,,,,,,,,,
9697,81,Control,IGT,18.0,,,,,,,,,,,,,,,,,,,,,
9698,81,Control,IGT,19.0,,,,,,,,,,,,,,,,,,,,,
9699,81,Control,IGT,20.0,,,,,,,,,,,,,,,,,,,,,
9720,82,Nature,IGT,1.0,,,,,,,,,,,,,,,,,,,,,
9721,82,Nature,IGT,2.0,,,,,,,,,,,,,,,,,,,,,
9722,82,Nature,IGT,3.0,,,,,,,,,,,,,,,,,,,,,
9723,82,Nature,IGT,4.0,,,,,,,,,,,,,,,,,,,,,
9724,82,Nature,IGT,5.0,,,,,,,,,,,,,,,,,,,,,
9725,82,Nature,IGT,6.0,,,,,,,,,,,,,,,,,,,,,
9726,82,Nature,IGT,7.0,,,,,,,,,,,,,,,,,,,,,
9727,82,Nature,IGT,8.0,,,,,,,,,,,,,,,,,,,,,
9728,82,Nature,IGT,9.0,,,,,,,,,,,,,,,,,,,,,
9729,82,Nature,IGT,10.0,,,,,,,,,,,,,,,,,,,,,
9730,82,Nature,IGT,11.0,,,,,,,,,,,,,,,,,,,,,
9731,82,Nature,IGT,12.0,,,,,,,,,,,,,,,,,,,,,
9732,82,Nature,IGT,13.0,,,,,,,,,,,,,,,,,,,,,
9733,82,Nature,IGT,14.0,,,,,,,,,,,,,,,,,,,,,
9734,82,Nature,IGT,15.0,,,,,,,,,,,,,,,,,,,,,
9735,82,Nature,IGT,16.0,,,,,,,,,,,,,,,,,,,,,
9736,82,Nature,IGT,17.0,,,,,,,,,,,,,,,,,,,,,
9737,82,Nature,IGT,18.0,,,,,,,,,,,,,,,,,,,,,
9738,82,Nature,IGT,19.0,,,,,,,,,,,,,,,,,,,,,
9739,82,Nature,IGT,20.0,,,,,,,,,,,,,,,,,,,,,
9760,82,Urban,IGT,1.0,,,81.0,2.24,3.84,3.84,0.2182851107799999,0.2071646523799999,0.16831593056,0.2266413461399999,0.17122447406,0.25980115674,7.39433127714,1.6466528988,-0.0563949761,-0.024285619,0.01138455962,0.0173234606199999,0.07032957588,0.1036643600999999,0.10099197064
9761,82,Urban,IGT,2.0,,,81.0,2.24,3.84,3.84,0.2182851107799999,0.2071646523799999,0.16831593056,0.2266413461399999,0.17122447406,0.25980115674,7.39433127714,1.6466528988,-0.0563949761,-0.024285619,0.01138455962,0.0173234606199999,0.07032957588,0.1036643600999999,0.10099197064
9762,82,Urban,IGT,3.0,,,81.0,2.24,3.84,3.84,0.2182851107799999,0.2071646523799999,0.16831593056,0.2266413461399999,0.17122447406,0.25980115674,7.39433127714,1.6466528988,-0.0563949761,-0.024285619,0.01138455962,0.0173234606199999,0.07032957588,0.1036643600999999,0.10099197064
9763,82,Urban,IGT,4.0,,,81.0,2.24,3.84,3.84,0.2182851107799999,0.2071646523799999,0.16831593056,0.2266413461399999,0.17122447406,0.25980115674,7.39433127714,1.6466528988,-0.0563949761,-0.024285619,0.01138455962,0.0173234606199999,0.07032957588,0.1036643600999999,0.10099197064
9764,82,Urban,IGT,5.0,,,81.0,2.24,3.84,3.84,0.2182851107799999,0.2071646523799999,0.16831593056,0.2266413461399999,0.17122447406,0.25980115674,7.39433127714,1.6466528988,-0.0563949761,-0.024285619,0.01138455962,0.0173234606199999,0.07032957588,0.1036643600999999,0.10099197064
9765,82,Urban,IGT,6.0,,,81.0,2.24,3.84,3.84,0.2182851107799999,0.2071646523799999,0.16831593056,0.2266413461399999,0.17122447406,0.25980115674,7.39433127714,1.6466528988,-0.0563949761,-0.024285619,0.01138455962,0.0173234606199999,0.07032957588,0.1036643600999999,0.10099197064
9766,82,Urban,IGT,7.0,,,81.0,2.24,3.84,3.84,0.2182851107799999,0.2071646523799999,0.16831593056,0.2266413461399999,0.17122447406,0.25980115674,7.39433127714,1.6466528988,-0.0563949761,-0.024285619,0.01138455962,0.0173234606199999,0.07032957588,0.1036643600999999,0.10099197064
9767,82,Urban,IGT,8.0,,,81.0,2.24,3.84,3.84,0.2182851107799999,0.2071646523799999,0.16831593056,0.2266413461399999,0.17122447406,0.25980115674,7.39433127714,1.6466528988,-0.0563949761,-0.024285619,0.01138455962,0.0173234606199999,0.07032957588,0.1036643600999999,0.10099197064
9768,82,Urban,IGT,9.0,,,81.0,2.24,3.84,3.84,0.2182851107799999,0.2071646523799999,0.16831593056,0.2266413461399999,0.17122447406,0.25980115674,7.39433127714,1.6466528988,-0.0563949761,-0.024285619,0.01138455962,0.0173234606199999,0.07032957588,0.1036643600999999,0.10099197064
9769,82,Urban,IGT,10.0,,,81.0,2.24,3.84,3.84,0.2182851107799999,0.2071646523799999,0.16831593056,0.2266413461399999,0.17122447406,0.25980115674,7.39433127714,1.6466528988,-0.0563949761,-0.024285619,0.01138455962,0.0173234606199999,0.07032957588,0.1036643600999999,0.10099197064
9770,82,Urban,IGT,11.0,0.5,0.4,81.0,2.24,3.84,3.84,0.2182851107799999,0.2071646523799999,0.16831593056,0.2266413461399999,0.17122447406,0.25980115674,7.39433127714,1.6466528988,-0.0563949761,-0.024285619,0.01138455962,0.0173234606199999,0.07032957588,0.1036643600999999,0.10099197064
9771,82,Urban,IGT,12.0,0.8,0.1,81.0,2.24,3.84,3.84,0.2182851107799999,0.2071646523799999,0.16831593056,0.2266413461399999,0.17122447406,0.25980115674,7.39433127714,1.6466528988,-0.0563949761,-0.024285619,0.01138455962,0.0173234606199999,0.07032957588,0.1036643600999999,0.10099197064
9772,82,Urban,IGT,13.0,0.5,0.6,81.0,2.24,3.84,3.84,0.2182851107799999,0.2071646523799999,0.16831593056,0.2266413461399999,0.17122447406,0.25980115674,7.39433127714,1.6466528988,-0.0563949761,-0.024285619,0.01138455962,0.0173234606199999,0.07032957588,0.1036643600999999,0.10099197064
9773,82,Urban,IGT,14.0,0.5,0.6,81.0,2.24,3.84,3.84,0.2182851107799999,0.2071646523799999,0.16831593056,0.2266413461399999,0.17122447406,0.25980115674,7.39433127714,1.6466528988,-0.0563949761,-0.024285619,0.01138455962,0.0173234606199999,0.07032957588,0.1036643600999999,0.10099197064
9774,82,Urban,IGT,15.0,0.6,0.4,81.0,2.24,3.84,3.84,0.2182851107799999,0.2071646523799999,0.16831593056,0.2266413461399999,0.17122447406,0.25980115674,7.39433127714,1.6466528988,-0.0563949761,-0.024285619,0.01138455962,0.0173234606199999,0.07032957588,0.1036643600999999,0.10099197064
9775,82,Urban,IGT,16.0,0.6,0.6,81.0,2.24,3.84,3.84,0.2182851107799999,0.2071646523799999,0.16831593056,0.2266413461399999,0.17122447406,0.25980115674,7.39433127714,1.6466528988,-0.0563949761,-0.024285619,0.01138455962,0.0173234606199999,0.07032957588,0.1036643600999999,0.10099197064
9776,82,Urban,IGT,17.0,0.4,0.9,81.0,2.24,3.84,3.84,0.2182851107799999,0.2071646523799999,0.16831593056,0.2266413461399999,0.17122447406,0.25980115674,7.39433127714,1.6466528988,-0.0563949761,-0.024285619,0.01138455962,0.0173234606199999,0.07032957588,0.1036643600999999,0.10099197064
9777,82,Urban,IGT,18.0,0.6,0.3,81.0,2.24,3.84,3.84,0.2182851107799999,0.2071646523799999,0.16831593056,0.2266413461399999,0.17122447406,0.25980115674,7.39433127714,1.6466528988,-0.0563949761,-0.024285619,0.01138455962,0.0173234606199999,0.07032957588,0.1036643600999999,0.10099197064
9778,82,Urban,IGT,19.0,0.7,0.9,81.0,2.24,3.84,3.84,0.2182851107799999,0.2071646523799999,0.16831593056,0.2266413461399999,0.17122447406,0.25980115674,7.39433127714,1.6466528988,-0.0563949761,-0.024285619,0.01138455962,0.0173234606199999,0.07032957588,0.1036643600999999,0.10099197064
9779,82,Urban,IGT,20.0,0.8,0.2,81.0,2.24,3.84,3.84,0.2182851107799999,0.2071646523799999,0.16831593056,0.2266413461399999,0.17122447406,0.25980115674,7.39433127714,1.6466528988,-0.0563949761,-0.024285619,0.01138455962,0.0173234606199999,0.07032957588,0.1036643600999999,0.10099197064
9800,82,Control,IGT,1.0,,,,,,,,,,,,,,,,,,,,,
9801,82,Control,IGT,2.0,,,,,,,,,,,,,,,,,,,,,
9802,82,Control,IGT,3.0,,,,,,,,,,,,,,,,,,,,,
9803,82,Control,IGT,4.0,,,,,,,,,,,,,,,,,,,,,
9804,82,Control,IGT,5.0,,,,,,,,,,,,,,,,,,,,,
9805,82,Control,IGT,6.0,,,,,,,,,,,,,,,,,,,,,
9806,82,Control,IGT,7.0,,,,,,,,,,,,,,,,,,,,,
9807,82,Control,IGT,8.0,,,,,,,,,,,,,,,,,,,,,
9808,82,Control,IGT,9.0,,,,,,,,,,,,,,,,,,,,,
9809,82,Control,IGT,10.0,,,,,,,,,,,,,,,,,,,,,
9810,82,Control,IGT,11.0,,,,,,,,,,,,,,,,,,,,,
9811,82,Control,IGT,12.0,,,,,,,,,,,,,,,,,,,,,
9812,82,Control,IGT,13.0,,,,,,,,,,,,,,,,,,,,,
9813,82,Control,IGT,14.0,,,,,,,,,,,,,,,,,,,,,
9814,82,Control,IGT,15.0,,,,,,,,,,,,,,,,,,,,,
9815,82,Control,IGT,16.0,,,,,,,,,,,,,,,,,,,,,
9816,82,Control,IGT,17.0,,,,,,,,,,,,,,,,,,,,,
9817,82,Control,IGT,18.0,,,,,,,,,,,,,,,,,,,,,
9818,82,Control,IGT,19.0,,,,,,,,,,,,,,,,,,,,,
9819,82,Control,IGT,20.0,,,,,,,,,,,,,,,,,,,,,
9840,83,Nature,IGT,1.0,,,,,,,,,,,,,,,,,,,,,
9841,83,Nature,IGT,2.0,,,,,,,,,,,,,,,,,,,,,
9842,83,Nature,IGT,3.0,,,,,,,,,,,,,,,,,,,,,
9843,83,Nature,IGT,4.0,,,,,,,,,,,,,,,,,,,,,
9844,83,Nature,IGT,5.0,,,,,,,,,,,,,,,,,,,,,
9845,83,Nature,IGT,6.0,,,,,,,,,,,,,,,,,,,,,
9846,83,Nature,IGT,7.0,,,,,,,,,,,,,,,,,,,,,
9847,83,Nature,IGT,8.0,,,,,,,,,,,,,,,,,,,,,
9848,83,Nature,IGT,9.0,,,,,,,,,,,,,,,,,,,,,
9849,83,Nature,IGT,10.0,,,,,,,,,,,,,,,,,,,,,
9850,83,Nature,IGT,11.0,,,,,,,,,,,,,,,,,,,,,
9851,83,Nature,IGT,12.0,,,,,,,,,,,,,,,,,,,,,
9852,83,Nature,IGT,13.0,,,,,,,,,,,,,,,,,,,,,
9853,83,Nature,IGT,14.0,,,,,,,,,,,,,,,,,,,,,
9854,83,Nature,IGT,15.0,,,,,,,,,,,,,,,,,,,,,
9855,83,Nature,IGT,16.0,,,,,,,,,,,,,,,,,,,,,
9856,83,Nature,IGT,17.0,,,,,,,,,,,,,,,,,,,,,
9857,83,Nature,IGT,18.0,,,,,,,,,,,,,,,,,,,,,
9858,83,Nature,IGT,19.0,,,,,,,,,,,,,,,,,,,,,
9859,83,Nature,IGT,20.0,,,,,,,,,,,,,,,,,,,,,
9880,83,Urban,IGT,1.0,,,,,,,,,,,,,,,,,,,,,
9881,83,Urban,IGT,2.0,,,,,,,,,,,,,,,,,,,,,
9882,83,Urban,IGT,3.0,,,,,,,,,,,,,,,,,,,,,
9883,83,Urban,IGT,4.0,,,,,,,,,,,,,,,,,,,,,
9884,83,Urban,IGT,5.0,,,,,,,,,,,,,,,,,,,,,
9885,83,Urban,IGT,6.0,,,,,,,,,,,,,,,,,,,,,
9886,83,Urban,IGT,7.0,,,,,,,,,,,,,,,,,,,,,
9887,83,Urban,IGT,8.0,,,,,,,,,,,,,,,,,,,,,
9888,83,Urban,IGT,9.0,,,,,,,,,,,,,,,,,,,,,
9889,83,Urban,IGT,10.0,,,,,,,,,,,,,,,,,,,,,
9890,83,Urban,IGT,11.0,,,,,,,,,,,,,,,,,,,,,
9891,83,Urban,IGT,12.0,,,,,,,,,,,,,,,,,,,,,
9892,83,Urban,IGT,13.0,,,,,,,,,,,,,,,,,,,,,
9893,83,Urban,IGT,14.0,,,,,,,,,,,,,,,,,,,,,
9894,83,Urban,IGT,15.0,,,,,,,,,,,,,,,,,,,,,
9895,83,Urban,IGT,16.0,,,,,,,,,,,,,,,,,,,,,
9896,83,Urban,IGT,17.0,,,,,,,,,,,,,,,,,,,,,
9897,83,Urban,IGT,18.0,,,,,,,,,,,,,,,,,,,,,
9898,83,Urban,IGT,19.0,,,,,,,,,,,,,,,,,,,,,
9899,83,Urban,IGT,20.0,,,,,,,,,,,,,,,,,,,,,
9920,83,Control,IGT,1.0,,,82.0,5.16,2.6,1.52,,,,,,,,,,,,,,,
9921,83,Control,IGT,2.0,,,82.0,5.16,2.6,1.52,,,,,,,,,,,,,,,
9922,83,Control,IGT,3.0,,,82.0,5.16,2.6,1.52,,,,,,,,,,,,,,,
9923,83,Control,IGT,4.0,,,82.0,5.16,2.6,1.52,,,,,,,,,,,,,,,
9924,83,Control,IGT,5.0,,,82.0,5.16,2.6,1.52,,,,,,,,,,,,,,,
9925,83,Control,IGT,6.0,,,82.0,5.16,2.6,1.52,,,,,,,,,,,,,,,
9926,83,Control,IGT,7.0,,,82.0,5.16,2.6,1.52,,,,,,,,,,,,,,,
9927,83,Control,IGT,8.0,,,82.0,5.16,2.6,1.52,,,,,,,,,,,,,,,
9928,83,Control,IGT,9.0,,,82.0,5.16,2.6,1.52,,,,,,,,,,,,,,,
9929,83,Control,IGT,10.0,,,82.0,5.16,2.6,1.52,,,,,,,,,,,,,,,
9930,83,Control,IGT,11.0,0.7,0.3,82.0,5.16,2.6,1.52,,,,,,,,,,,,,,,
9931,83,Control,IGT,12.0,0.0,0.6,82.0,5.16,2.6,1.52,,,,,,,,,,,,,,,
9932,83,Control,IGT,13.0,0.7,0.7,82.0,5.16,2.6,1.52,,,,,,,,,,,,,,,
9933,83,Control,IGT,14.0,0.9,0.5,82.0,5.16,2.6,1.52,,,,,,,,,,,,,,,
9934,83,Control,IGT,15.0,0.1,0.9,82.0,5.16,2.6,1.52,,,,,,,,,,,,,,,
9935,83,Control,IGT,16.0,0.9,0.3,82.0,5.16,2.6,1.52,,,,,,,,,,,,,,,
9936,83,Control,IGT,17.0,1.0,0.6,82.0,5.16,2.6,1.52,,,,,,,,,,,,,,,
9937,83,Control,IGT,18.0,1.0,0.5,82.0,5.16,2.6,1.52,,,,,,,,,,,,,,,
9938,83,Control,IGT,19.0,1.0,0.4,82.0,5.16,2.6,1.52,,,,,,,,,,,,,,,
9939,83,Control,IGT,20.0,1.0,0.0,82.0,5.16,2.6,1.52,,,,,,,,,,,,,,,
9960,84,Nature,IGT,1.0,,,,,,,,,,,,,,,,,,,,,
9961,84,Nature,IGT,2.0,,,,,,,,,,,,,,,,,,,,,
9962,84,Nature,IGT,3.0,,,,,,,,,,,,,,,,,,,,,
9963,84,Nature,IGT,4.0,,,,,,,,,,,,,,,,,,,,,
9964,84,Nature,IGT,5.0,,,,,,,,,,,,,,,,,,,,,
9965,84,Nature,IGT,6.0,,,,,,,,,,,,,,,,,,,,,
9966,84,Nature,IGT,7.0,,,,,,,,,,,,,,,,,,,,,
9967,84,Nature,IGT,8.0,,,,,,,,,,,,,,,,,,,,,
9968,84,Nature,IGT,9.0,,,,,,,,,,,,,,,,,,,,,
9969,84,Nature,IGT,10.0,,,,,,,,,,,,,,,,,,,,,
9970,84,Nature,IGT,11.0,,,,,,,,,,,,,,,,,,,,,
9971,84,Nature,IGT,12.0,,,,,,,,,,,,,,,,,,,,,
9972,84,Nature,IGT,13.0,,,,,,,,,,,,,,,,,,,,,
9973,84,Nature,IGT,14.0,,,,,,,,,,,,,,,,,,,,,
9974,84,Nature,IGT,15.0,,,,,,,,,,,,,,,,,,,,,
9975,84,Nature,IGT,16.0,,,,,,,,,,,,,,,,,,,,,
9976,84,Nature,IGT,17.0,,,,,,,,,,,,,,,,,,,,,
9977,84,Nature,IGT,18.0,,,,,,,,,,,,,,,,,,,,,
9978,84,Nature,IGT,19.0,,,,,,,,,,,,,,,,,,,,,
9979,84,Nature,IGT,20.0,,,,,,,,,,,,,,,,,,,,,
10000,84,Urban,IGT,1.0,,,83.0,4.06,4.26,4.3,0.23198442506,0.02006828782,0.1452696141,0.23019493706,0.15351667346,0.27008715374,7.368035639199999,1.6062927271,-0.05873349826,-0.0208082732,0.01713060846,0.01613311188,0.0682321738,0.10220132588,0.0991916201199999
10001,84,Urban,IGT,2.0,,,83.0,4.06,4.26,4.3,0.23198442506,0.02006828782,0.1452696141,0.23019493706,0.15351667346,0.27008715374,7.368035639199999,1.6062927271,-0.05873349826,-0.0208082732,0.01713060846,0.01613311188,0.0682321738,0.10220132588,0.0991916201199999
10002,84,Urban,IGT,3.0,,,83.0,4.06,4.26,4.3,0.23198442506,0.02006828782,0.1452696141,0.23019493706,0.15351667346,0.27008715374,7.368035639199999,1.6062927271,-0.05873349826,-0.0208082732,0.01713060846,0.01613311188,0.0682321738,0.10220132588,0.0991916201199999
10003,84,Urban,IGT,4.0,,,83.0,4.06,4.26,4.3,0.23198442506,0.02006828782,0.1452696141,0.23019493706,0.15351667346,0.27008715374,7.368035639199999,1.6062927271,-0.05873349826,-0.0208082732,0.01713060846,0.01613311188,0.0682321738,0.10220132588,0.0991916201199999
10004,84,Urban,IGT,5.0,,,83.0,4.06,4.26,4.3,0.23198442506,0.02006828782,0.1452696141,0.23019493706,0.15351667346,0.27008715374,7.368035639199999,1.6062927271,-0.05873349826,-0.0208082732,0.01713060846,0.01613311188,0.0682321738,0.10220132588,0.0991916201199999
10005,84,Urban,IGT,6.0,,,83.0,4.06,4.26,4.3,0.23198442506,0.02006828782,0.1452696141,0.23019493706,0.15351667346,0.27008715374,7.368035639199999,1.6062927271,-0.05873349826,-0.0208082732,0.01713060846,0.01613311188,0.0682321738,0.10220132588,0.0991916201199999
10006,84,Urban,IGT,7.0,,,83.0,4.06,4.26,4.3,0.23198442506,0.02006828782,0.1452696141,0.23019493706,0.15351667346,0.27008715374,7.368035639199999,1.6062927271,-0.05873349826,-0.0208082732,0.01713060846,0.01613311188,0.0682321738,0.10220132588,0.0991916201199999
10007,84,Urban,IGT,8.0,,,83.0,4.06,4.26,4.3,0.23198442506,0.02006828782,0.1452696141,0.23019493706,0.15351667346,0.27008715374,7.368035639199999,1.6062927271,-0.05873349826,-0.0208082732,0.01713060846,0.01613311188,0.0682321738,0.10220132588,0.0991916201199999
10008,84,Urban,IGT,9.0,,,83.0,4.06,4.26,4.3,0.23198442506,0.02006828782,0.1452696141,0.23019493706,0.15351667346,0.27008715374,7.368035639199999,1.6062927271,-0.05873349826,-0.0208082732,0.01713060846,0.01613311188,0.0682321738,0.10220132588,0.0991916201199999
10009,84,Urban,IGT,10.0,,,83.0,4.06,4.26,4.3,0.23198442506,0.02006828782,0.1452696141,0.23019493706,0.15351667346,0.27008715374,7.368035639199999,1.6062927271,-0.05873349826,-0.0208082732,0.01713060846,0.01613311188,0.0682321738,0.10220132588,0.0991916201199999
10010,84,Urban,IGT,11.0,0.1,0.5,83.0,4.06,4.26,4.3,0.23198442506,0.02006828782,0.1452696141,0.23019493706,0.15351667346,0.27008715374,7.368035639199999,1.6062927271,-0.05873349826,-0.0208082732,0.01713060846,0.01613311188,0.0682321738,0.10220132588,0.0991916201199999
10011,84,Urban,IGT,12.0,0.6,0.6,83.0,4.06,4.26,4.3,0.23198442506,0.02006828782,0.1452696141,0.23019493706,0.15351667346,0.27008715374,7.368035639199999,1.6062927271,-0.05873349826,-0.0208082732,0.01713060846,0.01613311188,0.0682321738,0.10220132588,0.0991916201199999
10012,84,Urban,IGT,13.0,0.6,0.7,83.0,4.06,4.26,4.3,0.23198442506,0.02006828782,0.1452696141,0.23019493706,0.15351667346,0.27008715374,7.368035639199999,1.6062927271,-0.05873349826,-0.0208082732,0.01713060846,0.01613311188,0.0682321738,0.10220132588,0.0991916201199999
10013,84,Urban,IGT,14.0,0.7,0.4,83.0,4.06,4.26,4.3,0.23198442506,0.02006828782,0.1452696141,0.23019493706,0.15351667346,0.27008715374,7.368035639199999,1.6062927271,-0.05873349826,-0.0208082732,0.01713060846,0.01613311188,0.0682321738,0.10220132588,0.0991916201199999
10014,84,Urban,IGT,15.0,0.4,0.6,83.0,4.06,4.26,4.3,0.23198442506,0.02006828782,0.1452696141,0.23019493706,0.15351667346,0.27008715374,7.368035639199999,1.6062927271,-0.05873349826,-0.0208082732,0.01713060846,0.01613311188,0.0682321738,0.10220132588,0.0991916201199999
10015,84,Urban,IGT,16.0,1.0,1.0,83.0,4.06,4.26,4.3,0.23198442506,0.02006828782,0.1452696141,0.23019493706,0.15351667346,0.27008715374,7.368035639199999,1.6062927271,-0.05873349826,-0.0208082732,0.01713060846,0.01613311188,0.0682321738,0.10220132588,0.0991916201199999
10016,84,Urban,IGT,17.0,0.5,0.7,83.0,4.06,4.26,4.3,0.23198442506,0.02006828782,0.1452696141,0.23019493706,0.15351667346,0.27008715374,7.368035639199999,1.6062927271,-0.05873349826,-0.0208082732,0.01713060846,0.01613311188,0.0682321738,0.10220132588,0.0991916201199999
10017,84,Urban,IGT,18.0,0.3,0.1,83.0,4.06,4.26,4.3,0.23198442506,0.02006828782,0.1452696141,0.23019493706,0.15351667346,0.27008715374,7.368035639199999,1.6062927271,-0.05873349826,-0.0208082732,0.01713060846,0.01613311188,0.0682321738,0.10220132588,0.0991916201199999
10018,84,Urban,IGT,19.0,0.8,0.5,83.0,4.06,4.26,4.3,0.23198442506,0.02006828782,0.1452696141,0.23019493706,0.15351667346,0.27008715374,7.368035639199999,1.6062927271,-0.05873349826,-0.0208082732,0.01713060846,0.01613311188,0.0682321738,0.10220132588,0.0991916201199999
10019,84,Urban,IGT,20.0,0.6,0.7,83.0,4.06,4.26,4.3,0.23198442506,0.02006828782,0.1452696141,0.23019493706,0.15351667346,0.27008715374,7.368035639199999,1.6062927271,-0.05873349826,-0.0208082732,0.01713060846,0.01613311188,0.0682321738,0.10220132588,0.0991916201199999
10040,84,Control,IGT,1.0,,,,,,,,,,,,,,,,,,,,,
10041,84,Control,IGT,2.0,,,,,,,,,,,,,,,,,,,,,
10042,84,Control,IGT,3.0,,,,,,,,,,,,,,,,,,,,,
10043,84,Control,IGT,4.0,,,,,,,,,,,,,,,,,,,,,
10044,84,Control,IGT,5.0,,,,,,,,,,,,,,,,,,,,,
10045,84,Control,IGT,6.0,,,,,,,,,,,,,,,,,,,,,
10046,84,Control,IGT,7.0,,,,,,,,,,,,,,,,,,,,,
10047,84,Control,IGT,8.0,,,,,,,,,,,,,,,,,,,,,
10048,84,Control,IGT,9.0,,,,,,,,,,,,,,,,,,,,,
10049,84,Control,IGT,10.0,,,,,,,,,,,,,,,,,,,,,
10050,84,Control,IGT,11.0,,,,,,,,,,,,,,,,,,,,,
10051,84,Control,IGT,12.0,,,,,,,,,,,,,,,,,,,,,
10052,84,Control,IGT,13.0,,,,,,,,,,,,,,,,,,,,,
10053,84,Control,IGT,14.0,,,,,,,,,,,,,,,,,,,,,
10054,84,Control,IGT,15.0,,,,,,,,,,,,,,,,,,,,,
10055,84,Control,IGT,16.0,,,,,,,,,,,,,,,,,,,,,
10056,84,Control,IGT,17.0,,,,,,,,,,,,,,,,,,,,,
10057,84,Control,IGT,18.0,,,,,,,,,,,,,,,,,,,,,
10058,84,Control,IGT,19.0,,,,,,,,,,,,,,,,,,,,,
10059,84,Control,IGT,20.0,,,,,,,,,,,,,,,,,,,,,
10080,85,Nature,IGT,1.0,,,,,,,,,,,,,,,,,,,,,
10081,85,Nature,IGT,2.0,,,,,,,,,,,,,,,,,,,,,
10082,85,Nature,IGT,3.0,,,,,,,,,,,,,,,,,,,,,
10083,85,Nature,IGT,4.0,,,,,,,,,,,,,,,,,,,,,
10084,85,Nature,IGT,5.0,,,,,,,,,,,,,,,,,,,,,
10085,85,Nature,IGT,6.0,,,,,,,,,,,,,,,,,,,,,
10086,85,Nature,IGT,7.0,,,,,,,,,,,,,,,,,,,,,
10087,85,Nature,IGT,8.0,,,,,,,,,,,,,,,,,,,,,
10088,85,Nature,IGT,9.0,,,,,,,,,,,,,,,,,,,,,
10089,85,Nature,IGT,10.0,,,,,,,,,,,,,,,,,,,,,
10090,85,Nature,IGT,11.0,,,,,,,,,,,,,,,,,,,,,
10091,85,Nature,IGT,12.0,,,,,,,,,,,,,,,,,,,,,
10092,85,Nature,IGT,13.0,,,,,,,,,,,,,,,,,,,,,
10093,85,Nature,IGT,14.0,,,,,,,,,,,,,,,,,,,,,
10094,85,Nature,IGT,15.0,,,,,,,,,,,,,,,,,,,,,
10095,85,Nature,IGT,16.0,,,,,,,,,,,,,,,,,,,,,
10096,85,Nature,IGT,17.0,,,,,,,,,,,,,,,,,,,,,
10097,85,Nature,IGT,18.0,,,,,,,,,,,,,,,,,,,,,
10098,85,Nature,IGT,19.0,,,,,,,,,,,,,,,,,,,,,
10099,85,Nature,IGT,20.0,,,,,,,,,,,,,,,,,,,,,
10120,85,Urban,IGT,1.0,,,,,,,,,,,,,,,,,,,,,
10121,85,Urban,IGT,2.0,,,,,,,,,,,,,,,,,,,,,
10122,85,Urban,IGT,3.0,,,,,,,,,,,,,,,,,,,,,
10123,85,Urban,IGT,4.0,,,,,,,,,,,,,,,,,,,,,
10124,85,Urban,IGT,5.0,,,,,,,,,,,,,,,,,,,,,
10125,85,Urban,IGT,6.0,,,,,,,,,,,,,,,,,,,,,
10126,85,Urban,IGT,7.0,,,,,,,,,,,,,,,,,,,,,
10127,85,Urban,IGT,8.0,,,,,,,,,,,,,,,,,,,,,
10128,85,Urban,IGT,9.0,,,,,,,,,,,,,,,,,,,,,
10129,85,Urban,IGT,10.0,,,,,,,,,,,,,,,,,,,,,
10130,85,Urban,IGT,11.0,,,,,,,,,,,,,,,,,,,,,
10131,85,Urban,IGT,12.0,,,,,,,,,,,,,,,,,,,,,
10132,85,Urban,IGT,13.0,,,,,,,,,,,,,,,,,,,,,
10133,85,Urban,IGT,14.0,,,,,,,,,,,,,,,,,,,,,
10134,85,Urban,IGT,15.0,,,,,,,,,,,,,,,,,,,,,
10135,85,Urban,IGT,16.0,,,,,,,,,,,,,,,,,,,,,
10136,85,Urban,IGT,17.0,,,,,,,,,,,,,,,,,,,,,
10137,85,Urban,IGT,18.0,,,,,,,,,,,,,,,,,,,,,
10138,85,Urban,IGT,19.0,,,,,,,,,,,,,,,,,,,,,
10139,85,Urban,IGT,20.0,,,,,,,,,,,,,,,,,,,,,
10160,85,Control,IGT,1.0,,,84.0,2.16,2.7,2.4,,,,,,,,,,,,,,,
10161,85,Control,IGT,2.0,,,84.0,2.16,2.7,2.4,,,,,,,,,,,,,,,
10162,85,Control,IGT,3.0,,,84.0,2.16,2.7,2.4,,,,,,,,,,,,,,,
10163,85,Control,IGT,4.0,,,84.0,2.16,2.7,2.4,,,,,,,,,,,,,,,
10164,85,Control,IGT,5.0,,,84.0,2.16,2.7,2.4,,,,,,,,,,,,,,,
10165,85,Control,IGT,6.0,,,84.0,2.16,2.7,2.4,,,,,,,,,,,,,,,
10166,85,Control,IGT,7.0,,,84.0,2.16,2.7,2.4,,,,,,,,,,,,,,,
10167,85,Control,IGT,8.0,,,84.0,2.16,2.7,2.4,,,,,,,,,,,,,,,
10168,85,Control,IGT,9.0,,,84.0,2.16,2.7,2.4,,,,,,,,,,,,,,,
10169,85,Control,IGT,10.0,,,84.0,2.16,2.7,2.4,,,,,,,,,,,,,,,
10170,85,Control,IGT,11.0,0.5,0.6,84.0,2.16,2.7,2.4,,,,,,,,,,,,,,,
10171,85,Control,IGT,12.0,0.4,0.5,84.0,2.16,2.7,2.4,,,,,,,,,,,,,,,
10172,85,Control,IGT,13.0,0.7,0.6,84.0,2.16,2.7,2.4,,,,,,,,,,,,,,,
10173,85,Control,IGT,14.0,0.5,0.8,84.0,2.16,2.7,2.4,,,,,,,,,,,,,,,
10174,85,Control,IGT,15.0,0.5,0.7,84.0,2.16,2.7,2.4,,,,,,,,,,,,,,,
10175,85,Control,IGT,16.0,0.5,0.7,84.0,2.16,2.7,2.4,,,,,,,,,,,,,,,
10176,85,Control,IGT,17.0,0.5,0.7,84.0,2.16,2.7,2.4,,,,,,,,,,,,,,,
10177,85,Control,IGT,18.0,0.5,0.8,84.0,2.16,2.7,2.4,,,,,,,,,,,,,,,
10178,85,Control,IGT,19.0,0.5,0.6,84.0,2.16,2.7,2.4,,,,,,,,,,,,,,,
10179,85,Control,IGT,20.0,0.5,0.7,84.0,2.16,2.7,2.4,,,,,,,,,,,,,,,
10200,86,Nature,IGT,1.0,,,,,,,,,,,,,,,,,,,,,
10201,86,Nature,IGT,2.0,,,,,,,,,,,,,,,,,,,,,
10202,86,Nature,IGT,3.0,,,,,,,,,,,,,,,,,,,,,
10203,86,Nature,IGT,4.0,,,,,,,,,,,,,,,,,,,,,
10204,86,Nature,IGT,5.0,,,,,,,,,,,,,,,,,,,,,
10205,86,Nature,IGT,6.0,,,,,,,,,,,,,,,,,,,,,
10206,86,Nature,IGT,7.0,,,,,,,,,,,,,,,,,,,,,
10207,86,Nature,IGT,8.0,,,,,,,,,,,,,,,,,,,,,
10208,86,Nature,IGT,9.0,,,,,,,,,,,,,,,,,,,,,
10209,86,Nature,IGT,10.0,,,,,,,,,,,,,,,,,,,,,
10210,86,Nature,IGT,11.0,,,,,,,,,,,,,,,,,,,,,
10211,86,Nature,IGT,12.0,,,,,,,,,,,,,,,,,,,,,
10212,86,Nature,IGT,13.0,,,,,,,,,,,,,,,,,,,,,
10213,86,Nature,IGT,14.0,,,,,,,,,,,,,,,,,,,,,
10214,86,Nature,IGT,15.0,,,,,,,,,,,,,,,,,,,,,
10215,86,Nature,IGT,16.0,,,,,,,,,,,,,,,,,,,,,
10216,86,Nature,IGT,17.0,,,,,,,,,,,,,,,,,,,,,
10217,86,Nature,IGT,18.0,,,,,,,,,,,,,,,,,,,,,
10218,86,Nature,IGT,19.0,,,,,,,,,,,,,,,,,,,,,
10219,86,Nature,IGT,20.0,,,,,,,,,,,,,,,,,,,,,
10240,86,Urban,IGT,1.0,,,,,,,,,,,,,,,,,,,,,
10241,86,Urban,IGT,2.0,,,,,,,,,,,,,,,,,,,,,
10242,86,Urban,IGT,3.0,,,,,,,,,,,,,,,,,,,,,
10243,86,Urban,IGT,4.0,,,,,,,,,,,,,,,,,,,,,
10244,86,Urban,IGT,5.0,,,,,,,,,,,,,,,,,,,,,
10245,86,Urban,IGT,6.0,,,,,,,,,,,,,,,,,,,,,
10246,86,Urban,IGT,7.0,,,,,,,,,,,,,,,,,,,,,
10247,86,Urban,IGT,8.0,,,,,,,,,,,,,,,,,,,,,
10248,86,Urban,IGT,9.0,,,,,,,,,,,,,,,,,,,,,
10249,86,Urban,IGT,10.0,,,,,,,,,,,,,,,,,,,,,
10250,86,Urban,IGT,11.0,,,,,,,,,,,,,,,,,,,,,
10251,86,Urban,IGT,12.0,,,,,,,,,,,,,,,,,,,,,
10252,86,Urban,IGT,13.0,,,,,,,,,,,,,,,,,,,,,
10253,86,Urban,IGT,14.0,,,,,,,,,,,,,,,,,,,,,
10254,86,Urban,IGT,15.0,,,,,,,,,,,,,,,,,,,,,
10255,86,Urban,IGT,16.0,,,,,,,,,,,,,,,,,,,,,
10256,86,Urban,IGT,17.0,,,,,,,,,,,,,,,,,,,,,
10257,86,Urban,IGT,18.0,,,,,,,,,,,,,,,,,,,,,
10258,86,Urban,IGT,19.0,,,,,,,,,,,,,,,,,,,,,
10259,86,Urban,IGT,20.0,,,,,,,,,,,,,,,,,,,,,
10280,86,Control,IGT,1.0,,,85.0,3.42,3.52,3.66,,,,,,,,,,,,,,,
10281,86,Control,IGT,2.0,,,85.0,3.42,3.52,3.66,,,,,,,,,,,,,,,
10282,86,Control,IGT,3.0,,,85.0,3.42,3.52,3.66,,,,,,,,,,,,,,,
10283,86,Control,IGT,4.0,,,85.0,3.42,3.52,3.66,,,,,,,,,,,,,,,
10284,86,Control,IGT,5.0,,,85.0,3.42,3.52,3.66,,,,,,,,,,,,,,,
10285,86,Control,IGT,6.0,,,85.0,3.42,3.52,3.66,,,,,,,,,,,,,,,
10286,86,Control,IGT,7.0,,,85.0,3.42,3.52,3.66,,,,,,,,,,,,,,,
10287,86,Control,IGT,8.0,,,85.0,3.42,3.52,3.66,,,,,,,,,,,,,,,
10288,86,Control,IGT,9.0,,,85.0,3.42,3.52,3.66,,,,,,,,,,,,,,,
10289,86,Control,IGT,10.0,,,85.0,3.42,3.52,3.66,,,,,,,,,,,,,,,
10290,86,Control,IGT,11.0,0.5,0.6,85.0,3.42,3.52,3.66,,,,,,,,,,,,,,,
10291,86,Control,IGT,12.0,0.1,0.7,85.0,3.42,3.52,3.66,,,,,,,,,,,,,,,
10292,86,Control,IGT,13.0,0.1,0.6,85.0,3.42,3.52,3.66,,,,,,,,,,,,,,,
10293,86,Control,IGT,14.0,0.2,0.4,85.0,3.42,3.52,3.66,,,,,,,,,,,,,,,
10294,86,Control,IGT,15.0,0.1,0.6,85.0,3.42,3.52,3.66,,,,,,,,,,,,,,,
10295,86,Control,IGT,16.0,0.0,0.5,85.0,3.42,3.52,3.66,,,,,,,,,,,,,,,
10296,86,Control,IGT,17.0,0.6,0.3,85.0,3.42,3.52,3.66,,,,,,,,,,,,,,,
10297,86,Control,IGT,18.0,0.2,0.7,85.0,3.42,3.52,3.66,,,,,,,,,,,,,,,
10298,86,Control,IGT,19.0,0.2,0.6,85.0,3.42,3.52,3.66,,,,,,,,,,,,,,,
10299,86,Control,IGT,20.0,0.0,0.8,85.0,3.42,3.52,3.66,,,,,,,,,,,,,,,
10320,87,Nature,IGT,1.0,,,,,,,,,,,,,,,,,,,,,
10321,87,Nature,IGT,2.0,,,,,,,,,,,,,,,,,,,,,
10322,87,Nature,IGT,3.0,,,,,,,,,,,,,,,,,,,,,
10323,87,Nature,IGT,4.0,,,,,,,,,,,,,,,,,,,,,
10324,87,Nature,IGT,5.0,,,,,,,,,,,,,,,,,,,,,
10325,87,Nature,IGT,6.0,,,,,,,,,,,,,,,,,,,,,
10326,87,Nature,IGT,7.0,,,,,,,,,,,,,,,,,,,,,
10327,87,Nature,IGT,8.0,,,,,,,,,,,,,,,,,,,,,
10328,87,Nature,IGT,9.0,,,,,,,,,,,,,,,,,,,,,
10329,87,Nature,IGT,10.0,,,,,,,,,,,,,,,,,,,,,
10330,87,Nature,IGT,11.0,,,,,,,,,,,,,,,,,,,,,
10331,87,Nature,IGT,12.0,,,,,,,,,,,,,,,,,,,,,
10332,87,Nature,IGT,13.0,,,,,,,,,,,,,,,,,,,,,
10333,87,Nature,IGT,14.0,,,,,,,,,,,,,,,,,,,,,
10334,87,Nature,IGT,15.0,,,,,,,,,,,,,,,,,,,,,
10335,87,Nature,IGT,16.0,,,,,,,,,,,,,,,,,,,,,
10336,87,Nature,IGT,17.0,,,,,,,,,,,,,,,,,,,,,
10337,87,Nature,IGT,18.0,,,,,,,,,,,,,,,,,,,,,
10338,87,Nature,IGT,19.0,,,,,,,,,,,,,,,,,,,,,
10339,87,Nature,IGT,20.0,,,,,,,,,,,,,,,,,,,,,
10360,87,Urban,IGT,1.0,,,86.0,2.48,4.12,3.68,0.20946180522,0.10283234686,0.16821819442,0.22883758048,0.16751436286,0.26232694754,7.376788702400001,1.59649617818,-0.05768993542,-0.01443009454,0.01006929918,0.01693125628,0.0660350606,0.1047190574,0.1045706268
10361,87,Urban,IGT,2.0,,,86.0,2.48,4.12,3.68,0.20946180522,0.10283234686,0.16821819442,0.22883758048,0.16751436286,0.26232694754,7.376788702400001,1.59649617818,-0.05768993542,-0.01443009454,0.01006929918,0.01693125628,0.0660350606,0.1047190574,0.1045706268
10362,87,Urban,IGT,3.0,,,86.0,2.48,4.12,3.68,0.20946180522,0.10283234686,0.16821819442,0.22883758048,0.16751436286,0.26232694754,7.376788702400001,1.59649617818,-0.05768993542,-0.01443009454,0.01006929918,0.01693125628,0.0660350606,0.1047190574,0.1045706268
10363,87,Urban,IGT,4.0,,,86.0,2.48,4.12,3.68,0.20946180522,0.10283234686,0.16821819442,0.22883758048,0.16751436286,0.26232694754,7.376788702400001,1.59649617818,-0.05768993542,-0.01443009454,0.01006929918,0.01693125628,0.0660350606,0.1047190574,0.1045706268
10364,87,Urban,IGT,5.0,,,86.0,2.48,4.12,3.68,0.20946180522,0.10283234686,0.16821819442,0.22883758048,0.16751436286,0.26232694754,7.376788702400001,1.59649617818,-0.05768993542,-0.01443009454,0.01006929918,0.01693125628,0.0660350606,0.1047190574,0.1045706268
10365,87,Urban,IGT,6.0,,,86.0,2.48,4.12,3.68,0.20946180522,0.10283234686,0.16821819442,0.22883758048,0.16751436286,0.26232694754,7.376788702400001,1.59649617818,-0.05768993542,-0.01443009454,0.01006929918,0.01693125628,0.0660350606,0.1047190574,0.1045706268
10366,87,Urban,IGT,7.0,,,86.0,2.48,4.12,3.68,0.20946180522,0.10283234686,0.16821819442,0.22883758048,0.16751436286,0.26232694754,7.376788702400001,1.59649617818,-0.05768993542,-0.01443009454,0.01006929918,0.01693125628,0.0660350606,0.1047190574,0.1045706268
10367,87,Urban,IGT,8.0,,,86.0,2.48,4.12,3.68,0.20946180522,0.10283234686,0.16821819442,0.22883758048,0.16751436286,0.26232694754,7.376788702400001,1.59649617818,-0.05768993542,-0.01443009454,0.01006929918,0.01693125628,0.0660350606,0.1047190574,0.1045706268
10368,87,Urban,IGT,9.0,,,86.0,2.48,4.12,3.68,0.20946180522,0.10283234686,0.16821819442,0.22883758048,0.16751436286,0.26232694754,7.376788702400001,1.59649617818,-0.05768993542,-0.01443009454,0.01006929918,0.01693125628,0.0660350606,0.1047190574,0.1045706268
10369,87,Urban,IGT,10.0,,,86.0,2.48,4.12,3.68,0.20946180522,0.10283234686,0.16821819442,0.22883758048,0.16751436286,0.26232694754,7.376788702400001,1.59649617818,-0.05768993542,-0.01443009454,0.01006929918,0.01693125628,0.0660350606,0.1047190574,0.1045706268
10370,87,Urban,IGT,11.0,0.2,0.8,86.0,2.48,4.12,3.68,0.20946180522,0.10283234686,0.16821819442,0.22883758048,0.16751436286,0.26232694754,7.376788702400001,1.59649617818,-0.05768993542,-0.01443009454,0.01006929918,0.01693125628,0.0660350606,0.1047190574,0.1045706268
10371,87,Urban,IGT,12.0,0.0,0.4,86.0,2.48,4.12,3.68,0.20946180522,0.10283234686,0.16821819442,0.22883758048,0.16751436286,0.26232694754,7.376788702400001,1.59649617818,-0.05768993542,-0.01443009454,0.01006929918,0.01693125628,0.0660350606,0.1047190574,0.1045706268
10372,87,Urban,IGT,13.0,0.0,0.0,86.0,2.48,4.12,3.68,0.20946180522,0.10283234686,0.16821819442,0.22883758048,0.16751436286,0.26232694754,7.376788702400001,1.59649617818,-0.05768993542,-0.01443009454,0.01006929918,0.01693125628,0.0660350606,0.1047190574,0.1045706268
10373,87,Urban,IGT,14.0,1.0,0.0,86.0,2.48,4.12,3.68,0.20946180522,0.10283234686,0.16821819442,0.22883758048,0.16751436286,0.26232694754,7.376788702400001,1.59649617818,-0.05768993542,-0.01443009454,0.01006929918,0.01693125628,0.0660350606,0.1047190574,0.1045706268
10374,87,Urban,IGT,15.0,1.0,0.8,86.0,2.48,4.12,3.68,0.20946180522,0.10283234686,0.16821819442,0.22883758048,0.16751436286,0.26232694754,7.376788702400001,1.59649617818,-0.05768993542,-0.01443009454,0.01006929918,0.01693125628,0.0660350606,0.1047190574,0.1045706268
10375,87,Urban,IGT,16.0,0.8,0.9,86.0,2.48,4.12,3.68,0.20946180522,0.10283234686,0.16821819442,0.22883758048,0.16751436286,0.26232694754,7.376788702400001,1.59649617818,-0.05768993542,-0.01443009454,0.01006929918,0.01693125628,0.0660350606,0.1047190574,0.1045706268
10376,87,Urban,IGT,17.0,1.0,1.0,86.0,2.48,4.12,3.68,0.20946180522,0.10283234686,0.16821819442,0.22883758048,0.16751436286,0.26232694754,7.376788702400001,1.59649617818,-0.05768993542,-0.01443009454,0.01006929918,0.01693125628,0.0660350606,0.1047190574,0.1045706268
10377,87,Urban,IGT,18.0,1.0,1.0,86.0,2.48,4.12,3.68,0.20946180522,0.10283234686,0.16821819442,0.22883758048,0.16751436286,0.26232694754,7.376788702400001,1.59649617818,-0.05768993542,-0.01443009454,0.01006929918,0.01693125628,0.0660350606,0.1047190574,0.1045706268
10378,87,Urban,IGT,19.0,1.0,1.0,86.0,2.48,4.12,3.68,0.20946180522,0.10283234686,0.16821819442,0.22883758048,0.16751436286,0.26232694754,7.376788702400001,1.59649617818,-0.05768993542,-0.01443009454,0.01006929918,0.01693125628,0.0660350606,0.1047190574,0.1045706268
10379,87,Urban,IGT,20.0,1.0,1.0,86.0,2.48,4.12,3.68,0.20946180522,0.10283234686,0.16821819442,0.22883758048,0.16751436286,0.26232694754,7.376788702400001,1.59649617818,-0.05768993542,-0.01443009454,0.01006929918,0.01693125628,0.0660350606,0.1047190574,0.1045706268
10400,87,Control,IGT,1.0,,,,,,,,,,,,,,,,,,,,,
10401,87,Control,IGT,2.0,,,,,,,,,,,,,,,,,,,,,
10402,87,Control,IGT,3.0,,,,,,,,,,,,,,,,,,,,,
10403,87,Control,IGT,4.0,,,,,,,,,,,,,,,,,,,,,
10404,87,Control,IGT,5.0,,,,,,,,,,,,,,,,,,,,,
10405,87,Control,IGT,6.0,,,,,,,,,,,,,,,,,,,,,
10406,87,Control,IGT,7.0,,,,,,,,,,,,,,,,,,,,,
10407,87,Control,IGT,8.0,,,,,,,,,,,,,,,,,,,,,
10408,87,Control,IGT,9.0,,,,,,,,,,,,,,,,,,,,,
10409,87,Control,IGT,10.0,,,,,,,,,,,,,,,,,,,,,
10410,87,Control,IGT,11.0,,,,,,,,,,,,,,,,,,,,,
10411,87,Control,IGT,12.0,,,,,,,,,,,,,,,,,,,,,
10412,87,Control,IGT,13.0,,,,,,,,,,,,,,,,,,,,,
10413,87,Control,IGT,14.0,,,,,,,,,,,,,,,,,,,,,
10414,87,Control,IGT,15.0,,,,,,,,,,,,,,,,,,,,,
10415,87,Control,IGT,16.0,,,,,,,,,,,,,,,,,,,,,
10416,87,Control,IGT,17.0,,,,,,,,,,,,,,,,,,,,,
10417,87,Control,IGT,18.0,,,,,,,,,,,,,,,,,,,,,
10418,87,Control,IGT,19.0,,,,,,,,,,,,,,,,,,,,,
10419,87,Control,IGT,20.0,,,,,,,,,,,,,,,,,,,,,
10440,88,Nature,IGT,1.0,,,,,,,,,,,,,,,,,,,,,
10441,88,Nature,IGT,2.0,,,,,,,,,,,,,,,,,,,,,
10442,88,Nature,IGT,3.0,,,,,,,,,,,,,,,,,,,,,
10443,88,Nature,IGT,4.0,,,,,,,,,,,,,,,,,,,,,
10444,88,Nature,IGT,5.0,,,,,,,,,,,,,,,,,,,,,
10445,88,Nature,IGT,6.0,,,,,,,,,,,,,,,,,,,,,
10446,88,Nature,IGT,7.0,,,,,,,,,,,,,,,,,,,,,
10447,88,Nature,IGT,8.0,,,,,,,,,,,,,,,,,,,,,
10448,88,Nature,IGT,9.0,,,,,,,,,,,,,,,,,,,,,
10449,88,Nature,IGT,10.0,,,,,,,,,,,,,,,,,,,,,
10450,88,Nature,IGT,11.0,,,,,,,,,,,,,,,,,,,,,
10451,88,Nature,IGT,12.0,,,,,,,,,,,,,,,,,,,,,
10452,88,Nature,IGT,13.0,,,,,,,,,,,,,,,,,,,,,
10453,88,Nature,IGT,14.0,,,,,,,,,,,,,,,,,,,,,
10454,88,Nature,IGT,15.0,,,,,,,,,,,,,,,,,,,,,
10455,88,Nature,IGT,16.0,,,,,,,,,,,,,,,,,,,,,
10456,88,Nature,IGT,17.0,,,,,,,,,,,,,,,,,,,,,
10457,88,Nature,IGT,18.0,,,,,,,,,,,,,,,,,,,,,
10458,88,Nature,IGT,19.0,,,,,,,,,,,,,,,,,,,,,
10459,88,Nature,IGT,20.0,,,,,,,,,,,,,,,,,,,,,
10480,88,Urban,IGT,1.0,,,,,,,,,,,,,,,,,,,,,
10481,88,Urban,IGT,2.0,,,,,,,,,,,,,,,,,,,,,
10482,88,Urban,IGT,3.0,,,,,,,,,,,,,,,,,,,,,
10483,88,Urban,IGT,4.0,,,,,,,,,,,,,,,,,,,,,
10484,88,Urban,IGT,5.0,,,,,,,,,,,,,,,,,,,,,
10485,88,Urban,IGT,6.0,,,,,,,,,,,,,,,,,,,,,
10486,88,Urban,IGT,7.0,,,,,,,,,,,,,,,,,,,,,
10487,88,Urban,IGT,8.0,,,,,,,,,,,,,,,,,,,,,
10488,88,Urban,IGT,9.0,,,,,,,,,,,,,,,,,,,,,
10489,88,Urban,IGT,10.0,,,,,,,,,,,,,,,,,,,,,
10490,88,Urban,IGT,11.0,,,,,,,,,,,,,,,,,,,,,
10491,88,Urban,IGT,12.0,,,,,,,,,,,,,,,,,,,,,
10492,88,Urban,IGT,13.0,,,,,,,,,,,,,,,,,,,,,
10493,88,Urban,IGT,14.0,,,,,,,,,,,,,,,,,,,,,
10494,88,Urban,IGT,15.0,,,,,,,,,,,,,,,,,,,,,
10495,88,Urban,IGT,16.0,,,,,,,,,,,,,,,,,,,,,
10496,88,Urban,IGT,17.0,,,,,,,,,,,,,,,,,,,,,
10497,88,Urban,IGT,18.0,,,,,,,,,,,,,,,,,,,,,
10498,88,Urban,IGT,19.0,,,,,,,,,,,,,,,,,,,,,
10499,88,Urban,IGT,20.0,,,,,,,,,,,,,,,,,,,,,
10520,88,Control,IGT,1.0,,,87.0,3.32,2.92,3.16,,,,,,,,,,,,,,,
10521,88,Control,IGT,2.0,,,87.0,3.32,2.92,3.16,,,,,,,,,,,,,,,
10522,88,Control,IGT,3.0,,,87.0,3.32,2.92,3.16,,,,,,,,,,,,,,,
10523,88,Control,IGT,4.0,,,87.0,3.32,2.92,3.16,,,,,,,,,,,,,,,
10524,88,Control,IGT,5.0,,,87.0,3.32,2.92,3.16,,,,,,,,,,,,,,,
10525,88,Control,IGT,6.0,,,87.0,3.32,2.92,3.16,,,,,,,,,,,,,,,
10526,88,Control,IGT,7.0,,,87.0,3.32,2.92,3.16,,,,,,,,,,,,,,,
10527,88,Control,IGT,8.0,,,87.0,3.32,2.92,3.16,,,,,,,,,,,,,,,
10528,88,Control,IGT,9.0,,,87.0,3.32,2.92,3.16,,,,,,,,,,,,,,,
10529,88,Control,IGT,10.0,,,87.0,3.32,2.92,3.16,,,,,,,,,,,,,,,
10530,88,Control,IGT,11.0,0.6,0.5,87.0,3.32,2.92,3.16,,,,,,,,,,,,,,,
10531,88,Control,IGT,12.0,0.4,0.5,87.0,3.32,2.92,3.16,,,,,,,,,,,,,,,
10532,88,Control,IGT,13.0,0.5,0.5,87.0,3.32,2.92,3.16,,,,,,,,,,,,,,,
10533,88,Control,IGT,14.0,0.5,0.5,87.0,3.32,2.92,3.16,,,,,,,,,,,,,,,
10534,88,Control,IGT,15.0,0.5,0.5,87.0,3.32,2.92,3.16,,,,,,,,,,,,,,,
10535,88,Control,IGT,16.0,0.4,0.8,87.0,3.32,2.92,3.16,,,,,,,,,,,,,,,
10536,88,Control,IGT,17.0,0.4,0.8,87.0,3.32,2.92,3.16,,,,,,,,,,,,,,,
10537,88,Control,IGT,18.0,0.3,0.7,87.0,3.32,2.92,3.16,,,,,,,,,,,,,,,
10538,88,Control,IGT,19.0,0.3,0.7,87.0,3.32,2.92,3.16,,,,,,,,,,,,,,,
10539,88,Control,IGT,20.0,0.5,0.7,87.0,3.32,2.92,3.16,,,,,,,,,,,,,,,
10560,89,Nature,IGT,1.0,,,,,,,,,,,,,,,,,,,,,
10561,89,Nature,IGT,2.0,,,,,,,,,,,,,,,,,,,,,
10562,89,Nature,IGT,3.0,,,,,,,,,,,,,,,,,,,,,
10563,89,Nature,IGT,4.0,,,,,,,,,,,,,,,,,,,,,
10564,89,Nature,IGT,5.0,,,,,,,,,,,,,,,,,,,,,
10565,89,Nature,IGT,6.0,,,,,,,,,,,,,,,,,,,,,
10566,89,Nature,IGT,7.0,,,,,,,,,,,,,,,,,,,,,
10567,89,Nature,IGT,8.0,,,,,,,,,,,,,,,,,,,,,
10568,89,Nature,IGT,9.0,,,,,,,,,,,,,,,,,,,,,
10569,89,Nature,IGT,10.0,,,,,,,,,,,,,,,,,,,,,
10570,89,Nature,IGT,11.0,,,,,,,,,,,,,,,,,,,,,
10571,89,Nature,IGT,12.0,,,,,,,,,,,,,,,,,,,,,
10572,89,Nature,IGT,13.0,,,,,,,,,,,,,,,,,,,,,
10573,89,Nature,IGT,14.0,,,,,,,,,,,,,,,,,,,,,
10574,89,Nature,IGT,15.0,,,,,,,,,,,,,,,,,,,,,
10575,89,Nature,IGT,16.0,,,,,,,,,,,,,,,,,,,,,
10576,89,Nature,IGT,17.0,,,,,,,,,,,,,,,,,,,,,
10577,89,Nature,IGT,18.0,,,,,,,,,,,,,,,,,,,,,
10578,89,Nature,IGT,19.0,,,,,,,,,,,,,,,,,,,,,
10579,89,Nature,IGT,20.0,,,,,,,,,,,,,,,,,,,,,
10600,89,Urban,IGT,1.0,,,,,,,,,,,,,,,,,,,,,
10601,89,Urban,IGT,2.0,,,,,,,,,,,,,,,,,,,,,
10602,89,Urban,IGT,3.0,,,,,,,,,,,,,,,,,,,,,
10603,89,Urban,IGT,4.0,,,,,,,,,,,,,,,,,,,,,
10604,89,Urban,IGT,5.0,,,,,,,,,,,,,,,,,,,,,
10605,89,Urban,IGT,6.0,,,,,,,,,,,,,,,,,,,,,
10606,89,Urban,IGT,7.0,,,,,,,,,,,,,,,,,,,,,
10607,89,Urban,IGT,8.0,,,,,,,,,,,,,,,,,,,,,
10608,89,Urban,IGT,9.0,,,,,,,,,,,,,,,,,,,,,
10609,89,Urban,IGT,10.0,,,,,,,,,,,,,,,,,,,,,
10610,89,Urban,IGT,11.0,,,,,,,,,,,,,,,,,,,,,
10611,89,Urban,IGT,12.0,,,,,,,,,,,,,,,,,,,,,
10612,89,Urban,IGT,13.0,,,,,,,,,,,,,,,,,,,,,
10613,89,Urban,IGT,14.0,,,,,,,,,,,,,,,,,,,,,
10614,89,Urban,IGT,15.0,,,,,,,,,,,,,,,,,,,,,
10615,89,Urban,IGT,16.0,,,,,,,,,,,,,,,,,,,,,
10616,89,Urban,IGT,17.0,,,,,,,,,,,,,,,,,,,,,
10617,89,Urban,IGT,18.0,,,,,,,,,,,,,,,,,,,,,
10618,89,Urban,IGT,19.0,,,,,,,,,,,,,,,,,,,,,
10619,89,Urban,IGT,20.0,,,,,,,,,,,,,,,,,,,,,
10640,89,Control,IGT,1.0,,,88.0,4.26,3.7,3.64,,,,,,,,,,,,,,,
10641,89,Control,IGT,2.0,,,88.0,4.26,3.7,3.64,,,,,,,,,,,,,,,
10642,89,Control,IGT,3.0,,,88.0,4.26,3.7,3.64,,,,,,,,,,,,,,,
10643,89,Control,IGT,4.0,,,88.0,4.26,3.7,3.64,,,,,,,,,,,,,,,
10644,89,Control,IGT,5.0,,,88.0,4.26,3.7,3.64,,,,,,,,,,,,,,,
10645,89,Control,IGT,6.0,,,88.0,4.26,3.7,3.64,,,,,,,,,,,,,,,
10646,89,Control,IGT,7.0,,,88.0,4.26,3.7,3.64,,,,,,,,,,,,,,,
10647,89,Control,IGT,8.0,,,88.0,4.26,3.7,3.64,,,,,,,,,,,,,,,
10648,89,Control,IGT,9.0,,,88.0,4.26,3.7,3.64,,,,,,,,,,,,,,,
10649,89,Control,IGT,10.0,,,88.0,4.26,3.7,3.64,,,,,,,,,,,,,,,
10650,89,Control,IGT,11.0,0.2,0.6,88.0,4.26,3.7,3.64,,,,,,,,,,,,,,,
10651,89,Control,IGT,12.0,0.4,0.6,88.0,4.26,3.7,3.64,,,,,,,,,,,,,,,
10652,89,Control,IGT,13.0,0.6,0.7,88.0,4.26,3.7,3.64,,,,,,,,,,,,,,,
10653,89,Control,IGT,14.0,0.4,0.5,88.0,4.26,3.7,3.64,,,,,,,,,,,,,,,
10654,89,Control,IGT,15.0,0.4,0.5,88.0,4.26,3.7,3.64,,,,,,,,,,,,,,,
10655,89,Control,IGT,16.0,0.5,0.4,88.0,4.26,3.7,3.64,,,,,,,,,,,,,,,
10656,89,Control,IGT,17.0,0.6,0.5,88.0,4.26,3.7,3.64,,,,,,,,,,,,,,,
10657,89,Control,IGT,18.0,0.3,0.4,88.0,4.26,3.7,3.64,,,,,,,,,,,,,,,
10658,89,Control,IGT,19.0,0.5,0.4,88.0,4.26,3.7,3.64,,,,,,,,,,,,,,,
10659,89,Control,IGT,20.0,0.5,0.5,88.0,4.26,3.7,3.64,,,,,,,,,,,,,,,
10680,90,Nature,IGT,1.0,,,,,,,,,,,,,,,,,,,,,
10681,90,Nature,IGT,2.0,,,,,,,,,,,,,,,,,,,,,
10682,90,Nature,IGT,3.0,,,,,,,,,,,,,,,,,,,,,
10683,90,Nature,IGT,4.0,,,,,,,,,,,,,,,,,,,,,
10684,90,Nature,IGT,5.0,,,,,,,,,,,,,,,,,,,,,
10685,90,Nature,IGT,6.0,,,,,,,,,,,,,,,,,,,,,
10686,90,Nature,IGT,7.0,,,,,,,,,,,,,,,,,,,,,
10687,90,Nature,IGT,8.0,,,,,,,,,,,,,,,,,,,,,
10688,90,Nature,IGT,9.0,,,,,,,,,,,,,,,,,,,,,
10689,90,Nature,IGT,10.0,,,,,,,,,,,,,,,,,,,,,
10690,90,Nature,IGT,11.0,,,,,,,,,,,,,,,,,,,,,
10691,90,Nature,IGT,12.0,,,,,,,,,,,,,,,,,,,,,
10692,90,Nature,IGT,13.0,,,,,,,,,,,,,,,,,,,,,
10693,90,Nature,IGT,14.0,,,,,,,,,,,,,,,,,,,,,
10694,90,Nature,IGT,15.0,,,,,,,,,,,,,,,,,,,,,
10695,90,Nature,IGT,16.0,,,,,,,,,,,,,,,,,,,,,
10696,90,Nature,IGT,17.0,,,,,,,,,,,,,,,,,,,,,
10697,90,Nature,IGT,18.0,,,,,,,,,,,,,,,,,,,,,
10698,90,Nature,IGT,19.0,,,,,,,,,,,,,,,,,,,,,
10699,90,Nature,IGT,20.0,,,,,,,,,,,,,,,,,,,,,
10720,90,Urban,IGT,1.0,,,,,,,,,,,,,,,,,,,,,
10721,90,Urban,IGT,2.0,,,,,,,,,,,,,,,,,,,,,
10722,90,Urban,IGT,3.0,,,,,,,,,,,,,,,,,,,,,
10723,90,Urban,IGT,4.0,,,,,,,,,,,,,,,,,,,,,
10724,90,Urban,IGT,5.0,,,,,,,,,,,,,,,,,,,,,
10725,90,Urban,IGT,6.0,,,,,,,,,,,,,,,,,,,,,
10726,90,Urban,IGT,7.0,,,,,,,,,,,,,,,,,,,,,
10727,90,Urban,IGT,8.0,,,,,,,,,,,,,,,,,,,,,
10728,90,Urban,IGT,9.0,,,,,,,,,,,,,,,,,,,,,
10729,90,Urban,IGT,10.0,,,,,,,,,,,,,,,,,,,,,
10730,90,Urban,IGT,11.0,,,,,,,,,,,,,,,,,,,,,
10731,90,Urban,IGT,12.0,,,,,,,,,,,,,,,,,,,,,
10732,90,Urban,IGT,13.0,,,,,,,,,,,,,,,,,,,,,
10733,90,Urban,IGT,14.0,,,,,,,,,,,,,,,,,,,,,
10734,90,Urban,IGT,15.0,,,,,,,,,,,,,,,,,,,,,
10735,90,Urban,IGT,16.0,,,,,,,,,,,,,,,,,,,,,
10736,90,Urban,IGT,17.0,,,,,,,,,,,,,,,,,,,,,
10737,90,Urban,IGT,18.0,,,,,,,,,,,,,,,,,,,,,
10738,90,Urban,IGT,19.0,,,,,,,,,,,,,,,,,,,,,
10739,90,Urban,IGT,20.0,,,,,,,,,,,,,,,,,,,,,
10760,90,Control,IGT,1.0,,,89.0,3.68,4.56,3.56,,,,,,,,,,,,,,,
10761,90,Control,IGT,2.0,,,89.0,3.68,4.56,3.56,,,,,,,,,,,,,,,
10762,90,Control,IGT,3.0,,,89.0,3.68,4.56,3.56,,,,,,,,,,,,,,,
10763,90,Control,IGT,4.0,,,89.0,3.68,4.56,3.56,,,,,,,,,,,,,,,
10764,90,Control,IGT,5.0,,,89.0,3.68,4.56,3.56,,,,,,,,,,,,,,,
10765,90,Control,IGT,6.0,,,89.0,3.68,4.56,3.56,,,,,,,,,,,,,,,
10766,90,Control,IGT,7.0,,,89.0,3.68,4.56,3.56,,,,,,,,,,,,,,,
10767,90,Control,IGT,8.0,,,89.0,3.68,4.56,3.56,,,,,,,,,,,,,,,
10768,90,Control,IGT,9.0,,,89.0,3.68,4.56,3.56,,,,,,,,,,,,,,,
10769,90,Control,IGT,10.0,,,89.0,3.68,4.56,3.56,,,,,,,,,,,,,,,
10770,90,Control,IGT,11.0,0.7,0.7,89.0,3.68,4.56,3.56,,,,,,,,,,,,,,,
10771,90,Control,IGT,12.0,0.4,0.7,89.0,3.68,4.56,3.56,,,,,,,,,,,,,,,
10772,90,Control,IGT,13.0,0.4,0.6,89.0,3.68,4.56,3.56,,,,,,,,,,,,,,,
10773,90,Control,IGT,14.0,0.2,0.8,89.0,3.68,4.56,3.56,,,,,,,,,,,,,,,
10774,90,Control,IGT,15.0,0.8,0.5,89.0,3.68,4.56,3.56,,,,,,,,,,,,,,,
10775,90,Control,IGT,16.0,0.5,0.8,89.0,3.68,4.56,3.56,,,,,,,,,,,,,,,
10776,90,Control,IGT,17.0,0.7,0.7,89.0,3.68,4.56,3.56,,,,,,,,,,,,,,,
10777,90,Control,IGT,18.0,1.0,0.9,89.0,3.68,4.56,3.56,,,,,,,,,,,,,,,
10778,90,Control,IGT,19.0,0.3,0.4,89.0,3.68,4.56,3.56,,,,,,,,,,,,,,,
10779,90,Control,IGT,20.0,0.5,0.5,89.0,3.68,4.56,3.56,,,,,,,,,,,,,,,
10800,91,Nature,IGT,1.0,,,,,,,,,,,,,,,,,,,,,
10801,91,Nature,IGT,2.0,,,,,,,,,,,,,,,,,,,,,
10802,91,Nature,IGT,3.0,,,,,,,,,,,,,,,,,,,,,
10803,91,Nature,IGT,4.0,,,,,,,,,,,,,,,,,,,,,
10804,91,Nature,IGT,5.0,,,,,,,,,,,,,,,,,,,,,
10805,91,Nature,IGT,6.0,,,,,,,,,,,,,,,,,,,,,
10806,91,Nature,IGT,7.0,,,,,,,,,,,,,,,,,,,,,
10807,91,Nature,IGT,8.0,,,,,,,,,,,,,,,,,,,,,
10808,91,Nature,IGT,9.0,,,,,,,,,,,,,,,,,,,,,
10809,91,Nature,IGT,10.0,,,,,,,,,,,,,,,,,,,,,
10810,91,Nature,IGT,11.0,,,,,,,,,,,,,,,,,,,,,
10811,91,Nature,IGT,12.0,,,,,,,,,,,,,,,,,,,,,
10812,91,Nature,IGT,13.0,,,,,,,,,,,,,,,,,,,,,
10813,91,Nature,IGT,14.0,,,,,,,,,,,,,,,,,,,,,
10814,91,Nature,IGT,15.0,,,,,,,,,,,,,,,,,,,,,
10815,91,Nature,IGT,16.0,,,,,,,,,,,,,,,,,,,,,
10816,91,Nature,IGT,17.0,,,,,,,,,,,,,,,,,,,,,
10817,91,Nature,IGT,18.0,,,,,,,,,,,,,,,,,,,,,
10818,91,Nature,IGT,19.0,,,,,,,,,,,,,,,,,,,,,
10819,91,Nature,IGT,20.0,,,,,,,,,,,,,,,,,,,,,
10840,91,Urban,IGT,1.0,,,,,,,,,,,,,,,,,,,,,
10841,91,Urban,IGT,2.0,,,,,,,,,,,,,,,,,,,,,
10842,91,Urban,IGT,3.0,,,,,,,,,,,,,,,,,,,,,
10843,91,Urban,IGT,4.0,,,,,,,,,,,,,,,,,,,,,
10844,91,Urban,IGT,5.0,,,,,,,,,,,,,,,,,,,,,
10845,91,Urban,IGT,6.0,,,,,,,,,,,,,,,,,,,,,
10846,91,Urban,IGT,7.0,,,,,,,,,,,,,,,,,,,,,
10847,91,Urban,IGT,8.0,,,,,,,,,,,,,,,,,,,,,
10848,91,Urban,IGT,9.0,,,,,,,,,,,,,,,,,,,,,
10849,91,Urban,IGT,10.0,,,,,,,,,,,,,,,,,,,,,
10850,91,Urban,IGT,11.0,,,,,,,,,,,,,,,,,,,,,
10851,91,Urban,IGT,12.0,,,,,,,,,,,,,,,,,,,,,
10852,91,Urban,IGT,13.0,,,,,,,,,,,,,,,,,,,,,
10853,91,Urban,IGT,14.0,,,,,,,,,,,,,,,,,,,,,
10854,91,Urban,IGT,15.0,,,,,,,,,,,,,,,,,,,,,
10855,91,Urban,IGT,16.0,,,,,,,,,,,,,,,,,,,,,
10856,91,Urban,IGT,17.0,,,,,,,,,,,,,,,,,,,,,
10857,91,Urban,IGT,18.0,,,,,,,,,,,,,,,,,,,,,
10858,91,Urban,IGT,19.0,,,,,,,,,,,,,,,,,,,,,
10859,91,Urban,IGT,20.0,,,,,,,,,,,,,,,,,,,,,
10880,91,Control,IGT,1.0,,,90.0,4.0,3.9,4.24,,,,,,,,,,,,,,,
10881,91,Control,IGT,2.0,,,90.0,4.0,3.9,4.24,,,,,,,,,,,,,,,
10882,91,Control,IGT,3.0,,,90.0,4.0,3.9,4.24,,,,,,,,,,,,,,,
10883,91,Control,IGT,4.0,,,90.0,4.0,3.9,4.24,,,,,,,,,,,,,,,
10884,91,Control,IGT,5.0,,,90.0,4.0,3.9,4.24,,,,,,,,,,,,,,,
10885,91,Control,IGT,6.0,,,90.0,4.0,3.9,4.24,,,,,,,,,,,,,,,
10886,91,Control,IGT,7.0,,,90.0,4.0,3.9,4.24,,,,,,,,,,,,,,,
10887,91,Control,IGT,8.0,,,90.0,4.0,3.9,4.24,,,,,,,,,,,,,,,
10888,91,Control,IGT,9.0,,,90.0,4.0,3.9,4.24,,,,,,,,,,,,,,,
10889,91,Control,IGT,10.0,,,90.0,4.0,3.9,4.24,,,,,,,,,,,,,,,
10890,91,Control,IGT,11.0,0.6,0.5,90.0,4.0,3.9,4.24,,,,,,,,,,,,,,,
10891,91,Control,IGT,12.0,0.5,0.6,90.0,4.0,3.9,4.24,,,,,,,,,,,,,,,
10892,91,Control,IGT,13.0,0.4,0.6,90.0,4.0,3.9,4.24,,,,,,,,,,,,,,,
10893,91,Control,IGT,14.0,0.5,0.4,90.0,4.0,3.9,4.24,,,,,,,,,,,,,,,
10894,91,Control,IGT,15.0,0.6,0.6,90.0,4.0,3.9,4.24,,,,,,,,,,,,,,,
10895,91,Control,IGT,16.0,0.5,0.5,90.0,4.0,3.9,4.24,,,,,,,,,,,,,,,
10896,91,Control,IGT,17.0,0.4,0.5,90.0,4.0,3.9,4.24,,,,,,,,,,,,,,,
10897,91,Control,IGT,18.0,0.1,0.7,90.0,4.0,3.9,4.24,,,,,,,,,,,,,,,
10898,91,Control,IGT,19.0,0.5,0.5,90.0,4.0,3.9,4.24,,,,,,,,,,,,,,,
10899,91,Control,IGT,20.0,0.3,0.6,90.0,4.0,3.9,4.24,,,,,,,,,,,,,,,
10920,92,Nature,IGT,1.0,,,,,,,,,,,,,,,,,,,,,
10921,92,Nature,IGT,2.0,,,,,,,,,,,,,,,,,,,,,
10922,92,Nature,IGT,3.0,,,,,,,,,,,,,,,,,,,,,
10923,92,Nature,IGT,4.0,,,,,,,,,,,,,,,,,,,,,
10924,92,Nature,IGT,5.0,,,,,,,,,,,,,,,,,,,,,
10925,92,Nature,IGT,6.0,,,,,,,,,,,,,,,,,,,,,
10926,92,Nature,IGT,7.0,,,,,,,,,,,,,,,,,,,,,
10927,92,Nature,IGT,8.0,,,,,,,,,,,,,,,,,,,,,
10928,92,Nature,IGT,9.0,,,,,,,,,,,,,,,,,,,,,
10929,92,Nature,IGT,10.0,,,,,,,,,,,,,,,,,,,,,
10930,92,Nature,IGT,11.0,,,,,,,,,,,,,,,,,,,,,
10931,92,Nature,IGT,12.0,,,,,,,,,,,,,,,,,,,,,
10932,92,Nature,IGT,13.0,,,,,,,,,,,,,,,,,,,,,
10933,92,Nature,IGT,14.0,,,,,,,,,,,,,,,,,,,,,
10934,92,Nature,IGT,15.0,,,,,,,,,,,,,,,,,,,,,
10935,92,Nature,IGT,16.0,,,,,,,,,,,,,,,,,,,,,
10936,92,Nature,IGT,17.0,,,,,,,,,,,,,,,,,,,,,
10937,92,Nature,IGT,18.0,,,,,,,,,,,,,,,,,,,,,
10938,92,Nature,IGT,19.0,,,,,,,,,,,,,,,,,,,,,
10939,92,Nature,IGT,20.0,,,,,,,,,,,,,,,,,,,,,
10960,92,Urban,IGT,1.0,,,,,,,,,,,,,,,,,,,,,
10961,92,Urban,IGT,2.0,,,,,,,,,,,,,,,,,,,,,
10962,92,Urban,IGT,3.0,,,,,,,,,,,,,,,,,,,,,
10963,92,Urban,IGT,4.0,,,,,,,,,,,,,,,,,,,,,
10964,92,Urban,IGT,5.0,,,,,,,,,,,,,,,,,,,,,
10965,92,Urban,IGT,6.0,,,,,,,,,,,,,,,,,,,,,
10966,92,Urban,IGT,7.0,,,,,,,,,,,,,,,,,,,,,
10967,92,Urban,IGT,8.0,,,,,,,,,,,,,,,,,,,,,
10968,92,Urban,IGT,9.0,,,,,,,,,,,,,,,,,,,,,
10969,92,Urban,IGT,10.0,,,,,,,,,,,,,,,,,,,,,
10970,92,Urban,IGT,11.0,,,,,,,,,,,,,,,,,,,,,
10971,92,Urban,IGT,12.0,,,,,,,,,,,,,,,,,,,,,
10972,92,Urban,IGT,13.0,,,,,,,,,,,,,,,,,,,,,
10973,92,Urban,IGT,14.0,,,,,,,,,,,,,,,,,,,,,
10974,92,Urban,IGT,15.0,,,,,,,,,,,,,,,,,,,,,
10975,92,Urban,IGT,16.0,,,,,,,,,,,,,,,,,,,,,
10976,92,Urban,IGT,17.0,,,,,,,,,,,,,,,,,,,,,
10977,92,Urban,IGT,18.0,,,,,,,,,,,,,,,,,,,,,
10978,92,Urban,IGT,19.0,,,,,,,,,,,,,,,,,,,,,
10979,92,Urban,IGT,20.0,,,,,,,,,,,,,,,,,,,,,
11000,92,Control,IGT,1.0,,,91.0,3.88,3.78,4.18,,,,,,,,,,,,,,,
11001,92,Control,IGT,2.0,,,91.0,3.88,3.78,4.18,,,,,,,,,,,,,,,
11002,92,Control,IGT,3.0,,,91.0,3.88,3.78,4.18,,,,,,,,,,,,,,,
11003,92,Control,IGT,4.0,,,91.0,3.88,3.78,4.18,,,,,,,,,,,,,,,
11004,92,Control,IGT,5.0,,,91.0,3.88,3.78,4.18,,,,,,,,,,,,,,,
11005,92,Control,IGT,6.0,,,91.0,3.88,3.78,4.18,,,,,,,,,,,,,,,
11006,92,Control,IGT,7.0,,,91.0,3.88,3.78,4.18,,,,,,,,,,,,,,,
11007,92,Control,IGT,8.0,,,91.0,3.88,3.78,4.18,,,,,,,,,,,,,,,
11008,92,Control,IGT,9.0,,,91.0,3.88,3.78,4.18,,,,,,,,,,,,,,,
11009,92,Control,IGT,10.0,,,91.0,3.88,3.78,4.18,,,,,,,,,,,,,,,
11010,92,Control,IGT,11.0,0.1,0.6,91.0,3.88,3.78,4.18,,,,,,,,,,,,,,,
11011,92,Control,IGT,12.0,0.2,0.5,91.0,3.88,3.78,4.18,,,,,,,,,,,,,,,
11012,92,Control,IGT,13.0,0.2,0.5,91.0,3.88,3.78,4.18,,,,,,,,,,,,,,,
11013,92,Control,IGT,14.0,0.3,0.5,91.0,3.88,3.78,4.18,,,,,,,,,,,,,,,
11014,92,Control,IGT,15.0,0.2,0.6,91.0,3.88,3.78,4.18,,,,,,,,,,,,,,,
11015,92,Control,IGT,16.0,0.3,0.6,91.0,3.88,3.78,4.18,,,,,,,,,,,,,,,
11016,92,Control,IGT,17.0,0.2,0.5,91.0,3.88,3.78,4.18,,,,,,,,,,,,,,,
11017,92,Control,IGT,18.0,0.3,0.6,91.0,3.88,3.78,4.18,,,,,,,,,,,,,,,
11018,92,Control,IGT,19.0,0.4,0.6,91.0,3.88,3.78,4.18,,,,,,,,,,,,,,,
11019,92,Control,IGT,20.0,0.2,0.7,91.0,3.88,3.78,4.18,,,,,,,,,,,,,,,
11040,93,Nature,IGT,1.0,,,,,,,,,,,,,,,,,,,,,
11041,93,Nature,IGT,2.0,,,,,,,,,,,,,,,,,,,,,
11042,93,Nature,IGT,3.0,,,,,,,,,,,,,,,,,,,,,
11043,93,Nature,IGT,4.0,,,,,,,,,,,,,,,,,,,,,
11044,93,Nature,IGT,5.0,,,,,,,,,,,,,,,,,,,,,
11045,93,Nature,IGT,6.0,,,,,,,,,,,,,,,,,,,,,
11046,93,Nature,IGT,7.0,,,,,,,,,,,,,,,,,,,,,
11047,93,Nature,IGT,8.0,,,,,,,,,,,,,,,,,,,,,
11048,93,Nature,IGT,9.0,,,,,,,,,,,,,,,,,,,,,
11049,93,Nature,IGT,10.0,,,,,,,,,,,,,,,,,,,,,
11050,93,Nature,IGT,11.0,,,,,,,,,,,,,,,,,,,,,
11051,93,Nature,IGT,12.0,,,,,,,,,,,,,,,,,,,,,
11052,93,Nature,IGT,13.0,,,,,,,,,,,,,,,,,,,,,
11053,93,Nature,IGT,14.0,,,,,,,,,,,,,,,,,,,,,
11054,93,Nature,IGT,15.0,,,,,,,,,,,,,,,,,,,,,
11055,93,Nature,IGT,16.0,,,,,,,,,,,,,,,,,,,,,
11056,93,Nature,IGT,17.0,,,,,,,,,,,,,,,,,,,,,
11057,93,Nature,IGT,18.0,,,,,,,,,,,,,,,,,,,,,
11058,93,Nature,IGT,19.0,,,,,,,,,,,,,,,,,,,,,
11059,93,Nature,IGT,20.0,,,,,,,,,,,,,,,,,,,,,
11080,93,Urban,IGT,1.0,,,,,,,,,,,,,,,,,,,,,
11081,93,Urban,IGT,2.0,,,,,,,,,,,,,,,,,,,,,
11082,93,Urban,IGT,3.0,,,,,,,,,,,,,,,,,,,,,
11083,93,Urban,IGT,4.0,,,,,,,,,,,,,,,,,,,,,
11084,93,Urban,IGT,5.0,,,,,,,,,,,,,,,,,,,,,
11085,93,Urban,IGT,6.0,,,,,,,,,,,,,,,,,,,,,
11086,93,Urban,IGT,7.0,,,,,,,,,,,,,,,,,,,,,
11087,93,Urban,IGT,8.0,,,,,,,,,,,,,,,,,,,,,
11088,93,Urban,IGT,9.0,,,,,,,,,,,,,,,,,,,,,
11089,93,Urban,IGT,10.0,,,,,,,,,,,,,,,,,,,,,
11090,93,Urban,IGT,11.0,,,,,,,,,,,,,,,,,,,,,
11091,93,Urban,IGT,12.0,,,,,,,,,,,,,,,,,,,,,
11092,93,Urban,IGT,13.0,,,,,,,,,,,,,,,,,,,,,
11093,93,Urban,IGT,14.0,,,,,,,,,,,,,,,,,,,,,
11094,93,Urban,IGT,15.0,,,,,,,,,,,,,,,,,,,,,
11095,93,Urban,IGT,16.0,,,,,,,,,,,,,,,,,,,,,
11096,93,Urban,IGT,17.0,,,,,,,,,,,,,,,,,,,,,
11097,93,Urban,IGT,18.0,,,,,,,,,,,,,,,,,,,,,
11098,93,Urban,IGT,19.0,,,,,,,,,,,,,,,,,,,,,
11099,93,Urban,IGT,20.0,,,,,,,,,,,,,,,,,,,,,
11120,93,Control,IGT,1.0,,,92.0,4.02,3.64,3.88,,,,,,,,,,,,,,,
11121,93,Control,IGT,2.0,,,92.0,4.02,3.64,3.88,,,,,,,,,,,,,,,
11122,93,Control,IGT,3.0,,,92.0,4.02,3.64,3.88,,,,,,,,,,,,,,,
11123,93,Control,IGT,4.0,,,92.0,4.02,3.64,3.88,,,,,,,,,,,,,,,
11124,93,Control,IGT,5.0,,,92.0,4.02,3.64,3.88,,,,,,,,,,,,,,,
11125,93,Control,IGT,6.0,,,92.0,4.02,3.64,3.88,,,,,,,,,,,,,,,
11126,93,Control,IGT,7.0,,,92.0,4.02,3.64,3.88,,,,,,,,,,,,,,,
11127,93,Control,IGT,8.0,,,92.0,4.02,3.64,3.88,,,,,,,,,,,,,,,
11128,93,Control,IGT,9.0,,,92.0,4.02,3.64,3.88,,,,,,,,,,,,,,,
11129,93,Control,IGT,10.0,,,92.0,4.02,3.64,3.88,,,,,,,,,,,,,,,
11130,93,Control,IGT,11.0,0.5,0.5,92.0,4.02,3.64,3.88,,,,,,,,,,,,,,,
11131,93,Control,IGT,12.0,0.6,0.9,92.0,4.02,3.64,3.88,,,,,,,,,,,,,,,
11132,93,Control,IGT,13.0,0.7,0.5,92.0,4.02,3.64,3.88,,,,,,,,,,,,,,,
11133,93,Control,IGT,14.0,0.6,0.7,92.0,4.02,3.64,3.88,,,,,,,,,,,,,,,
11134,93,Control,IGT,15.0,0.5,0.4,92.0,4.02,3.64,3.88,,,,,,,,,,,,,,,
11135,93,Control,IGT,16.0,0.8,0.1,92.0,4.02,3.64,3.88,,,,,,,,,,,,,,,
11136,93,Control,IGT,17.0,0.7,0.4,92.0,4.02,3.64,3.88,,,,,,,,,,,,,,,
11137,93,Control,IGT,18.0,1.0,0.0,92.0,4.02,3.64,3.88,,,,,,,,,,,,,,,
11138,93,Control,IGT,19.0,1.0,0.0,92.0,4.02,3.64,3.88,,,,,,,,,,,,,,,
11139,93,Control,IGT,20.0,1.0,0.0,92.0,4.02,3.64,3.88,,,,,,,,,,,,,,,
11160,94,Nature,IGT,1.0,,,93.0,7.0,7.0,6.94,0.16859258952,-0.08049617174,0.23285870844,0.16895549698,0.21071874204,0.2645775103,7.48765896638,6.17603125654,-0.0610715464399999,0.01531927322,-0.00426215448,-0.01204215614,0.0207249637,0.13568911406,0.18581026854
11161,94,Nature,IGT,2.0,,,93.0,7.0,7.0,6.94,0.16859258952,-0.08049617174,0.23285870844,0.16895549698,0.21071874204,0.2645775103,7.48765896638,6.17603125654,-0.0610715464399999,0.01531927322,-0.00426215448,-0.01204215614,0.0207249637,0.13568911406,0.18581026854
11162,94,Nature,IGT,3.0,,,93.0,7.0,7.0,6.94,0.16859258952,-0.08049617174,0.23285870844,0.16895549698,0.21071874204,0.2645775103,7.48765896638,6.17603125654,-0.0610715464399999,0.01531927322,-0.00426215448,-0.01204215614,0.0207249637,0.13568911406,0.18581026854
11163,94,Nature,IGT,4.0,,,93.0,7.0,7.0,6.94,0.16859258952,-0.08049617174,0.23285870844,0.16895549698,0.21071874204,0.2645775103,7.48765896638,6.17603125654,-0.0610715464399999,0.01531927322,-0.00426215448,-0.01204215614,0.0207249637,0.13568911406,0.18581026854
11164,94,Nature,IGT,5.0,,,93.0,7.0,7.0,6.94,0.16859258952,-0.08049617174,0.23285870844,0.16895549698,0.21071874204,0.2645775103,7.48765896638,6.17603125654,-0.0610715464399999,0.01531927322,-0.00426215448,-0.01204215614,0.0207249637,0.13568911406,0.18581026854
11165,94,Nature,IGT,6.0,,,93.0,7.0,7.0,6.94,0.16859258952,-0.08049617174,0.23285870844,0.16895549698,0.21071874204,0.2645775103,7.48765896638,6.17603125654,-0.0610715464399999,0.01531927322,-0.00426215448,-0.01204215614,0.0207249637,0.13568911406,0.18581026854
11166,94,Nature,IGT,7.0,,,93.0,7.0,7.0,6.94,0.16859258952,-0.08049617174,0.23285870844,0.16895549698,0.21071874204,0.2645775103,7.48765896638,6.17603125654,-0.0610715464399999,0.01531927322,-0.00426215448,-0.01204215614,0.0207249637,0.13568911406,0.18581026854
11167,94,Nature,IGT,8.0,,,93.0,7.0,7.0,6.94,0.16859258952,-0.08049617174,0.23285870844,0.16895549698,0.21071874204,0.2645775103,7.48765896638,6.17603125654,-0.0610715464399999,0.01531927322,-0.00426215448,-0.01204215614,0.0207249637,0.13568911406,0.18581026854
11168,94,Nature,IGT,9.0,,,93.0,7.0,7.0,6.94,0.16859258952,-0.08049617174,0.23285870844,0.16895549698,0.21071874204,0.2645775103,7.48765896638,6.17603125654,-0.0610715464399999,0.01531927322,-0.00426215448,-0.01204215614,0.0207249637,0.13568911406,0.18581026854
11169,94,Nature,IGT,10.0,,,93.0,7.0,7.0,6.94,0.16859258952,-0.08049617174,0.23285870844,0.16895549698,0.21071874204,0.2645775103,7.48765896638,6.17603125654,-0.0610715464399999,0.01531927322,-0.00426215448,-0.01204215614,0.0207249637,0.13568911406,0.18581026854
11170,94,Nature,IGT,11.0,0.2,0.5,93.0,7.0,7.0,6.94,0.16859258952,-0.08049617174,0.23285870844,0.16895549698,0.21071874204,0.2645775103,7.48765896638,6.17603125654,-0.0610715464399999,0.01531927322,-0.00426215448,-0.01204215614,0.0207249637,0.13568911406,0.18581026854
11171,94,Nature,IGT,12.0,0.0,0.9,93.0,7.0,7.0,6.94,0.16859258952,-0.08049617174,0.23285870844,0.16895549698,0.21071874204,0.2645775103,7.48765896638,6.17603125654,-0.0610715464399999,0.01531927322,-0.00426215448,-0.01204215614,0.0207249637,0.13568911406,0.18581026854
11172,94,Nature,IGT,13.0,0.1,0.9,93.0,7.0,7.0,6.94,0.16859258952,-0.08049617174,0.23285870844,0.16895549698,0.21071874204,0.2645775103,7.48765896638,6.17603125654,-0.0610715464399999,0.01531927322,-0.00426215448,-0.01204215614,0.0207249637,0.13568911406,0.18581026854
11173,94,Nature,IGT,14.0,0.0,1.0,93.0,7.0,7.0,6.94,0.16859258952,-0.08049617174,0.23285870844,0.16895549698,0.21071874204,0.2645775103,7.48765896638,6.17603125654,-0.0610715464399999,0.01531927322,-0.00426215448,-0.01204215614,0.0207249637,0.13568911406,0.18581026854
11174,94,Nature,IGT,15.0,0.0,0.9,93.0,7.0,7.0,6.94,0.16859258952,-0.08049617174,0.23285870844,0.16895549698,0.21071874204,0.2645775103,7.48765896638,6.17603125654,-0.0610715464399999,0.01531927322,-0.00426215448,-0.01204215614,0.0207249637,0.13568911406,0.18581026854
11175,94,Nature,IGT,16.0,0.0,0.5,93.0,7.0,7.0,6.94,0.16859258952,-0.08049617174,0.23285870844,0.16895549698,0.21071874204,0.2645775103,7.48765896638,6.17603125654,-0.0610715464399999,0.01531927322,-0.00426215448,-0.01204215614,0.0207249637,0.13568911406,0.18581026854
11176,94,Nature,IGT,17.0,0.0,1.0,93.0,7.0,7.0,6.94,0.16859258952,-0.08049617174,0.23285870844,0.16895549698,0.21071874204,0.2645775103,7.48765896638,6.17603125654,-0.0610715464399999,0.01531927322,-0.00426215448,-0.01204215614,0.0207249637,0.13568911406,0.18581026854
11177,94,Nature,IGT,18.0,0.3,0.7,93.0,7.0,7.0,6.94,0.16859258952,-0.08049617174,0.23285870844,0.16895549698,0.21071874204,0.2645775103,7.48765896638,6.17603125654,-0.0610715464399999,0.01531927322,-0.00426215448,-0.01204215614,0.0207249637,0.13568911406,0.18581026854
11178,94,Nature,IGT,19.0,0.1,0.0,93.0,7.0,7.0,6.94,0.16859258952,-0.08049617174,0.23285870844,0.16895549698,0.21071874204,0.2645775103,7.48765896638,6.17603125654,-0.0610715464399999,0.01531927322,-0.00426215448,-0.01204215614,0.0207249637,0.13568911406,0.18581026854
11179,94,Nature,IGT,20.0,0.2,0.8,93.0,7.0,7.0,6.94,0.16859258952,-0.08049617174,0.23285870844,0.16895549698,0.21071874204,0.2645775103,7.48765896638,6.17603125654,-0.0610715464399999,0.01531927322,-0.00426215448,-0.01204215614,0.0207249637,0.13568911406,0.18581026854
11200,94,Urban,IGT,1.0,,,,,,,,,,,,,,,,,,,,,
11201,94,Urban,IGT,2.0,,,,,,,,,,,,,,,,,,,,,
11202,94,Urban,IGT,3.0,,,,,,,,,,,,,,,,,,,,,
11203,94,Urban,IGT,4.0,,,,,,,,,,,,,,,,,,,,,
11204,94,Urban,IGT,5.0,,,,,,,,,,,,,,,,,,,,,
11205,94,Urban,IGT,6.0,,,,,,,,,,,,,,,,,,,,,
11206,94,Urban,IGT,7.0,,,,,,,,,,,,,,,,,,,,,
11207,94,Urban,IGT,8.0,,,,,,,,,,,,,,,,,,,,,
11208,94,Urban,IGT,9.0,,,,,,,,,,,,,,,,,,,,,
11209,94,Urban,IGT,10.0,,,,,,,,,,,,,,,,,,,,,
11210,94,Urban,IGT,11.0,,,,,,,,,,,,,,,,,,,,,
11211,94,Urban,IGT,12.0,,,,,,,,,,,,,,,,,,,,,
11212,94,Urban,IGT,13.0,,,,,,,,,,,,,,,,,,,,,
11213,94,Urban,IGT,14.0,,,,,,,,,,,,,,,,,,,,,
11214,94,Urban,IGT,15.0,,,,,,,,,,,,,,,,,,,,,
11215,94,Urban,IGT,16.0,,,,,,,,,,,,,,,,,,,,,
11216,94,Urban,IGT,17.0,,,,,,,,,,,,,,,,,,,,,
11217,94,Urban,IGT,18.0,,,,,,,,,,,,,,,,,,,,,
11218,94,Urban,IGT,19.0,,,,,,,,,,,,,,,,,,,,,
11219,94,Urban,IGT,20.0,,,,,,,,,,,,,,,,,,,,,
11240,94,Control,IGT,1.0,,,,,,,,,,,,,,,,,,,,,
11241,94,Control,IGT,2.0,,,,,,,,,,,,,,,,,,,,,
11242,94,Control,IGT,3.0,,,,,,,,,,,,,,,,,,,,,
11243,94,Control,IGT,4.0,,,,,,,,,,,,,,,,,,,,,
11244,94,Control,IGT,5.0,,,,,,,,,,,,,,,,,,,,,
11245,94,Control,IGT,6.0,,,,,,,,,,,,,,,,,,,,,
11246,94,Control,IGT,7.0,,,,,,,,,,,,,,,,,,,,,
11247,94,Control,IGT,8.0,,,,,,,,,,,,,,,,,,,,,
11248,94,Control,IGT,9.0,,,,,,,,,,,,,,,,,,,,,
11249,94,Control,IGT,10.0,,,,,,,,,,,,,,,,,,,,,
11250,94,Control,IGT,11.0,,,,,,,,,,,,,,,,,,,,,
11251,94,Control,IGT,12.0,,,,,,,,,,,,,,,,,,,,,
11252,94,Control,IGT,13.0,,,,,,,,,,,,,,,,,,,,,
11253,94,Control,IGT,14.0,,,,,,,,,,,,,,,,,,,,,
11254,94,Control,IGT,15.0,,,,,,,,,,,,,,,,,,,,,
11255,94,Control,IGT,16.0,,,,,,,,,,,,,,,,,,,,,
11256,94,Control,IGT,17.0,,,,,,,,,,,,,,,,,,,,,
11257,94,Control,IGT,18.0,,,,,,,,,,,,,,,,,,,,,
11258,94,Control,IGT,19.0,,,,,,,,,,,,,,,,,,,,,
11259,94,Control,IGT,20.0,,,,,,,,,,,,,,,,,,,,,
11280,95,Nature,IGT,1.0,,,,,,,,,,,,,,,,,,,,,
11281,95,Nature,IGT,2.0,,,,,,,,,,,,,,,,,,,,,
11282,95,Nature,IGT,3.0,,,,,,,,,,,,,,,,,,,,,
11283,95,Nature,IGT,4.0,,,,,,,,,,,,,,,,,,,,,
11284,95,Nature,IGT,5.0,,,,,,,,,,,,,,,,,,,,,
11285,95,Nature,IGT,6.0,,,,,,,,,,,,,,,,,,,,,
11286,95,Nature,IGT,7.0,,,,,,,,,,,,,,,,,,,,,
11287,95,Nature,IGT,8.0,,,,,,,,,,,,,,,,,,,,,
11288,95,Nature,IGT,9.0,,,,,,,,,,,,,,,,,,,,,
11289,95,Nature,IGT,10.0,,,,,,,,,,,,,,,,,,,,,
11290,95,Nature,IGT,11.0,,,,,,,,,,,,,,,,,,,,,
11291,95,Nature,IGT,12.0,,,,,,,,,,,,,,,,,,,,,
11292,95,Nature,IGT,13.0,,,,,,,,,,,,,,,,,,,,,
11293,95,Nature,IGT,14.0,,,,,,,,,,,,,,,,,,,,,
11294,95,Nature,IGT,15.0,,,,,,,,,,,,,,,,,,,,,
11295,95,Nature,IGT,16.0,,,,,,,,,,,,,,,,,,,,,
11296,95,Nature,IGT,17.0,,,,,,,,,,,,,,,,,,,,,
11297,95,Nature,IGT,18.0,,,,,,,,,,,,,,,,,,,,,
11298,95,Nature,IGT,19.0,,,,,,,,,,,,,,,,,,,,,
11299,95,Nature,IGT,20.0,,,,,,,,,,,,,,,,,,,,,
11320,95,Urban,IGT,1.0,,,,,,,,,,,,,,,,,,,,,
11321,95,Urban,IGT,2.0,,,,,,,,,,,,,,,,,,,,,
11322,95,Urban,IGT,3.0,,,,,,,,,,,,,,,,,,,,,
11323,95,Urban,IGT,4.0,,,,,,,,,,,,,,,,,,,,,
11324,95,Urban,IGT,5.0,,,,,,,,,,,,,,,,,,,,,
11325,95,Urban,IGT,6.0,,,,,,,,,,,,,,,,,,,,,
11326,95,Urban,IGT,7.0,,,,,,,,,,,,,,,,,,,,,
11327,95,Urban,IGT,8.0,,,,,,,,,,,,,,,,,,,,,
11328,95,Urban,IGT,9.0,,,,,,,,,,,,,,,,,,,,,
11329,95,Urban,IGT,10.0,,,,,,,,,,,,,,,,,,,,,
11330,95,Urban,IGT,11.0,,,,,,,,,,,,,,,,,,,,,
11331,95,Urban,IGT,12.0,,,,,,,,,,,,,,,,,,,,,
11332,95,Urban,IGT,13.0,,,,,,,,,,,,,,,,,,,,,
11333,95,Urban,IGT,14.0,,,,,,,,,,,,,,,,,,,,,
11334,95,Urban,IGT,15.0,,,,,,,,,,,,,,,,,,,,,
11335,95,Urban,IGT,16.0,,,,,,,,,,,,,,,,,,,,,
11336,95,Urban,IGT,17.0,,,,,,,,,,,,,,,,,,,,,
11337,95,Urban,IGT,18.0,,,,,,,,,,,,,,,,,,,,,
11338,95,Urban,IGT,19.0,,,,,,,,,,,,,,,,,,,,,
11339,95,Urban,IGT,20.0,,,,,,,,,,,,,,,,,,,,,
11360,95,Control,IGT,1.0,,,94.0,1.74,1.54,1.18,,,,,,,,,,,,,,,
11361,95,Control,IGT,2.0,,,94.0,1.74,1.54,1.18,,,,,,,,,,,,,,,
11362,95,Control,IGT,3.0,,,94.0,1.74,1.54,1.18,,,,,,,,,,,,,,,
11363,95,Control,IGT,4.0,,,94.0,1.74,1.54,1.18,,,,,,,,,,,,,,,
11364,95,Control,IGT,5.0,,,94.0,1.74,1.54,1.18,,,,,,,,,,,,,,,
11365,95,Control,IGT,6.0,,,94.0,1.74,1.54,1.18,,,,,,,,,,,,,,,
11366,95,Control,IGT,7.0,,,94.0,1.74,1.54,1.18,,,,,,,,,,,,,,,
11367,95,Control,IGT,8.0,,,94.0,1.74,1.54,1.18,,,,,,,,,,,,,,,
11368,95,Control,IGT,9.0,,,94.0,1.74,1.54,1.18,,,,,,,,,,,,,,,
11369,95,Control,IGT,10.0,,,94.0,1.74,1.54,1.18,,,,,,,,,,,,,,,
11370,95,Control,IGT,11.0,0.4,0.5,94.0,1.74,1.54,1.18,,,,,,,,,,,,,,,
11371,95,Control,IGT,12.0,0.5,0.9,94.0,1.74,1.54,1.18,,,,,,,,,,,,,,,
11372,95,Control,IGT,13.0,0.5,0.1,94.0,1.74,1.54,1.18,,,,,,,,,,,,,,,
11373,95,Control,IGT,14.0,0.3,0.7,94.0,1.74,1.54,1.18,,,,,,,,,,,,,,,
11374,95,Control,IGT,15.0,0.4,0.3,94.0,1.74,1.54,1.18,,,,,,,,,,,,,,,
11375,95,Control,IGT,16.0,1.0,1.0,94.0,1.74,1.54,1.18,,,,,,,,,,,,,,,
11376,95,Control,IGT,17.0,1.0,1.0,94.0,1.74,1.54,1.18,,,,,,,,,,,,,,,
11377,95,Control,IGT,18.0,1.0,1.0,94.0,1.74,1.54,1.18,,,,,,,,,,,,,,,
11378,95,Control,IGT,19.0,0.6,0.5,94.0,1.74,1.54,1.18,,,,,,,,,,,,,,,
11379,95,Control,IGT,20.0,0.8,0.2,94.0,1.74,1.54,1.18,,,,,,,,,,,,,,,
11400,96,Nature,IGT,1.0,,,,,,,,,,,,,,,,,,,,,
11401,96,Nature,IGT,2.0,,,,,,,,,,,,,,,,,,,,,
11402,96,Nature,IGT,3.0,,,,,,,,,,,,,,,,,,,,,
11403,96,Nature,IGT,4.0,,,,,,,,,,,,,,,,,,,,,
11404,96,Nature,IGT,5.0,,,,,,,,,,,,,,,,,,,,,
11405,96,Nature,IGT,6.0,,,,,,,,,,,,,,,,,,,,,
11406,96,Nature,IGT,7.0,,,,,,,,,,,,,,,,,,,,,
11407,96,Nature,IGT,8.0,,,,,,,,,,,,,,,,,,,,,
11408,96,Nature,IGT,9.0,,,,,,,,,,,,,,,,,,,,,
11409,96,Nature,IGT,10.0,,,,,,,,,,,,,,,,,,,,,
11410,96,Nature,IGT,11.0,,,,,,,,,,,,,,,,,,,,,
11411,96,Nature,IGT,12.0,,,,,,,,,,,,,,,,,,,,,
11412,96,Nature,IGT,13.0,,,,,,,,,,,,,,,,,,,,,
11413,96,Nature,IGT,14.0,,,,,,,,,,,,,,,,,,,,,
11414,96,Nature,IGT,15.0,,,,,,,,,,,,,,,,,,,,,
11415,96,Nature,IGT,16.0,,,,,,,,,,,,,,,,,,,,,
11416,96,Nature,IGT,17.0,,,,,,,,,,,,,,,,,,,,,
11417,96,Nature,IGT,18.0,,,,,,,,,,,,,,,,,,,,,
11418,96,Nature,IGT,19.0,,,,,,,,,,,,,,,,,,,,,
11419,96,Nature,IGT,20.0,,,,,,,,,,,,,,,,,,,,,
11440,96,Urban,IGT,1.0,,,95.0,3.22,4.74,4.38,0.21566810554,0.21906388174,0.16009072382,0.2271377754,0.1618817428399999,0.25612705568,7.379070654079999,1.6005180926,-0.05652474004,-0.01899906488,0.0113708351799999,0.0097202687,0.0753384614,0.10501249158,0.09548449292
11441,96,Urban,IGT,2.0,,,95.0,3.22,4.74,4.38,0.21566810554,0.21906388174,0.16009072382,0.2271377754,0.1618817428399999,0.25612705568,7.379070654079999,1.6005180926,-0.05652474004,-0.01899906488,0.0113708351799999,0.0097202687,0.0753384614,0.10501249158,0.09548449292
11442,96,Urban,IGT,3.0,,,95.0,3.22,4.74,4.38,0.21566810554,0.21906388174,0.16009072382,0.2271377754,0.1618817428399999,0.25612705568,7.379070654079999,1.6005180926,-0.05652474004,-0.01899906488,0.0113708351799999,0.0097202687,0.0753384614,0.10501249158,0.09548449292
11443,96,Urban,IGT,4.0,,,95.0,3.22,4.74,4.38,0.21566810554,0.21906388174,0.16009072382,0.2271377754,0.1618817428399999,0.25612705568,7.379070654079999,1.6005180926,-0.05652474004,-0.01899906488,0.0113708351799999,0.0097202687,0.0753384614,0.10501249158,0.09548449292
11444,96,Urban,IGT,5.0,,,95.0,3.22,4.74,4.38,0.21566810554,0.21906388174,0.16009072382,0.2271377754,0.1618817428399999,0.25612705568,7.379070654079999,1.6005180926,-0.05652474004,-0.01899906488,0.0113708351799999,0.0097202687,0.0753384614,0.10501249158,0.09548449292
11445,96,Urban,IGT,6.0,,,95.0,3.22,4.74,4.38,0.21566810554,0.21906388174,0.16009072382,0.2271377754,0.1618817428399999,0.25612705568,7.379070654079999,1.6005180926,-0.05652474004,-0.01899906488,0.0113708351799999,0.0097202687,0.0753384614,0.10501249158,0.09548449292
11446,96,Urban,IGT,7.0,,,95.0,3.22,4.74,4.38,0.21566810554,0.21906388174,0.16009072382,0.2271377754,0.1618817428399999,0.25612705568,7.379070654079999,1.6005180926,-0.05652474004,-0.01899906488,0.0113708351799999,0.0097202687,0.0753384614,0.10501249158,0.09548449292
11447,96,Urban,IGT,8.0,,,95.0,3.22,4.74,4.38,0.21566810554,0.21906388174,0.16009072382,0.2271377754,0.1618817428399999,0.25612705568,7.379070654079999,1.6005180926,-0.05652474004,-0.01899906488,0.0113708351799999,0.0097202687,0.0753384614,0.10501249158,0.09548449292
11448,96,Urban,IGT,9.0,,,95.0,3.22,4.74,4.38,0.21566810554,0.21906388174,0.16009072382,0.2271377754,0.1618817428399999,0.25612705568,7.379070654079999,1.6005180926,-0.05652474004,-0.01899906488,0.0113708351799999,0.0097202687,0.0753384614,0.10501249158,0.09548449292
11449,96,Urban,IGT,10.0,,,95.0,3.22,4.74,4.38,0.21566810554,0.21906388174,0.16009072382,0.2271377754,0.1618817428399999,0.25612705568,7.379070654079999,1.6005180926,-0.05652474004,-0.01899906488,0.0113708351799999,0.0097202687,0.0753384614,0.10501249158,0.09548449292
11450,96,Urban,IGT,11.0,0.3,0.7,95.0,3.22,4.74,4.38,0.21566810554,0.21906388174,0.16009072382,0.2271377754,0.1618817428399999,0.25612705568,7.379070654079999,1.6005180926,-0.05652474004,-0.01899906488,0.0113708351799999,0.0097202687,0.0753384614,0.10501249158,0.09548449292
11451,96,Urban,IGT,12.0,0.5,0.7,95.0,3.22,4.74,4.38,0.21566810554,0.21906388174,0.16009072382,0.2271377754,0.1618817428399999,0.25612705568,7.379070654079999,1.6005180926,-0.05652474004,-0.01899906488,0.0113708351799999,0.0097202687,0.0753384614,0.10501249158,0.09548449292
11452,96,Urban,IGT,13.0,0.6,0.8,95.0,3.22,4.74,4.38,0.21566810554,0.21906388174,0.16009072382,0.2271377754,0.1618817428399999,0.25612705568,7.379070654079999,1.6005180926,-0.05652474004,-0.01899906488,0.0113708351799999,0.0097202687,0.0753384614,0.10501249158,0.09548449292
11453,96,Urban,IGT,14.0,0.7,0.8,95.0,3.22,4.74,4.38,0.21566810554,0.21906388174,0.16009072382,0.2271377754,0.1618817428399999,0.25612705568,7.379070654079999,1.6005180926,-0.05652474004,-0.01899906488,0.0113708351799999,0.0097202687,0.0753384614,0.10501249158,0.09548449292
11454,96,Urban,IGT,15.0,0.4,1.0,95.0,3.22,4.74,4.38,0.21566810554,0.21906388174,0.16009072382,0.2271377754,0.1618817428399999,0.25612705568,7.379070654079999,1.6005180926,-0.05652474004,-0.01899906488,0.0113708351799999,0.0097202687,0.0753384614,0.10501249158,0.09548449292
11455,96,Urban,IGT,16.0,0.7,0.7,95.0,3.22,4.74,4.38,0.21566810554,0.21906388174,0.16009072382,0.2271377754,0.1618817428399999,0.25612705568,7.379070654079999,1.6005180926,-0.05652474004,-0.01899906488,0.0113708351799999,0.0097202687,0.0753384614,0.10501249158,0.09548449292
11456,96,Urban,IGT,17.0,0.1,1.0,95.0,3.22,4.74,4.38,0.21566810554,0.21906388174,0.16009072382,0.2271377754,0.1618817428399999,0.25612705568,7.379070654079999,1.6005180926,-0.05652474004,-0.01899906488,0.0113708351799999,0.0097202687,0.0753384614,0.10501249158,0.09548449292
11457,96,Urban,IGT,18.0,0.3,0.7,95.0,3.22,4.74,4.38,0.21566810554,0.21906388174,0.16009072382,0.2271377754,0.1618817428399999,0.25612705568,7.379070654079999,1.6005180926,-0.05652474004,-0.01899906488,0.0113708351799999,0.0097202687,0.0753384614,0.10501249158,0.09548449292
11458,96,Urban,IGT,19.0,0.0,1.0,95.0,3.22,4.74,4.38,0.21566810554,0.21906388174,0.16009072382,0.2271377754,0.1618817428399999,0.25612705568,7.379070654079999,1.6005180926,-0.05652474004,-0.01899906488,0.0113708351799999,0.0097202687,0.0753384614,0.10501249158,0.09548449292
11459,96,Urban,IGT,20.0,0.5,0.8,95.0,3.22,4.74,4.38,0.21566810554,0.21906388174,0.16009072382,0.2271377754,0.1618817428399999,0.25612705568,7.379070654079999,1.6005180926,-0.05652474004,-0.01899906488,0.0113708351799999,0.0097202687,0.0753384614,0.10501249158,0.09548449292
11480,96,Control,IGT,1.0,,,,,,,,,,,,,,,,,,,,,
11481,96,Control,IGT,2.0,,,,,,,,,,,,,,,,,,,,,
11482,96,Control,IGT,3.0,,,,,,,,,,,,,,,,,,,,,
11483,96,Control,IGT,4.0,,,,,,,,,,,,,,,,,,,,,
11484,96,Control,IGT,5.0,,,,,,,,,,,,,,,,,,,,,
11485,96,Control,IGT,6.0,,,,,,,,,,,,,,,,,,,,,
11486,96,Control,IGT,7.0,,,,,,,,,,,,,,,,,,,,,
11487,96,Control,IGT,8.0,,,,,,,,,,,,,,,,,,,,,
11488,96,Control,IGT,9.0,,,,,,,,,,,,,,,,,,,,,
11489,96,Control,IGT,10.0,,,,,,,,,,,,,,,,,,,,,
11490,96,Control,IGT,11.0,,,,,,,,,,,,,,,,,,,,,
11491,96,Control,IGT,12.0,,,,,,,,,,,,,,,,,,,,,
11492,96,Control,IGT,13.0,,,,,,,,,,,,,,,,,,,,,
11493,96,Control,IGT,14.0,,,,,,,,,,,,,,,,,,,,,
11494,96,Control,IGT,15.0,,,,,,,,,,,,,,,,,,,,,
11495,96,Control,IGT,16.0,,,,,,,,,,,,,,,,,,,,,
11496,96,Control,IGT,17.0,,,,,,,,,,,,,,,,,,,,,
11497,96,Control,IGT,18.0,,,,,,,,,,,,,,,,,,,,,
11498,96,Control,IGT,19.0,,,,,,,,,,,,,,,,,,,,,
11499,96,Control,IGT,20.0,,,,,,,,,,,,,,,,,,,,,
11520,97,Nature,IGT,1.0,,,,,,,,,,,,,,,,,,,,,
11521,97,Nature,IGT,2.0,,,,,,,,,,,,,,,,,,,,,
11522,97,Nature,IGT,3.0,,,,,,,,,,,,,,,,,,,,,
11523,97,Nature,IGT,4.0,,,,,,,,,,,,,,,,,,,,,
11524,97,Nature,IGT,5.0,,,,,,,,,,,,,,,,,,,,,
11525,97,Nature,IGT,6.0,,,,,,,,,,,,,,,,,,,,,
11526,97,Nature,IGT,7.0,,,,,,,,,,,,,,,,,,,,,
11527,97,Nature,IGT,8.0,,,,,,,,,,,,,,,,,,,,,
11528,97,Nature,IGT,9.0,,,,,,,,,,,,,,,,,,,,,
11529,97,Nature,IGT,10.0,,,,,,,,,,,,,,,,,,,,,
11530,97,Nature,IGT,11.0,,,,,,,,,,,,,,,,,,,,,
11531,97,Nature,IGT,12.0,,,,,,,,,,,,,,,,,,,,,
11532,97,Nature,IGT,13.0,,,,,,,,,,,,,,,,,,,,,
11533,97,Nature,IGT,14.0,,,,,,,,,,,,,,,,,,,,,
11534,97,Nature,IGT,15.0,,,,,,,,,,,,,,,,,,,,,
11535,97,Nature,IGT,16.0,,,,,,,,,,,,,,,,,,,,,
11536,97,Nature,IGT,17.0,,,,,,,,,,,,,,,,,,,,,
11537,97,Nature,IGT,18.0,,,,,,,,,,,,,,,,,,,,,
11538,97,Nature,IGT,19.0,,,,,,,,,,,,,,,,,,,,,
11539,97,Nature,IGT,20.0,,,,,,,,,,,,,,,,,,,,,
11560,97,Urban,IGT,1.0,,,,,,,,,,,,,,,,,,,,,
11561,97,Urban,IGT,2.0,,,,,,,,,,,,,,,,,,,,,
11562,97,Urban,IGT,3.0,,,,,,,,,,,,,,,,,,,,,
11563,97,Urban,IGT,4.0,,,,,,,,,,,,,,,,,,,,,
11564,97,Urban,IGT,5.0,,,,,,,,,,,,,,,,,,,,,
11565,97,Urban,IGT,6.0,,,,,,,,,,,,,,,,,,,,,
11566,97,Urban,IGT,7.0,,,,,,,,,,,,,,,,,,,,,
11567,97,Urban,IGT,8.0,,,,,,,,,,,,,,,,,,,,,
11568,97,Urban,IGT,9.0,,,,,,,,,,,,,,,,,,,,,
11569,97,Urban,IGT,10.0,,,,,,,,,,,,,,,,,,,,,
11570,97,Urban,IGT,11.0,,,,,,,,,,,,,,,,,,,,,
11571,97,Urban,IGT,12.0,,,,,,,,,,,,,,,,,,,,,
11572,97,Urban,IGT,13.0,,,,,,,,,,,,,,,,,,,,,
11573,97,Urban,IGT,14.0,,,,,,,,,,,,,,,,,,,,,
11574,97,Urban,IGT,15.0,,,,,,,,,,,,,,,,,,,,,
11575,97,Urban,IGT,16.0,,,,,,,,,,,,,,,,,,,,,
11576,97,Urban,IGT,17.0,,,,,,,,,,,,,,,,,,,,,
11577,97,Urban,IGT,18.0,,,,,,,,,,,,,,,,,,,,,
11578,97,Urban,IGT,19.0,,,,,,,,,,,,,,,,,,,,,
11579,97,Urban,IGT,20.0,,,,,,,,,,,,,,,,,,,,,
11600,97,Control,IGT,1.0,,,96.0,3.9,3.92,4.32,,,,,,,,,,,,,,,
11601,97,Control,IGT,2.0,,,96.0,3.9,3.92,4.32,,,,,,,,,,,,,,,
11602,97,Control,IGT,3.0,,,96.0,3.9,3.92,4.32,,,,,,,,,,,,,,,
11603,97,Control,IGT,4.0,,,96.0,3.9,3.92,4.32,,,,,,,,,,,,,,,
11604,97,Control,IGT,5.0,,,96.0,3.9,3.92,4.32,,,,,,,,,,,,,,,
11605,97,Control,IGT,6.0,,,96.0,3.9,3.92,4.32,,,,,,,,,,,,,,,
11606,97,Control,IGT,7.0,,,96.0,3.9,3.92,4.32,,,,,,,,,,,,,,,
11607,97,Control,IGT,8.0,,,96.0,3.9,3.92,4.32,,,,,,,,,,,,,,,
11608,97,Control,IGT,9.0,,,96.0,3.9,3.92,4.32,,,,,,,,,,,,,,,
11609,97,Control,IGT,10.0,,,96.0,3.9,3.92,4.32,,,,,,,,,,,,,,,
11610,97,Control,IGT,11.0,0.2,0.5,96.0,3.9,3.92,4.32,,,,,,,,,,,,,,,
11611,97,Control,IGT,12.0,0.0,0.7,96.0,3.9,3.92,4.32,,,,,,,,,,,,,,,
11612,97,Control,IGT,13.0,0.0,0.8,96.0,3.9,3.92,4.32,,,,,,,,,,,,,,,
11613,97,Control,IGT,14.0,0.7,0.5,96.0,3.9,3.92,4.32,,,,,,,,,,,,,,,
11614,97,Control,IGT,15.0,0.4,0.4,96.0,3.9,3.92,4.32,,,,,,,,,,,,,,,
11615,97,Control,IGT,16.0,0.7,0.3,96.0,3.9,3.92,4.32,,,,,,,,,,,,,,,
11616,97,Control,IGT,17.0,0.3,0.2,96.0,3.9,3.92,4.32,,,,,,,,,,,,,,,
11617,97,Control,IGT,18.0,0.5,0.2,96.0,3.9,3.92,4.32,,,,,,,,,,,,,,,
11618,97,Control,IGT,19.0,0.6,0.2,96.0,3.9,3.92,4.32,,,,,,,,,,,,,,,
11619,97,Control,IGT,20.0,0.5,0.3,96.0,3.9,3.92,4.32,,,,,,,,,,,,,,,
11640,98,Nature,IGT,1.0,,,,,,,,,,,,,,,,,,,,,
11641,98,Nature,IGT,2.0,,,,,,,,,,,,,,,,,,,,,
11642,98,Nature,IGT,3.0,,,,,,,,,,,,,,,,,,,,,
11643,98,Nature,IGT,4.0,,,,,,,,,,,,,,,,,,,,,
11644,98,Nature,IGT,5.0,,,,,,,,,,,,,,,,,,,,,
11645,98,Nature,IGT,6.0,,,,,,,,,,,,,,,,,,,,,
11646,98,Nature,IGT,7.0,,,,,,,,,,,,,,,,,,,,,
11647,98,Nature,IGT,8.0,,,,,,,,,,,,,,,,,,,,,
11648,98,Nature,IGT,9.0,,,,,,,,,,,,,,,,,,,,,
11649,98,Nature,IGT,10.0,,,,,,,,,,,,,,,,,,,,,
11650,98,Nature,IGT,11.0,,,,,,,,,,,,,,,,,,,,,
11651,98,Nature,IGT,12.0,,,,,,,,,,,,,,,,,,,,,
11652,98,Nature,IGT,13.0,,,,,,,,,,,,,,,,,,,,,
11653,98,Nature,IGT,14.0,,,,,,,,,,,,,,,,,,,,,
11654,98,Nature,IGT,15.0,,,,,,,,,,,,,,,,,,,,,
11655,98,Nature,IGT,16.0,,,,,,,,,,,,,,,,,,,,,
11656,98,Nature,IGT,17.0,,,,,,,,,,,,,,,,,,,,,
11657,98,Nature,IGT,18.0,,,,,,,,,,,,,,,,,,,,,
11658,98,Nature,IGT,19.0,,,,,,,,,,,,,,,,,,,,,
11659,98,Nature,IGT,20.0,,,,,,,,,,,,,,,,,,,,,
11680,98,Urban,IGT,1.0,,,,,,,,,,,,,,,,,,,,,
11681,98,Urban,IGT,2.0,,,,,,,,,,,,,,,,,,,,,
11682,98,Urban,IGT,3.0,,,,,,,,,,,,,,,,,,,,,
11683,98,Urban,IGT,4.0,,,,,,,,,,,,,,,,,,,,,
11684,98,Urban,IGT,5.0,,,,,,,,,,,,,,,,,,,,,
11685,98,Urban,IGT,6.0,,,,,,,,,,,,,,,,,,,,,
11686,98,Urban,IGT,7.0,,,,,,,,,,,,,,,,,,,,,
11687,98,Urban,IGT,8.0,,,,,,,,,,,,,,,,,,,,,
11688,98,Urban,IGT,9.0,,,,,,,,,,,,,,,,,,,,,
11689,98,Urban,IGT,10.0,,,,,,,,,,,,,,,,,,,,,
11690,98,Urban,IGT,11.0,,,,,,,,,,,,,,,,,,,,,
11691,98,Urban,IGT,12.0,,,,,,,,,,,,,,,,,,,,,
11692,98,Urban,IGT,13.0,,,,,,,,,,,,,,,,,,,,,
11693,98,Urban,IGT,14.0,,,,,,,,,,,,,,,,,,,,,
11694,98,Urban,IGT,15.0,,,,,,,,,,,,,,,,,,,,,
11695,98,Urban,IGT,16.0,,,,,,,,,,,,,,,,,,,,,
11696,98,Urban,IGT,17.0,,,,,,,,,,,,,,,,,,,,,
11697,98,Urban,IGT,18.0,,,,,,,,,,,,,,,,,,,,,
11698,98,Urban,IGT,19.0,,,,,,,,,,,,,,,,,,,,,
11699,98,Urban,IGT,20.0,,,,,,,,,,,,,,,,,,,,,
11720,98,Control,IGT,1.0,,,97.0,3.72,3.56,3.64,,,,,,,,,,,,,,,
11721,98,Control,IGT,2.0,,,97.0,3.72,3.56,3.64,,,,,,,,,,,,,,,
11722,98,Control,IGT,3.0,,,97.0,3.72,3.56,3.64,,,,,,,,,,,,,,,
11723,98,Control,IGT,4.0,,,97.0,3.72,3.56,3.64,,,,,,,,,,,,,,,
11724,98,Control,IGT,5.0,,,97.0,3.72,3.56,3.64,,,,,,,,,,,,,,,
11725,98,Control,IGT,6.0,,,97.0,3.72,3.56,3.64,,,,,,,,,,,,,,,
11726,98,Control,IGT,7.0,,,97.0,3.72,3.56,3.64,,,,,,,,,,,,,,,
11727,98,Control,IGT,8.0,,,97.0,3.72,3.56,3.64,,,,,,,,,,,,,,,
11728,98,Control,IGT,9.0,,,97.0,3.72,3.56,3.64,,,,,,,,,,,,,,,
11729,98,Control,IGT,10.0,,,97.0,3.72,3.56,3.64,,,,,,,,,,,,,,,
11730,98,Control,IGT,11.0,0.0,1.0,97.0,3.72,3.56,3.64,,,,,,,,,,,,,,,
11731,98,Control,IGT,12.0,0.6,1.0,97.0,3.72,3.56,3.64,,,,,,,,,,,,,,,
11732,98,Control,IGT,13.0,0.5,0.4,97.0,3.72,3.56,3.64,,,,,,,,,,,,,,,
11733,98,Control,IGT,14.0,0.9,0.1,97.0,3.72,3.56,3.64,,,,,,,,,,,,,,,
11734,98,Control,IGT,15.0,0.4,0.7,97.0,3.72,3.56,3.64,,,,,,,,,,,,,,,
11735,98,Control,IGT,16.0,1.0,0.9,97.0,3.72,3.56,3.64,,,,,,,,,,,,,,,
11736,98,Control,IGT,17.0,0.6,0.1,97.0,3.72,3.56,3.64,,,,,,,,,,,,,,,
11737,98,Control,IGT,18.0,0.9,0.3,97.0,3.72,3.56,3.64,,,,,,,,,,,,,,,
11738,98,Control,IGT,19.0,0.5,1.0,97.0,3.72,3.56,3.64,,,,,,,,,,,,,,,
11739,98,Control,IGT,20.0,0.4,0.6,97.0,3.72,3.56,3.64,,,,,,,,,,,,,,,
11760,99,Nature,IGT,1.0,,,,,,,,,,,,,,,,,,,,,
11761,99,Nature,IGT,2.0,,,,,,,,,,,,,,,,,,,,,
11762,99,Nature,IGT,3.0,,,,,,,,,,,,,,,,,,,,,
11763,99,Nature,IGT,4.0,,,,,,,,,,,,,,,,,,,,,
11764,99,Nature,IGT,5.0,,,,,,,,,,,,,,,,,,,,,
11765,99,Nature,IGT,6.0,,,,,,,,,,,,,,,,,,,,,
11766,99,Nature,IGT,7.0,,,,,,,,,,,,,,,,,,,,,
11767,99,Nature,IGT,8.0,,,,,,,,,,,,,,,,,,,,,
11768,99,Nature,IGT,9.0,,,,,,,,,,,,,,,,,,,,,
11769,99,Nature,IGT,10.0,,,,,,,,,,,,,,,,,,,,,
11770,99,Nature,IGT,11.0,,,,,,,,,,,,,,,,,,,,,
11771,99,Nature,IGT,12.0,,,,,,,,,,,,,,,,,,,,,
11772,99,Nature,IGT,13.0,,,,,,,,,,,,,,,,,,,,,
11773,99,Nature,IGT,14.0,,,,,,,,,,,,,,,,,,,,,
11774,99,Nature,IGT,15.0,,,,,,,,,,,,,,,,,,,,,
11775,99,Nature,IGT,16.0,,,,,,,,,,,,,,,,,,,,,
11776,99,Nature,IGT,17.0,,,,,,,,,,,,,,,,,,,,,
11777,99,Nature,IGT,18.0,,,,,,,,,,,,,,,,,,,,,
11778,99,Nature,IGT,19.0,,,,,,,,,,,,,,,,,,,,,
11779,99,Nature,IGT,20.0,,,,,,,,,,,,,,,,,,,,,
11800,99,Urban,IGT,1.0,,,,,,,,,,,,,,,,,,,,,
11801,99,Urban,IGT,2.0,,,,,,,,,,,,,,,,,,,,,
11802,99,Urban,IGT,3.0,,,,,,,,,,,,,,,,,,,,,
11803,99,Urban,IGT,4.0,,,,,,,,,,,,,,,,,,,,,
11804,99,Urban,IGT,5.0,,,,,,,,,,,,,,,,,,,,,
11805,99,Urban,IGT,6.0,,,,,,,,,,,,,,,,,,,,,
11806,99,Urban,IGT,7.0,,,,,,,,,,,,,,,,,,,,,
11807,99,Urban,IGT,8.0,,,,,,,,,,,,,,,,,,,,,
11808,99,Urban,IGT,9.0,,,,,,,,,,,,,,,,,,,,,
11809,99,Urban,IGT,10.0,,,,,,,,,,,,,,,,,,,,,
11810,99,Urban,IGT,11.0,,,,,,,,,,,,,,,,,,,,,
11811,99,Urban,IGT,12.0,,,,,,,,,,,,,,,,,,,,,
11812,99,Urban,IGT,13.0,,,,,,,,,,,,,,,,,,,,,
11813,99,Urban,IGT,14.0,,,,,,,,,,,,,,,,,,,,,
11814,99,Urban,IGT,15.0,,,,,,,,,,,,,,,,,,,,,
11815,99,Urban,IGT,16.0,,,,,,,,,,,,,,,,,,,,,
11816,99,Urban,IGT,17.0,,,,,,,,,,,,,,,,,,,,,
11817,99,Urban,IGT,18.0,,,,,,,,,,,,,,,,,,,,,
11818,99,Urban,IGT,19.0,,,,,,,,,,,,,,,,,,,,,
11819,99,Urban,IGT,20.0,,,,,,,,,,,,,,,,,,,,,
11840,99,Control,IGT,1.0,,,98.0,4.0,3.18,3.54,,,,,,,,,,,,,,,
11841,99,Control,IGT,2.0,,,98.0,4.0,3.18,3.54,,,,,,,,,,,,,,,
11842,99,Control,IGT,3.0,,,98.0,4.0,3.18,3.54,,,,,,,,,,,,,,,
11843,99,Control,IGT,4.0,,,98.0,4.0,3.18,3.54,,,,,,,,,,,,,,,
11844,99,Control,IGT,5.0,,,98.0,4.0,3.18,3.54,,,,,,,,,,,,,,,
11845,99,Control,IGT,6.0,,,98.0,4.0,3.18,3.54,,,,,,,,,,,,,,,
11846,99,Control,IGT,7.0,,,98.0,4.0,3.18,3.54,,,,,,,,,,,,,,,
11847,99,Control,IGT,8.0,,,98.0,4.0,3.18,3.54,,,,,,,,,,,,,,,
11848,99,Control,IGT,9.0,,,98.0,4.0,3.18,3.54,,,,,,,,,,,,,,,
11849,99,Control,IGT,10.0,,,98.0,4.0,3.18,3.54,,,,,,,,,,,,,,,
11850,99,Control,IGT,11.0,0.3,0.6,98.0,4.0,3.18,3.54,,,,,,,,,,,,,,,
11851,99,Control,IGT,12.0,0.0,0.6,98.0,4.0,3.18,3.54,,,,,,,,,,,,,,,
11852,99,Control,IGT,13.0,0.0,0.8,98.0,4.0,3.18,3.54,,,,,,,,,,,,,,,
11853,99,Control,IGT,14.0,0.8,0.8,98.0,4.0,3.18,3.54,,,,,,,,,,,,,,,
11854,99,Control,IGT,15.0,1.0,0.4,98.0,4.0,3.18,3.54,,,,,,,,,,,,,,,
11855,99,Control,IGT,16.0,1.0,1.0,98.0,4.0,3.18,3.54,,,,,,,,,,,,,,,
11856,99,Control,IGT,17.0,0.7,0.7,98.0,4.0,3.18,3.54,,,,,,,,,,,,,,,
11857,99,Control,IGT,18.0,1.0,0.9,98.0,4.0,3.18,3.54,,,,,,,,,,,,,,,
11858,99,Control,IGT,19.0,1.0,0.0,98.0,4.0,3.18,3.54,,,,,,,,,,,,,,,
11859,99,Control,IGT,20.0,1.0,0.0,98.0,4.0,3.18,3.54,,,,,,,,,,,,,,,
11880,100,Nature,IGT,1.0,,,,,,,,,,,,,,,,,,,,,
11881,100,Nature,IGT,2.0,,,,,,,,,,,,,,,,,,,,,
11882,100,Nature,IGT,3.0,,,,,,,,,,,,,,,,,,,,,
11883,100,Nature,IGT,4.0,,,,,,,,,,,,,,,,,,,,,
11884,100,Nature,IGT,5.0,,,,,,,,,,,,,,,,,,,,,
11885,100,Nature,IGT,6.0,,,,,,,,,,,,,,,,,,,,,
11886,100,Nature,IGT,7.0,,,,,,,,,,,,,,,,,,,,,
11887,100,Nature,IGT,8.0,,,,,,,,,,,,,,,,,,,,,
11888,100,Nature,IGT,9.0,,,,,,,,,,,,,,,,,,,,,
11889,100,Nature,IGT,10.0,,,,,,,,,,,,,,,,,,,,,
11890,100,Nature,IGT,11.0,,,,,,,,,,,,,,,,,,,,,
11891,100,Nature,IGT,12.0,,,,,,,,,,,,,,,,,,,,,
11892,100,Nature,IGT,13.0,,,,,,,,,,,,,,,,,,,,,
11893,100,Nature,IGT,14.0,,,,,,,,,,,,,,,,,,,,,
11894,100,Nature,IGT,15.0,,,,,,,,,,,,,,,,,,,,,
11895,100,Nature,IGT,16.0,,,,,,,,,,,,,,,,,,,,,
11896,100,Nature,IGT,17.0,,,,,,,,,,,,,,,,,,,,,
11897,100,Nature,IGT,18.0,,,,,,,,,,,,,,,,,,,,,
11898,100,Nature,IGT,19.0,,,,,,,,,,,,,,,,,,,,,
11899,100,Nature,IGT,20.0,,,,,,,,,,,,,,,,,,,,,
11920,100,Urban,IGT,1.0,,,99.0,2.02,4.3,4.48,0.22041040672,0.06880929256,0.1545634837599999,0.22305130898,0.16410330484,0.26328275808,7.3798178665,1.61328994704,-0.05825018902,-0.02206114456,0.01624534212,0.01967109916,0.0758955212,0.10440930882,0.09375560636
11921,100,Urban,IGT,2.0,,,99.0,2.02,4.3,4.48,0.22041040672,0.06880929256,0.1545634837599999,0.22305130898,0.16410330484,0.26328275808,7.3798178665,1.61328994704,-0.05825018902,-0.02206114456,0.01624534212,0.01967109916,0.0758955212,0.10440930882,0.09375560636
11922,100,Urban,IGT,3.0,,,99.0,2.02,4.3,4.48,0.22041040672,0.06880929256,0.1545634837599999,0.22305130898,0.16410330484,0.26328275808,7.3798178665,1.61328994704,-0.05825018902,-0.02206114456,0.01624534212,0.01967109916,0.0758955212,0.10440930882,0.09375560636
11923,100,Urban,IGT,4.0,,,99.0,2.02,4.3,4.48,0.22041040672,0.06880929256,0.1545634837599999,0.22305130898,0.16410330484,0.26328275808,7.3798178665,1.61328994704,-0.05825018902,-0.02206114456,0.01624534212,0.01967109916,0.0758955212,0.10440930882,0.09375560636
11924,100,Urban,IGT,5.0,,,99.0,2.02,4.3,4.48,0.22041040672,0.06880929256,0.1545634837599999,0.22305130898,0.16410330484,0.26328275808,7.3798178665,1.61328994704,-0.05825018902,-0.02206114456,0.01624534212,0.01967109916,0.0758955212,0.10440930882,0.09375560636
11925,100,Urban,IGT,6.0,,,99.0,2.02,4.3,4.48,0.22041040672,0.06880929256,0.1545634837599999,0.22305130898,0.16410330484,0.26328275808,7.3798178665,1.61328994704,-0.05825018902,-0.02206114456,0.01624534212,0.01967109916,0.0758955212,0.10440930882,0.09375560636
11926,100,Urban,IGT,7.0,,,99.0,2.02,4.3,4.48,0.22041040672,0.06880929256,0.1545634837599999,0.22305130898,0.16410330484,0.26328275808,7.3798178665,1.61328994704,-0.05825018902,-0.02206114456,0.01624534212,0.01967109916,0.0758955212,0.10440930882,0.09375560636
11927,100,Urban,IGT,8.0,,,99.0,2.02,4.3,4.48,0.22041040672,0.06880929256,0.1545634837599999,0.22305130898,0.16410330484,0.26328275808,7.3798178665,1.61328994704,-0.05825018902,-0.02206114456,0.01624534212,0.01967109916,0.0758955212,0.10440930882,0.09375560636
11928,100,Urban,IGT,9.0,,,99.0,2.02,4.3,4.48,0.22041040672,0.06880929256,0.1545634837599999,0.22305130898,0.16410330484,0.26328275808,7.3798178665,1.61328994704,-0.05825018902,-0.02206114456,0.01624534212,0.01967109916,0.0758955212,0.10440930882,0.09375560636
11929,100,Urban,IGT,10.0,,,99.0,2.02,4.3,4.48,0.22041040672,0.06880929256,0.1545634837599999,0.22305130898,0.16410330484,0.26328275808,7.3798178665,1.61328994704,-0.05825018902,-0.02206114456,0.01624534212,0.01967109916,0.0758955212,0.10440930882,0.09375560636
11930,100,Urban,IGT,11.0,0.6,0.6,99.0,2.02,4.3,4.48,0.22041040672,0.06880929256,0.1545634837599999,0.22305130898,0.16410330484,0.26328275808,7.3798178665,1.61328994704,-0.05825018902,-0.02206114456,0.01624534212,0.01967109916,0.0758955212,0.10440930882,0.09375560636
11931,100,Urban,IGT,12.0,0.3,0.7,99.0,2.02,4.3,4.48,0.22041040672,0.06880929256,0.1545634837599999,0.22305130898,0.16410330484,0.26328275808,7.3798178665,1.61328994704,-0.05825018902,-0.02206114456,0.01624534212,0.01967109916,0.0758955212,0.10440930882,0.09375560636
11932,100,Urban,IGT,13.0,0.0,0.9,99.0,2.02,4.3,4.48,0.22041040672,0.06880929256,0.1545634837599999,0.22305130898,0.16410330484,0.26328275808,7.3798178665,1.61328994704,-0.05825018902,-0.02206114456,0.01624534212,0.01967109916,0.0758955212,0.10440930882,0.09375560636
11933,100,Urban,IGT,14.0,0.7,0.7,99.0,2.02,4.3,4.48,0.22041040672,0.06880929256,0.1545634837599999,0.22305130898,0.16410330484,0.26328275808,7.3798178665,1.61328994704,-0.05825018902,-0.02206114456,0.01624534212,0.01967109916,0.0758955212,0.10440930882,0.09375560636
11934,100,Urban,IGT,15.0,1.0,0.0,99.0,2.02,4.3,4.48,0.22041040672,0.06880929256,0.1545634837599999,0.22305130898,0.16410330484,0.26328275808,7.3798178665,1.61328994704,-0.05825018902,-0.02206114456,0.01624534212,0.01967109916,0.0758955212,0.10440930882,0.09375560636
11935,100,Urban,IGT,16.0,1.0,0.0,99.0,2.02,4.3,4.48,0.22041040672,0.06880929256,0.1545634837599999,0.22305130898,0.16410330484,0.26328275808,7.3798178665,1.61328994704,-0.05825018902,-0.02206114456,0.01624534212,0.01967109916,0.0758955212,0.10440930882,0.09375560636
11936,100,Urban,IGT,17.0,0.8,0.1,99.0,2.02,4.3,4.48,0.22041040672,0.06880929256,0.1545634837599999,0.22305130898,0.16410330484,0.26328275808,7.3798178665,1.61328994704,-0.05825018902,-0.02206114456,0.01624534212,0.01967109916,0.0758955212,0.10440930882,0.09375560636
11937,100,Urban,IGT,18.0,1.0,0.0,99.0,2.02,4.3,4.48,0.22041040672,0.06880929256,0.1545634837599999,0.22305130898,0.16410330484,0.26328275808,7.3798178665,1.61328994704,-0.05825018902,-0.02206114456,0.01624534212,0.01967109916,0.0758955212,0.10440930882,0.09375560636
11938,100,Urban,IGT,19.0,1.0,0.0,99.0,2.02,4.3,4.48,0.22041040672,0.06880929256,0.1545634837599999,0.22305130898,0.16410330484,0.26328275808,7.3798178665,1.61328994704,-0.05825018902,-0.02206114456,0.01624534212,0.01967109916,0.0758955212,0.10440930882,0.09375560636
11939,100,Urban,IGT,20.0,1.0,0.0,99.0,2.02,4.3,4.48,0.22041040672,0.06880929256,0.1545634837599999,0.22305130898,0.16410330484,0.26328275808,7.3798178665,1.61328994704,-0.05825018902,-0.02206114456,0.01624534212,0.01967109916,0.0758955212,0.10440930882,0.09375560636
11960,100,Control,IGT,1.0,,,,,,,,,,,,,,,,,,,,,
11961,100,Control,IGT,2.0,,,,,,,,,,,,,,,,,,,,,
11962,100,Control,IGT,3.0,,,,,,,,,,,,,,,,,,,,,
11963,100,Control,IGT,4.0,,,,,,,,,,,,,,,,,,,,,
11964,100,Control,IGT,5.0,,,,,,,,,,,,,,,,,,,,,
11965,100,Control,IGT,6.0,,,,,,,,,,,,,,,,,,,,,
11966,100,Control,IGT,7.0,,,,,,,,,,,,,,,,,,,,,
11967,100,Control,IGT,8.0,,,,,,,,,,,,,,,,,,,,,
11968,100,Control,IGT,9.0,,,,,,,,,,,,,,,,,,,,,
11969,100,Control,IGT,10.0,,,,,,,,,,,,,,,,,,,,,
11970,100,Control,IGT,11.0,,,,,,,,,,,,,,,,,,,,,
11971,100,Control,IGT,12.0,,,,,,,,,,,,,,,,,,,,,
11972,100,Control,IGT,13.0,,,,,,,,,,,,,,,,,,,,,
11973,100,Control,IGT,14.0,,,,,,,,,,,,,,,,,,,,,
11974,100,Control,IGT,15.0,,,,,,,,,,,,,,,,,,,,,
11975,100,Control,IGT,16.0,,,,,,,,,,,,,,,,,,,,,
11976,100,Control,IGT,17.0,,,,,,,,,,,,,,,,,,,,,
11977,100,Control,IGT,18.0,,,,,,,,,,,,,,,,,,,,,
11978,100,Control,IGT,19.0,,,,,,,,,,,,,,,,,,,,,
11979,100,Control,IGT,20.0,,,,,,,,,,,,,,,,,,,,,
12000,101,Nature,IGT,1.0,,,,,,,,,,,,,,,,,,,,,
12001,101,Nature,IGT,2.0,,,,,,,,,,,,,,,,,,,,,
12002,101,Nature,IGT,3.0,,,,,,,,,,,,,,,,,,,,,
12003,101,Nature,IGT,4.0,,,,,,,,,,,,,,,,,,,,,
12004,101,Nature,IGT,5.0,,,,,,,,,,,,,,,,,,,,,
12005,101,Nature,IGT,6.0,,,,,,,,,,,,,,,,,,,,,
12006,101,Nature,IGT,7.0,,,,,,,,,,,,,,,,,,,,,
12007,101,Nature,IGT,8.0,,,,,,,,,,,,,,,,,,,,,
12008,101,Nature,IGT,9.0,,,,,,,,,,,,,,,,,,,,,
12009,101,Nature,IGT,10.0,,,,,,,,,,,,,,,,,,,,,
12010,101,Nature,IGT,11.0,,,,,,,,,,,,,,,,,,,,,
12011,101,Nature,IGT,12.0,,,,,,,,,,,,,,,,,,,,,
12012,101,Nature,IGT,13.0,,,,,,,,,,,,,,,,,,,,,
12013,101,Nature,IGT,14.0,,,,,,,,,,,,,,,,,,,,,
12014,101,Nature,IGT,15.0,,,,,,,,,,,,,,,,,,,,,
12015,101,Nature,IGT,16.0,,,,,,,,,,,,,,,,,,,,,
12016,101,Nature,IGT,17.0,,,,,,,,,,,,,,,,,,,,,
12017,101,Nature,IGT,18.0,,,,,,,,,,,,,,,,,,,,,
12018,101,Nature,IGT,19.0,,,,,,,,,,,,,,,,,,,,,
12019,101,Nature,IGT,20.0,,,,,,,,,,,,,,,,,,,,,
12040,101,Urban,IGT,1.0,,,100.0,4.66,4.54,3.84,0.22336289932,0.1732749748199999,0.1645031022399999,0.22420655534,0.16884663828,0.26138572732,7.433271239,1.65126174132,-0.05959786202,-0.01358666804,-0.0012881816,0.0230095135,0.06291813258,0.10687404698,0.10521214614
12041,101,Urban,IGT,2.0,,,100.0,4.66,4.54,3.84,0.22336289932,0.1732749748199999,0.1645031022399999,0.22420655534,0.16884663828,0.26138572732,7.433271239,1.65126174132,-0.05959786202,-0.01358666804,-0.0012881816,0.0230095135,0.06291813258,0.10687404698,0.10521214614
12042,101,Urban,IGT,3.0,,,100.0,4.66,4.54,3.84,0.22336289932,0.1732749748199999,0.1645031022399999,0.22420655534,0.16884663828,0.26138572732,7.433271239,1.65126174132,-0.05959786202,-0.01358666804,-0.0012881816,0.0230095135,0.06291813258,0.10687404698,0.10521214614
12043,101,Urban,IGT,4.0,,,100.0,4.66,4.54,3.84,0.22336289932,0.1732749748199999,0.1645031022399999,0.22420655534,0.16884663828,0.26138572732,7.433271239,1.65126174132,-0.05959786202,-0.01358666804,-0.0012881816,0.0230095135,0.06291813258,0.10687404698,0.10521214614
12044,101,Urban,IGT,5.0,,,100.0,4.66,4.54,3.84,0.22336289932,0.1732749748199999,0.1645031022399999,0.22420655534,0.16884663828,0.26138572732,7.433271239,1.65126174132,-0.05959786202,-0.01358666804,-0.0012881816,0.0230095135,0.06291813258,0.10687404698,0.10521214614
12045,101,Urban,IGT,6.0,,,100.0,4.66,4.54,3.84,0.22336289932,0.1732749748199999,0.1645031022399999,0.22420655534,0.16884663828,0.26138572732,7.433271239,1.65126174132,-0.05959786202,-0.01358666804,-0.0012881816,0.0230095135,0.06291813258,0.10687404698,0.10521214614
12046,101,Urban,IGT,7.0,,,100.0,4.66,4.54,3.84,0.22336289932,0.1732749748199999,0.1645031022399999,0.22420655534,0.16884663828,0.26138572732,7.433271239,1.65126174132,-0.05959786202,-0.01358666804,-0.0012881816,0.0230095135,0.06291813258,0.10687404698,0.10521214614
12047,101,Urban,IGT,8.0,,,100.0,4.66,4.54,3.84,0.22336289932,0.1732749748199999,0.1645031022399999,0.22420655534,0.16884663828,0.26138572732,7.433271239,1.65126174132,-0.05959786202,-0.01358666804,-0.0012881816,0.0230095135,0.06291813258,0.10687404698,0.10521214614
12048,101,Urban,IGT,9.0,,,100.0,4.66,4.54,3.84,0.22336289932,0.1732749748199999,0.1645031022399999,0.22420655534,0.16884663828,0.26138572732,7.433271239,1.65126174132,-0.05959786202,-0.01358666804,-0.0012881816,0.0230095135,0.06291813258,0.10687404698,0.10521214614
12049,101,Urban,IGT,10.0,,,100.0,4.66,4.54,3.84,0.22336289932,0.1732749748199999,0.1645031022399999,0.22420655534,0.16884663828,0.26138572732,7.433271239,1.65126174132,-0.05959786202,-0.01358666804,-0.0012881816,0.0230095135,0.06291813258,0.10687404698,0.10521214614
12050,101,Urban,IGT,11.0,1.0,1.0,100.0,4.66,4.54,3.84,0.22336289932,0.1732749748199999,0.1645031022399999,0.22420655534,0.16884663828,0.26138572732,7.433271239,1.65126174132,-0.05959786202,-0.01358666804,-0.0012881816,0.0230095135,0.06291813258,0.10687404698,0.10521214614
12051,101,Urban,IGT,12.0,0.0,0.5,100.0,4.66,4.54,3.84,0.22336289932,0.1732749748199999,0.1645031022399999,0.22420655534,0.16884663828,0.26138572732,7.433271239,1.65126174132,-0.05959786202,-0.01358666804,-0.0012881816,0.0230095135,0.06291813258,0.10687404698,0.10521214614
12052,101,Urban,IGT,13.0,0.6,0.4,100.0,4.66,4.54,3.84,0.22336289932,0.1732749748199999,0.1645031022399999,0.22420655534,0.16884663828,0.26138572732,7.433271239,1.65126174132,-0.05959786202,-0.01358666804,-0.0012881816,0.0230095135,0.06291813258,0.10687404698,0.10521214614
12053,101,Urban,IGT,14.0,1.0,0.6,100.0,4.66,4.54,3.84,0.22336289932,0.1732749748199999,0.1645031022399999,0.22420655534,0.16884663828,0.26138572732,7.433271239,1.65126174132,-0.05959786202,-0.01358666804,-0.0012881816,0.0230095135,0.06291813258,0.10687404698,0.10521214614
12054,101,Urban,IGT,15.0,0.4,0.4,100.0,4.66,4.54,3.84,0.22336289932,0.1732749748199999,0.1645031022399999,0.22420655534,0.16884663828,0.26138572732,7.433271239,1.65126174132,-0.05959786202,-0.01358666804,-0.0012881816,0.0230095135,0.06291813258,0.10687404698,0.10521214614
12055,101,Urban,IGT,16.0,1.0,1.0,100.0,4.66,4.54,3.84,0.22336289932,0.1732749748199999,0.1645031022399999,0.22420655534,0.16884663828,0.26138572732,7.433271239,1.65126174132,-0.05959786202,-0.01358666804,-0.0012881816,0.0230095135,0.06291813258,0.10687404698,0.10521214614
12056,101,Urban,IGT,17.0,1.0,0.6,100.0,4.66,4.54,3.84,0.22336289932,0.1732749748199999,0.1645031022399999,0.22420655534,0.16884663828,0.26138572732,7.433271239,1.65126174132,-0.05959786202,-0.01358666804,-0.0012881816,0.0230095135,0.06291813258,0.10687404698,0.10521214614
12057,101,Urban,IGT,18.0,1.0,0.0,100.0,4.66,4.54,3.84,0.22336289932,0.1732749748199999,0.1645031022399999,0.22420655534,0.16884663828,0.26138572732,7.433271239,1.65126174132,-0.05959786202,-0.01358666804,-0.0012881816,0.0230095135,0.06291813258,0.10687404698,0.10521214614
12058,101,Urban,IGT,19.0,1.0,0.0,100.0,4.66,4.54,3.84,0.22336289932,0.1732749748199999,0.1645031022399999,0.22420655534,0.16884663828,0.26138572732,7.433271239,1.65126174132,-0.05959786202,-0.01358666804,-0.0012881816,0.0230095135,0.06291813258,0.10687404698,0.10521214614
12059,101,Urban,IGT,20.0,1.0,0.0,100.0,4.66,4.54,3.84,0.22336289932,0.1732749748199999,0.1645031022399999,0.22420655534,0.16884663828,0.26138572732,7.433271239,1.65126174132,-0.05959786202,-0.01358666804,-0.0012881816,0.0230095135,0.06291813258,0.10687404698,0.10521214614
12080,101,Control,IGT,1.0,,,,,,,,,,,,,,,,,,,,,
12081,101,Control,IGT,2.0,,,,,,,,,,,,,,,,,,,,,
12082,101,Control,IGT,3.0,,,,,,,,,,,,,,,,,,,,,
12083,101,Control,IGT,4.0,,,,,,,,,,,,,,,,,,,,,
12084,101,Control,IGT,5.0,,,,,,,,,,,,,,,,,,,,,
12085,101,Control,IGT,6.0,,,,,,,,,,,,,,,,,,,,,
12086,101,Control,IGT,7.0,,,,,,,,,,,,,,,,,,,,,
12087,101,Control,IGT,8.0,,,,,,,,,,,,,,,,,,,,,
12088,101,Control,IGT,9.0,,,,,,,,,,,,,,,,,,,,,
12089,101,Control,IGT,10.0,,,,,,,,,,,,,,,,,,,,,
12090,101,Control,IGT,11.0,,,,,,,,,,,,,,,,,,,,,
12091,101,Control,IGT,12.0,,,,,,,,,,,,,,,,,,,,,
12092,101,Control,IGT,13.0,,,,,,,,,,,,,,,,,,,,,
12093,101,Control,IGT,14.0,,,,,,,,,,,,,,,,,,,,,
12094,101,Control,IGT,15.0,,,,,,,,,,,,,,,,,,,,,
12095,101,Control,IGT,16.0,,,,,,,,,,,,,,,,,,,,,
12096,101,Control,IGT,17.0,,,,,,,,,,,,,,,,,,,,,
12097,101,Control,IGT,18.0,,,,,,,,,,,,,,,,,,,,,
12098,101,Control,IGT,19.0,,,,,,,,,,,,,,,,,,,,,
12099,101,Control,IGT,20.0,,,,,,,,,,,,,,,,,,,,,
12120,102,Nature,IGT,1.0,,,,,,,,,,,,,,,,,,,,,
12121,102,Nature,IGT,2.0,,,,,,,,,,,,,,,,,,,,,
12122,102,Nature,IGT,3.0,,,,,,,,,,,,,,,,,,,,,
12123,102,Nature,IGT,4.0,,,,,,,,,,,,,,,,,,,,,
12124,102,Nature,IGT,5.0,,,,,,,,,,,,,,,,,,,,,
12125,102,Nature,IGT,6.0,,,,,,,,,,,,,,,,,,,,,
12126,102,Nature,IGT,7.0,,,,,,,,,,,,,,,,,,,,,
12127,102,Nature,IGT,8.0,,,,,,,,,,,,,,,,,,,,,
12128,102,Nature,IGT,9.0,,,,,,,,,,,,,,,,,,,,,
12129,102,Nature,IGT,10.0,,,,,,,,,,,,,,,,,,,,,
12130,102,Nature,IGT,11.0,,,,,,,,,,,,,,,,,,,,,
12131,102,Nature,IGT,12.0,,,,,,,,,,,,,,,,,,,,,
12132,102,Nature,IGT,13.0,,,,,,,,,,,,,,,,,,,,,
12133,102,Nature,IGT,14.0,,,,,,,,,,,,,,,,,,,,,
12134,102,Nature,IGT,15.0,,,,,,,,,,,,,,,,,,,,,
12135,102,Nature,IGT,16.0,,,,,,,,,,,,,,,,,,,,,
12136,102,Nature,IGT,17.0,,,,,,,,,,,,,,,,,,,,,
12137,102,Nature,IGT,18.0,,,,,,,,,,,,,,,,,,,,,
12138,102,Nature,IGT,19.0,,,,,,,,,,,,,,,,,,,,,
12139,102,Nature,IGT,20.0,,,,,,,,,,,,,,,,,,,,,
12160,102,Urban,IGT,1.0,,,,,,,,,,,,,,,,,,,,,
12161,102,Urban,IGT,2.0,,,,,,,,,,,,,,,,,,,,,
12162,102,Urban,IGT,3.0,,,,,,,,,,,,,,,,,,,,,
12163,102,Urban,IGT,4.0,,,,,,,,,,,,,,,,,,,,,
12164,102,Urban,IGT,5.0,,,,,,,,,,,,,,,,,,,,,
12165,102,Urban,IGT,6.0,,,,,,,,,,,,,,,,,,,,,
12166,102,Urban,IGT,7.0,,,,,,,,,,,,,,,,,,,,,
12167,102,Urban,IGT,8.0,,,,,,,,,,,,,,,,,,,,,
12168,102,Urban,IGT,9.0,,,,,,,,,,,,,,,,,,,,,
12169,102,Urban,IGT,10.0,,,,,,,,,,,,,,,,,,,,,
12170,102,Urban,IGT,11.0,,,,,,,,,,,,,,,,,,,,,
12171,102,Urban,IGT,12.0,,,,,,,,,,,,,,,,,,,,,
12172,102,Urban,IGT,13.0,,,,,,,,,,,,,,,,,,,,,
12173,102,Urban,IGT,14.0,,,,,,,,,,,,,,,,,,,,,
12174,102,Urban,IGT,15.0,,,,,,,,,,,,,,,,,,,,,
12175,102,Urban,IGT,16.0,,,,,,,,,,,,,,,,,,,,,
12176,102,Urban,IGT,17.0,,,,,,,,,,,,,,,,,,,,,
12177,102,Urban,IGT,18.0,,,,,,,,,,,,,,,,,,,,,
12178,102,Urban,IGT,19.0,,,,,,,,,,,,,,,,,,,,,
12179,102,Urban,IGT,20.0,,,,,,,,,,,,,,,,,,,,,
12200,102,Control,IGT,1.0,,,101.0,4.12,3.24,3.72,,,,,,,,,,,,,,,
12201,102,Control,IGT,2.0,,,101.0,4.12,3.24,3.72,,,,,,,,,,,,,,,
12202,102,Control,IGT,3.0,,,101.0,4.12,3.24,3.72,,,,,,,,,,,,,,,
12203,102,Control,IGT,4.0,,,101.0,4.12,3.24,3.72,,,,,,,,,,,,,,,
12204,102,Control,IGT,5.0,,,101.0,4.12,3.24,3.72,,,,,,,,,,,,,,,
12205,102,Control,IGT,6.0,,,101.0,4.12,3.24,3.72,,,,,,,,,,,,,,,
12206,102,Control,IGT,7.0,,,101.0,4.12,3.24,3.72,,,,,,,,,,,,,,,
12207,102,Control,IGT,8.0,,,101.0,4.12,3.24,3.72,,,,,,,,,,,,,,,
12208,102,Control,IGT,9.0,,,101.0,4.12,3.24,3.72,,,,,,,,,,,,,,,
12209,102,Control,IGT,10.0,,,101.0,4.12,3.24,3.72,,,,,,,,,,,,,,,
12210,102,Control,IGT,11.0,0.3,0.7,101.0,4.12,3.24,3.72,,,,,,,,,,,,,,,
12211,102,Control,IGT,12.0,0.3,0.4,101.0,4.12,3.24,3.72,,,,,,,,,,,,,,,
12212,102,Control,IGT,13.0,0.7,0.9,101.0,4.12,3.24,3.72,,,,,,,,,,,,,,,
12213,102,Control,IGT,14.0,0.4,0.6,101.0,4.12,3.24,3.72,,,,,,,,,,,,,,,
12214,102,Control,IGT,15.0,0.3,0.7,101.0,4.12,3.24,3.72,,,,,,,,,,,,,,,
12215,102,Control,IGT,16.0,0.1,1.0,101.0,4.12,3.24,3.72,,,,,,,,,,,,,,,
12216,102,Control,IGT,17.0,0.3,0.8,101.0,4.12,3.24,3.72,,,,,,,,,,,,,,,
12217,102,Control,IGT,18.0,0.4,0.8,101.0,4.12,3.24,3.72,,,,,,,,,,,,,,,
12218,102,Control,IGT,19.0,0.5,0.9,101.0,4.12,3.24,3.72,,,,,,,,,,,,,,,
12219,102,Control,IGT,20.0,0.4,0.9,101.0,4.12,3.24,3.72,,,,,,,,,,,,,,,
12240,103,Nature,IGT,1.0,,,102.0,5.38,3.32,5.66,0.15395999836,-0.09705993264,0.22937690706,0.15643360352,0.2141187278,0.27120711254,7.480854627779999,6.24560917398,-0.06320903398,0.01664481948,0.012440534,-0.0129819066999999,0.017006788,0.13706751138,0.19518630546
12241,103,Nature,IGT,2.0,,,102.0,5.38,3.32,5.66,0.15395999836,-0.09705993264,0.22937690706,0.15643360352,0.2141187278,0.27120711254,7.480854627779999,6.24560917398,-0.06320903398,0.01664481948,0.012440534,-0.0129819066999999,0.017006788,0.13706751138,0.19518630546
12242,103,Nature,IGT,3.0,,,102.0,5.38,3.32,5.66,0.15395999836,-0.09705993264,0.22937690706,0.15643360352,0.2141187278,0.27120711254,7.480854627779999,6.24560917398,-0.06320903398,0.01664481948,0.012440534,-0.0129819066999999,0.017006788,0.13706751138,0.19518630546
12243,103,Nature,IGT,4.0,,,102.0,5.38,3.32,5.66,0.15395999836,-0.09705993264,0.22937690706,0.15643360352,0.2141187278,0.27120711254,7.480854627779999,6.24560917398,-0.06320903398,0.01664481948,0.012440534,-0.0129819066999999,0.017006788,0.13706751138,0.19518630546
12244,103,Nature,IGT,5.0,,,102.0,5.38,3.32,5.66,0.15395999836,-0.09705993264,0.22937690706,0.15643360352,0.2141187278,0.27120711254,7.480854627779999,6.24560917398,-0.06320903398,0.01664481948,0.012440534,-0.0129819066999999,0.017006788,0.13706751138,0.19518630546
12245,103,Nature,IGT,6.0,,,102.0,5.38,3.32,5.66,0.15395999836,-0.09705993264,0.22937690706,0.15643360352,0.2141187278,0.27120711254,7.480854627779999,6.24560917398,-0.06320903398,0.01664481948,0.012440534,-0.0129819066999999,0.017006788,0.13706751138,0.19518630546
12246,103,Nature,IGT,7.0,,,102.0,5.38,3.32,5.66,0.15395999836,-0.09705993264,0.22937690706,0.15643360352,0.2141187278,0.27120711254,7.480854627779999,6.24560917398,-0.06320903398,0.01664481948,0.012440534,-0.0129819066999999,0.017006788,0.13706751138,0.19518630546
12247,103,Nature,IGT,8.0,,,102.0,5.38,3.32,5.66,0.15395999836,-0.09705993264,0.22937690706,0.15643360352,0.2141187278,0.27120711254,7.480854627779999,6.24560917398,-0.06320903398,0.01664481948,0.012440534,-0.0129819066999999,0.017006788,0.13706751138,0.19518630546
12248,103,Nature,IGT,9.0,,,102.0,5.38,3.32,5.66,0.15395999836,-0.09705993264,0.22937690706,0.15643360352,0.2141187278,0.27120711254,7.480854627779999,6.24560917398,-0.06320903398,0.01664481948,0.012440534,-0.0129819066999999,0.017006788,0.13706751138,0.19518630546
12249,103,Nature,IGT,10.0,,,102.0,5.38,3.32,5.66,0.15395999836,-0.09705993264,0.22937690706,0.15643360352,0.2141187278,0.27120711254,7.480854627779999,6.24560917398,-0.06320903398,0.01664481948,0.012440534,-0.0129819066999999,0.017006788,0.13706751138,0.19518630546
12250,103,Nature,IGT,11.0,0.4,0.5,102.0,5.38,3.32,5.66,0.15395999836,-0.09705993264,0.22937690706,0.15643360352,0.2141187278,0.27120711254,7.480854627779999,6.24560917398,-0.06320903398,0.01664481948,0.012440534,-0.0129819066999999,0.017006788,0.13706751138,0.19518630546
12251,103,Nature,IGT,12.0,0.2,0.5,102.0,5.38,3.32,5.66,0.15395999836,-0.09705993264,0.22937690706,0.15643360352,0.2141187278,0.27120711254,7.480854627779999,6.24560917398,-0.06320903398,0.01664481948,0.012440534,-0.0129819066999999,0.017006788,0.13706751138,0.19518630546
12252,103,Nature,IGT,13.0,0.5,0.3,102.0,5.38,3.32,5.66,0.15395999836,-0.09705993264,0.22937690706,0.15643360352,0.2141187278,0.27120711254,7.480854627779999,6.24560917398,-0.06320903398,0.01664481948,0.012440534,-0.0129819066999999,0.017006788,0.13706751138,0.19518630546
12253,103,Nature,IGT,14.0,0.8,0.4,102.0,5.38,3.32,5.66,0.15395999836,-0.09705993264,0.22937690706,0.15643360352,0.2141187278,0.27120711254,7.480854627779999,6.24560917398,-0.06320903398,0.01664481948,0.012440534,-0.0129819066999999,0.017006788,0.13706751138,0.19518630546
12254,103,Nature,IGT,15.0,0.8,0.5,102.0,5.38,3.32,5.66,0.15395999836,-0.09705993264,0.22937690706,0.15643360352,0.2141187278,0.27120711254,7.480854627779999,6.24560917398,-0.06320903398,0.01664481948,0.012440534,-0.0129819066999999,0.017006788,0.13706751138,0.19518630546
12255,103,Nature,IGT,16.0,0.9,0.2,102.0,5.38,3.32,5.66,0.15395999836,-0.09705993264,0.22937690706,0.15643360352,0.2141187278,0.27120711254,7.480854627779999,6.24560917398,-0.06320903398,0.01664481948,0.012440534,-0.0129819066999999,0.017006788,0.13706751138,0.19518630546
12256,103,Nature,IGT,17.0,0.8,0.3,102.0,5.38,3.32,5.66,0.15395999836,-0.09705993264,0.22937690706,0.15643360352,0.2141187278,0.27120711254,7.480854627779999,6.24560917398,-0.06320903398,0.01664481948,0.012440534,-0.0129819066999999,0.017006788,0.13706751138,0.19518630546
12257,103,Nature,IGT,18.0,0.7,0.5,102.0,5.38,3.32,5.66,0.15395999836,-0.09705993264,0.22937690706,0.15643360352,0.2141187278,0.27120711254,7.480854627779999,6.24560917398,-0.06320903398,0.01664481948,0.012440534,-0.0129819066999999,0.017006788,0.13706751138,0.19518630546
12258,103,Nature,IGT,19.0,0.8,0.1,102.0,5.38,3.32,5.66,0.15395999836,-0.09705993264,0.22937690706,0.15643360352,0.2141187278,0.27120711254,7.480854627779999,6.24560917398,-0.06320903398,0.01664481948,0.012440534,-0.0129819066999999,0.017006788,0.13706751138,0.19518630546
12259,103,Nature,IGT,20.0,0.8,0.6,102.0,5.38,3.32,5.66,0.15395999836,-0.09705993264,0.22937690706,0.15643360352,0.2141187278,0.27120711254,7.480854627779999,6.24560917398,-0.06320903398,0.01664481948,0.012440534,-0.0129819066999999,0.017006788,0.13706751138,0.19518630546
12280,103,Urban,IGT,1.0,,,,,,,,,,,,,,,,,,,,,
12281,103,Urban,IGT,2.0,,,,,,,,,,,,,,,,,,,,,
12282,103,Urban,IGT,3.0,,,,,,,,,,,,,,,,,,,,,
12283,103,Urban,IGT,4.0,,,,,,,,,,,,,,,,,,,,,
12284,103,Urban,IGT,5.0,,,,,,,,,,,,,,,,,,,,,
12285,103,Urban,IGT,6.0,,,,,,,,,,,,,,,,,,,,,
12286,103,Urban,IGT,7.0,,,,,,,,,,,,,,,,,,,,,
12287,103,Urban,IGT,8.0,,,,,,,,,,,,,,,,,,,,,
12288,103,Urban,IGT,9.0,,,,,,,,,,,,,,,,,,,,,
12289,103,Urban,IGT,10.0,,,,,,,,,,,,,,,,,,,,,
12290,103,Urban,IGT,11.0,,,,,,,,,,,,,,,,,,,,,
12291,103,Urban,IGT,12.0,,,,,,,,,,,,,,,,,,,,,
12292,103,Urban,IGT,13.0,,,,,,,,,,,,,,,,,,,,,
12293,103,Urban,IGT,14.0,,,,,,,,,,,,,,,,,,,,,
12294,103,Urban,IGT,15.0,,,,,,,,,,,,,,,,,,,,,
12295,103,Urban,IGT,16.0,,,,,,,,,,,,,,,,,,,,,
12296,103,Urban,IGT,17.0,,,,,,,,,,,,,,,,,,,,,
12297,103,Urban,IGT,18.0,,,,,,,,,,,,,,,,,,,,,
12298,103,Urban,IGT,19.0,,,,,,,,,,,,,,,,,,,,,
12299,103,Urban,IGT,20.0,,,,,,,,,,,,,,,,,,,,,
12320,103,Control,IGT,1.0,,,,,,,,,,,,,,,,,,,,,
12321,103,Control,IGT,2.0,,,,,,,,,,,,,,,,,,,,,
12322,103,Control,IGT,3.0,,,,,,,,,,,,,,,,,,,,,
12323,103,Control,IGT,4.0,,,,,,,,,,,,,,,,,,,,,
12324,103,Control,IGT,5.0,,,,,,,,,,,,,,,,,,,,,
12325,103,Control,IGT,6.0,,,,,,,,,,,,,,,,,,,,,
12326,103,Control,IGT,7.0,,,,,,,,,,,,,,,,,,,,,
12327,103,Control,IGT,8.0,,,,,,,,,,,,,,,,,,,,,
12328,103,Control,IGT,9.0,,,,,,,,,,,,,,,,,,,,,
12329,103,Control,IGT,10.0,,,,,,,,,,,,,,,,,,,,,
12330,103,Control,IGT,11.0,,,,,,,,,,,,,,,,,,,,,
12331,103,Control,IGT,12.0,,,,,,,,,,,,,,,,,,,,,
12332,103,Control,IGT,13.0,,,,,,,,,,,,,,,,,,,,,
12333,103,Control,IGT,14.0,,,,,,,,,,,,,,,,,,,,,
12334,103,Control,IGT,15.0,,,,,,,,,,,,,,,,,,,,,
12335,103,Control,IGT,16.0,,,,,,,,,,,,,,,,,,,,,
12336,103,Control,IGT,17.0,,,,,,,,,,,,,,,,,,,,,
12337,103,Control,IGT,18.0,,,,,,,,,,,,,,,,,,,,,
12338,103,Control,IGT,19.0,,,,,,,,,,,,,,,,,,,,,
12339,103,Control,IGT,20.0,,,,,,,,,,,,,,,,,,,,,
12360,104,Nature,IGT,1.0,,,,,,,,,,,,,,,,,,,,,
12361,104,Nature,IGT,2.0,,,,,,,,,,,,,,,,,,,,,
12362,104,Nature,IGT,3.0,,,,,,,,,,,,,,,,,,,,,
12363,104,Nature,IGT,4.0,,,,,,,,,,,,,,,,,,,,,
12364,104,Nature,IGT,5.0,,,,,,,,,,,,,,,,,,,,,
12365,104,Nature,IGT,6.0,,,,,,,,,,,,,,,,,,,,,
12366,104,Nature,IGT,7.0,,,,,,,,,,,,,,,,,,,,,
12367,104,Nature,IGT,8.0,,,,,,,,,,,,,,,,,,,,,
12368,104,Nature,IGT,9.0,,,,,,,,,,,,,,,,,,,,,
12369,104,Nature,IGT,10.0,,,,,,,,,,,,,,,,,,,,,
12370,104,Nature,IGT,11.0,,,,,,,,,,,,,,,,,,,,,
12371,104,Nature,IGT,12.0,,,,,,,,,,,,,,,,,,,,,
12372,104,Nature,IGT,13.0,,,,,,,,,,,,,,,,,,,,,
12373,104,Nature,IGT,14.0,,,,,,,,,,,,,,,,,,,,,
12374,104,Nature,IGT,15.0,,,,,,,,,,,,,,,,,,,,,
12375,104,Nature,IGT,16.0,,,,,,,,,,,,,,,,,,,,,
12376,104,Nature,IGT,17.0,,,,,,,,,,,,,,,,,,,,,
12377,104,Nature,IGT,18.0,,,,,,,,,,,,,,,,,,,,,
12378,104,Nature,IGT,19.0,,,,,,,,,,,,,,,,,,,,,
12379,104,Nature,IGT,20.0,,,,,,,,,,,,,,,,,,,,,
12400,104,Urban,IGT,1.0,,,103.0,2.38,4.6,3.7,0.21198852518,0.2692987847799999,0.1367210150999999,0.22901144838,0.15346163692,0.2602531414,7.43285434446,1.577283223,-0.0590810211,-0.01968252608,0.0223739603599999,0.0092734506,0.0734680974199999,0.10469319518,0.094193014
12401,104,Urban,IGT,2.0,,,103.0,2.38,4.6,3.7,0.21198852518,0.2692987847799999,0.1367210150999999,0.22901144838,0.15346163692,0.2602531414,7.43285434446,1.577283223,-0.0590810211,-0.01968252608,0.0223739603599999,0.0092734506,0.0734680974199999,0.10469319518,0.094193014
12402,104,Urban,IGT,3.0,,,103.0,2.38,4.6,3.7,0.21198852518,0.2692987847799999,0.1367210150999999,0.22901144838,0.15346163692,0.2602531414,7.43285434446,1.577283223,-0.0590810211,-0.01968252608,0.0223739603599999,0.0092734506,0.0734680974199999,0.10469319518,0.094193014
12403,104,Urban,IGT,4.0,,,103.0,2.38,4.6,3.7,0.21198852518,0.2692987847799999,0.1367210150999999,0.22901144838,0.15346163692,0.2602531414,7.43285434446,1.577283223,-0.0590810211,-0.01968252608,0.0223739603599999,0.0092734506,0.0734680974199999,0.10469319518,0.094193014
12404,104,Urban,IGT,5.0,,,103.0,2.38,4.6,3.7,0.21198852518,0.2692987847799999,0.1367210150999999,0.22901144838,0.15346163692,0.2602531414,7.43285434446,1.577283223,-0.0590810211,-0.01968252608,0.0223739603599999,0.0092734506,0.0734680974199999,0.10469319518,0.094193014
12405,104,Urban,IGT,6.0,,,103.0,2.38,4.6,3.7,0.21198852518,0.2692987847799999,0.1367210150999999,0.22901144838,0.15346163692,0.2602531414,7.43285434446,1.577283223,-0.0590810211,-0.01968252608,0.0223739603599999,0.0092734506,0.0734680974199999,0.10469319518,0.094193014
12406,104,Urban,IGT,7.0,,,103.0,2.38,4.6,3.7,0.21198852518,0.2692987847799999,0.1367210150999999,0.22901144838,0.15346163692,0.2602531414,7.43285434446,1.577283223,-0.0590810211,-0.01968252608,0.0223739603599999,0.0092734506,0.0734680974199999,0.10469319518,0.094193014
12407,104,Urban,IGT,8.0,,,103.0,2.38,4.6,3.7,0.21198852518,0.2692987847799999,0.1367210150999999,0.22901144838,0.15346163692,0.2602531414,7.43285434446,1.577283223,-0.0590810211,-0.01968252608,0.0223739603599999,0.0092734506,0.0734680974199999,0.10469319518,0.094193014
12408,104,Urban,IGT,9.0,,,103.0,2.38,4.6,3.7,0.21198852518,0.2692987847799999,0.1367210150999999,0.22901144838,0.15346163692,0.2602531414,7.43285434446,1.577283223,-0.0590810211,-0.01968252608,0.0223739603599999,0.0092734506,0.0734680974199999,0.10469319518,0.094193014
12409,104,Urban,IGT,10.0,,,103.0,2.38,4.6,3.7,0.21198852518,0.2692987847799999,0.1367210150999999,0.22901144838,0.15346163692,0.2602531414,7.43285434446,1.577283223,-0.0590810211,-0.01968252608,0.0223739603599999,0.0092734506,0.0734680974199999,0.10469319518,0.094193014
12410,104,Urban,IGT,11.0,0.3,0.5,103.0,2.38,4.6,3.7,0.21198852518,0.2692987847799999,0.1367210150999999,0.22901144838,0.15346163692,0.2602531414,7.43285434446,1.577283223,-0.0590810211,-0.01968252608,0.0223739603599999,0.0092734506,0.0734680974199999,0.10469319518,0.094193014
12411,104,Urban,IGT,12.0,0.3,0.7,103.0,2.38,4.6,3.7,0.21198852518,0.2692987847799999,0.1367210150999999,0.22901144838,0.15346163692,0.2602531414,7.43285434446,1.577283223,-0.0590810211,-0.01968252608,0.0223739603599999,0.0092734506,0.0734680974199999,0.10469319518,0.094193014
12412,104,Urban,IGT,13.0,0.3,0.5,103.0,2.38,4.6,3.7,0.21198852518,0.2692987847799999,0.1367210150999999,0.22901144838,0.15346163692,0.2602531414,7.43285434446,1.577283223,-0.0590810211,-0.01968252608,0.0223739603599999,0.0092734506,0.0734680974199999,0.10469319518,0.094193014
12413,104,Urban,IGT,14.0,0.2,0.7,103.0,2.38,4.6,3.7,0.21198852518,0.2692987847799999,0.1367210150999999,0.22901144838,0.15346163692,0.2602531414,7.43285434446,1.577283223,-0.0590810211,-0.01968252608,0.0223739603599999,0.0092734506,0.0734680974199999,0.10469319518,0.094193014
12414,104,Urban,IGT,15.0,0.8,0.8,103.0,2.38,4.6,3.7,0.21198852518,0.2692987847799999,0.1367210150999999,0.22901144838,0.15346163692,0.2602531414,7.43285434446,1.577283223,-0.0590810211,-0.01968252608,0.0223739603599999,0.0092734506,0.0734680974199999,0.10469319518,0.094193014
12415,104,Urban,IGT,16.0,0.4,1.0,103.0,2.38,4.6,3.7,0.21198852518,0.2692987847799999,0.1367210150999999,0.22901144838,0.15346163692,0.2602531414,7.43285434446,1.577283223,-0.0590810211,-0.01968252608,0.0223739603599999,0.0092734506,0.0734680974199999,0.10469319518,0.094193014
12416,104,Urban,IGT,17.0,0.4,0.8,103.0,2.38,4.6,3.7,0.21198852518,0.2692987847799999,0.1367210150999999,0.22901144838,0.15346163692,0.2602531414,7.43285434446,1.577283223,-0.0590810211,-0.01968252608,0.0223739603599999,0.0092734506,0.0734680974199999,0.10469319518,0.094193014
12417,104,Urban,IGT,18.0,0.4,0.6,103.0,2.38,4.6,3.7,0.21198852518,0.2692987847799999,0.1367210150999999,0.22901144838,0.15346163692,0.2602531414,7.43285434446,1.577283223,-0.0590810211,-0.01968252608,0.0223739603599999,0.0092734506,0.0734680974199999,0.10469319518,0.094193014
12418,104,Urban,IGT,19.0,0.4,0.6,103.0,2.38,4.6,3.7,0.21198852518,0.2692987847799999,0.1367210150999999,0.22901144838,0.15346163692,0.2602531414,7.43285434446,1.577283223,-0.0590810211,-0.01968252608,0.0223739603599999,0.0092734506,0.0734680974199999,0.10469319518,0.094193014
12419,104,Urban,IGT,20.0,0.4,0.7,103.0,2.38,4.6,3.7,0.21198852518,0.2692987847799999,0.1367210150999999,0.22901144838,0.15346163692,0.2602531414,7.43285434446,1.577283223,-0.0590810211,-0.01968252608,0.0223739603599999,0.0092734506,0.0734680974199999,0.10469319518,0.094193014
12440,104,Control,IGT,1.0,,,,,,,,,,,,,,,,,,,,,
12441,104,Control,IGT,2.0,,,,,,,,,,,,,,,,,,,,,
12442,104,Control,IGT,3.0,,,,,,,,,,,,,,,,,,,,,
12443,104,Control,IGT,4.0,,,,,,,,,,,,,,,,,,,,,
12444,104,Control,IGT,5.0,,,,,,,,,,,,,,,,,,,,,
12445,104,Control,IGT,6.0,,,,,,,,,,,,,,,,,,,,,
12446,104,Control,IGT,7.0,,,,,,,,,,,,,,,,,,,,,
12447,104,Control,IGT,8.0,,,,,,,,,,,,,,,,,,,,,
12448,104,Control,IGT,9.0,,,,,,,,,,,,,,,,,,,,,
12449,104,Control,IGT,10.0,,,,,,,,,,,,,,,,,,,,,
12450,104,Control,IGT,11.0,,,,,,,,,,,,,,,,,,,,,
12451,104,Control,IGT,12.0,,,,,,,,,,,,,,,,,,,,,
12452,104,Control,IGT,13.0,,,,,,,,,,,,,,,,,,,,,
12453,104,Control,IGT,14.0,,,,,,,,,,,,,,,,,,,,,
12454,104,Control,IGT,15.0,,,,,,,,,,,,,,,,,,,,,
12455,104,Control,IGT,16.0,,,,,,,,,,,,,,,,,,,,,
12456,104,Control,IGT,17.0,,,,,,,,,,,,,,,,,,,,,
12457,104,Control,IGT,18.0,,,,,,,,,,,,,,,,,,,,,
12458,104,Control,IGT,19.0,,,,,,,,,,,,,,,,,,,,,
12459,104,Control,IGT,20.0,,,,,,,,,,,,,,,,,,,,,
12480,105,Nature,IGT,1.0,,,,,,,,,,,,,,,,,,,,,
12481,105,Nature,IGT,2.0,,,,,,,,,,,,,,,,,,,,,
12482,105,Nature,IGT,3.0,,,,,,,,,,,,,,,,,,,,,
12483,105,Nature,IGT,4.0,,,,,,,,,,,,,,,,,,,,,
12484,105,Nature,IGT,5.0,,,,,,,,,,,,,,,,,,,,,
12485,105,Nature,IGT,6.0,,,,,,,,,,,,,,,,,,,,,
12486,105,Nature,IGT,7.0,,,,,,,,,,,,,,,,,,,,,
12487,105,Nature,IGT,8.0,,,,,,,,,,,,,,,,,,,,,
12488,105,Nature,IGT,9.0,,,,,,,,,,,,,,,,,,,,,
12489,105,Nature,IGT,10.0,,,,,,,,,,,,,,,,,,,,,
12490,105,Nature,IGT,11.0,,,,,,,,,,,,,,,,,,,,,
12491,105,Nature,IGT,12.0,,,,,,,,,,,,,,,,,,,,,
12492,105,Nature,IGT,13.0,,,,,,,,,,,,,,,,,,,,,
12493,105,Nature,IGT,14.0,,,,,,,,,,,,,,,,,,,,,
12494,105,Nature,IGT,15.0,,,,,,,,,,,,,,,,,,,,,
12495,105,Nature,IGT,16.0,,,,,,,,,,,,,,,,,,,,,
12496,105,Nature,IGT,17.0,,,,,,,,,,,,,,,,,,,,,
12497,105,Nature,IGT,18.0,,,,,,,,,,,,,,,,,,,,,
12498,105,Nature,IGT,19.0,,,,,,,,,,,,,,,,,,,,,
12499,105,Nature,IGT,20.0,,,,,,,,,,,,,,,,,,,,,
12520,105,Urban,IGT,1.0,,,,,,,,,,,,,,,,,,,,,
12521,105,Urban,IGT,2.0,,,,,,,,,,,,,,,,,,,,,
12522,105,Urban,IGT,3.0,,,,,,,,,,,,,,,,,,,,,
12523,105,Urban,IGT,4.0,,,,,,,,,,,,,,,,,,,,,
12524,105,Urban,IGT,5.0,,,,,,,,,,,,,,,,,,,,,
12525,105,Urban,IGT,6.0,,,,,,,,,,,,,,,,,,,,,
12526,105,Urban,IGT,7.0,,,,,,,,,,,,,,,,,,,,,
12527,105,Urban,IGT,8.0,,,,,,,,,,,,,,,,,,,,,
12528,105,Urban,IGT,9.0,,,,,,,,,,,,,,,,,,,,,
12529,105,Urban,IGT,10.0,,,,,,,,,,,,,,,,,,,,,
12530,105,Urban,IGT,11.0,,,,,,,,,,,,,,,,,,,,,
12531,105,Urban,IGT,12.0,,,,,,,,,,,,,,,,,,,,,
12532,105,Urban,IGT,13.0,,,,,,,,,,,,,,,,,,,,,
12533,105,Urban,IGT,14.0,,,,,,,,,,,,,,,,,,,,,
12534,105,Urban,IGT,15.0,,,,,,,,,,,,,,,,,,,,,
12535,105,Urban,IGT,16.0,,,,,,,,,,,,,,,,,,,,,
12536,105,Urban,IGT,17.0,,,,,,,,,,,,,,,,,,,,,
12537,105,Urban,IGT,18.0,,,,,,,,,,,,,,,,,,,,,
12538,105,Urban,IGT,19.0,,,,,,,,,,,,,,,,,,,,,
12539,105,Urban,IGT,20.0,,,,,,,,,,,,,,,,,,,,,
12560,105,Control,IGT,1.0,,,104.0,4.54,3.98,4.3,,,,,,,,,,,,,,,
12561,105,Control,IGT,2.0,,,104.0,4.54,3.98,4.3,,,,,,,,,,,,,,,
12562,105,Control,IGT,3.0,,,104.0,4.54,3.98,4.3,,,,,,,,,,,,,,,
12563,105,Control,IGT,4.0,,,104.0,4.54,3.98,4.3,,,,,,,,,,,,,,,
12564,105,Control,IGT,5.0,,,104.0,4.54,3.98,4.3,,,,,,,,,,,,,,,
12565,105,Control,IGT,6.0,,,104.0,4.54,3.98,4.3,,,,,,,,,,,,,,,
12566,105,Control,IGT,7.0,,,104.0,4.54,3.98,4.3,,,,,,,,,,,,,,,
12567,105,Control,IGT,8.0,,,104.0,4.54,3.98,4.3,,,,,,,,,,,,,,,
12568,105,Control,IGT,9.0,,,104.0,4.54,3.98,4.3,,,,,,,,,,,,,,,
12569,105,Control,IGT,10.0,,,104.0,4.54,3.98,4.3,,,,,,,,,,,,,,,
12570,105,Control,IGT,11.0,0.6,0.4,104.0,4.54,3.98,4.3,,,,,,,,,,,,,,,
12571,105,Control,IGT,12.0,0.1,0.9,104.0,4.54,3.98,4.3,,,,,,,,,,,,,,,
12572,105,Control,IGT,13.0,0.7,0.5,104.0,4.54,3.98,4.3,,,,,,,,,,,,,,,
12573,105,Control,IGT,14.0,0.3,0.8,104.0,4.54,3.98,4.3,,,,,,,,,,,,,,,
12574,105,Control,IGT,15.0,0.5,0.6,104.0,4.54,3.98,4.3,,,,,,,,,,,,,,,
12575,105,Control,IGT,16.0,0.5,0.7,104.0,4.54,3.98,4.3,,,,,,,,,,,,,,,
12576,105,Control,IGT,17.0,0.0,0.4,104.0,4.54,3.98,4.3,,,,,,,,,,,,,,,
12577,105,Control,IGT,18.0,0.6,0.6,104.0,4.54,3.98,4.3,,,,,,,,,,,,,,,
12578,105,Control,IGT,19.0,0.5,0.2,104.0,4.54,3.98,4.3,,,,,,,,,,,,,,,
12579,105,Control,IGT,20.0,0.7,0.8,104.0,4.54,3.98,4.3,,,,,,,,,,,,,,,
12600,106,Nature,IGT,1.0,,,,,,,,,,,,,,,,,,,,,
12601,106,Nature,IGT,2.0,,,,,,,,,,,,,,,,,,,,,
12602,106,Nature,IGT,3.0,,,,,,,,,,,,,,,,,,,,,
12603,106,Nature,IGT,4.0,,,,,,,,,,,,,,,,,,,,,
12604,106,Nature,IGT,5.0,,,,,,,,,,,,,,,,,,,,,
12605,106,Nature,IGT,6.0,,,,,,,,,,,,,,,,,,,,,
12606,106,Nature,IGT,7.0,,,,,,,,,,,,,,,,,,,,,
12607,106,Nature,IGT,8.0,,,,,,,,,,,,,,,,,,,,,
12608,106,Nature,IGT,9.0,,,,,,,,,,,,,,,,,,,,,
12609,106,Nature,IGT,10.0,,,,,,,,,,,,,,,,,,,,,
12610,106,Nature,IGT,11.0,,,,,,,,,,,,,,,,,,,,,
12611,106,Nature,IGT,12.0,,,,,,,,,,,,,,,,,,,,,
12612,106,Nature,IGT,13.0,,,,,,,,,,,,,,,,,,,,,
12613,106,Nature,IGT,14.0,,,,,,,,,,,,,,,,,,,,,
12614,106,Nature,IGT,15.0,,,,,,,,,,,,,,,,,,,,,
12615,106,Nature,IGT,16.0,,,,,,,,,,,,,,,,,,,,,
12616,106,Nature,IGT,17.0,,,,,,,,,,,,,,,,,,,,,
12617,106,Nature,IGT,18.0,,,,,,,,,,,,,,,,,,,,,
12618,106,Nature,IGT,19.0,,,,,,,,,,,,,,,,,,,,,
12619,106,Nature,IGT,20.0,,,,,,,,,,,,,,,,,,,,,
12640,106,Urban,IGT,1.0,,,,,,,,,,,,,,,,,,,,,
12641,106,Urban,IGT,2.0,,,,,,,,,,,,,,,,,,,,,
12642,106,Urban,IGT,3.0,,,,,,,,,,,,,,,,,,,,,
12643,106,Urban,IGT,4.0,,,,,,,,,,,,,,,,,,,,,
12644,106,Urban,IGT,5.0,,,,,,,,,,,,,,,,,,,,,
12645,106,Urban,IGT,6.0,,,,,,,,,,,,,,,,,,,,,
12646,106,Urban,IGT,7.0,,,,,,,,,,,,,,,,,,,,,
12647,106,Urban,IGT,8.0,,,,,,,,,,,,,,,,,,,,,
12648,106,Urban,IGT,9.0,,,,,,,,,,,,,,,,,,,,,
12649,106,Urban,IGT,10.0,,,,,,,,,,,,,,,,,,,,,
12650,106,Urban,IGT,11.0,,,,,,,,,,,,,,,,,,,,,
12651,106,Urban,IGT,12.0,,,,,,,,,,,,,,,,,,,,,
12652,106,Urban,IGT,13.0,,,,,,,,,,,,,,,,,,,,,
12653,106,Urban,IGT,14.0,,,,,,,,,,,,,,,,,,,,,
12654,106,Urban,IGT,15.0,,,,,,,,,,,,,,,,,,,,,
12655,106,Urban,IGT,16.0,,,,,,,,,,,,,,,,,,,,,
12656,106,Urban,IGT,17.0,,,,,,,,,,,,,,,,,,,,,
12657,106,Urban,IGT,18.0,,,,,,,,,,,,,,,,,,,,,
12658,106,Urban,IGT,19.0,,,,,,,,,,,,,,,,,,,,,
12659,106,Urban,IGT,20.0,,,,,,,,,,,,,,,,,,,,,
12680,106,Control,IGT,1.0,,,105.0,3.56,4.62,4.68,,,,,,,,,,,,,,,
12681,106,Control,IGT,2.0,,,105.0,3.56,4.62,4.68,,,,,,,,,,,,,,,
12682,106,Control,IGT,3.0,,,105.0,3.56,4.62,4.68,,,,,,,,,,,,,,,
12683,106,Control,IGT,4.0,,,105.0,3.56,4.62,4.68,,,,,,,,,,,,,,,
12684,106,Control,IGT,5.0,,,105.0,3.56,4.62,4.68,,,,,,,,,,,,,,,
12685,106,Control,IGT,6.0,,,105.0,3.56,4.62,4.68,,,,,,,,,,,,,,,
12686,106,Control,IGT,7.0,,,105.0,3.56,4.62,4.68,,,,,,,,,,,,,,,
12687,106,Control,IGT,8.0,,,105.0,3.56,4.62,4.68,,,,,,,,,,,,,,,
12688,106,Control,IGT,9.0,,,105.0,3.56,4.62,4.68,,,,,,,,,,,,,,,
12689,106,Control,IGT,10.0,,,105.0,3.56,4.62,4.68,,,,,,,,,,,,,,,
12690,106,Control,IGT,11.0,0.4,0.6,105.0,3.56,4.62,4.68,,,,,,,,,,,,,,,
12691,106,Control,IGT,12.0,0.0,1.0,105.0,3.56,4.62,4.68,,,,,,,,,,,,,,,
12692,106,Control,IGT,13.0,0.8,0.5,105.0,3.56,4.62,4.68,,,,,,,,,,,,,,,
12693,106,Control,IGT,14.0,0.4,0.1,105.0,3.56,4.62,4.68,,,,,,,,,,,,,,,
12694,106,Control,IGT,15.0,1.0,1.0,105.0,3.56,4.62,4.68,,,,,,,,,,,,,,,
12695,106,Control,IGT,16.0,0.9,0.2,105.0,3.56,4.62,4.68,,,,,,,,,,,,,,,
12696,106,Control,IGT,17.0,0.1,0.5,105.0,3.56,4.62,4.68,,,,,,,,,,,,,,,
12697,106,Control,IGT,18.0,0.4,1.0,105.0,3.56,4.62,4.68,,,,,,,,,,,,,,,
12698,106,Control,IGT,19.0,1.0,1.0,105.0,3.56,4.62,4.68,,,,,,,,,,,,,,,
12699,106,Control,IGT,20.0,1.0,1.0,105.0,3.56,4.62,4.68,,,,,,,,,,,,,,,
12720,107,Nature,IGT,1.0,,,,,,,,,,,,,,,,,,,,,
12721,107,Nature,IGT,2.0,,,,,,,,,,,,,,,,,,,,,
12722,107,Nature,IGT,3.0,,,,,,,,,,,,,,,,,,,,,
12723,107,Nature,IGT,4.0,,,,,,,,,,,,,,,,,,,,,
12724,107,Nature,IGT,5.0,,,,,,,,,,,,,,,,,,,,,
12725,107,Nature,IGT,6.0,,,,,,,,,,,,,,,,,,,,,
12726,107,Nature,IGT,7.0,,,,,,,,,,,,,,,,,,,,,
12727,107,Nature,IGT,8.0,,,,,,,,,,,,,,,,,,,,,
12728,107,Nature,IGT,9.0,,,,,,,,,,,,,,,,,,,,,
12729,107,Nature,IGT,10.0,,,,,,,,,,,,,,,,,,,,,
12730,107,Nature,IGT,11.0,,,,,,,,,,,,,,,,,,,,,
12731,107,Nature,IGT,12.0,,,,,,,,,,,,,,,,,,,,,
12732,107,Nature,IGT,13.0,,,,,,,,,,,,,,,,,,,,,
12733,107,Nature,IGT,14.0,,,,,,,,,,,,,,,,,,,,,
12734,107,Nature,IGT,15.0,,,,,,,,,,,,,,,,,,,,,
12735,107,Nature,IGT,16.0,,,,,,,,,,,,,,,,,,,,,
12736,107,Nature,IGT,17.0,,,,,,,,,,,,,,,,,,,,,
12737,107,Nature,IGT,18.0,,,,,,,,,,,,,,,,,,,,,
12738,107,Nature,IGT,19.0,,,,,,,,,,,,,,,,,,,,,
12739,107,Nature,IGT,20.0,,,,,,,,,,,,,,,,,,,,,
12760,107,Urban,IGT,1.0,,,106.0,1.32,3.64,2.68,0.22758609576,0.05063524822,0.1534121487,0.22813125746,0.15834419682,0.25896665436,7.36628058074,1.60303409108,-0.05685006798,-0.0201431088999999,0.0087640798,0.02054076702,0.0733550679599999,0.10341948468,0.09621982574
12761,107,Urban,IGT,2.0,,,106.0,1.32,3.64,2.68,0.22758609576,0.05063524822,0.1534121487,0.22813125746,0.15834419682,0.25896665436,7.36628058074,1.60303409108,-0.05685006798,-0.0201431088999999,0.0087640798,0.02054076702,0.0733550679599999,0.10341948468,0.09621982574
12762,107,Urban,IGT,3.0,,,106.0,1.32,3.64,2.68,0.22758609576,0.05063524822,0.1534121487,0.22813125746,0.15834419682,0.25896665436,7.36628058074,1.60303409108,-0.05685006798,-0.0201431088999999,0.0087640798,0.02054076702,0.0733550679599999,0.10341948468,0.09621982574
12763,107,Urban,IGT,4.0,,,106.0,1.32,3.64,2.68,0.22758609576,0.05063524822,0.1534121487,0.22813125746,0.15834419682,0.25896665436,7.36628058074,1.60303409108,-0.05685006798,-0.0201431088999999,0.0087640798,0.02054076702,0.0733550679599999,0.10341948468,0.09621982574
12764,107,Urban,IGT,5.0,,,106.0,1.32,3.64,2.68,0.22758609576,0.05063524822,0.1534121487,0.22813125746,0.15834419682,0.25896665436,7.36628058074,1.60303409108,-0.05685006798,-0.0201431088999999,0.0087640798,0.02054076702,0.0733550679599999,0.10341948468,0.09621982574
12765,107,Urban,IGT,6.0,,,106.0,1.32,3.64,2.68,0.22758609576,0.05063524822,0.1534121487,0.22813125746,0.15834419682,0.25896665436,7.36628058074,1.60303409108,-0.05685006798,-0.0201431088999999,0.0087640798,0.02054076702,0.0733550679599999,0.10341948468,0.09621982574
12766,107,Urban,IGT,7.0,,,106.0,1.32,3.64,2.68,0.22758609576,0.05063524822,0.1534121487,0.22813125746,0.15834419682,0.25896665436,7.36628058074,1.60303409108,-0.05685006798,-0.0201431088999999,0.0087640798,0.02054076702,0.0733550679599999,0.10341948468,0.09621982574
12767,107,Urban,IGT,8.0,,,106.0,1.32,3.64,2.68,0.22758609576,0.05063524822,0.1534121487,0.22813125746,0.15834419682,0.25896665436,7.36628058074,1.60303409108,-0.05685006798,-0.0201431088999999,0.0087640798,0.02054076702,0.0733550679599999,0.10341948468,0.09621982574
12768,107,Urban,IGT,9.0,,,106.0,1.32,3.64,2.68,0.22758609576,0.05063524822,0.1534121487,0.22813125746,0.15834419682,0.25896665436,7.36628058074,1.60303409108,-0.05685006798,-0.0201431088999999,0.0087640798,0.02054076702,0.0733550679599999,0.10341948468,0.09621982574
12769,107,Urban,IGT,10.0,,,106.0,1.32,3.64,2.68,0.22758609576,0.05063524822,0.1534121487,0.22813125746,0.15834419682,0.25896665436,7.36628058074,1.60303409108,-0.05685006798,-0.0201431088999999,0.0087640798,0.02054076702,0.0733550679599999,0.10341948468,0.09621982574
12770,107,Urban,IGT,11.0,0.5,0.5,106.0,1.32,3.64,2.68,0.22758609576,0.05063524822,0.1534121487,0.22813125746,0.15834419682,0.25896665436,7.36628058074,1.60303409108,-0.05685006798,-0.0201431088999999,0.0087640798,0.02054076702,0.0733550679599999,0.10341948468,0.09621982574
12771,107,Urban,IGT,12.0,0.5,0.5,106.0,1.32,3.64,2.68,0.22758609576,0.05063524822,0.1534121487,0.22813125746,0.15834419682,0.25896665436,7.36628058074,1.60303409108,-0.05685006798,-0.0201431088999999,0.0087640798,0.02054076702,0.0733550679599999,0.10341948468,0.09621982574
12772,107,Urban,IGT,13.0,0.5,0.5,106.0,1.32,3.64,2.68,0.22758609576,0.05063524822,0.1534121487,0.22813125746,0.15834419682,0.25896665436,7.36628058074,1.60303409108,-0.05685006798,-0.0201431088999999,0.0087640798,0.02054076702,0.0733550679599999,0.10341948468,0.09621982574
12773,107,Urban,IGT,14.0,0.5,0.6,106.0,1.32,3.64,2.68,0.22758609576,0.05063524822,0.1534121487,0.22813125746,0.15834419682,0.25896665436,7.36628058074,1.60303409108,-0.05685006798,-0.0201431088999999,0.0087640798,0.02054076702,0.0733550679599999,0.10341948468,0.09621982574
12774,107,Urban,IGT,15.0,0.3,0.6,106.0,1.32,3.64,2.68,0.22758609576,0.05063524822,0.1534121487,0.22813125746,0.15834419682,0.25896665436,7.36628058074,1.60303409108,-0.05685006798,-0.0201431088999999,0.0087640798,0.02054076702,0.0733550679599999,0.10341948468,0.09621982574
12775,107,Urban,IGT,16.0,0.5,0.5,106.0,1.32,3.64,2.68,0.22758609576,0.05063524822,0.1534121487,0.22813125746,0.15834419682,0.25896665436,7.36628058074,1.60303409108,-0.05685006798,-0.0201431088999999,0.0087640798,0.02054076702,0.0733550679599999,0.10341948468,0.09621982574
12776,107,Urban,IGT,17.0,0.4,0.4,106.0,1.32,3.64,2.68,0.22758609576,0.05063524822,0.1534121487,0.22813125746,0.15834419682,0.25896665436,7.36628058074,1.60303409108,-0.05685006798,-0.0201431088999999,0.0087640798,0.02054076702,0.0733550679599999,0.10341948468,0.09621982574
12777,107,Urban,IGT,18.0,0.6,0.5,106.0,1.32,3.64,2.68,0.22758609576,0.05063524822,0.1534121487,0.22813125746,0.15834419682,0.25896665436,7.36628058074,1.60303409108,-0.05685006798,-0.0201431088999999,0.0087640798,0.02054076702,0.0733550679599999,0.10341948468,0.09621982574
12778,107,Urban,IGT,19.0,0.4,0.6,106.0,1.32,3.64,2.68,0.22758609576,0.05063524822,0.1534121487,0.22813125746,0.15834419682,0.25896665436,7.36628058074,1.60303409108,-0.05685006798,-0.0201431088999999,0.0087640798,0.02054076702,0.0733550679599999,0.10341948468,0.09621982574
12779,107,Urban,IGT,20.0,0.5,0.5,106.0,1.32,3.64,2.68,0.22758609576,0.05063524822,0.1534121487,0.22813125746,0.15834419682,0.25896665436,7.36628058074,1.60303409108,-0.05685006798,-0.0201431088999999,0.0087640798,0.02054076702,0.0733550679599999,0.10341948468,0.09621982574
12800,107,Control,IGT,1.0,,,,,,,,,,,,,,,,,,,,,
12801,107,Control,IGT,2.0,,,,,,,,,,,,,,,,,,,,,
12802,107,Control,IGT,3.0,,,,,,,,,,,,,,,,,,,,,
12803,107,Control,IGT,4.0,,,,,,,,,,,,,,,,,,,,,
12804,107,Control,IGT,5.0,,,,,,,,,,,,,,,,,,,,,
12805,107,Control,IGT,6.0,,,,,,,,,,,,,,,,,,,,,
12806,107,Control,IGT,7.0,,,,,,,,,,,,,,,,,,,,,
12807,107,Control,IGT,8.0,,,,,,,,,,,,,,,,,,,,,
12808,107,Control,IGT,9.0,,,,,,,,,,,,,,,,,,,,,
12809,107,Control,IGT,10.0,,,,,,,,,,,,,,,,,,,,,
12810,107,Control,IGT,11.0,,,,,,,,,,,,,,,,,,,,,
12811,107,Control,IGT,12.0,,,,,,,,,,,,,,,,,,,,,
12812,107,Control,IGT,13.0,,,,,,,,,,,,,,,,,,,,,
12813,107,Control,IGT,14.0,,,,,,,,,,,,,,,,,,,,,
12814,107,Control,IGT,15.0,,,,,,,,,,,,,,,,,,,,,
12815,107,Control,IGT,16.0,,,,,,,,,,,,,,,,,,,,,
12816,107,Control,IGT,17.0,,,,,,,,,,,,,,,,,,,,,
12817,107,Control,IGT,18.0,,,,,,,,,,,,,,,,,,,,,
12818,107,Control,IGT,19.0,,,,,,,,,,,,,,,,,,,,,
12819,107,Control,IGT,20.0,,,,,,,,,,,,,,,,,,,,,
12840,108,Nature,IGT,1.0,,,,,,,,,,,,,,,,,,,,,
12841,108,Nature,IGT,2.0,,,,,,,,,,,,,,,,,,,,,
12842,108,Nature,IGT,3.0,,,,,,,,,,,,,,,,,,,,,
12843,108,Nature,IGT,4.0,,,,,,,,,,,,,,,,,,,,,
12844,108,Nature,IGT,5.0,,,,,,,,,,,,,,,,,,,,,
12845,108,Nature,IGT,6.0,,,,,,,,,,,,,,,,,,,,,
12846,108,Nature,IGT,7.0,,,,,,,,,,,,,,,,,,,,,
12847,108,Nature,IGT,8.0,,,,,,,,,,,,,,,,,,,,,
12848,108,Nature,IGT,9.0,,,,,,,,,,,,,,,,,,,,,
12849,108,Nature,IGT,10.0,,,,,,,,,,,,,,,,,,,,,
12850,108,Nature,IGT,11.0,,,,,,,,,,,,,,,,,,,,,
12851,108,Nature,IGT,12.0,,,,,,,,,,,,,,,,,,,,,
12852,108,Nature,IGT,13.0,,,,,,,,,,,,,,,,,,,,,
12853,108,Nature,IGT,14.0,,,,,,,,,,,,,,,,,,,,,
12854,108,Nature,IGT,15.0,,,,,,,,,,,,,,,,,,,,,
12855,108,Nature,IGT,16.0,,,,,,,,,,,,,,,,,,,,,
12856,108,Nature,IGT,17.0,,,,,,,,,,,,,,,,,,,,,
12857,108,Nature,IGT,18.0,,,,,,,,,,,,,,,,,,,,,
12858,108,Nature,IGT,19.0,,,,,,,,,,,,,,,,,,,,,
12859,108,Nature,IGT,20.0,,,,,,,,,,,,,,,,,,,,,
12880,108,Urban,IGT,1.0,,,107.0,1.92,4.34,4.06,0.22039003288,0.11752070762,0.163933505,0.22759237816,0.16441742648,0.2594718019799999,7.44072478252,1.6678974828400002,-0.05716117112,-0.02266518956,0.00542392,0.02076199984,0.0696700291,0.10666143902,0.10256771246
12881,108,Urban,IGT,2.0,,,107.0,1.92,4.34,4.06,0.22039003288,0.11752070762,0.163933505,0.22759237816,0.16441742648,0.2594718019799999,7.44072478252,1.6678974828400002,-0.05716117112,-0.02266518956,0.00542392,0.02076199984,0.0696700291,0.10666143902,0.10256771246
12882,108,Urban,IGT,3.0,,,107.0,1.92,4.34,4.06,0.22039003288,0.11752070762,0.163933505,0.22759237816,0.16441742648,0.2594718019799999,7.44072478252,1.6678974828400002,-0.05716117112,-0.02266518956,0.00542392,0.02076199984,0.0696700291,0.10666143902,0.10256771246
12883,108,Urban,IGT,4.0,,,107.0,1.92,4.34,4.06,0.22039003288,0.11752070762,0.163933505,0.22759237816,0.16441742648,0.2594718019799999,7.44072478252,1.6678974828400002,-0.05716117112,-0.02266518956,0.00542392,0.02076199984,0.0696700291,0.10666143902,0.10256771246
12884,108,Urban,IGT,5.0,,,107.0,1.92,4.34,4.06,0.22039003288,0.11752070762,0.163933505,0.22759237816,0.16441742648,0.2594718019799999,7.44072478252,1.6678974828400002,-0.05716117112,-0.02266518956,0.00542392,0.02076199984,0.0696700291,0.10666143902,0.10256771246
12885,108,Urban,IGT,6.0,,,107.0,1.92,4.34,4.06,0.22039003288,0.11752070762,0.163933505,0.22759237816,0.16441742648,0.2594718019799999,7.44072478252,1.6678974828400002,-0.05716117112,-0.02266518956,0.00542392,0.02076199984,0.0696700291,0.10666143902,0.10256771246
12886,108,Urban,IGT,7.0,,,107.0,1.92,4.34,4.06,0.22039003288,0.11752070762,0.163933505,0.22759237816,0.16441742648,0.2594718019799999,7.44072478252,1.6678974828400002,-0.05716117112,-0.02266518956,0.00542392,0.02076199984,0.0696700291,0.10666143902,0.10256771246
12887,108,Urban,IGT,8.0,,,107.0,1.92,4.34,4.06,0.22039003288,0.11752070762,0.163933505,0.22759237816,0.16441742648,0.2594718019799999,7.44072478252,1.6678974828400002,-0.05716117112,-0.02266518956,0.00542392,0.02076199984,0.0696700291,0.10666143902,0.10256771246
12888,108,Urban,IGT,9.0,,,107.0,1.92,4.34,4.06,0.22039003288,0.11752070762,0.163933505,0.22759237816,0.16441742648,0.2594718019799999,7.44072478252,1.6678974828400002,-0.05716117112,-0.02266518956,0.00542392,0.02076199984,0.0696700291,0.10666143902,0.10256771246
12889,108,Urban,IGT,10.0,,,107.0,1.92,4.34,4.06,0.22039003288,0.11752070762,0.163933505,0.22759237816,0.16441742648,0.2594718019799999,7.44072478252,1.6678974828400002,-0.05716117112,-0.02266518956,0.00542392,0.02076199984,0.0696700291,0.10666143902,0.10256771246
12890,108,Urban,IGT,11.0,0.4,0.8,107.0,1.92,4.34,4.06,0.22039003288,0.11752070762,0.163933505,0.22759237816,0.16441742648,0.2594718019799999,7.44072478252,1.6678974828400002,-0.05716117112,-0.02266518956,0.00542392,0.02076199984,0.0696700291,0.10666143902,0.10256771246
12891,108,Urban,IGT,12.0,0.5,0.2,107.0,1.92,4.34,4.06,0.22039003288,0.11752070762,0.163933505,0.22759237816,0.16441742648,0.2594718019799999,7.44072478252,1.6678974828400002,-0.05716117112,-0.02266518956,0.00542392,0.02076199984,0.0696700291,0.10666143902,0.10256771246
12892,108,Urban,IGT,13.0,0.8,0.4,107.0,1.92,4.34,4.06,0.22039003288,0.11752070762,0.163933505,0.22759237816,0.16441742648,0.2594718019799999,7.44072478252,1.6678974828400002,-0.05716117112,-0.02266518956,0.00542392,0.02076199984,0.0696700291,0.10666143902,0.10256771246
12893,108,Urban,IGT,14.0,0.4,0.6,107.0,1.92,4.34,4.06,0.22039003288,0.11752070762,0.163933505,0.22759237816,0.16441742648,0.2594718019799999,7.44072478252,1.6678974828400002,-0.05716117112,-0.02266518956,0.00542392,0.02076199984,0.0696700291,0.10666143902,0.10256771246
12894,108,Urban,IGT,15.0,0.3,0.3,107.0,1.92,4.34,4.06,0.22039003288,0.11752070762,0.163933505,0.22759237816,0.16441742648,0.2594718019799999,7.44072478252,1.6678974828400002,-0.05716117112,-0.02266518956,0.00542392,0.02076199984,0.0696700291,0.10666143902,0.10256771246
12895,108,Urban,IGT,16.0,0.4,0.4,107.0,1.92,4.34,4.06,0.22039003288,0.11752070762,0.163933505,0.22759237816,0.16441742648,0.2594718019799999,7.44072478252,1.6678974828400002,-0.05716117112,-0.02266518956,0.00542392,0.02076199984,0.0696700291,0.10666143902,0.10256771246
12896,108,Urban,IGT,17.0,0.5,0.6,107.0,1.92,4.34,4.06,0.22039003288,0.11752070762,0.163933505,0.22759237816,0.16441742648,0.2594718019799999,7.44072478252,1.6678974828400002,-0.05716117112,-0.02266518956,0.00542392,0.02076199984,0.0696700291,0.10666143902,0.10256771246
12897,108,Urban,IGT,18.0,0.6,0.5,107.0,1.92,4.34,4.06,0.22039003288,0.11752070762,0.163933505,0.22759237816,0.16441742648,0.2594718019799999,7.44072478252,1.6678974828400002,-0.05716117112,-0.02266518956,0.00542392,0.02076199984,0.0696700291,0.10666143902,0.10256771246
12898,108,Urban,IGT,19.0,0.7,0.4,107.0,1.92,4.34,4.06,0.22039003288,0.11752070762,0.163933505,0.22759237816,0.16441742648,0.2594718019799999,7.44072478252,1.6678974828400002,-0.05716117112,-0.02266518956,0.00542392,0.02076199984,0.0696700291,0.10666143902,0.10256771246
12899,108,Urban,IGT,20.0,0.2,0.8,107.0,1.92,4.34,4.06,0.22039003288,0.11752070762,0.163933505,0.22759237816,0.16441742648,0.2594718019799999,7.44072478252,1.6678974828400002,-0.05716117112,-0.02266518956,0.00542392,0.02076199984,0.0696700291,0.10666143902,0.10256771246
12920,108,Control,IGT,1.0,,,,,,,,,,,,,,,,,,,,,
12921,108,Control,IGT,2.0,,,,,,,,,,,,,,,,,,,,,
12922,108,Control,IGT,3.0,,,,,,,,,,,,,,,,,,,,,
12923,108,Control,IGT,4.0,,,,,,,,,,,,,,,,,,,,,
12924,108,Control,IGT,5.0,,,,,,,,,,,,,,,,,,,,,
12925,108,Control,IGT,6.0,,,,,,,,,,,,,,,,,,,,,
12926,108,Control,IGT,7.0,,,,,,,,,,,,,,,,,,,,,
12927,108,Control,IGT,8.0,,,,,,,,,,,,,,,,,,,,,
12928,108,Control,IGT,9.0,,,,,,,,,,,,,,,,,,,,,
12929,108,Control,IGT,10.0,,,,,,,,,,,,,,,,,,,,,
12930,108,Control,IGT,11.0,,,,,,,,,,,,,,,,,,,,,
12931,108,Control,IGT,12.0,,,,,,,,,,,,,,,,,,,,,
12932,108,Control,IGT,13.0,,,,,,,,,,,,,,,,,,,,,
12933,108,Control,IGT,14.0,,,,,,,,,,,,,,,,,,,,,
12934,108,Control,IGT,15.0,,,,,,,,,,,,,,,,,,,,,
12935,108,Control,IGT,16.0,,,,,,,,,,,,,,,,,,,,,
12936,108,Control,IGT,17.0,,,,,,,,,,,,,,,,,,,,,
12937,108,Control,IGT,18.0,,,,,,,,,,,,,,,,,,,,,
12938,108,Control,IGT,19.0,,,,,,,,,,,,,,,,,,,,,
12939,108,Control,IGT,20.0,,,,,,,,,,,,,,,,,,,,,
12960,109,Nature,IGT,1.0,,,,,,,,,,,,,,,,,,,,,
12961,109,Nature,IGT,2.0,,,,,,,,,,,,,,,,,,,,,
12962,109,Nature,IGT,3.0,,,,,,,,,,,,,,,,,,,,,
12963,109,Nature,IGT,4.0,,,,,,,,,,,,,,,,,,,,,
12964,109,Nature,IGT,5.0,,,,,,,,,,,,,,,,,,,,,
12965,109,Nature,IGT,6.0,,,,,,,,,,,,,,,,,,,,,
12966,109,Nature,IGT,7.0,,,,,,,,,,,,,,,,,,,,,
12967,109,Nature,IGT,8.0,,,,,,,,,,,,,,,,,,,,,
12968,109,Nature,IGT,9.0,,,,,,,,,,,,,,,,,,,,,
12969,109,Nature,IGT,10.0,,,,,,,,,,,,,,,,,,,,,
12970,109,Nature,IGT,11.0,,,,,,,,,,,,,,,,,,,,,
12971,109,Nature,IGT,12.0,,,,,,,,,,,,,,,,,,,,,
12972,109,Nature,IGT,13.0,,,,,,,,,,,,,,,,,,,,,
12973,109,Nature,IGT,14.0,,,,,,,,,,,,,,,,,,,,,
12974,109,Nature,IGT,15.0,,,,,,,,,,,,,,,,,,,,,
12975,109,Nature,IGT,16.0,,,,,,,,,,,,,,,,,,,,,
12976,109,Nature,IGT,17.0,,,,,,,,,,,,,,,,,,,,,
12977,109,Nature,IGT,18.0,,,,,,,,,,,,,,,,,,,,,
12978,109,Nature,IGT,19.0,,,,,,,,,,,,,,,,,,,,,
12979,109,Nature,IGT,20.0,,,,,,,,,,,,,,,,,,,,,
13000,109,Urban,IGT,1.0,,,,,,,,,,,,,,,,,,,,,
13001,109,Urban,IGT,2.0,,,,,,,,,,,,,,,,,,,,,
13002,109,Urban,IGT,3.0,,,,,,,,,,,,,,,,,,,,,
13003,109,Urban,IGT,4.0,,,,,,,,,,,,,,,,,,,,,
13004,109,Urban,IGT,5.0,,,,,,,,,,,,,,,,,,,,,
13005,109,Urban,IGT,6.0,,,,,,,,,,,,,,,,,,,,,
13006,109,Urban,IGT,7.0,,,,,,,,,,,,,,,,,,,,,
13007,109,Urban,IGT,8.0,,,,,,,,,,,,,,,,,,,,,
13008,109,Urban,IGT,9.0,,,,,,,,,,,,,,,,,,,,,
13009,109,Urban,IGT,10.0,,,,,,,,,,,,,,,,,,,,,
13010,109,Urban,IGT,11.0,,,,,,,,,,,,,,,,,,,,,
13011,109,Urban,IGT,12.0,,,,,,,,,,,,,,,,,,,,,
13012,109,Urban,IGT,13.0,,,,,,,,,,,,,,,,,,,,,
13013,109,Urban,IGT,14.0,,,,,,,,,,,,,,,,,,,,,
13014,109,Urban,IGT,15.0,,,,,,,,,,,,,,,,,,,,,
13015,109,Urban,IGT,16.0,,,,,,,,,,,,,,,,,,,,,
13016,109,Urban,IGT,17.0,,,,,,,,,,,,,,,,,,,,,
13017,109,Urban,IGT,18.0,,,,,,,,,,,,,,,,,,,,,
13018,109,Urban,IGT,19.0,,,,,,,,,,,,,,,,,,,,,
13019,109,Urban,IGT,20.0,,,,,,,,,,,,,,,,,,,,,
13040,109,Control,IGT,1.0,,,108.0,4.14,4.14,4.0,,,,,,,,,,,,,,,
13041,109,Control,IGT,2.0,,,108.0,4.14,4.14,4.0,,,,,,,,,,,,,,,
13042,109,Control,IGT,3.0,,,108.0,4.14,4.14,4.0,,,,,,,,,,,,,,,
13043,109,Control,IGT,4.0,,,108.0,4.14,4.14,4.0,,,,,,,,,,,,,,,
13044,109,Control,IGT,5.0,,,108.0,4.14,4.14,4.0,,,,,,,,,,,,,,,
13045,109,Control,IGT,6.0,,,108.0,4.14,4.14,4.0,,,,,,,,,,,,,,,
13046,109,Control,IGT,7.0,,,108.0,4.14,4.14,4.0,,,,,,,,,,,,,,,
13047,109,Control,IGT,8.0,,,108.0,4.14,4.14,4.0,,,,,,,,,,,,,,,
13048,109,Control,IGT,9.0,,,108.0,4.14,4.14,4.0,,,,,,,,,,,,,,,
13049,109,Control,IGT,10.0,,,108.0,4.14,4.14,4.0,,,,,,,,,,,,,,,
13050,109,Control,IGT,11.0,0.5,0.4,108.0,4.14,4.14,4.0,,,,,,,,,,,,,,,
13051,109,Control,IGT,12.0,0.5,0.6,108.0,4.14,4.14,4.0,,,,,,,,,,,,,,,
13052,109,Control,IGT,13.0,0.5,0.4,108.0,4.14,4.14,4.0,,,,,,,,,,,,,,,
13053,109,Control,IGT,14.0,0.5,0.6,108.0,4.14,4.14,4.0,,,,,,,,,,,,,,,
13054,109,Control,IGT,15.0,0.3,0.5,108.0,4.14,4.14,4.0,,,,,,,,,,,,,,,
13055,109,Control,IGT,16.0,0.5,0.5,108.0,4.14,4.14,4.0,,,,,,,,,,,,,,,
13056,109,Control,IGT,17.0,0.4,0.5,108.0,4.14,4.14,4.0,,,,,,,,,,,,,,,
13057,109,Control,IGT,18.0,0.4,0.5,108.0,4.14,4.14,4.0,,,,,,,,,,,,,,,
13058,109,Control,IGT,19.0,0.5,0.5,108.0,4.14,4.14,4.0,,,,,,,,,,,,,,,
13059,109,Control,IGT,20.0,0.4,0.5,108.0,4.14,4.14,4.0,,,,,,,,,,,,,,,
13080,110,Nature,IGT,1.0,,,,,,,,,,,,,,,,,,,,,
13081,110,Nature,IGT,2.0,,,,,,,,,,,,,,,,,,,,,
13082,110,Nature,IGT,3.0,,,,,,,,,,,,,,,,,,,,,
13083,110,Nature,IGT,4.0,,,,,,,,,,,,,,,,,,,,,
13084,110,Nature,IGT,5.0,,,,,,,,,,,,,,,,,,,,,
13085,110,Nature,IGT,6.0,,,,,,,,,,,,,,,,,,,,,
13086,110,Nature,IGT,7.0,,,,,,,,,,,,,,,,,,,,,
13087,110,Nature,IGT,8.0,,,,,,,,,,,,,,,,,,,,,
13088,110,Nature,IGT,9.0,,,,,,,,,,,,,,,,,,,,,
13089,110,Nature,IGT,10.0,,,,,,,,,,,,,,,,,,,,,
13090,110,Nature,IGT,11.0,,,,,,,,,,,,,,,,,,,,,
13091,110,Nature,IGT,12.0,,,,,,,,,,,,,,,,,,,,,
13092,110,Nature,IGT,13.0,,,,,,,,,,,,,,,,,,,,,
13093,110,Nature,IGT,14.0,,,,,,,,,,,,,,,,,,,,,
13094,110,Nature,IGT,15.0,,,,,,,,,,,,,,,,,,,,,
13095,110,Nature,IGT,16.0,,,,,,,,,,,,,,,,,,,,,
13096,110,Nature,IGT,17.0,,,,,,,,,,,,,,,,,,,,,
13097,110,Nature,IGT,18.0,,,,,,,,,,,,,,,,,,,,,
13098,110,Nature,IGT,19.0,,,,,,,,,,,,,,,,,,,,,
13099,110,Nature,IGT,20.0,,,,,,,,,,,,,,,,,,,,,
13120,110,Urban,IGT,1.0,,,109.0,1.76,5.0,4.12,0.21919957276,0.1671883220999999,0.1540970043599999,0.2146416152799999,0.159147166,0.26963969124,7.363652505159999,1.65347268074,-0.0578673683799999,-0.01996351834,0.0109960701,0.01470353964,0.07070751586,0.1006505588,0.09817795452
13121,110,Urban,IGT,2.0,,,109.0,1.76,5.0,4.12,0.21919957276,0.1671883220999999,0.1540970043599999,0.2146416152799999,0.159147166,0.26963969124,7.363652505159999,1.65347268074,-0.0578673683799999,-0.01996351834,0.0109960701,0.01470353964,0.07070751586,0.1006505588,0.09817795452
13122,110,Urban,IGT,3.0,,,109.0,1.76,5.0,4.12,0.21919957276,0.1671883220999999,0.1540970043599999,0.2146416152799999,0.159147166,0.26963969124,7.363652505159999,1.65347268074,-0.0578673683799999,-0.01996351834,0.0109960701,0.01470353964,0.07070751586,0.1006505588,0.09817795452
13123,110,Urban,IGT,4.0,,,109.0,1.76,5.0,4.12,0.21919957276,0.1671883220999999,0.1540970043599999,0.2146416152799999,0.159147166,0.26963969124,7.363652505159999,1.65347268074,-0.0578673683799999,-0.01996351834,0.0109960701,0.01470353964,0.07070751586,0.1006505588,0.09817795452
13124,110,Urban,IGT,5.0,,,109.0,1.76,5.0,4.12,0.21919957276,0.1671883220999999,0.1540970043599999,0.2146416152799999,0.159147166,0.26963969124,7.363652505159999,1.65347268074,-0.0578673683799999,-0.01996351834,0.0109960701,0.01470353964,0.07070751586,0.1006505588,0.09817795452
13125,110,Urban,IGT,6.0,,,109.0,1.76,5.0,4.12,0.21919957276,0.1671883220999999,0.1540970043599999,0.2146416152799999,0.159147166,0.26963969124,7.363652505159999,1.65347268074,-0.0578673683799999,-0.01996351834,0.0109960701,0.01470353964,0.07070751586,0.1006505588,0.09817795452
13126,110,Urban,IGT,7.0,,,109.0,1.76,5.0,4.12,0.21919957276,0.1671883220999999,0.1540970043599999,0.2146416152799999,0.159147166,0.26963969124,7.363652505159999,1.65347268074,-0.0578673683799999,-0.01996351834,0.0109960701,0.01470353964,0.07070751586,0.1006505588,0.09817795452
13127,110,Urban,IGT,8.0,,,109.0,1.76,5.0,4.12,0.21919957276,0.1671883220999999,0.1540970043599999,0.2146416152799999,0.159147166,0.26963969124,7.363652505159999,1.65347268074,-0.0578673683799999,-0.01996351834,0.0109960701,0.01470353964,0.07070751586,0.1006505588,0.09817795452
13128,110,Urban,IGT,9.0,,,109.0,1.76,5.0,4.12,0.21919957276,0.1671883220999999,0.1540970043599999,0.2146416152799999,0.159147166,0.26963969124,7.363652505159999,1.65347268074,-0.0578673683799999,-0.01996351834,0.0109960701,0.01470353964,0.07070751586,0.1006505588,0.09817795452
13129,110,Urban,IGT,10.0,,,109.0,1.76,5.0,4.12,0.21919957276,0.1671883220999999,0.1540970043599999,0.2146416152799999,0.159147166,0.26963969124,7.363652505159999,1.65347268074,-0.0578673683799999,-0.01996351834,0.0109960701,0.01470353964,0.07070751586,0.1006505588,0.09817795452
13130,110,Urban,IGT,11.0,0.5,0.6,109.0,1.76,5.0,4.12,0.21919957276,0.1671883220999999,0.1540970043599999,0.2146416152799999,0.159147166,0.26963969124,7.363652505159999,1.65347268074,-0.0578673683799999,-0.01996351834,0.0109960701,0.01470353964,0.07070751586,0.1006505588,0.09817795452
13131,110,Urban,IGT,12.0,0.4,0.5,109.0,1.76,5.0,4.12,0.21919957276,0.1671883220999999,0.1540970043599999,0.2146416152799999,0.159147166,0.26963969124,7.363652505159999,1.65347268074,-0.0578673683799999,-0.01996351834,0.0109960701,0.01470353964,0.07070751586,0.1006505588,0.09817795452
13132,110,Urban,IGT,13.0,0.5,0.5,109.0,1.76,5.0,4.12,0.21919957276,0.1671883220999999,0.1540970043599999,0.2146416152799999,0.159147166,0.26963969124,7.363652505159999,1.65347268074,-0.0578673683799999,-0.01996351834,0.0109960701,0.01470353964,0.07070751586,0.1006505588,0.09817795452
13133,110,Urban,IGT,14.0,0.6,0.5,109.0,1.76,5.0,4.12,0.21919957276,0.1671883220999999,0.1540970043599999,0.2146416152799999,0.159147166,0.26963969124,7.363652505159999,1.65347268074,-0.0578673683799999,-0.01996351834,0.0109960701,0.01470353964,0.07070751586,0.1006505588,0.09817795452
13134,110,Urban,IGT,15.0,0.6,0.4,109.0,1.76,5.0,4.12,0.21919957276,0.1671883220999999,0.1540970043599999,0.2146416152799999,0.159147166,0.26963969124,7.363652505159999,1.65347268074,-0.0578673683799999,-0.01996351834,0.0109960701,0.01470353964,0.07070751586,0.1006505588,0.09817795452
13135,110,Urban,IGT,16.0,0.4,0.5,109.0,1.76,5.0,4.12,0.21919957276,0.1671883220999999,0.1540970043599999,0.2146416152799999,0.159147166,0.26963969124,7.363652505159999,1.65347268074,-0.0578673683799999,-0.01996351834,0.0109960701,0.01470353964,0.07070751586,0.1006505588,0.09817795452
13136,110,Urban,IGT,17.0,0.4,0.4,109.0,1.76,5.0,4.12,0.21919957276,0.1671883220999999,0.1540970043599999,0.2146416152799999,0.159147166,0.26963969124,7.363652505159999,1.65347268074,-0.0578673683799999,-0.01996351834,0.0109960701,0.01470353964,0.07070751586,0.1006505588,0.09817795452
13137,110,Urban,IGT,18.0,0.6,0.4,109.0,1.76,5.0,4.12,0.21919957276,0.1671883220999999,0.1540970043599999,0.2146416152799999,0.159147166,0.26963969124,7.363652505159999,1.65347268074,-0.0578673683799999,-0.01996351834,0.0109960701,0.01470353964,0.07070751586,0.1006505588,0.09817795452
13138,110,Urban,IGT,19.0,0.6,0.6,109.0,1.76,5.0,4.12,0.21919957276,0.1671883220999999,0.1540970043599999,0.2146416152799999,0.159147166,0.26963969124,7.363652505159999,1.65347268074,-0.0578673683799999,-0.01996351834,0.0109960701,0.01470353964,0.07070751586,0.1006505588,0.09817795452
13139,110,Urban,IGT,20.0,0.8,0.4,109.0,1.76,5.0,4.12,0.21919957276,0.1671883220999999,0.1540970043599999,0.2146416152799999,0.159147166,0.26963969124,7.363652505159999,1.65347268074,-0.0578673683799999,-0.01996351834,0.0109960701,0.01470353964,0.07070751586,0.1006505588,0.09817795452
13160,110,Control,IGT,1.0,,,,,,,,,,,,,,,,,,,,,
13161,110,Control,IGT,2.0,,,,,,,,,,,,,,,,,,,,,
13162,110,Control,IGT,3.0,,,,,,,,,,,,,,,,,,,,,
13163,110,Control,IGT,4.0,,,,,,,,,,,,,,,,,,,,,
13164,110,Control,IGT,5.0,,,,,,,,,,,,,,,,,,,,,
13165,110,Control,IGT,6.0,,,,,,,,,,,,,,,,,,,,,
13166,110,Control,IGT,7.0,,,,,,,,,,,,,,,,,,,,,
13167,110,Control,IGT,8.0,,,,,,,,,,,,,,,,,,,,,
13168,110,Control,IGT,9.0,,,,,,,,,,,,,,,,,,,,,
13169,110,Control,IGT,10.0,,,,,,,,,,,,,,,,,,,,,
13170,110,Control,IGT,11.0,,,,,,,,,,,,,,,,,,,,,
13171,110,Control,IGT,12.0,,,,,,,,,,,,,,,,,,,,,
13172,110,Control,IGT,13.0,,,,,,,,,,,,,,,,,,,,,
13173,110,Control,IGT,14.0,,,,,,,,,,,,,,,,,,,,,
13174,110,Control,IGT,15.0,,,,,,,,,,,,,,,,,,,,,
13175,110,Control,IGT,16.0,,,,,,,,,,,,,,,,,,,,,
13176,110,Control,IGT,17.0,,,,,,,,,,,,,,,,,,,,,
13177,110,Control,IGT,18.0,,,,,,,,,,,,,,,,,,,,,
13178,110,Control,IGT,19.0,,,,,,,,,,,,,,,,,,,,,
13179,110,Control,IGT,20.0,,,,,,,,,,,,,,,,,,,,,
13200,111,Nature,IGT,1.0,,,,,,,,,,,,,,,,,,,,,
13201,111,Nature,IGT,2.0,,,,,,,,,,,,,,,,,,,,,
13202,111,Nature,IGT,3.0,,,,,,,,,,,,,,,,,,,,,
13203,111,Nature,IGT,4.0,,,,,,,,,,,,,,,,,,,,,
13204,111,Nature,IGT,5.0,,,,,,,,,,,,,,,,,,,,,
13205,111,Nature,IGT,6.0,,,,,,,,,,,,,,,,,,,,,
13206,111,Nature,IGT,7.0,,,,,,,,,,,,,,,,,,,,,
13207,111,Nature,IGT,8.0,,,,,,,,,,,,,,,,,,,,,
13208,111,Nature,IGT,9.0,,,,,,,,,,,,,,,,,,,,,
13209,111,Nature,IGT,10.0,,,,,,,,,,,,,,,,,,,,,
13210,111,Nature,IGT,11.0,,,,,,,,,,,,,,,,,,,,,
13211,111,Nature,IGT,12.0,,,,,,,,,,,,,,,,,,,,,
13212,111,Nature,IGT,13.0,,,,,,,,,,,,,,,,,,,,,
13213,111,Nature,IGT,14.0,,,,,,,,,,,,,,,,,,,,,
13214,111,Nature,IGT,15.0,,,,,,,,,,,,,,,,,,,,,
13215,111,Nature,IGT,16.0,,,,,,,,,,,,,,,,,,,,,
13216,111,Nature,IGT,17.0,,,,,,,,,,,,,,,,,,,,,
13217,111,Nature,IGT,18.0,,,,,,,,,,,,,,,,,,,,,
13218,111,Nature,IGT,19.0,,,,,,,,,,,,,,,,,,,,,
13219,111,Nature,IGT,20.0,,,,,,,,,,,,,,,,,,,,,
13240,111,Urban,IGT,1.0,,,,,,,,,,,,,,,,,,,,,
13241,111,Urban,IGT,2.0,,,,,,,,,,,,,,,,,,,,,
13242,111,Urban,IGT,3.0,,,,,,,,,,,,,,,,,,,,,
13243,111,Urban,IGT,4.0,,,,,,,,,,,,,,,,,,,,,
13244,111,Urban,IGT,5.0,,,,,,,,,,,,,,,,,,,,,
13245,111,Urban,IGT,6.0,,,,,,,,,,,,,,,,,,,,,
13246,111,Urban,IGT,7.0,,,,,,,,,,,,,,,,,,,,,
13247,111,Urban,IGT,8.0,,,,,,,,,,,,,,,,,,,,,
13248,111,Urban,IGT,9.0,,,,,,,,,,,,,,,,,,,,,
13249,111,Urban,IGT,10.0,,,,,,,,,,,,,,,,,,,,,
13250,111,Urban,IGT,11.0,,,,,,,,,,,,,,,,,,,,,
13251,111,Urban,IGT,12.0,,,,,,,,,,,,,,,,,,,,,
13252,111,Urban,IGT,13.0,,,,,,,,,,,,,,,,,,,,,
13253,111,Urban,IGT,14.0,,,,,,,,,,,,,,,,,,,,,
13254,111,Urban,IGT,15.0,,,,,,,,,,,,,,,,,,,,,
13255,111,Urban,IGT,16.0,,,,,,,,,,,,,,,,,,,,,
13256,111,Urban,IGT,17.0,,,,,,,,,,,,,,,,,,,,,
13257,111,Urban,IGT,18.0,,,,,,,,,,,,,,,,,,,,,
13258,111,Urban,IGT,19.0,,,,,,,,,,,,,,,,,,,,,
13259,111,Urban,IGT,20.0,,,,,,,,,,,,,,,,,,,,,
13280,111,Control,IGT,1.0,,,110.0,3.56,3.06,3.94,,,,,,,,,,,,,,,
13281,111,Control,IGT,2.0,,,110.0,3.56,3.06,3.94,,,,,,,,,,,,,,,
13282,111,Control,IGT,3.0,,,110.0,3.56,3.06,3.94,,,,,,,,,,,,,,,
13283,111,Control,IGT,4.0,,,110.0,3.56,3.06,3.94,,,,,,,,,,,,,,,
13284,111,Control,IGT,5.0,,,110.0,3.56,3.06,3.94,,,,,,,,,,,,,,,
13285,111,Control,IGT,6.0,,,110.0,3.56,3.06,3.94,,,,,,,,,,,,,,,
13286,111,Control,IGT,7.0,,,110.0,3.56,3.06,3.94,,,,,,,,,,,,,,,
13287,111,Control,IGT,8.0,,,110.0,3.56,3.06,3.94,,,,,,,,,,,,,,,
13288,111,Control,IGT,9.0,,,110.0,3.56,3.06,3.94,,,,,,,,,,,,,,,
13289,111,Control,IGT,10.0,,,110.0,3.56,3.06,3.94,,,,,,,,,,,,,,,
13290,111,Control,IGT,11.0,0.4,0.0,110.0,3.56,3.06,3.94,,,,,,,,,,,,,,,
13291,111,Control,IGT,12.0,0.4,0.5,110.0,3.56,3.06,3.94,,,,,,,,,,,,,,,
13292,111,Control,IGT,13.0,0.4,0.7,110.0,3.56,3.06,3.94,,,,,,,,,,,,,,,
13293,111,Control,IGT,14.0,0.7,0.5,110.0,3.56,3.06,3.94,,,,,,,,,,,,,,,
13294,111,Control,IGT,15.0,0.4,0.5,110.0,3.56,3.06,3.94,,,,,,,,,,,,,,,
13295,111,Control,IGT,16.0,0.6,0.3,110.0,3.56,3.06,3.94,,,,,,,,,,,,,,,
13296,111,Control,IGT,17.0,0.8,0.5,110.0,3.56,3.06,3.94,,,,,,,,,,,,,,,
13297,111,Control,IGT,18.0,0.6,0.5,110.0,3.56,3.06,3.94,,,,,,,,,,,,,,,
13298,111,Control,IGT,19.0,0.3,1.0,110.0,3.56,3.06,3.94,,,,,,,,,,,,,,,
13299,111,Control,IGT,20.0,0.7,0.4,110.0,3.56,3.06,3.94,,,,,,,,,,,,,,,
13320,112,Nature,IGT,1.0,,,,,,,,,,,,,,,,,,,,,
13321,112,Nature,IGT,2.0,,,,,,,,,,,,,,,,,,,,,
13322,112,Nature,IGT,3.0,,,,,,,,,,,,,,,,,,,,,
13323,112,Nature,IGT,4.0,,,,,,,,,,,,,,,,,,,,,
13324,112,Nature,IGT,5.0,,,,,,,,,,,,,,,,,,,,,
13325,112,Nature,IGT,6.0,,,,,,,,,,,,,,,,,,,,,
13326,112,Nature,IGT,7.0,,,,,,,,,,,,,,,,,,,,,
13327,112,Nature,IGT,8.0,,,,,,,,,,,,,,,,,,,,,
13328,112,Nature,IGT,9.0,,,,,,,,,,,,,,,,,,,,,
13329,112,Nature,IGT,10.0,,,,,,,,,,,,,,,,,,,,,
13330,112,Nature,IGT,11.0,,,,,,,,,,,,,,,,,,,,,
13331,112,Nature,IGT,12.0,,,,,,,,,,,,,,,,,,,,,
13332,112,Nature,IGT,13.0,,,,,,,,,,,,,,,,,,,,,
13333,112,Nature,IGT,14.0,,,,,,,,,,,,,,,,,,,,,
13334,112,Nature,IGT,15.0,,,,,,,,,,,,,,,,,,,,,
13335,112,Nature,IGT,16.0,,,,,,,,,,,,,,,,,,,,,
13336,112,Nature,IGT,17.0,,,,,,,,,,,,,,,,,,,,,
13337,112,Nature,IGT,18.0,,,,,,,,,,,,,,,,,,,,,
13338,112,Nature,IGT,19.0,,,,,,,,,,,,,,,,,,,,,
13339,112,Nature,IGT,20.0,,,,,,,,,,,,,,,,,,,,,
13360,112,Urban,IGT,1.0,,,,,,,,,,,,,,,,,,,,,
13361,112,Urban,IGT,2.0,,,,,,,,,,,,,,,,,,,,,
13362,112,Urban,IGT,3.0,,,,,,,,,,,,,,,,,,,,,
13363,112,Urban,IGT,4.0,,,,,,,,,,,,,,,,,,,,,
13364,112,Urban,IGT,5.0,,,,,,,,,,,,,,,,,,,,,
13365,112,Urban,IGT,6.0,,,,,,,,,,,,,,,,,,,,,
13366,112,Urban,IGT,7.0,,,,,,,,,,,,,,,,,,,,,
13367,112,Urban,IGT,8.0,,,,,,,,,,,,,,,,,,,,,
13368,112,Urban,IGT,9.0,,,,,,,,,,,,,,,,,,,,,
13369,112,Urban,IGT,10.0,,,,,,,,,,,,,,,,,,,,,
13370,112,Urban,IGT,11.0,,,,,,,,,,,,,,,,,,,,,
13371,112,Urban,IGT,12.0,,,,,,,,,,,,,,,,,,,,,
13372,112,Urban,IGT,13.0,,,,,,,,,,,,,,,,,,,,,
13373,112,Urban,IGT,14.0,,,,,,,,,,,,,,,,,,,,,
13374,112,Urban,IGT,15.0,,,,,,,,,,,,,,,,,,,,,
13375,112,Urban,IGT,16.0,,,,,,,,,,,,,,,,,,,,,
13376,112,Urban,IGT,17.0,,,,,,,,,,,,,,,,,,,,,
13377,112,Urban,IGT,18.0,,,,,,,,,,,,,,,,,,,,,
13378,112,Urban,IGT,19.0,,,,,,,,,,,,,,,,,,,,,
13379,112,Urban,IGT,20.0,,,,,,,,,,,,,,,,,,,,,
13400,112,Control,IGT,1.0,,,111.0,2.42,2.26,2.4,,,,,,,,,,,,,,,
13401,112,Control,IGT,2.0,,,111.0,2.42,2.26,2.4,,,,,,,,,,,,,,,
13402,112,Control,IGT,3.0,,,111.0,2.42,2.26,2.4,,,,,,,,,,,,,,,
13403,112,Control,IGT,4.0,,,111.0,2.42,2.26,2.4,,,,,,,,,,,,,,,
13404,112,Control,IGT,5.0,,,111.0,2.42,2.26,2.4,,,,,,,,,,,,,,,
13405,112,Control,IGT,6.0,,,111.0,2.42,2.26,2.4,,,,,,,,,,,,,,,
13406,112,Control,IGT,7.0,,,111.0,2.42,2.26,2.4,,,,,,,,,,,,,,,
13407,112,Control,IGT,8.0,,,111.0,2.42,2.26,2.4,,,,,,,,,,,,,,,
13408,112,Control,IGT,9.0,,,111.0,2.42,2.26,2.4,,,,,,,,,,,,,,,
13409,112,Control,IGT,10.0,,,111.0,2.42,2.26,2.4,,,,,,,,,,,,,,,
13410,112,Control,IGT,11.0,0.5,0.4,111.0,2.42,2.26,2.4,,,,,,,,,,,,,,,
13411,112,Control,IGT,12.0,0.4,0.4,111.0,2.42,2.26,2.4,,,,,,,,,,,,,,,
13412,112,Control,IGT,13.0,0.6,0.6,111.0,2.42,2.26,2.4,,,,,,,,,,,,,,,
13413,112,Control,IGT,14.0,0.5,0.7,111.0,2.42,2.26,2.4,,,,,,,,,,,,,,,
13414,112,Control,IGT,15.0,0.6,0.6,111.0,2.42,2.26,2.4,,,,,,,,,,,,,,,
13415,112,Control,IGT,16.0,0.5,0.5,111.0,2.42,2.26,2.4,,,,,,,,,,,,,,,
13416,112,Control,IGT,17.0,0.6,0.8,111.0,2.42,2.26,2.4,,,,,,,,,,,,,,,
13417,112,Control,IGT,18.0,0.5,0.6,111.0,2.42,2.26,2.4,,,,,,,,,,,,,,,
13418,112,Control,IGT,19.0,0.5,0.5,111.0,2.42,2.26,2.4,,,,,,,,,,,,,,,
13419,112,Control,IGT,20.0,0.6,0.4,111.0,2.42,2.26,2.4,,,,,,,,,,,,,,,
13440,113,Nature,IGT,1.0,,,,,,,,,,,,,,,,,,,,,
13441,113,Nature,IGT,2.0,,,,,,,,,,,,,,,,,,,,,
13442,113,Nature,IGT,3.0,,,,,,,,,,,,,,,,,,,,,
13443,113,Nature,IGT,4.0,,,,,,,,,,,,,,,,,,,,,
13444,113,Nature,IGT,5.0,,,,,,,,,,,,,,,,,,,,,
13445,113,Nature,IGT,6.0,,,,,,,,,,,,,,,,,,,,,
13446,113,Nature,IGT,7.0,,,,,,,,,,,,,,,,,,,,,
13447,113,Nature,IGT,8.0,,,,,,,,,,,,,,,,,,,,,
13448,113,Nature,IGT,9.0,,,,,,,,,,,,,,,,,,,,,
13449,113,Nature,IGT,10.0,,,,,,,,,,,,,,,,,,,,,
13450,113,Nature,IGT,11.0,,,,,,,,,,,,,,,,,,,,,
13451,113,Nature,IGT,12.0,,,,,,,,,,,,,,,,,,,,,
13452,113,Nature,IGT,13.0,,,,,,,,,,,,,,,,,,,,,
13453,113,Nature,IGT,14.0,,,,,,,,,,,,,,,,,,,,,
13454,113,Nature,IGT,15.0,,,,,,,,,,,,,,,,,,,,,
13455,113,Nature,IGT,16.0,,,,,,,,,,,,,,,,,,,,,
13456,113,Nature,IGT,17.0,,,,,,,,,,,,,,,,,,,,,
13457,113,Nature,IGT,18.0,,,,,,,,,,,,,,,,,,,,,
13458,113,Nature,IGT,19.0,,,,,,,,,,,,,,,,,,,,,
13459,113,Nature,IGT,20.0,,,,,,,,,,,,,,,,,,,,,
13480,113,Urban,IGT,1.0,,,112.0,1.94,5.6,3.46,0.21624389082,0.0154959373799999,0.15598543538,0.2218396604799999,0.1638670315399999,0.26866750322,7.40060464564,1.58242737288,-0.05887951878,-0.0217379035,0.01262519356,0.0215359561999999,0.07254073732,0.10129929646,0.096733423
13481,113,Urban,IGT,2.0,,,112.0,1.94,5.6,3.46,0.21624389082,0.0154959373799999,0.15598543538,0.2218396604799999,0.1638670315399999,0.26866750322,7.40060464564,1.58242737288,-0.05887951878,-0.0217379035,0.01262519356,0.0215359561999999,0.07254073732,0.10129929646,0.096733423
13482,113,Urban,IGT,3.0,,,112.0,1.94,5.6,3.46,0.21624389082,0.0154959373799999,0.15598543538,0.2218396604799999,0.1638670315399999,0.26866750322,7.40060464564,1.58242737288,-0.05887951878,-0.0217379035,0.01262519356,0.0215359561999999,0.07254073732,0.10129929646,0.096733423
13483,113,Urban,IGT,4.0,,,112.0,1.94,5.6,3.46,0.21624389082,0.0154959373799999,0.15598543538,0.2218396604799999,0.1638670315399999,0.26866750322,7.40060464564,1.58242737288,-0.05887951878,-0.0217379035,0.01262519356,0.0215359561999999,0.07254073732,0.10129929646,0.096733423
13484,113,Urban,IGT,5.0,,,112.0,1.94,5.6,3.46,0.21624389082,0.0154959373799999,0.15598543538,0.2218396604799999,0.1638670315399999,0.26866750322,7.40060464564,1.58242737288,-0.05887951878,-0.0217379035,0.01262519356,0.0215359561999999,0.07254073732,0.10129929646,0.096733423
13485,113,Urban,IGT,6.0,,,112.0,1.94,5.6,3.46,0.21624389082,0.0154959373799999,0.15598543538,0.2218396604799999,0.1638670315399999,0.26866750322,7.40060464564,1.58242737288,-0.05887951878,-0.0217379035,0.01262519356,0.0215359561999999,0.07254073732,0.10129929646,0.096733423
13486,113,Urban,IGT,7.0,,,112.0,1.94,5.6,3.46,0.21624389082,0.0154959373799999,0.15598543538,0.2218396604799999,0.1638670315399999,0.26866750322,7.40060464564,1.58242737288,-0.05887951878,-0.0217379035,0.01262519356,0.0215359561999999,0.07254073732,0.10129929646,0.096733423
13487,113,Urban,IGT,8.0,,,112.0,1.94,5.6,3.46,0.21624389082,0.0154959373799999,0.15598543538,0.2218396604799999,0.1638670315399999,0.26866750322,7.40060464564,1.58242737288,-0.05887951878,-0.0217379035,0.01262519356,0.0215359561999999,0.07254073732,0.10129929646,0.096733423
13488,113,Urban,IGT,9.0,,,112.0,1.94,5.6,3.46,0.21624389082,0.0154959373799999,0.15598543538,0.2218396604799999,0.1638670315399999,0.26866750322,7.40060464564,1.58242737288,-0.05887951878,-0.0217379035,0.01262519356,0.0215359561999999,0.07254073732,0.10129929646,0.096733423
13489,113,Urban,IGT,10.0,,,112.0,1.94,5.6,3.46,0.21624389082,0.0154959373799999,0.15598543538,0.2218396604799999,0.1638670315399999,0.26866750322,7.40060464564,1.58242737288,-0.05887951878,-0.0217379035,0.01262519356,0.0215359561999999,0.07254073732,0.10129929646,0.096733423
13490,113,Urban,IGT,11.0,0.4,0.5,112.0,1.94,5.6,3.46,0.21624389082,0.0154959373799999,0.15598543538,0.2218396604799999,0.1638670315399999,0.26866750322,7.40060464564,1.58242737288,-0.05887951878,-0.0217379035,0.01262519356,0.0215359561999999,0.07254073732,0.10129929646,0.096733423
13491,113,Urban,IGT,12.0,0.6,0.9,112.0,1.94,5.6,3.46,0.21624389082,0.0154959373799999,0.15598543538,0.2218396604799999,0.1638670315399999,0.26866750322,7.40060464564,1.58242737288,-0.05887951878,-0.0217379035,0.01262519356,0.0215359561999999,0.07254073732,0.10129929646,0.096733423
13492,113,Urban,IGT,13.0,0.4,0.4,112.0,1.94,5.6,3.46,0.21624389082,0.0154959373799999,0.15598543538,0.2218396604799999,0.1638670315399999,0.26866750322,7.40060464564,1.58242737288,-0.05887951878,-0.0217379035,0.01262519356,0.0215359561999999,0.07254073732,0.10129929646,0.096733423
13493,113,Urban,IGT,14.0,0.4,0.5,112.0,1.94,5.6,3.46,0.21624389082,0.0154959373799999,0.15598543538,0.2218396604799999,0.1638670315399999,0.26866750322,7.40060464564,1.58242737288,-0.05887951878,-0.0217379035,0.01262519356,0.0215359561999999,0.07254073732,0.10129929646,0.096733423
13494,113,Urban,IGT,15.0,0.4,0.5,112.0,1.94,5.6,3.46,0.21624389082,0.0154959373799999,0.15598543538,0.2218396604799999,0.1638670315399999,0.26866750322,7.40060464564,1.58242737288,-0.05887951878,-0.0217379035,0.01262519356,0.0215359561999999,0.07254073732,0.10129929646,0.096733423
13495,113,Urban,IGT,16.0,0.5,0.5,112.0,1.94,5.6,3.46,0.21624389082,0.0154959373799999,0.15598543538,0.2218396604799999,0.1638670315399999,0.26866750322,7.40060464564,1.58242737288,-0.05887951878,-0.0217379035,0.01262519356,0.0215359561999999,0.07254073732,0.10129929646,0.096733423
13496,113,Urban,IGT,17.0,0.3,0.4,112.0,1.94,5.6,3.46,0.21624389082,0.0154959373799999,0.15598543538,0.2218396604799999,0.1638670315399999,0.26866750322,7.40060464564,1.58242737288,-0.05887951878,-0.0217379035,0.01262519356,0.0215359561999999,0.07254073732,0.10129929646,0.096733423
13497,113,Urban,IGT,18.0,0.6,0.5,112.0,1.94,5.6,3.46,0.21624389082,0.0154959373799999,0.15598543538,0.2218396604799999,0.1638670315399999,0.26866750322,7.40060464564,1.58242737288,-0.05887951878,-0.0217379035,0.01262519356,0.0215359561999999,0.07254073732,0.10129929646,0.096733423
13498,113,Urban,IGT,19.0,0.6,0.6,112.0,1.94,5.6,3.46,0.21624389082,0.0154959373799999,0.15598543538,0.2218396604799999,0.1638670315399999,0.26866750322,7.40060464564,1.58242737288,-0.05887951878,-0.0217379035,0.01262519356,0.0215359561999999,0.07254073732,0.10129929646,0.096733423
13499,113,Urban,IGT,20.0,0.6,0.4,112.0,1.94,5.6,3.46,0.21624389082,0.0154959373799999,0.15598543538,0.2218396604799999,0.1638670315399999,0.26866750322,7.40060464564,1.58242737288,-0.05887951878,-0.0217379035,0.01262519356,0.0215359561999999,0.07254073732,0.10129929646,0.096733423
13520,113,Control,IGT,1.0,,,,,,,,,,,,,,,,,,,,,
13521,113,Control,IGT,2.0,,,,,,,,,,,,,,,,,,,,,
13522,113,Control,IGT,3.0,,,,,,,,,,,,,,,,,,,,,
13523,113,Control,IGT,4.0,,,,,,,,,,,,,,,,,,,,,
13524,113,Control,IGT,5.0,,,,,,,,,,,,,,,,,,,,,
13525,113,Control,IGT,6.0,,,,,,,,,,,,,,,,,,,,,
13526,113,Control,IGT,7.0,,,,,,,,,,,,,,,,,,,,,
13527,113,Control,IGT,8.0,,,,,,,,,,,,,,,,,,,,,
13528,113,Control,IGT,9.0,,,,,,,,,,,,,,,,,,,,,
13529,113,Control,IGT,10.0,,,,,,,,,,,,,,,,,,,,,
13530,113,Control,IGT,11.0,,,,,,,,,,,,,,,,,,,,,
13531,113,Control,IGT,12.0,,,,,,,,,,,,,,,,,,,,,
13532,113,Control,IGT,13.0,,,,,,,,,,,,,,,,,,,,,
13533,113,Control,IGT,14.0,,,,,,,,,,,,,,,,,,,,,
13534,113,Control,IGT,15.0,,,,,,,,,,,,,,,,,,,,,
13535,113,Control,IGT,16.0,,,,,,,,,,,,,,,,,,,,,
13536,113,Control,IGT,17.0,,,,,,,,,,,,,,,,,,,,,
13537,113,Control,IGT,18.0,,,,,,,,,,,,,,,,,,,,,
13538,113,Control,IGT,19.0,,,,,,,,,,,,,,,,,,,,,
13539,113,Control,IGT,20.0,,,,,,,,,,,,,,,,,,,,,
13560,114,Nature,IGT,1.0,,,,,,,,,,,,,,,,,,,,,
13561,114,Nature,IGT,2.0,,,,,,,,,,,,,,,,,,,,,
13562,114,Nature,IGT,3.0,,,,,,,,,,,,,,,,,,,,,
13563,114,Nature,IGT,4.0,,,,,,,,,,,,,,,,,,,,,
13564,114,Nature,IGT,5.0,,,,,,,,,,,,,,,,,,,,,
13565,114,Nature,IGT,6.0,,,,,,,,,,,,,,,,,,,,,
13566,114,Nature,IGT,7.0,,,,,,,,,,,,,,,,,,,,,
13567,114,Nature,IGT,8.0,,,,,,,,,,,,,,,,,,,,,
13568,114,Nature,IGT,9.0,,,,,,,,,,,,,,,,,,,,,
13569,114,Nature,IGT,10.0,,,,,,,,,,,,,,,,,,,,,
13570,114,Nature,IGT,11.0,,,,,,,,,,,,,,,,,,,,,
13571,114,Nature,IGT,12.0,,,,,,,,,,,,,,,,,,,,,
13572,114,Nature,IGT,13.0,,,,,,,,,,,,,,,,,,,,,
13573,114,Nature,IGT,14.0,,,,,,,,,,,,,,,,,,,,,
13574,114,Nature,IGT,15.0,,,,,,,,,,,,,,,,,,,,,
13575,114,Nature,IGT,16.0,,,,,,,,,,,,,,,,,,,,,
13576,114,Nature,IGT,17.0,,,,,,,,,,,,,,,,,,,,,
13577,114,Nature,IGT,18.0,,,,,,,,,,,,,,,,,,,,,
13578,114,Nature,IGT,19.0,,,,,,,,,,,,,,,,,,,,,
13579,114,Nature,IGT,20.0,,,,,,,,,,,,,,,,,,,,,
13600,114,Urban,IGT,1.0,,,113.0,1.1,3.48,3.4,0.2172491103,0.18482149456,0.15219120882,0.21919550918,0.1612110743199999,0.26593597346,7.3907285001,1.59147598156,-0.05865356588,-0.0252016536799999,0.0150317970999999,0.0209055788,0.06905938788,0.1045568341,0.09951839884
13601,114,Urban,IGT,2.0,,,113.0,1.1,3.48,3.4,0.2172491103,0.18482149456,0.15219120882,0.21919550918,0.1612110743199999,0.26593597346,7.3907285001,1.59147598156,-0.05865356588,-0.0252016536799999,0.0150317970999999,0.0209055788,0.06905938788,0.1045568341,0.09951839884
13602,114,Urban,IGT,3.0,,,113.0,1.1,3.48,3.4,0.2172491103,0.18482149456,0.15219120882,0.21919550918,0.1612110743199999,0.26593597346,7.3907285001,1.59147598156,-0.05865356588,-0.0252016536799999,0.0150317970999999,0.0209055788,0.06905938788,0.1045568341,0.09951839884
13603,114,Urban,IGT,4.0,,,113.0,1.1,3.48,3.4,0.2172491103,0.18482149456,0.15219120882,0.21919550918,0.1612110743199999,0.26593597346,7.3907285001,1.59147598156,-0.05865356588,-0.0252016536799999,0.0150317970999999,0.0209055788,0.06905938788,0.1045568341,0.09951839884
13604,114,Urban,IGT,5.0,,,113.0,1.1,3.48,3.4,0.2172491103,0.18482149456,0.15219120882,0.21919550918,0.1612110743199999,0.26593597346,7.3907285001,1.59147598156,-0.05865356588,-0.0252016536799999,0.0150317970999999,0.0209055788,0.06905938788,0.1045568341,0.09951839884
13605,114,Urban,IGT,6.0,,,113.0,1.1,3.48,3.4,0.2172491103,0.18482149456,0.15219120882,0.21919550918,0.1612110743199999,0.26593597346,7.3907285001,1.59147598156,-0.05865356588,-0.0252016536799999,0.0150317970999999,0.0209055788,0.06905938788,0.1045568341,0.09951839884
13606,114,Urban,IGT,7.0,,,113.0,1.1,3.48,3.4,0.2172491103,0.18482149456,0.15219120882,0.21919550918,0.1612110743199999,0.26593597346,7.3907285001,1.59147598156,-0.05865356588,-0.0252016536799999,0.0150317970999999,0.0209055788,0.06905938788,0.1045568341,0.09951839884
13607,114,Urban,IGT,8.0,,,113.0,1.1,3.48,3.4,0.2172491103,0.18482149456,0.15219120882,0.21919550918,0.1612110743199999,0.26593597346,7.3907285001,1.59147598156,-0.05865356588,-0.0252016536799999,0.0150317970999999,0.0209055788,0.06905938788,0.1045568341,0.09951839884
13608,114,Urban,IGT,9.0,,,113.0,1.1,3.48,3.4,0.2172491103,0.18482149456,0.15219120882,0.21919550918,0.1612110743199999,0.26593597346,7.3907285001,1.59147598156,-0.05865356588,-0.0252016536799999,0.0150317970999999,0.0209055788,0.06905938788,0.1045568341,0.09951839884
13609,114,Urban,IGT,10.0,,,113.0,1.1,3.48,3.4,0.2172491103,0.18482149456,0.15219120882,0.21919550918,0.1612110743199999,0.26593597346,7.3907285001,1.59147598156,-0.05865356588,-0.0252016536799999,0.0150317970999999,0.0209055788,0.06905938788,0.1045568341,0.09951839884
13610,114,Urban,IGT,11.0,0.4,0.8,113.0,1.1,3.48,3.4,0.2172491103,0.18482149456,0.15219120882,0.21919550918,0.1612110743199999,0.26593597346,7.3907285001,1.59147598156,-0.05865356588,-0.0252016536799999,0.0150317970999999,0.0209055788,0.06905938788,0.1045568341,0.09951839884
13611,114,Urban,IGT,12.0,0.8,0.4,113.0,1.1,3.48,3.4,0.2172491103,0.18482149456,0.15219120882,0.21919550918,0.1612110743199999,0.26593597346,7.3907285001,1.59147598156,-0.05865356588,-0.0252016536799999,0.0150317970999999,0.0209055788,0.06905938788,0.1045568341,0.09951839884
13612,114,Urban,IGT,13.0,0.6,0.6,113.0,1.1,3.48,3.4,0.2172491103,0.18482149456,0.15219120882,0.21919550918,0.1612110743199999,0.26593597346,7.3907285001,1.59147598156,-0.05865356588,-0.0252016536799999,0.0150317970999999,0.0209055788,0.06905938788,0.1045568341,0.09951839884
13613,114,Urban,IGT,14.0,0.6,0.6,113.0,1.1,3.48,3.4,0.2172491103,0.18482149456,0.15219120882,0.21919550918,0.1612110743199999,0.26593597346,7.3907285001,1.59147598156,-0.05865356588,-0.0252016536799999,0.0150317970999999,0.0209055788,0.06905938788,0.1045568341,0.09951839884
13614,114,Urban,IGT,15.0,0.6,0.4,113.0,1.1,3.48,3.4,0.2172491103,0.18482149456,0.15219120882,0.21919550918,0.1612110743199999,0.26593597346,7.3907285001,1.59147598156,-0.05865356588,-0.0252016536799999,0.0150317970999999,0.0209055788,0.06905938788,0.1045568341,0.09951839884
13615,114,Urban,IGT,16.0,0.4,0.6,113.0,1.1,3.48,3.4,0.2172491103,0.18482149456,0.15219120882,0.21919550918,0.1612110743199999,0.26593597346,7.3907285001,1.59147598156,-0.05865356588,-0.0252016536799999,0.0150317970999999,0.0209055788,0.06905938788,0.1045568341,0.09951839884
13616,114,Urban,IGT,17.0,0.6,0.3,113.0,1.1,3.48,3.4,0.2172491103,0.18482149456,0.15219120882,0.21919550918,0.1612110743199999,0.26593597346,7.3907285001,1.59147598156,-0.05865356588,-0.0252016536799999,0.0150317970999999,0.0209055788,0.06905938788,0.1045568341,0.09951839884
13617,114,Urban,IGT,18.0,0.6,0.7,113.0,1.1,3.48,3.4,0.2172491103,0.18482149456,0.15219120882,0.21919550918,0.1612110743199999,0.26593597346,7.3907285001,1.59147598156,-0.05865356588,-0.0252016536799999,0.0150317970999999,0.0209055788,0.06905938788,0.1045568341,0.09951839884
13618,114,Urban,IGT,19.0,0.3,0.5,113.0,1.1,3.48,3.4,0.2172491103,0.18482149456,0.15219120882,0.21919550918,0.1612110743199999,0.26593597346,7.3907285001,1.59147598156,-0.05865356588,-0.0252016536799999,0.0150317970999999,0.0209055788,0.06905938788,0.1045568341,0.09951839884
13619,114,Urban,IGT,20.0,0.8,0.7,113.0,1.1,3.48,3.4,0.2172491103,0.18482149456,0.15219120882,0.21919550918,0.1612110743199999,0.26593597346,7.3907285001,1.59147598156,-0.05865356588,-0.0252016536799999,0.0150317970999999,0.0209055788,0.06905938788,0.1045568341,0.09951839884
13640,114,Control,IGT,1.0,,,,,,,,,,,,,,,,,,,,,
13641,114,Control,IGT,2.0,,,,,,,,,,,,,,,,,,,,,
13642,114,Control,IGT,3.0,,,,,,,,,,,,,,,,,,,,,
13643,114,Control,IGT,4.0,,,,,,,,,,,,,,,,,,,,,
13644,114,Control,IGT,5.0,,,,,,,,,,,,,,,,,,,,,
13645,114,Control,IGT,6.0,,,,,,,,,,,,,,,,,,,,,
13646,114,Control,IGT,7.0,,,,,,,,,,,,,,,,,,,,,
13647,114,Control,IGT,8.0,,,,,,,,,,,,,,,,,,,,,
13648,114,Control,IGT,9.0,,,,,,,,,,,,,,,,,,,,,
13649,114,Control,IGT,10.0,,,,,,,,,,,,,,,,,,,,,
13650,114,Control,IGT,11.0,,,,,,,,,,,,,,,,,,,,,
13651,114,Control,IGT,12.0,,,,,,,,,,,,,,,,,,,,,
13652,114,Control,IGT,13.0,,,,,,,,,,,,,,,,,,,,,
13653,114,Control,IGT,14.0,,,,,,,,,,,,,,,,,,,,,
13654,114,Control,IGT,15.0,,,,,,,,,,,,,,,,,,,,,
13655,114,Control,IGT,16.0,,,,,,,,,,,,,,,,,,,,,
13656,114,Control,IGT,17.0,,,,,,,,,,,,,,,,,,,,,
13657,114,Control,IGT,18.0,,,,,,,,,,,,,,,,,,,,,
13658,114,Control,IGT,19.0,,,,,,,,,,,,,,,,,,,,,
13659,114,Control,IGT,20.0,,,,,,,,,,,,,,,,,,,,,
13680,115,Nature,IGT,1.0,,,,,,,,,,,,,,,,,,,,,
13681,115,Nature,IGT,2.0,,,,,,,,,,,,,,,,,,,,,
13682,115,Nature,IGT,3.0,,,,,,,,,,,,,,,,,,,,,
13683,115,Nature,IGT,4.0,,,,,,,,,,,,,,,,,,,,,
13684,115,Nature,IGT,5.0,,,,,,,,,,,,,,,,,,,,,
13685,115,Nature,IGT,6.0,,,,,,,,,,,,,,,,,,,,,
13686,115,Nature,IGT,7.0,,,,,,,,,,,,,,,,,,,,,
13687,115,Nature,IGT,8.0,,,,,,,,,,,,,,,,,,,,,
13688,115,Nature,IGT,9.0,,,,,,,,,,,,,,,,,,,,,
13689,115,Nature,IGT,10.0,,,,,,,,,,,,,,,,,,,,,
13690,115,Nature,IGT,11.0,,,,,,,,,,,,,,,,,,,,,
13691,115,Nature,IGT,12.0,,,,,,,,,,,,,,,,,,,,,
13692,115,Nature,IGT,13.0,,,,,,,,,,,,,,,,,,,,,
13693,115,Nature,IGT,14.0,,,,,,,,,,,,,,,,,,,,,
13694,115,Nature,IGT,15.0,,,,,,,,,,,,,,,,,,,,,
13695,115,Nature,IGT,16.0,,,,,,,,,,,,,,,,,,,,,
13696,115,Nature,IGT,17.0,,,,,,,,,,,,,,,,,,,,,
13697,115,Nature,IGT,18.0,,,,,,,,,,,,,,,,,,,,,
13698,115,Nature,IGT,19.0,,,,,,,,,,,,,,,,,,,,,
13699,115,Nature,IGT,20.0,,,,,,,,,,,,,,,,,,,,,
13720,115,Urban,IGT,1.0,,,,,,,,,,,,,,,,,,,,,
13721,115,Urban,IGT,2.0,,,,,,,,,,,,,,,,,,,,,
13722,115,Urban,IGT,3.0,,,,,,,,,,,,,,,,,,,,,
13723,115,Urban,IGT,4.0,,,,,,,,,,,,,,,,,,,,,
13724,115,Urban,IGT,5.0,,,,,,,,,,,,,,,,,,,,,
13725,115,Urban,IGT,6.0,,,,,,,,,,,,,,,,,,,,,
13726,115,Urban,IGT,7.0,,,,,,,,,,,,,,,,,,,,,
13727,115,Urban,IGT,8.0,,,,,,,,,,,,,,,,,,,,,
13728,115,Urban,IGT,9.0,,,,,,,,,,,,,,,,,,,,,
13729,115,Urban,IGT,10.0,,,,,,,,,,,,,,,,,,,,,
13730,115,Urban,IGT,11.0,,,,,,,,,,,,,,,,,,,,,
13731,115,Urban,IGT,12.0,,,,,,,,,,,,,,,,,,,,,
13732,115,Urban,IGT,13.0,,,,,,,,,,,,,,,,,,,,,
13733,115,Urban,IGT,14.0,,,,,,,,,,,,,,,,,,,,,
13734,115,Urban,IGT,15.0,,,,,,,,,,,,,,,,,,,,,
13735,115,Urban,IGT,16.0,,,,,,,,,,,,,,,,,,,,,
13736,115,Urban,IGT,17.0,,,,,,,,,,,,,,,,,,,,,
13737,115,Urban,IGT,18.0,,,,,,,,,,,,,,,,,,,,,
13738,115,Urban,IGT,19.0,,,,,,,,,,,,,,,,,,,,,
13739,115,Urban,IGT,20.0,,,,,,,,,,,,,,,,,,,,,
13760,115,Control,IGT,1.0,,,114.0,4.18,2.9,2.76,,,,,,,,,,,,,,,
13761,115,Control,IGT,2.0,,,114.0,4.18,2.9,2.76,,,,,,,,,,,,,,,
13762,115,Control,IGT,3.0,,,114.0,4.18,2.9,2.76,,,,,,,,,,,,,,,
13763,115,Control,IGT,4.0,,,114.0,4.18,2.9,2.76,,,,,,,,,,,,,,,
13764,115,Control,IGT,5.0,,,114.0,4.18,2.9,2.76,,,,,,,,,,,,,,,
13765,115,Control,IGT,6.0,,,114.0,4.18,2.9,2.76,,,,,,,,,,,,,,,
13766,115,Control,IGT,7.0,,,114.0,4.18,2.9,2.76,,,,,,,,,,,,,,,
13767,115,Control,IGT,8.0,,,114.0,4.18,2.9,2.76,,,,,,,,,,,,,,,
13768,115,Control,IGT,9.0,,,114.0,4.18,2.9,2.76,,,,,,,,,,,,,,,
13769,115,Control,IGT,10.0,,,114.0,4.18,2.9,2.76,,,,,,,,,,,,,,,
13770,115,Control,IGT,11.0,0.6,0.5,114.0,4.18,2.9,2.76,,,,,,,,,,,,,,,
13771,115,Control,IGT,12.0,0.4,0.9,114.0,4.18,2.9,2.76,,,,,,,,,,,,,,,
13772,115,Control,IGT,13.0,0.6,0.6,114.0,4.18,2.9,2.76,,,,,,,,,,,,,,,
13773,115,Control,IGT,14.0,0.5,0.6,114.0,4.18,2.9,2.76,,,,,,,,,,,,,,,
13774,115,Control,IGT,15.0,0.5,0.4,114.0,4.18,2.9,2.76,,,,,,,,,,,,,,,
13775,115,Control,IGT,16.0,0.5,0.6,114.0,4.18,2.9,2.76,,,,,,,,,,,,,,,
13776,115,Control,IGT,17.0,0.5,0.7,114.0,4.18,2.9,2.76,,,,,,,,,,,,,,,
13777,115,Control,IGT,18.0,0.4,0.6,114.0,4.18,2.9,2.76,,,,,,,,,,,,,,,
13778,115,Control,IGT,19.0,0.6,0.6,114.0,4.18,2.9,2.76,,,,,,,,,,,,,,,
13779,115,Control,IGT,20.0,0.4,0.7,114.0,4.18,2.9,2.76,,,,,,,,,,,,,,,
13800,116,Nature,IGT,1.0,,,,,,,,,,,,,,,,,,,,,
13801,116,Nature,IGT,2.0,,,,,,,,,,,,,,,,,,,,,
13802,116,Nature,IGT,3.0,,,,,,,,,,,,,,,,,,,,,
13803,116,Nature,IGT,4.0,,,,,,,,,,,,,,,,,,,,,
13804,116,Nature,IGT,5.0,,,,,,,,,,,,,,,,,,,,,
13805,116,Nature,IGT,6.0,,,,,,,,,,,,,,,,,,,,,
13806,116,Nature,IGT,7.0,,,,,,,,,,,,,,,,,,,,,
13807,116,Nature,IGT,8.0,,,,,,,,,,,,,,,,,,,,,
13808,116,Nature,IGT,9.0,,,,,,,,,,,,,,,,,,,,,
13809,116,Nature,IGT,10.0,,,,,,,,,,,,,,,,,,,,,
13810,116,Nature,IGT,11.0,,,,,,,,,,,,,,,,,,,,,
13811,116,Nature,IGT,12.0,,,,,,,,,,,,,,,,,,,,,
13812,116,Nature,IGT,13.0,,,,,,,,,,,,,,,,,,,,,
13813,116,Nature,IGT,14.0,,,,,,,,,,,,,,,,,,,,,
13814,116,Nature,IGT,15.0,,,,,,,,,,,,,,,,,,,,,
13815,116,Nature,IGT,16.0,,,,,,,,,,,,,,,,,,,,,
13816,116,Nature,IGT,17.0,,,,,,,,,,,,,,,,,,,,,
13817,116,Nature,IGT,18.0,,,,,,,,,,,,,,,,,,,,,
13818,116,Nature,IGT,19.0,,,,,,,,,,,,,,,,,,,,,
13819,116,Nature,IGT,20.0,,,,,,,,,,,,,,,,,,,,,
13840,116,Urban,IGT,1.0,,,115.0,1.94,4.58,4.54,0.21539535094,0.17894490764,0.15364240814,0.21622591204,0.16104074474,0.26426056436,7.41368427568,1.60997339602,-0.05900769394,-0.01493385694,0.00363631156,0.0239159969199999,0.07058570232,0.10668867266,0.09928994462
13841,116,Urban,IGT,2.0,,,115.0,1.94,4.58,4.54,0.21539535094,0.17894490764,0.15364240814,0.21622591204,0.16104074474,0.26426056436,7.41368427568,1.60997339602,-0.05900769394,-0.01493385694,0.00363631156,0.0239159969199999,0.07058570232,0.10668867266,0.09928994462
13842,116,Urban,IGT,3.0,,,115.0,1.94,4.58,4.54,0.21539535094,0.17894490764,0.15364240814,0.21622591204,0.16104074474,0.26426056436,7.41368427568,1.60997339602,-0.05900769394,-0.01493385694,0.00363631156,0.0239159969199999,0.07058570232,0.10668867266,0.09928994462
13843,116,Urban,IGT,4.0,,,115.0,1.94,4.58,4.54,0.21539535094,0.17894490764,0.15364240814,0.21622591204,0.16104074474,0.26426056436,7.41368427568,1.60997339602,-0.05900769394,-0.01493385694,0.00363631156,0.0239159969199999,0.07058570232,0.10668867266,0.09928994462
13844,116,Urban,IGT,5.0,,,115.0,1.94,4.58,4.54,0.21539535094,0.17894490764,0.15364240814,0.21622591204,0.16104074474,0.26426056436,7.41368427568,1.60997339602,-0.05900769394,-0.01493385694,0.00363631156,0.0239159969199999,0.07058570232,0.10668867266,0.09928994462
13845,116,Urban,IGT,6.0,,,115.0,1.94,4.58,4.54,0.21539535094,0.17894490764,0.15364240814,0.21622591204,0.16104074474,0.26426056436,7.41368427568,1.60997339602,-0.05900769394,-0.01493385694,0.00363631156,0.0239159969199999,0.07058570232,0.10668867266,0.09928994462
13846,116,Urban,IGT,7.0,,,115.0,1.94,4.58,4.54,0.21539535094,0.17894490764,0.15364240814,0.21622591204,0.16104074474,0.26426056436,7.41368427568,1.60997339602,-0.05900769394,-0.01493385694,0.00363631156,0.0239159969199999,0.07058570232,0.10668867266,0.09928994462
13847,116,Urban,IGT,8.0,,,115.0,1.94,4.58,4.54,0.21539535094,0.17894490764,0.15364240814,0.21622591204,0.16104074474,0.26426056436,7.41368427568,1.60997339602,-0.05900769394,-0.01493385694,0.00363631156,0.0239159969199999,0.07058570232,0.10668867266,0.09928994462
13848,116,Urban,IGT,9.0,,,115.0,1.94,4.58,4.54,0.21539535094,0.17894490764,0.15364240814,0.21622591204,0.16104074474,0.26426056436,7.41368427568,1.60997339602,-0.05900769394,-0.01493385694,0.00363631156,0.0239159969199999,0.07058570232,0.10668867266,0.09928994462
13849,116,Urban,IGT,10.0,,,115.0,1.94,4.58,4.54,0.21539535094,0.17894490764,0.15364240814,0.21622591204,0.16104074474,0.26426056436,7.41368427568,1.60997339602,-0.05900769394,-0.01493385694,0.00363631156,0.0239159969199999,0.07058570232,0.10668867266,0.09928994462
13850,116,Urban,IGT,11.0,0.6,0.5,115.0,1.94,4.58,4.54,0.21539535094,0.17894490764,0.15364240814,0.21622591204,0.16104074474,0.26426056436,7.41368427568,1.60997339602,-0.05900769394,-0.01493385694,0.00363631156,0.0239159969199999,0.07058570232,0.10668867266,0.09928994462
13851,116,Urban,IGT,12.0,0.8,0.3,115.0,1.94,4.58,4.54,0.21539535094,0.17894490764,0.15364240814,0.21622591204,0.16104074474,0.26426056436,7.41368427568,1.60997339602,-0.05900769394,-0.01493385694,0.00363631156,0.0239159969199999,0.07058570232,0.10668867266,0.09928994462
13852,116,Urban,IGT,13.0,0.5,0.5,115.0,1.94,4.58,4.54,0.21539535094,0.17894490764,0.15364240814,0.21622591204,0.16104074474,0.26426056436,7.41368427568,1.60997339602,-0.05900769394,-0.01493385694,0.00363631156,0.0239159969199999,0.07058570232,0.10668867266,0.09928994462
13853,116,Urban,IGT,14.0,0.5,0.7,115.0,1.94,4.58,4.54,0.21539535094,0.17894490764,0.15364240814,0.21622591204,0.16104074474,0.26426056436,7.41368427568,1.60997339602,-0.05900769394,-0.01493385694,0.00363631156,0.0239159969199999,0.07058570232,0.10668867266,0.09928994462
13854,116,Urban,IGT,15.0,0.6,0.5,115.0,1.94,4.58,4.54,0.21539535094,0.17894490764,0.15364240814,0.21622591204,0.16104074474,0.26426056436,7.41368427568,1.60997339602,-0.05900769394,-0.01493385694,0.00363631156,0.0239159969199999,0.07058570232,0.10668867266,0.09928994462
13855,116,Urban,IGT,16.0,0.5,0.3,115.0,1.94,4.58,4.54,0.21539535094,0.17894490764,0.15364240814,0.21622591204,0.16104074474,0.26426056436,7.41368427568,1.60997339602,-0.05900769394,-0.01493385694,0.00363631156,0.0239159969199999,0.07058570232,0.10668867266,0.09928994462
13856,116,Urban,IGT,17.0,0.5,0.3,115.0,1.94,4.58,4.54,0.21539535094,0.17894490764,0.15364240814,0.21622591204,0.16104074474,0.26426056436,7.41368427568,1.60997339602,-0.05900769394,-0.01493385694,0.00363631156,0.0239159969199999,0.07058570232,0.10668867266,0.09928994462
13857,116,Urban,IGT,18.0,0.4,0.7,115.0,1.94,4.58,4.54,0.21539535094,0.17894490764,0.15364240814,0.21622591204,0.16104074474,0.26426056436,7.41368427568,1.60997339602,-0.05900769394,-0.01493385694,0.00363631156,0.0239159969199999,0.07058570232,0.10668867266,0.09928994462
13858,116,Urban,IGT,19.0,0.7,0.6,115.0,1.94,4.58,4.54,0.21539535094,0.17894490764,0.15364240814,0.21622591204,0.16104074474,0.26426056436,7.41368427568,1.60997339602,-0.05900769394,-0.01493385694,0.00363631156,0.0239159969199999,0.07058570232,0.10668867266,0.09928994462
13859,116,Urban,IGT,20.0,0.4,0.5,115.0,1.94,4.58,4.54,0.21539535094,0.17894490764,0.15364240814,0.21622591204,0.16104074474,0.26426056436,7.41368427568,1.60997339602,-0.05900769394,-0.01493385694,0.00363631156,0.0239159969199999,0.07058570232,0.10668867266,0.09928994462
13880,116,Control,IGT,1.0,,,,,,,,,,,,,,,,,,,,,
13881,116,Control,IGT,2.0,,,,,,,,,,,,,,,,,,,,,
13882,116,Control,IGT,3.0,,,,,,,,,,,,,,,,,,,,,
13883,116,Control,IGT,4.0,,,,,,,,,,,,,,,,,,,,,
13884,116,Control,IGT,5.0,,,,,,,,,,,,,,,,,,,,,
13885,116,Control,IGT,6.0,,,,,,,,,,,,,,,,,,,,,
13886,116,Control,IGT,7.0,,,,,,,,,,,,,,,,,,,,,
13887,116,Control,IGT,8.0,,,,,,,,,,,,,,,,,,,,,
13888,116,Control,IGT,9.0,,,,,,,,,,,,,,,,,,,,,
13889,116,Control,IGT,10.0,,,,,,,,,,,,,,,,,,,,,
13890,116,Control,IGT,11.0,,,,,,,,,,,,,,,,,,,,,
13891,116,Control,IGT,12.0,,,,,,,,,,,,,,,,,,,,,
13892,116,Control,IGT,13.0,,,,,,,,,,,,,,,,,,,,,
13893,116,Control,IGT,14.0,,,,,,,,,,,,,,,,,,,,,
13894,116,Control,IGT,15.0,,,,,,,,,,,,,,,,,,,,,
13895,116,Control,IGT,16.0,,,,,,,,,,,,,,,,,,,,,
13896,116,Control,IGT,17.0,,,,,,,,,,,,,,,,,,,,,
13897,116,Control,IGT,18.0,,,,,,,,,,,,,,,,,,,,,
13898,116,Control,IGT,19.0,,,,,,,,,,,,,,,,,,,,,
13899,116,Control,IGT,20.0,,,,,,,,,,,,,,,,,,,,,
13920,117,Nature,IGT,1.0,,,116.0,5.38,5.02,5.48,0.1677449803,-0.25002914486,0.23823175642,0.15632817102,0.2048370145799999,0.26157710234,7.52356532612,6.14169280474,-0.05708669156,0.00223528796,-0.00765315784,-0.02568497712,0.01864172208,0.14060734064,0.19021504978
13921,117,Nature,IGT,2.0,,,116.0,5.38,5.02,5.48,0.1677449803,-0.25002914486,0.23823175642,0.15632817102,0.2048370145799999,0.26157710234,7.52356532612,6.14169280474,-0.05708669156,0.00223528796,-0.00765315784,-0.02568497712,0.01864172208,0.14060734064,0.19021504978
13922,117,Nature,IGT,3.0,,,116.0,5.38,5.02,5.48,0.1677449803,-0.25002914486,0.23823175642,0.15632817102,0.2048370145799999,0.26157710234,7.52356532612,6.14169280474,-0.05708669156,0.00223528796,-0.00765315784,-0.02568497712,0.01864172208,0.14060734064,0.19021504978
13923,117,Nature,IGT,4.0,,,116.0,5.38,5.02,5.48,0.1677449803,-0.25002914486,0.23823175642,0.15632817102,0.2048370145799999,0.26157710234,7.52356532612,6.14169280474,-0.05708669156,0.00223528796,-0.00765315784,-0.02568497712,0.01864172208,0.14060734064,0.19021504978
13924,117,Nature,IGT,5.0,,,116.0,5.38,5.02,5.48,0.1677449803,-0.25002914486,0.23823175642,0.15632817102,0.2048370145799999,0.26157710234,7.52356532612,6.14169280474,-0.05708669156,0.00223528796,-0.00765315784,-0.02568497712,0.01864172208,0.14060734064,0.19021504978
13925,117,Nature,IGT,6.0,,,116.0,5.38,5.02,5.48,0.1677449803,-0.25002914486,0.23823175642,0.15632817102,0.2048370145799999,0.26157710234,7.52356532612,6.14169280474,-0.05708669156,0.00223528796,-0.00765315784,-0.02568497712,0.01864172208,0.14060734064,0.19021504978
13926,117,Nature,IGT,7.0,,,116.0,5.38,5.02,5.48,0.1677449803,-0.25002914486,0.23823175642,0.15632817102,0.2048370145799999,0.26157710234,7.52356532612,6.14169280474,-0.05708669156,0.00223528796,-0.00765315784,-0.02568497712,0.01864172208,0.14060734064,0.19021504978
13927,117,Nature,IGT,8.0,,,116.0,5.38,5.02,5.48,0.1677449803,-0.25002914486,0.23823175642,0.15632817102,0.2048370145799999,0.26157710234,7.52356532612,6.14169280474,-0.05708669156,0.00223528796,-0.00765315784,-0.02568497712,0.01864172208,0.14060734064,0.19021504978
13928,117,Nature,IGT,9.0,,,116.0,5.38,5.02,5.48,0.1677449803,-0.25002914486,0.23823175642,0.15632817102,0.2048370145799999,0.26157710234,7.52356532612,6.14169280474,-0.05708669156,0.00223528796,-0.00765315784,-0.02568497712,0.01864172208,0.14060734064,0.19021504978
13929,117,Nature,IGT,10.0,,,116.0,5.38,5.02,5.48,0.1677449803,-0.25002914486,0.23823175642,0.15632817102,0.2048370145799999,0.26157710234,7.52356532612,6.14169280474,-0.05708669156,0.00223528796,-0.00765315784,-0.02568497712,0.01864172208,0.14060734064,0.19021504978
13930,117,Nature,IGT,11.0,0.5,0.4,116.0,5.38,5.02,5.48,0.1677449803,-0.25002914486,0.23823175642,0.15632817102,0.2048370145799999,0.26157710234,7.52356532612,6.14169280474,-0.05708669156,0.00223528796,-0.00765315784,-0.02568497712,0.01864172208,0.14060734064,0.19021504978
13931,117,Nature,IGT,12.0,0.5,1.0,116.0,5.38,5.02,5.48,0.1677449803,-0.25002914486,0.23823175642,0.15632817102,0.2048370145799999,0.26157710234,7.52356532612,6.14169280474,-0.05708669156,0.00223528796,-0.00765315784,-0.02568497712,0.01864172208,0.14060734064,0.19021504978
13932,117,Nature,IGT,13.0,0.8,0.5,116.0,5.38,5.02,5.48,0.1677449803,-0.25002914486,0.23823175642,0.15632817102,0.2048370145799999,0.26157710234,7.52356532612,6.14169280474,-0.05708669156,0.00223528796,-0.00765315784,-0.02568497712,0.01864172208,0.14060734064,0.19021504978
13933,117,Nature,IGT,14.0,0.5,0.4,116.0,5.38,5.02,5.48,0.1677449803,-0.25002914486,0.23823175642,0.15632817102,0.2048370145799999,0.26157710234,7.52356532612,6.14169280474,-0.05708669156,0.00223528796,-0.00765315784,-0.02568497712,0.01864172208,0.14060734064,0.19021504978
13934,117,Nature,IGT,15.0,0.6,0.7,116.0,5.38,5.02,5.48,0.1677449803,-0.25002914486,0.23823175642,0.15632817102,0.2048370145799999,0.26157710234,7.52356532612,6.14169280474,-0.05708669156,0.00223528796,-0.00765315784,-0.02568497712,0.01864172208,0.14060734064,0.19021504978
13935,117,Nature,IGT,16.0,0.5,0.1,116.0,5.38,5.02,5.48,0.1677449803,-0.25002914486,0.23823175642,0.15632817102,0.2048370145799999,0.26157710234,7.52356532612,6.14169280474,-0.05708669156,0.00223528796,-0.00765315784,-0.02568497712,0.01864172208,0.14060734064,0.19021504978
13936,117,Nature,IGT,17.0,1.0,0.0,116.0,5.38,5.02,5.48,0.1677449803,-0.25002914486,0.23823175642,0.15632817102,0.2048370145799999,0.26157710234,7.52356532612,6.14169280474,-0.05708669156,0.00223528796,-0.00765315784,-0.02568497712,0.01864172208,0.14060734064,0.19021504978
13937,117,Nature,IGT,18.0,0.7,0.0,116.0,5.38,5.02,5.48,0.1677449803,-0.25002914486,0.23823175642,0.15632817102,0.2048370145799999,0.26157710234,7.52356532612,6.14169280474,-0.05708669156,0.00223528796,-0.00765315784,-0.02568497712,0.01864172208,0.14060734064,0.19021504978
13938,117,Nature,IGT,19.0,1.0,0.0,116.0,5.38,5.02,5.48,0.1677449803,-0.25002914486,0.23823175642,0.15632817102,0.2048370145799999,0.26157710234,7.52356532612,6.14169280474,-0.05708669156,0.00223528796,-0.00765315784,-0.02568497712,0.01864172208,0.14060734064,0.19021504978
13939,117,Nature,IGT,20.0,1.0,0.0,116.0,5.38,5.02,5.48,0.1677449803,-0.25002914486,0.23823175642,0.15632817102,0.2048370145799999,0.26157710234,7.52356532612,6.14169280474,-0.05708669156,0.00223528796,-0.00765315784,-0.02568497712,0.01864172208,0.14060734064,0.19021504978
13960,117,Urban,IGT,1.0,,,,,,,,,,,,,,,,,,,,,
13961,117,Urban,IGT,2.0,,,,,,,,,,,,,,,,,,,,,
13962,117,Urban,IGT,3.0,,,,,,,,,,,,,,,,,,,,,
13963,117,Urban,IGT,4.0,,,,,,,,,,,,,,,,,,,,,
13964,117,Urban,IGT,5.0,,,,,,,,,,,,,,,,,,,,,
13965,117,Urban,IGT,6.0,,,,,,,,,,,,,,,,,,,,,
13966,117,Urban,IGT,7.0,,,,,,,,,,,,,,,,,,,,,
13967,117,Urban,IGT,8.0,,,,,,,,,,,,,,,,,,,,,
13968,117,Urban,IGT,9.0,,,,,,,,,,,,,,,,,,,,,
13969,117,Urban,IGT,10.0,,,,,,,,,,,,,,,,,,,,,
13970,117,Urban,IGT,11.0,,,,,,,,,,,,,,,,,,,,,
13971,117,Urban,IGT,12.0,,,,,,,,,,,,,,,,,,,,,
13972,117,Urban,IGT,13.0,,,,,,,,,,,,,,,,,,,,,
13973,117,Urban,IGT,14.0,,,,,,,,,,,,,,,,,,,,,
13974,117,Urban,IGT,15.0,,,,,,,,,,,,,,,,,,,,,
13975,117,Urban,IGT,16.0,,,,,,,,,,,,,,,,,,,,,
13976,117,Urban,IGT,17.0,,,,,,,,,,,,,,,,,,,,,
13977,117,Urban,IGT,18.0,,,,,,,,,,,,,,,,,,,,,
13978,117,Urban,IGT,19.0,,,,,,,,,,,,,,,,,,,,,
13979,117,Urban,IGT,20.0,,,,,,,,,,,,,,,,,,,,,
14000,117,Control,IGT,1.0,,,,,,,,,,,,,,,,,,,,,
14001,117,Control,IGT,2.0,,,,,,,,,,,,,,,,,,,,,
14002,117,Control,IGT,3.0,,,,,,,,,,,,,,,,,,,,,
14003,117,Control,IGT,4.0,,,,,,,,,,,,,,,,,,,,,
14004,117,Control,IGT,5.0,,,,,,,,,,,,,,,,,,,,,
14005,117,Control,IGT,6.0,,,,,,,,,,,,,,,,,,,,,
14006,117,Control,IGT,7.0,,,,,,,,,,,,,,,,,,,,,
14007,117,Control,IGT,8.0,,,,,,,,,,,,,,,,,,,,,
14008,117,Control,IGT,9.0,,,,,,,,,,,,,,,,,,,,,
14009,117,Control,IGT,10.0,,,,,,,,,,,,,,,,,,,,,
14010,117,Control,IGT,11.0,,,,,,,,,,,,,,,,,,,,,
14011,117,Control,IGT,12.0,,,,,,,,,,,,,,,,,,,,,
14012,117,Control,IGT,13.0,,,,,,,,,,,,,,,,,,,,,
14013,117,Control,IGT,14.0,,,,,,,,,,,,,,,,,,,,,
14014,117,Control,IGT,15.0,,,,,,,,,,,,,,,,,,,,,
14015,117,Control,IGT,16.0,,,,,,,,,,,,,,,,,,,,,
14016,117,Control,IGT,17.0,,,,,,,,,,,,,,,,,,,,,
14017,117,Control,IGT,18.0,,,,,,,,,,,,,,,,,,,,,
14018,117,Control,IGT,19.0,,,,,,,,,,,,,,,,,,,,,
14019,117,Control,IGT,20.0,,,,,,,,,,,,,,,,,,,,,
14040,118,Nature,IGT,1.0,,,,,,,,,,,,,,,,,,,,,
14041,118,Nature,IGT,2.0,,,,,,,,,,,,,,,,,,,,,
14042,118,Nature,IGT,3.0,,,,,,,,,,,,,,,,,,,,,
14043,118,Nature,IGT,4.0,,,,,,,,,,,,,,,,,,,,,
14044,118,Nature,IGT,5.0,,,,,,,,,,,,,,,,,,,,,
14045,118,Nature,IGT,6.0,,,,,,,,,,,,,,,,,,,,,
14046,118,Nature,IGT,7.0,,,,,,,,,,,,,,,,,,,,,
14047,118,Nature,IGT,8.0,,,,,,,,,,,,,,,,,,,,,
14048,118,Nature,IGT,9.0,,,,,,,,,,,,,,,,,,,,,
14049,118,Nature,IGT,10.0,,,,,,,,,,,,,,,,,,,,,
14050,118,Nature,IGT,11.0,,,,,,,,,,,,,,,,,,,,,
14051,118,Nature,IGT,12.0,,,,,,,,,,,,,,,,,,,,,
14052,118,Nature,IGT,13.0,,,,,,,,,,,,,,,,,,,,,
14053,118,Nature,IGT,14.0,,,,,,,,,,,,,,,,,,,,,
14054,118,Nature,IGT,15.0,,,,,,,,,,,,,,,,,,,,,
14055,118,Nature,IGT,16.0,,,,,,,,,,,,,,,,,,,,,
14056,118,Nature,IGT,17.0,,,,,,,,,,,,,,,,,,,,,
14057,118,Nature,IGT,18.0,,,,,,,,,,,,,,,,,,,,,
14058,118,Nature,IGT,19.0,,,,,,,,,,,,,,,,,,,,,
14059,118,Nature,IGT,20.0,,,,,,,,,,,,,,,,,,,,,
14080,118,Urban,IGT,1.0,,,117.0,1.54,6.06,5.1,0.2166622432999999,0.176271725,0.14728537706,0.23503146996,0.1568498652,0.26163335406,7.39855248738,1.63162235316,-0.0567063399,-0.02364984918,0.01006113432,0.01914225524,0.06813078598,0.1037273861599999,0.10085137564
14081,118,Urban,IGT,2.0,,,117.0,1.54,6.06,5.1,0.2166622432999999,0.176271725,0.14728537706,0.23503146996,0.1568498652,0.26163335406,7.39855248738,1.63162235316,-0.0567063399,-0.02364984918,0.01006113432,0.01914225524,0.06813078598,0.1037273861599999,0.10085137564
14082,118,Urban,IGT,3.0,,,117.0,1.54,6.06,5.1,0.2166622432999999,0.176271725,0.14728537706,0.23503146996,0.1568498652,0.26163335406,7.39855248738,1.63162235316,-0.0567063399,-0.02364984918,0.01006113432,0.01914225524,0.06813078598,0.1037273861599999,0.10085137564
14083,118,Urban,IGT,4.0,,,117.0,1.54,6.06,5.1,0.2166622432999999,0.176271725,0.14728537706,0.23503146996,0.1568498652,0.26163335406,7.39855248738,1.63162235316,-0.0567063399,-0.02364984918,0.01006113432,0.01914225524,0.06813078598,0.1037273861599999,0.10085137564
14084,118,Urban,IGT,5.0,,,117.0,1.54,6.06,5.1,0.2166622432999999,0.176271725,0.14728537706,0.23503146996,0.1568498652,0.26163335406,7.39855248738,1.63162235316,-0.0567063399,-0.02364984918,0.01006113432,0.01914225524,0.06813078598,0.1037273861599999,0.10085137564
14085,118,Urban,IGT,6.0,,,117.0,1.54,6.06,5.1,0.2166622432999999,0.176271725,0.14728537706,0.23503146996,0.1568498652,0.26163335406,7.39855248738,1.63162235316,-0.0567063399,-0.02364984918,0.01006113432,0.01914225524,0.06813078598,0.1037273861599999,0.10085137564
14086,118,Urban,IGT,7.0,,,117.0,1.54,6.06,5.1,0.2166622432999999,0.176271725,0.14728537706,0.23503146996,0.1568498652,0.26163335406,7.39855248738,1.63162235316,-0.0567063399,-0.02364984918,0.01006113432,0.01914225524,0.06813078598,0.1037273861599999,0.10085137564
14087,118,Urban,IGT,8.0,,,117.0,1.54,6.06,5.1,0.2166622432999999,0.176271725,0.14728537706,0.23503146996,0.1568498652,0.26163335406,7.39855248738,1.63162235316,-0.0567063399,-0.02364984918,0.01006113432,0.01914225524,0.06813078598,0.1037273861599999,0.10085137564
14088,118,Urban,IGT,9.0,,,117.0,1.54,6.06,5.1,0.2166622432999999,0.176271725,0.14728537706,0.23503146996,0.1568498652,0.26163335406,7.39855248738,1.63162235316,-0.0567063399,-0.02364984918,0.01006113432,0.01914225524,0.06813078598,0.1037273861599999,0.10085137564
14089,118,Urban,IGT,10.0,,,117.0,1.54,6.06,5.1,0.2166622432999999,0.176271725,0.14728537706,0.23503146996,0.1568498652,0.26163335406,7.39855248738,1.63162235316,-0.0567063399,-0.02364984918,0.01006113432,0.01914225524,0.06813078598,0.1037273861599999,0.10085137564
14090,118,Urban,IGT,11.0,0.4,0.5,117.0,1.54,6.06,5.1,0.2166622432999999,0.176271725,0.14728537706,0.23503146996,0.1568498652,0.26163335406,7.39855248738,1.63162235316,-0.0567063399,-0.02364984918,0.01006113432,0.01914225524,0.06813078598,0.1037273861599999,0.10085137564
14091,118,Urban,IGT,12.0,0.4,0.9,117.0,1.54,6.06,5.1,0.2166622432999999,0.176271725,0.14728537706,0.23503146996,0.1568498652,0.26163335406,7.39855248738,1.63162235316,-0.0567063399,-0.02364984918,0.01006113432,0.01914225524,0.06813078598,0.1037273861599999,0.10085137564
14092,118,Urban,IGT,13.0,0.9,0.0,117.0,1.54,6.06,5.1,0.2166622432999999,0.176271725,0.14728537706,0.23503146996,0.1568498652,0.26163335406,7.39855248738,1.63162235316,-0.0567063399,-0.02364984918,0.01006113432,0.01914225524,0.06813078598,0.1037273861599999,0.10085137564
14093,118,Urban,IGT,14.0,0.6,0.6,117.0,1.54,6.06,5.1,0.2166622432999999,0.176271725,0.14728537706,0.23503146996,0.1568498652,0.26163335406,7.39855248738,1.63162235316,-0.0567063399,-0.02364984918,0.01006113432,0.01914225524,0.06813078598,0.1037273861599999,0.10085137564
14094,118,Urban,IGT,15.0,0.6,0.4,117.0,1.54,6.06,5.1,0.2166622432999999,0.176271725,0.14728537706,0.23503146996,0.1568498652,0.26163335406,7.39855248738,1.63162235316,-0.0567063399,-0.02364984918,0.01006113432,0.01914225524,0.06813078598,0.1037273861599999,0.10085137564
14095,118,Urban,IGT,16.0,1.0,0.0,117.0,1.54,6.06,5.1,0.2166622432999999,0.176271725,0.14728537706,0.23503146996,0.1568498652,0.26163335406,7.39855248738,1.63162235316,-0.0567063399,-0.02364984918,0.01006113432,0.01914225524,0.06813078598,0.1037273861599999,0.10085137564
14096,118,Urban,IGT,17.0,1.0,0.0,117.0,1.54,6.06,5.1,0.2166622432999999,0.176271725,0.14728537706,0.23503146996,0.1568498652,0.26163335406,7.39855248738,1.63162235316,-0.0567063399,-0.02364984918,0.01006113432,0.01914225524,0.06813078598,0.1037273861599999,0.10085137564
14097,118,Urban,IGT,18.0,1.0,0.0,117.0,1.54,6.06,5.1,0.2166622432999999,0.176271725,0.14728537706,0.23503146996,0.1568498652,0.26163335406,7.39855248738,1.63162235316,-0.0567063399,-0.02364984918,0.01006113432,0.01914225524,0.06813078598,0.1037273861599999,0.10085137564
14098,118,Urban,IGT,19.0,1.0,0.0,117.0,1.54,6.06,5.1,0.2166622432999999,0.176271725,0.14728537706,0.23503146996,0.1568498652,0.26163335406,7.39855248738,1.63162235316,-0.0567063399,-0.02364984918,0.01006113432,0.01914225524,0.06813078598,0.1037273861599999,0.10085137564
14099,118,Urban,IGT,20.0,1.0,0.0,117.0,1.54,6.06,5.1,0.2166622432999999,0.176271725,0.14728537706,0.23503146996,0.1568498652,0.26163335406,7.39855248738,1.63162235316,-0.0567063399,-0.02364984918,0.01006113432,0.01914225524,0.06813078598,0.1037273861599999,0.10085137564
14120,118,Control,IGT,1.0,,,,,,,,,,,,,,,,,,,,,
14121,118,Control,IGT,2.0,,,,,,,,,,,,,,,,,,,,,
14122,118,Control,IGT,3.0,,,,,,,,,,,,,,,,,,,,,
14123,118,Control,IGT,4.0,,,,,,,,,,,,,,,,,,,,,
14124,118,Control,IGT,5.0,,,,,,,,,,,,,,,,,,,,,
14125,118,Control,IGT,6.0,,,,,,,,,,,,,,,,,,,,,
14126,118,Control,IGT,7.0,,,,,,,,,,,,,,,,,,,,,
14127,118,Control,IGT,8.0,,,,,,,,,,,,,,,,,,,,,
14128,118,Control,IGT,9.0,,,,,,,,,,,,,,,,,,,,,
14129,118,Control,IGT,10.0,,,,,,,,,,,,,,,,,,,,,
14130,118,Control,IGT,11.0,,,,,,,,,,,,,,,,,,,,,
14131,118,Control,IGT,12.0,,,,,,,,,,,,,,,,,,,,,
14132,118,Control,IGT,13.0,,,,,,,,,,,,,,,,,,,,,
14133,118,Control,IGT,14.0,,,,,,,,,,,,,,,,,,,,,
14134,118,Control,IGT,15.0,,,,,,,,,,,,,,,,,,,,,
14135,118,Control,IGT,16.0,,,,,,,,,,,,,,,,,,,,,
14136,118,Control,IGT,17.0,,,,,,,,,,,,,,,,,,,,,
14137,118,Control,IGT,18.0,,,,,,,,,,,,,,,,,,,,,
14138,118,Control,IGT,19.0,,,,,,,,,,,,,,,,,,,,,
14139,118,Control,IGT,20.0,,,,,,,,,,,,,,,,,,,,,
14160,119,Nature,IGT,1.0,,,118.0,5.58,5.8,5.88,0.15485176584,-0.17081222896,0.24504357152,0.15970142062,0.2131451644599999,0.263764282,7.49867829642,6.217960495060001,-0.0604087847599999,0.01614701562,-0.0088488467,-0.01373074552,0.0178308913,0.13674465054,0.19288061622
14161,119,Nature,IGT,2.0,,,118.0,5.58,5.8,5.88,0.15485176584,-0.17081222896,0.24504357152,0.15970142062,0.2131451644599999,0.263764282,7.49867829642,6.217960495060001,-0.0604087847599999,0.01614701562,-0.0088488467,-0.01373074552,0.0178308913,0.13674465054,0.19288061622
14162,119,Nature,IGT,3.0,,,118.0,5.58,5.8,5.88,0.15485176584,-0.17081222896,0.24504357152,0.15970142062,0.2131451644599999,0.263764282,7.49867829642,6.217960495060001,-0.0604087847599999,0.01614701562,-0.0088488467,-0.01373074552,0.0178308913,0.13674465054,0.19288061622
14163,119,Nature,IGT,4.0,,,118.0,5.58,5.8,5.88,0.15485176584,-0.17081222896,0.24504357152,0.15970142062,0.2131451644599999,0.263764282,7.49867829642,6.217960495060001,-0.0604087847599999,0.01614701562,-0.0088488467,-0.01373074552,0.0178308913,0.13674465054,0.19288061622
14164,119,Nature,IGT,5.0,,,118.0,5.58,5.8,5.88,0.15485176584,-0.17081222896,0.24504357152,0.15970142062,0.2131451644599999,0.263764282,7.49867829642,6.217960495060001,-0.0604087847599999,0.01614701562,-0.0088488467,-0.01373074552,0.0178308913,0.13674465054,0.19288061622
14165,119,Nature,IGT,6.0,,,118.0,5.58,5.8,5.88,0.15485176584,-0.17081222896,0.24504357152,0.15970142062,0.2131451644599999,0.263764282,7.49867829642,6.217960495060001,-0.0604087847599999,0.01614701562,-0.0088488467,-0.01373074552,0.0178308913,0.13674465054,0.19288061622
14166,119,Nature,IGT,7.0,,,118.0,5.58,5.8,5.88,0.15485176584,-0.17081222896,0.24504357152,0.15970142062,0.2131451644599999,0.263764282,7.49867829642,6.217960495060001,-0.0604087847599999,0.01614701562,-0.0088488467,-0.01373074552,0.0178308913,0.13674465054,0.19288061622
14167,119,Nature,IGT,8.0,,,118.0,5.58,5.8,5.88,0.15485176584,-0.17081222896,0.24504357152,0.15970142062,0.2131451644599999,0.263764282,7.49867829642,6.217960495060001,-0.0604087847599999,0.01614701562,-0.0088488467,-0.01373074552,0.0178308913,0.13674465054,0.19288061622
14168,119,Nature,IGT,9.0,,,118.0,5.58,5.8,5.88,0.15485176584,-0.17081222896,0.24504357152,0.15970142062,0.2131451644599999,0.263764282,7.49867829642,6.217960495060001,-0.0604087847599999,0.01614701562,-0.0088488467,-0.01373074552,0.0178308913,0.13674465054,0.19288061622
14169,119,Nature,IGT,10.0,,,118.0,5.58,5.8,5.88,0.15485176584,-0.17081222896,0.24504357152,0.15970142062,0.2131451644599999,0.263764282,7.49867829642,6.217960495060001,-0.0604087847599999,0.01614701562,-0.0088488467,-0.01373074552,0.0178308913,0.13674465054,0.19288061622
14170,119,Nature,IGT,11.0,0.2,0.8,118.0,5.58,5.8,5.88,0.15485176584,-0.17081222896,0.24504357152,0.15970142062,0.2131451644599999,0.263764282,7.49867829642,6.217960495060001,-0.0604087847599999,0.01614701562,-0.0088488467,-0.01373074552,0.0178308913,0.13674465054,0.19288061622
14171,119,Nature,IGT,12.0,0.6,0.4,118.0,5.58,5.8,5.88,0.15485176584,-0.17081222896,0.24504357152,0.15970142062,0.2131451644599999,0.263764282,7.49867829642,6.217960495060001,-0.0604087847599999,0.01614701562,-0.0088488467,-0.01373074552,0.0178308913,0.13674465054,0.19288061622
14172,119,Nature,IGT,13.0,0.8,0.2,118.0,5.58,5.8,5.88,0.15485176584,-0.17081222896,0.24504357152,0.15970142062,0.2131451644599999,0.263764282,7.49867829642,6.217960495060001,-0.0604087847599999,0.01614701562,-0.0088488467,-0.01373074552,0.0178308913,0.13674465054,0.19288061622
14173,119,Nature,IGT,14.0,0.2,0.5,118.0,5.58,5.8,5.88,0.15485176584,-0.17081222896,0.24504357152,0.15970142062,0.2131451644599999,0.263764282,7.49867829642,6.217960495060001,-0.0604087847599999,0.01614701562,-0.0088488467,-0.01373074552,0.0178308913,0.13674465054,0.19288061622
14174,119,Nature,IGT,15.0,1.0,0.6,118.0,5.58,5.8,5.88,0.15485176584,-0.17081222896,0.24504357152,0.15970142062,0.2131451644599999,0.263764282,7.49867829642,6.217960495060001,-0.0604087847599999,0.01614701562,-0.0088488467,-0.01373074552,0.0178308913,0.13674465054,0.19288061622
14175,119,Nature,IGT,16.0,0.4,0.6,118.0,5.58,5.8,5.88,0.15485176584,-0.17081222896,0.24504357152,0.15970142062,0.2131451644599999,0.263764282,7.49867829642,6.217960495060001,-0.0604087847599999,0.01614701562,-0.0088488467,-0.01373074552,0.0178308913,0.13674465054,0.19288061622
14176,119,Nature,IGT,17.0,0.7,0.4,118.0,5.58,5.8,5.88,0.15485176584,-0.17081222896,0.24504357152,0.15970142062,0.2131451644599999,0.263764282,7.49867829642,6.217960495060001,-0.0604087847599999,0.01614701562,-0.0088488467,-0.01373074552,0.0178308913,0.13674465054,0.19288061622
14177,119,Nature,IGT,18.0,1.0,0.5,118.0,5.58,5.8,5.88,0.15485176584,-0.17081222896,0.24504357152,0.15970142062,0.2131451644599999,0.263764282,7.49867829642,6.217960495060001,-0.0604087847599999,0.01614701562,-0.0088488467,-0.01373074552,0.0178308913,0.13674465054,0.19288061622
14178,119,Nature,IGT,19.0,0.8,0.1,118.0,5.58,5.8,5.88,0.15485176584,-0.17081222896,0.24504357152,0.15970142062,0.2131451644599999,0.263764282,7.49867829642,6.217960495060001,-0.0604087847599999,0.01614701562,-0.0088488467,-0.01373074552,0.0178308913,0.13674465054,0.19288061622
14179,119,Nature,IGT,20.0,1.0,0.7,118.0,5.58,5.8,5.88,0.15485176584,-0.17081222896,0.24504357152,0.15970142062,0.2131451644599999,0.263764282,7.49867829642,6.217960495060001,-0.0604087847599999,0.01614701562,-0.0088488467,-0.01373074552,0.0178308913,0.13674465054,0.19288061622
14200,119,Urban,IGT,1.0,,,,,,,,,,,,,,,,,,,,,
14201,119,Urban,IGT,2.0,,,,,,,,,,,,,,,,,,,,,
14202,119,Urban,IGT,3.0,,,,,,,,,,,,,,,,,,,,,
14203,119,Urban,IGT,4.0,,,,,,,,,,,,,,,,,,,,,
14204,119,Urban,IGT,5.0,,,,,,,,,,,,,,,,,,,,,
14205,119,Urban,IGT,6.0,,,,,,,,,,,,,,,,,,,,,
14206,119,Urban,IGT,7.0,,,,,,,,,,,,,,,,,,,,,
14207,119,Urban,IGT,8.0,,,,,,,,,,,,,,,,,,,,,
14208,119,Urban,IGT,9.0,,,,,,,,,,,,,,,,,,,,,
14209,119,Urban,IGT,10.0,,,,,,,,,,,,,,,,,,,,,
14210,119,Urban,IGT,11.0,,,,,,,,,,,,,,,,,,,,,
14211,119,Urban,IGT,12.0,,,,,,,,,,,,,,,,,,,,,
14212,119,Urban,IGT,13.0,,,,,,,,,,,,,,,,,,,,,
14213,119,Urban,IGT,14.0,,,,,,,,,,,,,,,,,,,,,
14214,119,Urban,IGT,15.0,,,,,,,,,,,,,,,,,,,,,
14215,119,Urban,IGT,16.0,,,,,,,,,,,,,,,,,,,,,
14216,119,Urban,IGT,17.0,,,,,,,,,,,,,,,,,,,,,
14217,119,Urban,IGT,18.0,,,,,,,,,,,,,,,,,,,,,
14218,119,Urban,IGT,19.0,,,,,,,,,,,,,,,,,,,,,
14219,119,Urban,IGT,20.0,,,,,,,,,,,,,,,,,,,,,
14240,119,Control,IGT,1.0,,,,,,,,,,,,,,,,,,,,,
14241,119,Control,IGT,2.0,,,,,,,,,,,,,,,,,,,,,
14242,119,Control,IGT,3.0,,,,,,,,,,,,,,,,,,,,,
14243,119,Control,IGT,4.0,,,,,,,,,,,,,,,,,,,,,
14244,119,Control,IGT,5.0,,,,,,,,,,,,,,,,,,,,,
14245,119,Control,IGT,6.0,,,,,,,,,,,,,,,,,,,,,
14246,119,Control,IGT,7.0,,,,,,,,,,,,,,,,,,,,,
14247,119,Control,IGT,8.0,,,,,,,,,,,,,,,,,,,,,
14248,119,Control,IGT,9.0,,,,,,,,,,,,,,,,,,,,,
14249,119,Control,IGT,10.0,,,,,,,,,,,,,,,,,,,,,
14250,119,Control,IGT,11.0,,,,,,,,,,,,,,,,,,,,,
14251,119,Control,IGT,12.0,,,,,,,,,,,,,,,,,,,,,
14252,119,Control,IGT,13.0,,,,,,,,,,,,,,,,,,,,,
14253,119,Control,IGT,14.0,,,,,,,,,,,,,,,,,,,,,
14254,119,Control,IGT,15.0,,,,,,,,,,,,,,,,,,,,,
14255,119,Control,IGT,16.0,,,,,,,,,,,,,,,,,,,,,
14256,119,Control,IGT,17.0,,,,,,,,,,,,,,,,,,,,,
14257,119,Control,IGT,18.0,,,,,,,,,,,,,,,,,,,,,
14258,119,Control,IGT,19.0,,,,,,,,,,,,,,,,,,,,,
14259,119,Control,IGT,20.0,,,,,,,,,,,,,,,,,,,,,
14280,120,Nature,IGT,1.0,,,119.0,5.84,5.46,6.12,0.16181810758,-0.0366952497999999,0.22748584776,0.15514236112,0.21498696976,0.2693553436999999,7.540130577019999,6.29730767596,-0.06287979002,0.01219977906,0.0070974930399999,-0.0120905410199999,0.01923866028,0.14023903954,0.19173511864
14281,120,Nature,IGT,2.0,,,119.0,5.84,5.46,6.12,0.16181810758,-0.0366952497999999,0.22748584776,0.15514236112,0.21498696976,0.2693553436999999,7.540130577019999,6.29730767596,-0.06287979002,0.01219977906,0.0070974930399999,-0.0120905410199999,0.01923866028,0.14023903954,0.19173511864
14282,120,Nature,IGT,3.0,,,119.0,5.84,5.46,6.12,0.16181810758,-0.0366952497999999,0.22748584776,0.15514236112,0.21498696976,0.2693553436999999,7.540130577019999,6.29730767596,-0.06287979002,0.01219977906,0.0070974930399999,-0.0120905410199999,0.01923866028,0.14023903954,0.19173511864
14283,120,Nature,IGT,4.0,,,119.0,5.84,5.46,6.12,0.16181810758,-0.0366952497999999,0.22748584776,0.15514236112,0.21498696976,0.2693553436999999,7.540130577019999,6.29730767596,-0.06287979002,0.01219977906,0.0070974930399999,-0.0120905410199999,0.01923866028,0.14023903954,0.19173511864
14284,120,Nature,IGT,5.0,,,119.0,5.84,5.46,6.12,0.16181810758,-0.0366952497999999,0.22748584776,0.15514236112,0.21498696976,0.2693553436999999,7.540130577019999,6.29730767596,-0.06287979002,0.01219977906,0.0070974930399999,-0.0120905410199999,0.01923866028,0.14023903954,0.19173511864
14285,120,Nature,IGT,6.0,,,119.0,5.84,5.46,6.12,0.16181810758,-0.0366952497999999,0.22748584776,0.15514236112,0.21498696976,0.2693553436999999,7.540130577019999,6.29730767596,-0.06287979002,0.01219977906,0.0070974930399999,-0.0120905410199999,0.01923866028,0.14023903954,0.19173511864
14286,120,Nature,IGT,7.0,,,119.0,5.84,5.46,6.12,0.16181810758,-0.0366952497999999,0.22748584776,0.15514236112,0.21498696976,0.2693553436999999,7.540130577019999,6.29730767596,-0.06287979002,0.01219977906,0.0070974930399999,-0.0120905410199999,0.01923866028,0.14023903954,0.19173511864
14287,120,Nature,IGT,8.0,,,119.0,5.84,5.46,6.12,0.16181810758,-0.0366952497999999,0.22748584776,0.15514236112,0.21498696976,0.2693553436999999,7.540130577019999,6.29730767596,-0.06287979002,0.01219977906,0.0070974930399999,-0.0120905410199999,0.01923866028,0.14023903954,0.19173511864
14288,120,Nature,IGT,9.0,,,119.0,5.84,5.46,6.12,0.16181810758,-0.0366952497999999,0.22748584776,0.15514236112,0.21498696976,0.2693553436999999,7.540130577019999,6.29730767596,-0.06287979002,0.01219977906,0.0070974930399999,-0.0120905410199999,0.01923866028,0.14023903954,0.19173511864
14289,120,Nature,IGT,10.0,,,119.0,5.84,5.46,6.12,0.16181810758,-0.0366952497999999,0.22748584776,0.15514236112,0.21498696976,0.2693553436999999,7.540130577019999,6.29730767596,-0.06287979002,0.01219977906,0.0070974930399999,-0.0120905410199999,0.01923866028,0.14023903954,0.19173511864
14290,120,Nature,IGT,11.0,0.4,0.4,119.0,5.84,5.46,6.12,0.16181810758,-0.0366952497999999,0.22748584776,0.15514236112,0.21498696976,0.2693553436999999,7.540130577019999,6.29730767596,-0.06287979002,0.01219977906,0.0070974930399999,-0.0120905410199999,0.01923866028,0.14023903954,0.19173511864
14291,120,Nature,IGT,12.0,0.7,0.8,119.0,5.84,5.46,6.12,0.16181810758,-0.0366952497999999,0.22748584776,0.15514236112,0.21498696976,0.2693553436999999,7.540130577019999,6.29730767596,-0.06287979002,0.01219977906,0.0070974930399999,-0.0120905410199999,0.01923866028,0.14023903954,0.19173511864
14292,120,Nature,IGT,13.0,0.8,0.3,119.0,5.84,5.46,6.12,0.16181810758,-0.0366952497999999,0.22748584776,0.15514236112,0.21498696976,0.2693553436999999,7.540130577019999,6.29730767596,-0.06287979002,0.01219977906,0.0070974930399999,-0.0120905410199999,0.01923866028,0.14023903954,0.19173511864
14293,120,Nature,IGT,14.0,0.2,0.5,119.0,5.84,5.46,6.12,0.16181810758,-0.0366952497999999,0.22748584776,0.15514236112,0.21498696976,0.2693553436999999,7.540130577019999,6.29730767596,-0.06287979002,0.01219977906,0.0070974930399999,-0.0120905410199999,0.01923866028,0.14023903954,0.19173511864
14294,120,Nature,IGT,15.0,0.4,0.5,119.0,5.84,5.46,6.12,0.16181810758,-0.0366952497999999,0.22748584776,0.15514236112,0.21498696976,0.2693553436999999,7.540130577019999,6.29730767596,-0.06287979002,0.01219977906,0.0070974930399999,-0.0120905410199999,0.01923866028,0.14023903954,0.19173511864
14295,120,Nature,IGT,16.0,0.7,0.1,119.0,5.84,5.46,6.12,0.16181810758,-0.0366952497999999,0.22748584776,0.15514236112,0.21498696976,0.2693553436999999,7.540130577019999,6.29730767596,-0.06287979002,0.01219977906,0.0070974930399999,-0.0120905410199999,0.01923866028,0.14023903954,0.19173511864
14296,120,Nature,IGT,17.0,0.9,0.1,119.0,5.84,5.46,6.12,0.16181810758,-0.0366952497999999,0.22748584776,0.15514236112,0.21498696976,0.2693553436999999,7.540130577019999,6.29730767596,-0.06287979002,0.01219977906,0.0070974930399999,-0.0120905410199999,0.01923866028,0.14023903954,0.19173511864
14297,120,Nature,IGT,18.0,0.5,0.3,119.0,5.84,5.46,6.12,0.16181810758,-0.0366952497999999,0.22748584776,0.15514236112,0.21498696976,0.2693553436999999,7.540130577019999,6.29730767596,-0.06287979002,0.01219977906,0.0070974930399999,-0.0120905410199999,0.01923866028,0.14023903954,0.19173511864
14298,120,Nature,IGT,19.0,0.6,0.0,119.0,5.84,5.46,6.12,0.16181810758,-0.0366952497999999,0.22748584776,0.15514236112,0.21498696976,0.2693553436999999,7.540130577019999,6.29730767596,-0.06287979002,0.01219977906,0.0070974930399999,-0.0120905410199999,0.01923866028,0.14023903954,0.19173511864
14299,120,Nature,IGT,20.0,1.0,0.0,119.0,5.84,5.46,6.12,0.16181810758,-0.0366952497999999,0.22748584776,0.15514236112,0.21498696976,0.2693553436999999,7.540130577019999,6.29730767596,-0.06287979002,0.01219977906,0.0070974930399999,-0.0120905410199999,0.01923866028,0.14023903954,0.19173511864
14320,120,Urban,IGT,1.0,,,,,,,,,,,,,,,,,,,,,
14321,120,Urban,IGT,2.0,,,,,,,,,,,,,,,,,,,,,
14322,120,Urban,IGT,3.0,,,,,,,,,,,,,,,,,,,,,
14323,120,Urban,IGT,4.0,,,,,,,,,,,,,,,,,,,,,
14324,120,Urban,IGT,5.0,,,,,,,,,,,,,,,,,,,,,
14325,120,Urban,IGT,6.0,,,,,,,,,,,,,,,,,,,,,
14326,120,Urban,IGT,7.0,,,,,,,,,,,,,,,,,,,,,
14327,120,Urban,IGT,8.0,,,,,,,,,,,,,,,,,,,,,
14328,120,Urban,IGT,9.0,,,,,,,,,,,,,,,,,,,,,
14329,120,Urban,IGT,10.0,,,,,,,,,,,,,,,,,,,,,
14330,120,Urban,IGT,11.0,,,,,,,,,,,,,,,,,,,,,
14331,120,Urban,IGT,12.0,,,,,,,,,,,,,,,,,,,,,
14332,120,Urban,IGT,13.0,,,,,,,,,,,,,,,,,,,,,
14333,120,Urban,IGT,14.0,,,,,,,,,,,,,,,,,,,,,
14334,120,Urban,IGT,15.0,,,,,,,,,,,,,,,,,,,,,
14335,120,Urban,IGT,16.0,,,,,,,,,,,,,,,,,,,,,
14336,120,Urban,IGT,17.0,,,,,,,,,,,,,,,,,,,,,
14337,120,Urban,IGT,18.0,,,,,,,,,,,,,,,,,,,,,
14338,120,Urban,IGT,19.0,,,,,,,,,,,,,,,,,,,,,
14339,120,Urban,IGT,20.0,,,,,,,,,,,,,,,,,,,,,
14360,120,Control,IGT,1.0,,,,,,,,,,,,,,,,,,,,,
14361,120,Control,IGT,2.0,,,,,,,,,,,,,,,,,,,,,
14362,120,Control,IGT,3.0,,,,,,,,,,,,,,,,,,,,,
14363,120,Control,IGT,4.0,,,,,,,,,,,,,,,,,,,,,
14364,120,Control,IGT,5.0,,,,,,,,,,,,,,,,,,,,,
14365,120,Control,IGT,6.0,,,,,,,,,,,,,,,,,,,,,
14366,120,Control,IGT,7.0,,,,,,,,,,,,,,,,,,,,,
14367,120,Control,IGT,8.0,,,,,,,,,,,,,,,,,,,,,
14368,120,Control,IGT,9.0,,,,,,,,,,,,,,,,,,,,,
14369,120,Control,IGT,10.0,,,,,,,,,,,,,,,,,,,,,
14370,120,Control,IGT,11.0,,,,,,,,,,,,,,,,,,,,,
14371,120,Control,IGT,12.0,,,,,,,,,,,,,,,,,,,,,
14372,120,Control,IGT,13.0,,,,,,,,,,,,,,,,,,,,,
14373,120,Control,IGT,14.0,,,,,,,,,,,,,,,,,,,,,
14374,120,Control,IGT,15.0,,,,,,,,,,,,,,,,,,,,,
14375,120,Control,IGT,16.0,,,,,,,,,,,,,,,,,,,,,
14376,120,Control,IGT,17.0,,,,,,,,,,,,,,,,,,,,,
14377,120,Control,IGT,18.0,,,,,,,,,,,,,,,,,,,,,
14378,120,Control,IGT,19.0,,,,,,,,,,,,,,,,,,,,,
14379,120,Control,IGT,20.0,,,,,,,,,,,,,,,,,,,,,
14400,121,Nature,IGT,1.0,,,,,,,,,,,,,,,,,,,,,
14401,121,Nature,IGT,2.0,,,,,,,,,,,,,,,,,,,,,
14402,121,Nature,IGT,3.0,,,,,,,,,,,,,,,,,,,,,
14403,121,Nature,IGT,4.0,,,,,,,,,,,,,,,,,,,,,
14404,121,Nature,IGT,5.0,,,,,,,,,,,,,,,,,,,,,
14405,121,Nature,IGT,6.0,,,,,,,,,,,,,,,,,,,,,
14406,121,Nature,IGT,7.0,,,,,,,,,,,,,,,,,,,,,
14407,121,Nature,IGT,8.0,,,,,,,,,,,,,,,,,,,,,
14408,121,Nature,IGT,9.0,,,,,,,,,,,,,,,,,,,,,
14409,121,Nature,IGT,10.0,,,,,,,,,,,,,,,,,,,,,
14410,121,Nature,IGT,11.0,,,,,,,,,,,,,,,,,,,,,
14411,121,Nature,IGT,12.0,,,,,,,,,,,,,,,,,,,,,
14412,121,Nature,IGT,13.0,,,,,,,,,,,,,,,,,,,,,
14413,121,Nature,IGT,14.0,,,,,,,,,,,,,,,,,,,,,
14414,121,Nature,IGT,15.0,,,,,,,,,,,,,,,,,,,,,
14415,121,Nature,IGT,16.0,,,,,,,,,,,,,,,,,,,,,
14416,121,Nature,IGT,17.0,,,,,,,,,,,,,,,,,,,,,
14417,121,Nature,IGT,18.0,,,,,,,,,,,,,,,,,,,,,
14418,121,Nature,IGT,19.0,,,,,,,,,,,,,,,,,,,,,
14419,121,Nature,IGT,20.0,,,,,,,,,,,,,,,,,,,,,
14440,121,Urban,IGT,1.0,,,,,,,,,,,,,,,,,,,,,
14441,121,Urban,IGT,2.0,,,,,,,,,,,,,,,,,,,,,
14442,121,Urban,IGT,3.0,,,,,,,,,,,,,,,,,,,,,
14443,121,Urban,IGT,4.0,,,,,,,,,,,,,,,,,,,,,
14444,121,Urban,IGT,5.0,,,,,,,,,,,,,,,,,,,,,
14445,121,Urban,IGT,6.0,,,,,,,,,,,,,,,,,,,,,
14446,121,Urban,IGT,7.0,,,,,,,,,,,,,,,,,,,,,
14447,121,Urban,IGT,8.0,,,,,,,,,,,,,,,,,,,,,
14448,121,Urban,IGT,9.0,,,,,,,,,,,,,,,,,,,,,
14449,121,Urban,IGT,10.0,,,,,,,,,,,,,,,,,,,,,
14450,121,Urban,IGT,11.0,,,,,,,,,,,,,,,,,,,,,
14451,121,Urban,IGT,12.0,,,,,,,,,,,,,,,,,,,,,
14452,121,Urban,IGT,13.0,,,,,,,,,,,,,,,,,,,,,
14453,121,Urban,IGT,14.0,,,,,,,,,,,,,,,,,,,,,
14454,121,Urban,IGT,15.0,,,,,,,,,,,,,,,,,,,,,
14455,121,Urban,IGT,16.0,,,,,,,,,,,,,,,,,,,,,
14456,121,Urban,IGT,17.0,,,,,,,,,,,,,,,,,,,,,
14457,121,Urban,IGT,18.0,,,,,,,,,,,,,,,,,,,,,
14458,121,Urban,IGT,19.0,,,,,,,,,,,,,,,,,,,,,
14459,121,Urban,IGT,20.0,,,,,,,,,,,,,,,,,,,,,
14480,121,Control,IGT,1.0,,,120.0,4.52,3.52,3.68,,,,,,,,,,,,,,,
14481,121,Control,IGT,2.0,,,120.0,4.52,3.52,3.68,,,,,,,,,,,,,,,
14482,121,Control,IGT,3.0,,,120.0,4.52,3.52,3.68,,,,,,,,,,,,,,,
14483,121,Control,IGT,4.0,,,120.0,4.52,3.52,3.68,,,,,,,,,,,,,,,
14484,121,Control,IGT,5.0,,,120.0,4.52,3.52,3.68,,,,,,,,,,,,,,,
14485,121,Control,IGT,6.0,,,120.0,4.52,3.52,3.68,,,,,,,,,,,,,,,
14486,121,Control,IGT,7.0,,,120.0,4.52,3.52,3.68,,,,,,,,,,,,,,,
14487,121,Control,IGT,8.0,,,120.0,4.52,3.52,3.68,,,,,,,,,,,,,,,
14488,121,Control,IGT,9.0,,,120.0,4.52,3.52,3.68,,,,,,,,,,,,,,,
14489,121,Control,IGT,10.0,,,120.0,4.52,3.52,3.68,,,,,,,,,,,,,,,
14490,121,Control,IGT,11.0,0.2,0.6,120.0,4.52,3.52,3.68,,,,,,,,,,,,,,,
14491,121,Control,IGT,12.0,0.6,1.0,120.0,4.52,3.52,3.68,,,,,,,,,,,,,,,
14492,121,Control,IGT,13.0,1.0,0.3,120.0,4.52,3.52,3.68,,,,,,,,,,,,,,,
14493,121,Control,IGT,14.0,0.3,0.2,120.0,4.52,3.52,3.68,,,,,,,,,,,,,,,
14494,121,Control,IGT,15.0,0.5,0.8,120.0,4.52,3.52,3.68,,,,,,,,,,,,,,,
14495,121,Control,IGT,16.0,1.0,1.0,120.0,4.52,3.52,3.68,,,,,,,,,,,,,,,
14496,121,Control,IGT,17.0,1.0,1.0,120.0,4.52,3.52,3.68,,,,,,,,,,,,,,,
14497,121,Control,IGT,18.0,1.0,1.0,120.0,4.52,3.52,3.68,,,,,,,,,,,,,,,
14498,121,Control,IGT,19.0,0.9,1.0,120.0,4.52,3.52,3.68,,,,,,,,,,,,,,,
14499,121,Control,IGT,20.0,1.0,1.0,120.0,4.52,3.52,3.68,,,,,,,,,,,,,,,
14520,122,Nature,IGT,1.0,,,,,,,,,,,,,,,,,,,,,
14521,122,Nature,IGT,2.0,,,,,,,,,,,,,,,,,,,,,
14522,122,Nature,IGT,3.0,,,,,,,,,,,,,,,,,,,,,
14523,122,Nature,IGT,4.0,,,,,,,,,,,,,,,,,,,,,
14524,122,Nature,IGT,5.0,,,,,,,,,,,,,,,,,,,,,
14525,122,Nature,IGT,6.0,,,,,,,,,,,,,,,,,,,,,
14526,122,Nature,IGT,7.0,,,,,,,,,,,,,,,,,,,,,
14527,122,Nature,IGT,8.0,,,,,,,,,,,,,,,,,,,,,
14528,122,Nature,IGT,9.0,,,,,,,,,,,,,,,,,,,,,
14529,122,Nature,IGT,10.0,,,,,,,,,,,,,,,,,,,,,
14530,122,Nature,IGT,11.0,,,,,,,,,,,,,,,,,,,,,
14531,122,Nature,IGT,12.0,,,,,,,,,,,,,,,,,,,,,
14532,122,Nature,IGT,13.0,,,,,,,,,,,,,,,,,,,,,
14533,122,Nature,IGT,14.0,,,,,,,,,,,,,,,,,,,,,
14534,122,Nature,IGT,15.0,,,,,,,,,,,,,,,,,,,,,
14535,122,Nature,IGT,16.0,,,,,,,,,,,,,,,,,,,,,
14536,122,Nature,IGT,17.0,,,,,,,,,,,,,,,,,,,,,
14537,122,Nature,IGT,18.0,,,,,,,,,,,,,,,,,,,,,
14538,122,Nature,IGT,19.0,,,,,,,,,,,,,,,,,,,,,
14539,122,Nature,IGT,20.0,,,,,,,,,,,,,,,,,,,,,
14560,122,Urban,IGT,1.0,,,121.0,2.14,4.3,3.52,0.2226774918,0.05557756184,0.1427395506,0.22535072156,0.15345662184,0.26566328952,7.4116383052,1.58311609258,-0.05806896848,-0.02296750624,0.00889196546,0.02330383024,0.06767881626,0.10559921216,0.09954645576
14561,122,Urban,IGT,2.0,,,121.0,2.14,4.3,3.52,0.2226774918,0.05557756184,0.1427395506,0.22535072156,0.15345662184,0.26566328952,7.4116383052,1.58311609258,-0.05806896848,-0.02296750624,0.00889196546,0.02330383024,0.06767881626,0.10559921216,0.09954645576
14562,122,Urban,IGT,3.0,,,121.0,2.14,4.3,3.52,0.2226774918,0.05557756184,0.1427395506,0.22535072156,0.15345662184,0.26566328952,7.4116383052,1.58311609258,-0.05806896848,-0.02296750624,0.00889196546,0.02330383024,0.06767881626,0.10559921216,0.09954645576
14563,122,Urban,IGT,4.0,,,121.0,2.14,4.3,3.52,0.2226774918,0.05557756184,0.1427395506,0.22535072156,0.15345662184,0.26566328952,7.4116383052,1.58311609258,-0.05806896848,-0.02296750624,0.00889196546,0.02330383024,0.06767881626,0.10559921216,0.09954645576
14564,122,Urban,IGT,5.0,,,121.0,2.14,4.3,3.52,0.2226774918,0.05557756184,0.1427395506,0.22535072156,0.15345662184,0.26566328952,7.4116383052,1.58311609258,-0.05806896848,-0.02296750624,0.00889196546,0.02330383024,0.06767881626,0.10559921216,0.09954645576
14565,122,Urban,IGT,6.0,,,121.0,2.14,4.3,3.52,0.2226774918,0.05557756184,0.1427395506,0.22535072156,0.15345662184,0.26566328952,7.4116383052,1.58311609258,-0.05806896848,-0.02296750624,0.00889196546,0.02330383024,0.06767881626,0.10559921216,0.09954645576
14566,122,Urban,IGT,7.0,,,121.0,2.14,4.3,3.52,0.2226774918,0.05557756184,0.1427395506,0.22535072156,0.15345662184,0.26566328952,7.4116383052,1.58311609258,-0.05806896848,-0.02296750624,0.00889196546,0.02330383024,0.06767881626,0.10559921216,0.09954645576
14567,122,Urban,IGT,8.0,,,121.0,2.14,4.3,3.52,0.2226774918,0.05557756184,0.1427395506,0.22535072156,0.15345662184,0.26566328952,7.4116383052,1.58311609258,-0.05806896848,-0.02296750624,0.00889196546,0.02330383024,0.06767881626,0.10559921216,0.09954645576
14568,122,Urban,IGT,9.0,,,121.0,2.14,4.3,3.52,0.2226774918,0.05557756184,0.1427395506,0.22535072156,0.15345662184,0.26566328952,7.4116383052,1.58311609258,-0.05806896848,-0.02296750624,0.00889196546,0.02330383024,0.06767881626,0.10559921216,0.09954645576
14569,122,Urban,IGT,10.0,,,121.0,2.14,4.3,3.52,0.2226774918,0.05557756184,0.1427395506,0.22535072156,0.15345662184,0.26566328952,7.4116383052,1.58311609258,-0.05806896848,-0.02296750624,0.00889196546,0.02330383024,0.06767881626,0.10559921216,0.09954645576
14570,122,Urban,IGT,11.0,0.9,0.6,121.0,2.14,4.3,3.52,0.2226774918,0.05557756184,0.1427395506,0.22535072156,0.15345662184,0.26566328952,7.4116383052,1.58311609258,-0.05806896848,-0.02296750624,0.00889196546,0.02330383024,0.06767881626,0.10559921216,0.09954645576
14571,122,Urban,IGT,12.0,0.0,0.6,121.0,2.14,4.3,3.52,0.2226774918,0.05557756184,0.1427395506,0.22535072156,0.15345662184,0.26566328952,7.4116383052,1.58311609258,-0.05806896848,-0.02296750624,0.00889196546,0.02330383024,0.06767881626,0.10559921216,0.09954645576
14572,122,Urban,IGT,13.0,0.6,0.8,121.0,2.14,4.3,3.52,0.2226774918,0.05557756184,0.1427395506,0.22535072156,0.15345662184,0.26566328952,7.4116383052,1.58311609258,-0.05806896848,-0.02296750624,0.00889196546,0.02330383024,0.06767881626,0.10559921216,0.09954645576
14573,122,Urban,IGT,14.0,0.6,0.2,121.0,2.14,4.3,3.52,0.2226774918,0.05557756184,0.1427395506,0.22535072156,0.15345662184,0.26566328952,7.4116383052,1.58311609258,-0.05806896848,-0.02296750624,0.00889196546,0.02330383024,0.06767881626,0.10559921216,0.09954645576
14574,122,Urban,IGT,15.0,0.8,0.2,121.0,2.14,4.3,3.52,0.2226774918,0.05557756184,0.1427395506,0.22535072156,0.15345662184,0.26566328952,7.4116383052,1.58311609258,-0.05806896848,-0.02296750624,0.00889196546,0.02330383024,0.06767881626,0.10559921216,0.09954645576
14575,122,Urban,IGT,16.0,0.7,0.4,121.0,2.14,4.3,3.52,0.2226774918,0.05557756184,0.1427395506,0.22535072156,0.15345662184,0.26566328952,7.4116383052,1.58311609258,-0.05806896848,-0.02296750624,0.00889196546,0.02330383024,0.06767881626,0.10559921216,0.09954645576
14576,122,Urban,IGT,17.0,0.5,0.2,121.0,2.14,4.3,3.52,0.2226774918,0.05557756184,0.1427395506,0.22535072156,0.15345662184,0.26566328952,7.4116383052,1.58311609258,-0.05806896848,-0.02296750624,0.00889196546,0.02330383024,0.06767881626,0.10559921216,0.09954645576
14577,122,Urban,IGT,18.0,0.9,0.5,121.0,2.14,4.3,3.52,0.2226774918,0.05557756184,0.1427395506,0.22535072156,0.15345662184,0.26566328952,7.4116383052,1.58311609258,-0.05806896848,-0.02296750624,0.00889196546,0.02330383024,0.06767881626,0.10559921216,0.09954645576
14578,122,Urban,IGT,19.0,0.5,0.4,121.0,2.14,4.3,3.52,0.2226774918,0.05557756184,0.1427395506,0.22535072156,0.15345662184,0.26566328952,7.4116383052,1.58311609258,-0.05806896848,-0.02296750624,0.00889196546,0.02330383024,0.06767881626,0.10559921216,0.09954645576
14579,122,Urban,IGT,20.0,0.9,0.5,121.0,2.14,4.3,3.52,0.2226774918,0.05557756184,0.1427395506,0.22535072156,0.15345662184,0.26566328952,7.4116383052,1.58311609258,-0.05806896848,-0.02296750624,0.00889196546,0.02330383024,0.06767881626,0.10559921216,0.09954645576
14600,122,Control,IGT,1.0,,,,,,,,,,,,,,,,,,,,,
14601,122,Control,IGT,2.0,,,,,,,,,,,,,,,,,,,,,
14602,122,Control,IGT,3.0,,,,,,,,,,,,,,,,,,,,,
14603,122,Control,IGT,4.0,,,,,,,,,,,,,,,,,,,,,
14604,122,Control,IGT,5.0,,,,,,,,,,,,,,,,,,,,,
14605,122,Control,IGT,6.0,,,,,,,,,,,,,,,,,,,,,
14606,122,Control,IGT,7.0,,,,,,,,,,,,,,,,,,,,,
14607,122,Control,IGT,8.0,,,,,,,,,,,,,,,,,,,,,
14608,122,Control,IGT,9.0,,,,,,,,,,,,,,,,,,,,,
14609,122,Control,IGT,10.0,,,,,,,,,,,,,,,,,,,,,
14610,122,Control,IGT,11.0,,,,,,,,,,,,,,,,,,,,,
14611,122,Control,IGT,12.0,,,,,,,,,,,,,,,,,,,,,
14612,122,Control,IGT,13.0,,,,,,,,,,,,,,,,,,,,,
14613,122,Control,IGT,14.0,,,,,,,,,,,,,,,,,,,,,
14614,122,Control,IGT,15.0,,,,,,,,,,,,,,,,,,,,,
14615,122,Control,IGT,16.0,,,,,,,,,,,,,,,,,,,,,
14616,122,Control,IGT,17.0,,,,,,,,,,,,,,,,,,,,,
14617,122,Control,IGT,18.0,,,,,,,,,,,,,,,,,,,,,
14618,122,Control,IGT,19.0,,,,,,,,,,,,,,,,,,,,,
14619,122,Control,IGT,20.0,,,,,,,,,,,,,,,,,,,,,
14640,123,Nature,IGT,1.0,,,,,,,,,,,,,,,,,,,,,
14641,123,Nature,IGT,2.0,,,,,,,,,,,,,,,,,,,,,
14642,123,Nature,IGT,3.0,,,,,,,,,,,,,,,,,,,,,
14643,123,Nature,IGT,4.0,,,,,,,,,,,,,,,,,,,,,
14644,123,Nature,IGT,5.0,,,,,,,,,,,,,,,,,,,,,
14645,123,Nature,IGT,6.0,,,,,,,,,,,,,,,,,,,,,
14646,123,Nature,IGT,7.0,,,,,,,,,,,,,,,,,,,,,
14647,123,Nature,IGT,8.0,,,,,,,,,,,,,,,,,,,,,
14648,123,Nature,IGT,9.0,,,,,,,,,,,,,,,,,,,,,
14649,123,Nature,IGT,10.0,,,,,,,,,,,,,,,,,,,,,
14650,123,Nature,IGT,11.0,,,,,,,,,,,,,,,,,,,,,
14651,123,Nature,IGT,12.0,,,,,,,,,,,,,,,,,,,,,
14652,123,Nature,IGT,13.0,,,,,,,,,,,,,,,,,,,,,
14653,123,Nature,IGT,14.0,,,,,,,,,,,,,,,,,,,,,
14654,123,Nature,IGT,15.0,,,,,,,,,,,,,,,,,,,,,
14655,123,Nature,IGT,16.0,,,,,,,,,,,,,,,,,,,,,
14656,123,Nature,IGT,17.0,,,,,,,,,,,,,,,,,,,,,
14657,123,Nature,IGT,18.0,,,,,,,,,,,,,,,,,,,,,
14658,123,Nature,IGT,19.0,,,,,,,,,,,,,,,,,,,,,
14659,123,Nature,IGT,20.0,,,,,,,,,,,,,,,,,,,,,
14680,123,Urban,IGT,1.0,,,,,,,,,,,,,,,,,,,,,
14681,123,Urban,IGT,2.0,,,,,,,,,,,,,,,,,,,,,
14682,123,Urban,IGT,3.0,,,,,,,,,,,,,,,,,,,,,
14683,123,Urban,IGT,4.0,,,,,,,,,,,,,,,,,,,,,
14684,123,Urban,IGT,5.0,,,,,,,,,,,,,,,,,,,,,
14685,123,Urban,IGT,6.0,,,,,,,,,,,,,,,,,,,,,
14686,123,Urban,IGT,7.0,,,,,,,,,,,,,,,,,,,,,
14687,123,Urban,IGT,8.0,,,,,,,,,,,,,,,,,,,,,
14688,123,Urban,IGT,9.0,,,,,,,,,,,,,,,,,,,,,
14689,123,Urban,IGT,10.0,,,,,,,,,,,,,,,,,,,,,
14690,123,Urban,IGT,11.0,,,,,,,,,,,,,,,,,,,,,
14691,123,Urban,IGT,12.0,,,,,,,,,,,,,,,,,,,,,
14692,123,Urban,IGT,13.0,,,,,,,,,,,,,,,,,,,,,
14693,123,Urban,IGT,14.0,,,,,,,,,,,,,,,,,,,,,
14694,123,Urban,IGT,15.0,,,,,,,,,,,,,,,,,,,,,
14695,123,Urban,IGT,16.0,,,,,,,,,,,,,,,,,,,,,
14696,123,Urban,IGT,17.0,,,,,,,,,,,,,,,,,,,,,
14697,123,Urban,IGT,18.0,,,,,,,,,,,,,,,,,,,,,
14698,123,Urban,IGT,19.0,,,,,,,,,,,,,,,,,,,,,
14699,123,Urban,IGT,20.0,,,,,,,,,,,,,,,,,,,,,
14720,123,Control,IGT,1.0,,,122.0,3.34,3.34,3.24,,,,,,,,,,,,,,,
14721,123,Control,IGT,2.0,,,122.0,3.34,3.34,3.24,,,,,,,,,,,,,,,
14722,123,Control,IGT,3.0,,,122.0,3.34,3.34,3.24,,,,,,,,,,,,,,,
14723,123,Control,IGT,4.0,,,122.0,3.34,3.34,3.24,,,,,,,,,,,,,,,
14724,123,Control,IGT,5.0,,,122.0,3.34,3.34,3.24,,,,,,,,,,,,,,,
14725,123,Control,IGT,6.0,,,122.0,3.34,3.34,3.24,,,,,,,,,,,,,,,
14726,123,Control,IGT,7.0,,,122.0,3.34,3.34,3.24,,,,,,,,,,,,,,,
14727,123,Control,IGT,8.0,,,122.0,3.34,3.34,3.24,,,,,,,,,,,,,,,
14728,123,Control,IGT,9.0,,,122.0,3.34,3.34,3.24,,,,,,,,,,,,,,,
14729,123,Control,IGT,10.0,,,122.0,3.34,3.34,3.24,,,,,,,,,,,,,,,
14730,123,Control,IGT,11.0,1.0,0.6,122.0,3.34,3.34,3.24,,,,,,,,,,,,,,,
14731,123,Control,IGT,12.0,0.4,1.0,122.0,3.34,3.34,3.24,,,,,,,,,,,,,,,
14732,123,Control,IGT,13.0,0.2,0.3,122.0,3.34,3.34,3.24,,,,,,,,,,,,,,,
14733,123,Control,IGT,14.0,1.0,0.0,122.0,3.34,3.34,3.24,,,,,,,,,,,,,,,
14734,123,Control,IGT,15.0,1.0,0.0,122.0,3.34,3.34,3.24,,,,,,,,,,,,,,,
14735,123,Control,IGT,16.0,1.0,0.0,122.0,3.34,3.34,3.24,,,,,,,,,,,,,,,
14736,123,Control,IGT,17.0,1.0,0.0,122.0,3.34,3.34,3.24,,,,,,,,,,,,,,,
14737,123,Control,IGT,18.0,1.0,0.0,122.0,3.34,3.34,3.24,,,,,,,,,,,,,,,
14738,123,Control,IGT,19.0,1.0,0.0,122.0,3.34,3.34,3.24,,,,,,,,,,,,,,,
14739,123,Control,IGT,20.0,1.0,0.0,122.0,3.34,3.34,3.24,,,,,,,,,,,,,,,
14760,124,Nature,IGT,1.0,,,,,,,,,,,,,,,,,,,,,
14761,124,Nature,IGT,2.0,,,,,,,,,,,,,,,,,,,,,
14762,124,Nature,IGT,3.0,,,,,,,,,,,,,,,,,,,,,
14763,124,Nature,IGT,4.0,,,,,,,,,,,,,,,,,,,,,
14764,124,Nature,IGT,5.0,,,,,,,,,,,,,,,,,,,,,
14765,124,Nature,IGT,6.0,,,,,,,,,,,,,,,,,,,,,
14766,124,Nature,IGT,7.0,,,,,,,,,,,,,,,,,,,,,
14767,124,Nature,IGT,8.0,,,,,,,,,,,,,,,,,,,,,
14768,124,Nature,IGT,9.0,,,,,,,,,,,,,,,,,,,,,
14769,124,Nature,IGT,10.0,,,,,,,,,,,,,,,,,,,,,
14770,124,Nature,IGT,11.0,,,,,,,,,,,,,,,,,,,,,
14771,124,Nature,IGT,12.0,,,,,,,,,,,,,,,,,,,,,
14772,124,Nature,IGT,13.0,,,,,,,,,,,,,,,,,,,,,
14773,124,Nature,IGT,14.0,,,,,,,,,,,,,,,,,,,,,
14774,124,Nature,IGT,15.0,,,,,,,,,,,,,,,,,,,,,
14775,124,Nature,IGT,16.0,,,,,,,,,,,,,,,,,,,,,
14776,124,Nature,IGT,17.0,,,,,,,,,,,,,,,,,,,,,
14777,124,Nature,IGT,18.0,,,,,,,,,,,,,,,,,,,,,
14778,124,Nature,IGT,19.0,,,,,,,,,,,,,,,,,,,,,
14779,124,Nature,IGT,20.0,,,,,,,,,,,,,,,,,,,,,
14800,124,Urban,IGT,1.0,,,,,,,,,,,,,,,,,,,,,
14801,124,Urban,IGT,2.0,,,,,,,,,,,,,,,,,,,,,
14802,124,Urban,IGT,3.0,,,,,,,,,,,,,,,,,,,,,
14803,124,Urban,IGT,4.0,,,,,,,,,,,,,,,,,,,,,
14804,124,Urban,IGT,5.0,,,,,,,,,,,,,,,,,,,,,
14805,124,Urban,IGT,6.0,,,,,,,,,,,,,,,,,,,,,
14806,124,Urban,IGT,7.0,,,,,,,,,,,,,,,,,,,,,
14807,124,Urban,IGT,8.0,,,,,,,,,,,,,,,,,,,,,
14808,124,Urban,IGT,9.0,,,,,,,,,,,,,,,,,,,,,
14809,124,Urban,IGT,10.0,,,,,,,,,,,,,,,,,,,,,
14810,124,Urban,IGT,11.0,,,,,,,,,,,,,,,,,,,,,
14811,124,Urban,IGT,12.0,,,,,,,,,,,,,,,,,,,,,
14812,124,Urban,IGT,13.0,,,,,,,,,,,,,,,,,,,,,
14813,124,Urban,IGT,14.0,,,,,,,,,,,,,,,,,,,,,
14814,124,Urban,IGT,15.0,,,,,,,,,,,,,,,,,,,,,
14815,124,Urban,IGT,16.0,,,,,,,,,,,,,,,,,,,,,
14816,124,Urban,IGT,17.0,,,,,,,,,,,,,,,,,,,,,
14817,124,Urban,IGT,18.0,,,,,,,,,,,,,,,,,,,,,
14818,124,Urban,IGT,19.0,,,,,,,,,,,,,,,,,,,,,
14819,124,Urban,IGT,20.0,,,,,,,,,,,,,,,,,,,,,
14840,124,Control,IGT,1.0,,,123.0,1.74,2.04,2.0,,,,,,,,,,,,,,,
14841,124,Control,IGT,2.0,,,123.0,1.74,2.04,2.0,,,,,,,,,,,,,,,
14842,124,Control,IGT,3.0,,,123.0,1.74,2.04,2.0,,,,,,,,,,,,,,,
14843,124,Control,IGT,4.0,,,123.0,1.74,2.04,2.0,,,,,,,,,,,,,,,
14844,124,Control,IGT,5.0,,,123.0,1.74,2.04,2.0,,,,,,,,,,,,,,,
14845,124,Control,IGT,6.0,,,123.0,1.74,2.04,2.0,,,,,,,,,,,,,,,
14846,124,Control,IGT,7.0,,,123.0,1.74,2.04,2.0,,,,,,,,,,,,,,,
14847,124,Control,IGT,8.0,,,123.0,1.74,2.04,2.0,,,,,,,,,,,,,,,
14848,124,Control,IGT,9.0,,,123.0,1.74,2.04,2.0,,,,,,,,,,,,,,,
14849,124,Control,IGT,10.0,,,123.0,1.74,2.04,2.0,,,,,,,,,,,,,,,
14850,124,Control,IGT,11.0,0.9,0.2,123.0,1.74,2.04,2.0,,,,,,,,,,,,,,,
14851,124,Control,IGT,12.0,0.5,0.0,123.0,1.74,2.04,2.0,,,,,,,,,,,,,,,
14852,124,Control,IGT,13.0,0.7,0.4,123.0,1.74,2.04,2.0,,,,,,,,,,,,,,,
14853,124,Control,IGT,14.0,0.0,1.0,123.0,1.74,2.04,2.0,,,,,,,,,,,,,,,
14854,124,Control,IGT,15.0,0.4,0.1,123.0,1.74,2.04,2.0,,,,,,,,,,,,,,,
14855,124,Control,IGT,16.0,1.0,0.0,123.0,1.74,2.04,2.0,,,,,,,,,,,,,,,
14856,124,Control,IGT,17.0,0.5,0.9,123.0,1.74,2.04,2.0,,,,,,,,,,,,,,,
14857,124,Control,IGT,18.0,0.5,1.0,123.0,1.74,2.04,2.0,,,,,,,,,,,,,,,
14858,124,Control,IGT,19.0,0.3,0.7,123.0,1.74,2.04,2.0,,,,,,,,,,,,,,,
14859,124,Control,IGT,20.0,1.0,0.0,123.0,1.74,2.04,2.0,,,,,,,,,,,,,,,
14880,125,Nature,IGT,1.0,,,,,,,,,,,,,,,,,,,,,
14881,125,Nature,IGT,2.0,,,,,,,,,,,,,,,,,,,,,
14882,125,Nature,IGT,3.0,,,,,,,,,,,,,,,,,,,,,
14883,125,Nature,IGT,4.0,,,,,,,,,,,,,,,,,,,,,
14884,125,Nature,IGT,5.0,,,,,,,,,,,,,,,,,,,,,
14885,125,Nature,IGT,6.0,,,,,,,,,,,,,,,,,,,,,
14886,125,Nature,IGT,7.0,,,,,,,,,,,,,,,,,,,,,
14887,125,Nature,IGT,8.0,,,,,,,,,,,,,,,,,,,,,
14888,125,Nature,IGT,9.0,,,,,,,,,,,,,,,,,,,,,
14889,125,Nature,IGT,10.0,,,,,,,,,,,,,,,,,,,,,
14890,125,Nature,IGT,11.0,,,,,,,,,,,,,,,,,,,,,
14891,125,Nature,IGT,12.0,,,,,,,,,,,,,,,,,,,,,
14892,125,Nature,IGT,13.0,,,,,,,,,,,,,,,,,,,,,
14893,125,Nature,IGT,14.0,,,,,,,,,,,,,,,,,,,,,
14894,125,Nature,IGT,15.0,,,,,,,,,,,,,,,,,,,,,
14895,125,Nature,IGT,16.0,,,,,,,,,,,,,,,,,,,,,
14896,125,Nature,IGT,17.0,,,,,,,,,,,,,,,,,,,,,
14897,125,Nature,IGT,18.0,,,,,,,,,,,,,,,,,,,,,
14898,125,Nature,IGT,19.0,,,,,,,,,,,,,,,,,,,,,
14899,125,Nature,IGT,20.0,,,,,,,,,,,,,,,,,,,,,
14920,125,Urban,IGT,1.0,,,124.0,2.9,3.58,3.88,0.2226208795399999,0.1649069044199999,0.1711053881,0.22192571954,0.16840020708,0.2583931691,7.45135153972,1.66699430176,-0.05810932028,-0.0185703097,0.0066025913399999,0.01658221408,0.0747680806,0.10880319036,0.09857578852
14921,125,Urban,IGT,2.0,,,124.0,2.9,3.58,3.88,0.2226208795399999,0.1649069044199999,0.1711053881,0.22192571954,0.16840020708,0.2583931691,7.45135153972,1.66699430176,-0.05810932028,-0.0185703097,0.0066025913399999,0.01658221408,0.0747680806,0.10880319036,0.09857578852
14922,125,Urban,IGT,3.0,,,124.0,2.9,3.58,3.88,0.2226208795399999,0.1649069044199999,0.1711053881,0.22192571954,0.16840020708,0.2583931691,7.45135153972,1.66699430176,-0.05810932028,-0.0185703097,0.0066025913399999,0.01658221408,0.0747680806,0.10880319036,0.09857578852
14923,125,Urban,IGT,4.0,,,124.0,2.9,3.58,3.88,0.2226208795399999,0.1649069044199999,0.1711053881,0.22192571954,0.16840020708,0.2583931691,7.45135153972,1.66699430176,-0.05810932028,-0.0185703097,0.0066025913399999,0.01658221408,0.0747680806,0.10880319036,0.09857578852
14924,125,Urban,IGT,5.0,,,124.0,2.9,3.58,3.88,0.2226208795399999,0.1649069044199999,0.1711053881,0.22192571954,0.16840020708,0.2583931691,7.45135153972,1.66699430176,-0.05810932028,-0.0185703097,0.0066025913399999,0.01658221408,0.0747680806,0.10880319036,0.09857578852
14925,125,Urban,IGT,6.0,,,124.0,2.9,3.58,3.88,0.2226208795399999,0.1649069044199999,0.1711053881,0.22192571954,0.16840020708,0.2583931691,7.45135153972,1.66699430176,-0.05810932028,-0.0185703097,0.0066025913399999,0.01658221408,0.0747680806,0.10880319036,0.09857578852
14926,125,Urban,IGT,7.0,,,124.0,2.9,3.58,3.88,0.2226208795399999,0.1649069044199999,0.1711053881,0.22192571954,0.16840020708,0.2583931691,7.45135153972,1.66699430176,-0.05810932028,-0.0185703097,0.0066025913399999,0.01658221408,0.0747680806,0.10880319036,0.09857578852
14927,125,Urban,IGT,8.0,,,124.0,2.9,3.58,3.88,0.2226208795399999,0.1649069044199999,0.1711053881,0.22192571954,0.16840020708,0.2583931691,7.45135153972,1.66699430176,-0.05810932028,-0.0185703097,0.0066025913399999,0.01658221408,0.0747680806,0.10880319036,0.09857578852
14928,125,Urban,IGT,9.0,,,124.0,2.9,3.58,3.88,0.2226208795399999,0.1649069044199999,0.1711053881,0.22192571954,0.16840020708,0.2583931691,7.45135153972,1.66699430176,-0.05810932028,-0.0185703097,0.0066025913399999,0.01658221408,0.0747680806,0.10880319036,0.09857578852
14929,125,Urban,IGT,10.0,,,124.0,2.9,3.58,3.88,0.2226208795399999,0.1649069044199999,0.1711053881,0.22192571954,0.16840020708,0.2583931691,7.45135153972,1.66699430176,-0.05810932028,-0.0185703097,0.0066025913399999,0.01658221408,0.0747680806,0.10880319036,0.09857578852
14930,125,Urban,IGT,11.0,0.1,0.5,124.0,2.9,3.58,3.88,0.2226208795399999,0.1649069044199999,0.1711053881,0.22192571954,0.16840020708,0.2583931691,7.45135153972,1.66699430176,-0.05810932028,-0.0185703097,0.0066025913399999,0.01658221408,0.0747680806,0.10880319036,0.09857578852
14931,125,Urban,IGT,12.0,0.3,0.5,124.0,2.9,3.58,3.88,0.2226208795399999,0.1649069044199999,0.1711053881,0.22192571954,0.16840020708,0.2583931691,7.45135153972,1.66699430176,-0.05810932028,-0.0185703097,0.0066025913399999,0.01658221408,0.0747680806,0.10880319036,0.09857578852
14932,125,Urban,IGT,13.0,0.3,0.6,124.0,2.9,3.58,3.88,0.2226208795399999,0.1649069044199999,0.1711053881,0.22192571954,0.16840020708,0.2583931691,7.45135153972,1.66699430176,-0.05810932028,-0.0185703097,0.0066025913399999,0.01658221408,0.0747680806,0.10880319036,0.09857578852
14933,125,Urban,IGT,14.0,0.5,0.4,124.0,2.9,3.58,3.88,0.2226208795399999,0.1649069044199999,0.1711053881,0.22192571954,0.16840020708,0.2583931691,7.45135153972,1.66699430176,-0.05810932028,-0.0185703097,0.0066025913399999,0.01658221408,0.0747680806,0.10880319036,0.09857578852
14934,125,Urban,IGT,15.0,0.4,0.7,124.0,2.9,3.58,3.88,0.2226208795399999,0.1649069044199999,0.1711053881,0.22192571954,0.16840020708,0.2583931691,7.45135153972,1.66699430176,-0.05810932028,-0.0185703097,0.0066025913399999,0.01658221408,0.0747680806,0.10880319036,0.09857578852
14935,125,Urban,IGT,16.0,0.4,0.6,124.0,2.9,3.58,3.88,0.2226208795399999,0.1649069044199999,0.1711053881,0.22192571954,0.16840020708,0.2583931691,7.45135153972,1.66699430176,-0.05810932028,-0.0185703097,0.0066025913399999,0.01658221408,0.0747680806,0.10880319036,0.09857578852
14936,125,Urban,IGT,17.0,0.4,0.5,124.0,2.9,3.58,3.88,0.2226208795399999,0.1649069044199999,0.1711053881,0.22192571954,0.16840020708,0.2583931691,7.45135153972,1.66699430176,-0.05810932028,-0.0185703097,0.0066025913399999,0.01658221408,0.0747680806,0.10880319036,0.09857578852
14937,125,Urban,IGT,18.0,0.4,0.6,124.0,2.9,3.58,3.88,0.2226208795399999,0.1649069044199999,0.1711053881,0.22192571954,0.16840020708,0.2583931691,7.45135153972,1.66699430176,-0.05810932028,-0.0185703097,0.0066025913399999,0.01658221408,0.0747680806,0.10880319036,0.09857578852
14938,125,Urban,IGT,19.0,0.4,0.6,124.0,2.9,3.58,3.88,0.2226208795399999,0.1649069044199999,0.1711053881,0.22192571954,0.16840020708,0.2583931691,7.45135153972,1.66699430176,-0.05810932028,-0.0185703097,0.0066025913399999,0.01658221408,0.0747680806,0.10880319036,0.09857578852
14939,125,Urban,IGT,20.0,0.5,0.5,124.0,2.9,3.58,3.88,0.2226208795399999,0.1649069044199999,0.1711053881,0.22192571954,0.16840020708,0.2583931691,7.45135153972,1.66699430176,-0.05810932028,-0.0185703097,0.0066025913399999,0.01658221408,0.0747680806,0.10880319036,0.09857578852
14960,125,Control,IGT,1.0,,,,,,,,,,,,,,,,,,,,,
14961,125,Control,IGT,2.0,,,,,,,,,,,,,,,,,,,,,
14962,125,Control,IGT,3.0,,,,,,,,,,,,,,,,,,,,,
14963,125,Control,IGT,4.0,,,,,,,,,,,,,,,,,,,,,
14964,125,Control,IGT,5.0,,,,,,,,,,,,,,,,,,,,,
14965,125,Control,IGT,6.0,,,,,,,,,,,,,,,,,,,,,
14966,125,Control,IGT,7.0,,,,,,,,,,,,,,,,,,,,,
14967,125,Control,IGT,8.0,,,,,,,,,,,,,,,,,,,,,
14968,125,Control,IGT,9.0,,,,,,,,,,,,,,,,,,,,,
14969,125,Control,IGT,10.0,,,,,,,,,,,,,,,,,,,,,
14970,125,Control,IGT,11.0,,,,,,,,,,,,,,,,,,,,,
14971,125,Control,IGT,12.0,,,,,,,,,,,,,,,,,,,,,
14972,125,Control,IGT,13.0,,,,,,,,,,,,,,,,,,,,,
14973,125,Control,IGT,14.0,,,,,,,,,,,,,,,,,,,,,
14974,125,Control,IGT,15.0,,,,,,,,,,,,,,,,,,,,,
14975,125,Control,IGT,16.0,,,,,,,,,,,,,,,,,,,,,
14976,125,Control,IGT,17.0,,,,,,,,,,,,,,,,,,,,,
14977,125,Control,IGT,18.0,,,,,,,,,,,,,,,,,,,,,
14978,125,Control,IGT,19.0,,,,,,,,,,,,,,,,,,,,,
14979,125,Control,IGT,20.0,,,,,,,,,,,,,,,,,,,,,
15000,126,Nature,IGT,1.0,,,,,,,,,,,,,,,,,,,,,
15001,126,Nature,IGT,2.0,,,,,,,,,,,,,,,,,,,,,
15002,126,Nature,IGT,3.0,,,,,,,,,,,,,,,,,,,,,
15003,126,Nature,IGT,4.0,,,,,,,,,,,,,,,,,,,,,
15004,126,Nature,IGT,5.0,,,,,,,,,,,,,,,,,,,,,
15005,126,Nature,IGT,6.0,,,,,,,,,,,,,,,,,,,,,
15006,126,Nature,IGT,7.0,,,,,,,,,,,,,,,,,,,,,
15007,126,Nature,IGT,8.0,,,,,,,,,,,,,,,,,,,,,
15008,126,Nature,IGT,9.0,,,,,,,,,,,,,,,,,,,,,
15009,126,Nature,IGT,10.0,,,,,,,,,,,,,,,,,,,,,
15010,126,Nature,IGT,11.0,,,,,,,,,,,,,,,,,,,,,
15011,126,Nature,IGT,12.0,,,,,,,,,,,,,,,,,,,,,
15012,126,Nature,IGT,13.0,,,,,,,,,,,,,,,,,,,,,
15013,126,Nature,IGT,14.0,,,,,,,,,,,,,,,,,,,,,
15014,126,Nature,IGT,15.0,,,,,,,,,,,,,,,,,,,,,
15015,126,Nature,IGT,16.0,,,,,,,,,,,,,,,,,,,,,
15016,126,Nature,IGT,17.0,,,,,,,,,,,,,,,,,,,,,
15017,126,Nature,IGT,18.0,,,,,,,,,,,,,,,,,,,,,
15018,126,Nature,IGT,19.0,,,,,,,,,,,,,,,,,,,,,
15019,126,Nature,IGT,20.0,,,,,,,,,,,,,,,,,,,,,
15040,126,Urban,IGT,1.0,,,125.0,2.46,4.46,4.14,0.21840491982,0.1458512674199999,0.1464714977,0.23042042196,0.15877951982,0.25693757788,7.394024969419999,1.5834620519,-0.0573048865,-0.02703864324,0.01321397334,0.02858590652,0.07508123106,0.10277227108,0.0947133772199999
15041,126,Urban,IGT,2.0,,,125.0,2.46,4.46,4.14,0.21840491982,0.1458512674199999,0.1464714977,0.23042042196,0.15877951982,0.25693757788,7.394024969419999,1.5834620519,-0.0573048865,-0.02703864324,0.01321397334,0.02858590652,0.07508123106,0.10277227108,0.0947133772199999
15042,126,Urban,IGT,3.0,,,125.0,2.46,4.46,4.14,0.21840491982,0.1458512674199999,0.1464714977,0.23042042196,0.15877951982,0.25693757788,7.394024969419999,1.5834620519,-0.0573048865,-0.02703864324,0.01321397334,0.02858590652,0.07508123106,0.10277227108,0.0947133772199999
15043,126,Urban,IGT,4.0,,,125.0,2.46,4.46,4.14,0.21840491982,0.1458512674199999,0.1464714977,0.23042042196,0.15877951982,0.25693757788,7.394024969419999,1.5834620519,-0.0573048865,-0.02703864324,0.01321397334,0.02858590652,0.07508123106,0.10277227108,0.0947133772199999
15044,126,Urban,IGT,5.0,,,125.0,2.46,4.46,4.14,0.21840491982,0.1458512674199999,0.1464714977,0.23042042196,0.15877951982,0.25693757788,7.394024969419999,1.5834620519,-0.0573048865,-0.02703864324,0.01321397334,0.02858590652,0.07508123106,0.10277227108,0.0947133772199999
15045,126,Urban,IGT,6.0,,,125.0,2.46,4.46,4.14,0.21840491982,0.1458512674199999,0.1464714977,0.23042042196,0.15877951982,0.25693757788,7.394024969419999,1.5834620519,-0.0573048865,-0.02703864324,0.01321397334,0.02858590652,0.07508123106,0.10277227108,0.0947133772199999
15046,126,Urban,IGT,7.0,,,125.0,2.46,4.46,4.14,0.21840491982,0.1458512674199999,0.1464714977,0.23042042196,0.15877951982,0.25693757788,7.394024969419999,1.5834620519,-0.0573048865,-0.02703864324,0.01321397334,0.02858590652,0.07508123106,0.10277227108,0.0947133772199999
15047,126,Urban,IGT,8.0,,,125.0,2.46,4.46,4.14,0.21840491982,0.1458512674199999,0.1464714977,0.23042042196,0.15877951982,0.25693757788,7.394024969419999,1.5834620519,-0.0573048865,-0.02703864324,0.01321397334,0.02858590652,0.07508123106,0.10277227108,0.0947133772199999
15048,126,Urban,IGT,9.0,,,125.0,2.46,4.46,4.14,0.21840491982,0.1458512674199999,0.1464714977,0.23042042196,0.15877951982,0.25693757788,7.394024969419999,1.5834620519,-0.0573048865,-0.02703864324,0.01321397334,0.02858590652,0.07508123106,0.10277227108,0.0947133772199999
15049,126,Urban,IGT,10.0,,,125.0,2.46,4.46,4.14,0.21840491982,0.1458512674199999,0.1464714977,0.23042042196,0.15877951982,0.25693757788,7.394024969419999,1.5834620519,-0.0573048865,-0.02703864324,0.01321397334,0.02858590652,0.07508123106,0.10277227108,0.0947133772199999
15050,126,Urban,IGT,11.0,0.6,0.5,125.0,2.46,4.46,4.14,0.21840491982,0.1458512674199999,0.1464714977,0.23042042196,0.15877951982,0.25693757788,7.394024969419999,1.5834620519,-0.0573048865,-0.02703864324,0.01321397334,0.02858590652,0.07508123106,0.10277227108,0.0947133772199999
15051,126,Urban,IGT,12.0,0.2,0.7,125.0,2.46,4.46,4.14,0.21840491982,0.1458512674199999,0.1464714977,0.23042042196,0.15877951982,0.25693757788,7.394024969419999,1.5834620519,-0.0573048865,-0.02703864324,0.01321397334,0.02858590652,0.07508123106,0.10277227108,0.0947133772199999
15052,126,Urban,IGT,13.0,1.0,0.7,125.0,2.46,4.46,4.14,0.21840491982,0.1458512674199999,0.1464714977,0.23042042196,0.15877951982,0.25693757788,7.394024969419999,1.5834620519,-0.0573048865,-0.02703864324,0.01321397334,0.02858590652,0.07508123106,0.10277227108,0.0947133772199999
15053,126,Urban,IGT,14.0,0.7,0.1,125.0,2.46,4.46,4.14,0.21840491982,0.1458512674199999,0.1464714977,0.23042042196,0.15877951982,0.25693757788,7.394024969419999,1.5834620519,-0.0573048865,-0.02703864324,0.01321397334,0.02858590652,0.07508123106,0.10277227108,0.0947133772199999
15054,126,Urban,IGT,15.0,0.7,0.4,125.0,2.46,4.46,4.14,0.21840491982,0.1458512674199999,0.1464714977,0.23042042196,0.15877951982,0.25693757788,7.394024969419999,1.5834620519,-0.0573048865,-0.02703864324,0.01321397334,0.02858590652,0.07508123106,0.10277227108,0.0947133772199999
15055,126,Urban,IGT,16.0,0.8,0.1,125.0,2.46,4.46,4.14,0.21840491982,0.1458512674199999,0.1464714977,0.23042042196,0.15877951982,0.25693757788,7.394024969419999,1.5834620519,-0.0573048865,-0.02703864324,0.01321397334,0.02858590652,0.07508123106,0.10277227108,0.0947133772199999
15056,126,Urban,IGT,17.0,0.9,0.2,125.0,2.46,4.46,4.14,0.21840491982,0.1458512674199999,0.1464714977,0.23042042196,0.15877951982,0.25693757788,7.394024969419999,1.5834620519,-0.0573048865,-0.02703864324,0.01321397334,0.02858590652,0.07508123106,0.10277227108,0.0947133772199999
15057,126,Urban,IGT,18.0,0.8,0.2,125.0,2.46,4.46,4.14,0.21840491982,0.1458512674199999,0.1464714977,0.23042042196,0.15877951982,0.25693757788,7.394024969419999,1.5834620519,-0.0573048865,-0.02703864324,0.01321397334,0.02858590652,0.07508123106,0.10277227108,0.0947133772199999
15058,126,Urban,IGT,19.0,0.9,0.1,125.0,2.46,4.46,4.14,0.21840491982,0.1458512674199999,0.1464714977,0.23042042196,0.15877951982,0.25693757788,7.394024969419999,1.5834620519,-0.0573048865,-0.02703864324,0.01321397334,0.02858590652,0.07508123106,0.10277227108,0.0947133772199999
15059,126,Urban,IGT,20.0,0.8,0.2,125.0,2.46,4.46,4.14,0.21840491982,0.1458512674199999,0.1464714977,0.23042042196,0.15877951982,0.25693757788,7.394024969419999,1.5834620519,-0.0573048865,-0.02703864324,0.01321397334,0.02858590652,0.07508123106,0.10277227108,0.0947133772199999
15080,126,Control,IGT,1.0,,,,,,,,,,,,,,,,,,,,,
15081,126,Control,IGT,2.0,,,,,,,,,,,,,,,,,,,,,
15082,126,Control,IGT,3.0,,,,,,,,,,,,,,,,,,,,,
15083,126,Control,IGT,4.0,,,,,,,,,,,,,,,,,,,,,
15084,126,Control,IGT,5.0,,,,,,,,,,,,,,,,,,,,,
15085,126,Control,IGT,6.0,,,,,,,,,,,,,,,,,,,,,
15086,126,Control,IGT,7.0,,,,,,,,,,,,,,,,,,,,,
15087,126,Control,IGT,8.0,,,,,,,,,,,,,,,,,,,,,
15088,126,Control,IGT,9.0,,,,,,,,,,,,,,,,,,,,,
15089,126,Control,IGT,10.0,,,,,,,,,,,,,,,,,,,,,
15090,126,Control,IGT,11.0,,,,,,,,,,,,,,,,,,,,,
15091,126,Control,IGT,12.0,,,,,,,,,,,,,,,,,,,,,
15092,126,Control,IGT,13.0,,,,,,,,,,,,,,,,,,,,,
15093,126,Control,IGT,14.0,,,,,,,,,,,,,,,,,,,,,
15094,126,Control,IGT,15.0,,,,,,,,,,,,,,,,,,,,,
15095,126,Control,IGT,16.0,,,,,,,,,,,,,,,,,,,,,
15096,126,Control,IGT,17.0,,,,,,,,,,,,,,,,,,,,,
15097,126,Control,IGT,18.0,,,,,,,,,,,,,,,,,,,,,
15098,126,Control,IGT,19.0,,,,,,,,,,,,,,,,,,,,,
15099,126,Control,IGT,20.0,,,,,,,,,,,,,,,,,,,,,
15120,127,Nature,IGT,1.0,,,,,,,,,,,,,,,,,,,,,
15121,127,Nature,IGT,2.0,,,,,,,,,,,,,,,,,,,,,
15122,127,Nature,IGT,3.0,,,,,,,,,,,,,,,,,,,,,
15123,127,Nature,IGT,4.0,,,,,,,,,,,,,,,,,,,,,
15124,127,Nature,IGT,5.0,,,,,,,,,,,,,,,,,,,,,
15125,127,Nature,IGT,6.0,,,,,,,,,,,,,,,,,,,,,
15126,127,Nature,IGT,7.0,,,,,,,,,,,,,,,,,,,,,
15127,127,Nature,IGT,8.0,,,,,,,,,,,,,,,,,,,,,
15128,127,Nature,IGT,9.0,,,,,,,,,,,,,,,,,,,,,
15129,127,Nature,IGT,10.0,,,,,,,,,,,,,,,,,,,,,
15130,127,Nature,IGT,11.0,,,,,,,,,,,,,,,,,,,,,
15131,127,Nature,IGT,12.0,,,,,,,,,,,,,,,,,,,,,
15132,127,Nature,IGT,13.0,,,,,,,,,,,,,,,,,,,,,
15133,127,Nature,IGT,14.0,,,,,,,,,,,,,,,,,,,,,
15134,127,Nature,IGT,15.0,,,,,,,,,,,,,,,,,,,,,
15135,127,Nature,IGT,16.0,,,,,,,,,,,,,,,,,,,,,
15136,127,Nature,IGT,17.0,,,,,,,,,,,,,,,,,,,,,
15137,127,Nature,IGT,18.0,,,,,,,,,,,,,,,,,,,,,
15138,127,Nature,IGT,19.0,,,,,,,,,,,,,,,,,,,,,
15139,127,Nature,IGT,20.0,,,,,,,,,,,,,,,,,,,,,
15160,127,Urban,IGT,1.0,,,,,,,,,,,,,,,,,,,,,
15161,127,Urban,IGT,2.0,,,,,,,,,,,,,,,,,,,,,
15162,127,Urban,IGT,3.0,,,,,,,,,,,,,,,,,,,,,
15163,127,Urban,IGT,4.0,,,,,,,,,,,,,,,,,,,,,
15164,127,Urban,IGT,5.0,,,,,,,,,,,,,,,,,,,,,
15165,127,Urban,IGT,6.0,,,,,,,,,,,,,,,,,,,,,
15166,127,Urban,IGT,7.0,,,,,,,,,,,,,,,,,,,,,
15167,127,Urban,IGT,8.0,,,,,,,,,,,,,,,,,,,,,
15168,127,Urban,IGT,9.0,,,,,,,,,,,,,,,,,,,,,
15169,127,Urban,IGT,10.0,,,,,,,,,,,,,,,,,,,,,
15170,127,Urban,IGT,11.0,,,,,,,,,,,,,,,,,,,,,
15171,127,Urban,IGT,12.0,,,,,,,,,,,,,,,,,,,,,
15172,127,Urban,IGT,13.0,,,,,,,,,,,,,,,,,,,,,
15173,127,Urban,IGT,14.0,,,,,,,,,,,,,,,,,,,,,
15174,127,Urban,IGT,15.0,,,,,,,,,,,,,,,,,,,,,
15175,127,Urban,IGT,16.0,,,,,,,,,,,,,,,,,,,,,
15176,127,Urban,IGT,17.0,,,,,,,,,,,,,,,,,,,,,
15177,127,Urban,IGT,18.0,,,,,,,,,,,,,,,,,,,,,
15178,127,Urban,IGT,19.0,,,,,,,,,,,,,,,,,,,,,
15179,127,Urban,IGT,20.0,,,,,,,,,,,,,,,,,,,,,
15200,127,Control,IGT,1.0,,,126.0,3.68,3.78,3.54,,,,,,,,,,,,,,,
15201,127,Control,IGT,2.0,,,126.0,3.68,3.78,3.54,,,,,,,,,,,,,,,
15202,127,Control,IGT,3.0,,,126.0,3.68,3.78,3.54,,,,,,,,,,,,,,,
15203,127,Control,IGT,4.0,,,126.0,3.68,3.78,3.54,,,,,,,,,,,,,,,
15204,127,Control,IGT,5.0,,,126.0,3.68,3.78,3.54,,,,,,,,,,,,,,,
15205,127,Control,IGT,6.0,,,126.0,3.68,3.78,3.54,,,,,,,,,,,,,,,
15206,127,Control,IGT,7.0,,,126.0,3.68,3.78,3.54,,,,,,,,,,,,,,,
15207,127,Control,IGT,8.0,,,126.0,3.68,3.78,3.54,,,,,,,,,,,,,,,
15208,127,Control,IGT,9.0,,,126.0,3.68,3.78,3.54,,,,,,,,,,,,,,,
15209,127,Control,IGT,10.0,,,126.0,3.68,3.78,3.54,,,,,,,,,,,,,,,
15210,127,Control,IGT,11.0,0.3,0.3,126.0,3.68,3.78,3.54,,,,,,,,,,,,,,,
15211,127,Control,IGT,12.0,0.4,0.7,126.0,3.68,3.78,3.54,,,,,,,,,,,,,,,
15212,127,Control,IGT,13.0,0.5,0.5,126.0,3.68,3.78,3.54,,,,,,,,,,,,,,,
15213,127,Control,IGT,14.0,0.5,0.4,126.0,3.68,3.78,3.54,,,,,,,,,,,,,,,
15214,127,Control,IGT,15.0,0.6,0.4,126.0,3.68,3.78,3.54,,,,,,,,,,,,,,,
15215,127,Control,IGT,16.0,0.5,0.5,126.0,3.68,3.78,3.54,,,,,,,,,,,,,,,
15216,127,Control,IGT,17.0,0.4,0.3,126.0,3.68,3.78,3.54,,,,,,,,,,,,,,,
15217,127,Control,IGT,18.0,0.4,0.5,126.0,3.68,3.78,3.54,,,,,,,,,,,,,,,
15218,127,Control,IGT,19.0,0.4,0.4,126.0,3.68,3.78,3.54,,,,,,,,,,,,,,,
15219,127,Control,IGT,20.0,0.6,0.6,126.0,3.68,3.78,3.54,,,,,,,,,,,,,,,
15240,128,Nature,IGT,1.0,,,,,,,,,,,,,,,,,,,,,
15241,128,Nature,IGT,2.0,,,,,,,,,,,,,,,,,,,,,
15242,128,Nature,IGT,3.0,,,,,,,,,,,,,,,,,,,,,
15243,128,Nature,IGT,4.0,,,,,,,,,,,,,,,,,,,,,
15244,128,Nature,IGT,5.0,,,,,,,,,,,,,,,,,,,,,
15245,128,Nature,IGT,6.0,,,,,,,,,,,,,,,,,,,,,
15246,128,Nature,IGT,7.0,,,,,,,,,,,,,,,,,,,,,
15247,128,Nature,IGT,8.0,,,,,,,,,,,,,,,,,,,,,
15248,128,Nature,IGT,9.0,,,,,,,,,,,,,,,,,,,,,
15249,128,Nature,IGT,10.0,,,,,,,,,,,,,,,,,,,,,
15250,128,Nature,IGT,11.0,,,,,,,,,,,,,,,,,,,,,
15251,128,Nature,IGT,12.0,,,,,,,,,,,,,,,,,,,,,
15252,128,Nature,IGT,13.0,,,,,,,,,,,,,,,,,,,,,
15253,128,Nature,IGT,14.0,,,,,,,,,,,,,,,,,,,,,
15254,128,Nature,IGT,15.0,,,,,,,,,,,,,,,,,,,,,
15255,128,Nature,IGT,16.0,,,,,,,,,,,,,,,,,,,,,
15256,128,Nature,IGT,17.0,,,,,,,,,,,,,,,,,,,,,
15257,128,Nature,IGT,18.0,,,,,,,,,,,,,,,,,,,,,
15258,128,Nature,IGT,19.0,,,,,,,,,,,,,,,,,,,,,
15259,128,Nature,IGT,20.0,,,,,,,,,,,,,,,,,,,,,
15280,128,Urban,IGT,1.0,,,127.0,1.74,3.74,3.12,0.2147716349399999,-0.0038661212399999,0.14471316952,0.22535424038,0.16311824378,0.27159537954,7.39284916446,1.58106633578,-0.0605926679999999,-0.02111711466,0.02006527582,0.01616673928,0.0682950989,0.10385988468,0.10009224714
15281,128,Urban,IGT,2.0,,,127.0,1.74,3.74,3.12,0.2147716349399999,-0.0038661212399999,0.14471316952,0.22535424038,0.16311824378,0.27159537954,7.39284916446,1.58106633578,-0.0605926679999999,-0.02111711466,0.02006527582,0.01616673928,0.0682950989,0.10385988468,0.10009224714
15282,128,Urban,IGT,3.0,,,127.0,1.74,3.74,3.12,0.2147716349399999,-0.0038661212399999,0.14471316952,0.22535424038,0.16311824378,0.27159537954,7.39284916446,1.58106633578,-0.0605926679999999,-0.02111711466,0.02006527582,0.01616673928,0.0682950989,0.10385988468,0.10009224714
15283,128,Urban,IGT,4.0,,,127.0,1.74,3.74,3.12,0.2147716349399999,-0.0038661212399999,0.14471316952,0.22535424038,0.16311824378,0.27159537954,7.39284916446,1.58106633578,-0.0605926679999999,-0.02111711466,0.02006527582,0.01616673928,0.0682950989,0.10385988468,0.10009224714
15284,128,Urban,IGT,5.0,,,127.0,1.74,3.74,3.12,0.2147716349399999,-0.0038661212399999,0.14471316952,0.22535424038,0.16311824378,0.27159537954,7.39284916446,1.58106633578,-0.0605926679999999,-0.02111711466,0.02006527582,0.01616673928,0.0682950989,0.10385988468,0.10009224714
15285,128,Urban,IGT,6.0,,,127.0,1.74,3.74,3.12,0.2147716349399999,-0.0038661212399999,0.14471316952,0.22535424038,0.16311824378,0.27159537954,7.39284916446,1.58106633578,-0.0605926679999999,-0.02111711466,0.02006527582,0.01616673928,0.0682950989,0.10385988468,0.10009224714
15286,128,Urban,IGT,7.0,,,127.0,1.74,3.74,3.12,0.2147716349399999,-0.0038661212399999,0.14471316952,0.22535424038,0.16311824378,0.27159537954,7.39284916446,1.58106633578,-0.0605926679999999,-0.02111711466,0.02006527582,0.01616673928,0.0682950989,0.10385988468,0.10009224714
15287,128,Urban,IGT,8.0,,,127.0,1.74,3.74,3.12,0.2147716349399999,-0.0038661212399999,0.14471316952,0.22535424038,0.16311824378,0.27159537954,7.39284916446,1.58106633578,-0.0605926679999999,-0.02111711466,0.02006527582,0.01616673928,0.0682950989,0.10385988468,0.10009224714
15288,128,Urban,IGT,9.0,,,127.0,1.74,3.74,3.12,0.2147716349399999,-0.0038661212399999,0.14471316952,0.22535424038,0.16311824378,0.27159537954,7.39284916446,1.58106633578,-0.0605926679999999,-0.02111711466,0.02006527582,0.01616673928,0.0682950989,0.10385988468,0.10009224714
15289,128,Urban,IGT,10.0,,,127.0,1.74,3.74,3.12,0.2147716349399999,-0.0038661212399999,0.14471316952,0.22535424038,0.16311824378,0.27159537954,7.39284916446,1.58106633578,-0.0605926679999999,-0.02111711466,0.02006527582,0.01616673928,0.0682950989,0.10385988468,0.10009224714
15290,128,Urban,IGT,11.0,0.2,0.5,127.0,1.74,3.74,3.12,0.2147716349399999,-0.0038661212399999,0.14471316952,0.22535424038,0.16311824378,0.27159537954,7.39284916446,1.58106633578,-0.0605926679999999,-0.02111711466,0.02006527582,0.01616673928,0.0682950989,0.10385988468,0.10009224714
15291,128,Urban,IGT,12.0,0.4,0.7,127.0,1.74,3.74,3.12,0.2147716349399999,-0.0038661212399999,0.14471316952,0.22535424038,0.16311824378,0.27159537954,7.39284916446,1.58106633578,-0.0605926679999999,-0.02111711466,0.02006527582,0.01616673928,0.0682950989,0.10385988468,0.10009224714
15292,128,Urban,IGT,13.0,0.4,0.5,127.0,1.74,3.74,3.12,0.2147716349399999,-0.0038661212399999,0.14471316952,0.22535424038,0.16311824378,0.27159537954,7.39284916446,1.58106633578,-0.0605926679999999,-0.02111711466,0.02006527582,0.01616673928,0.0682950989,0.10385988468,0.10009224714
15293,128,Urban,IGT,14.0,1.0,0.0,127.0,1.74,3.74,3.12,0.2147716349399999,-0.0038661212399999,0.14471316952,0.22535424038,0.16311824378,0.27159537954,7.39284916446,1.58106633578,-0.0605926679999999,-0.02111711466,0.02006527582,0.01616673928,0.0682950989,0.10385988468,0.10009224714
15294,128,Urban,IGT,15.0,0.6,0.3,127.0,1.74,3.74,3.12,0.2147716349399999,-0.0038661212399999,0.14471316952,0.22535424038,0.16311824378,0.27159537954,7.39284916446,1.58106633578,-0.0605926679999999,-0.02111711466,0.02006527582,0.01616673928,0.0682950989,0.10385988468,0.10009224714
15295,128,Urban,IGT,16.0,0.9,0.2,127.0,1.74,3.74,3.12,0.2147716349399999,-0.0038661212399999,0.14471316952,0.22535424038,0.16311824378,0.27159537954,7.39284916446,1.58106633578,-0.0605926679999999,-0.02111711466,0.02006527582,0.01616673928,0.0682950989,0.10385988468,0.10009224714
15296,128,Urban,IGT,17.0,1.0,0.3,127.0,1.74,3.74,3.12,0.2147716349399999,-0.0038661212399999,0.14471316952,0.22535424038,0.16311824378,0.27159537954,7.39284916446,1.58106633578,-0.0605926679999999,-0.02111711466,0.02006527582,0.01616673928,0.0682950989,0.10385988468,0.10009224714
15297,128,Urban,IGT,18.0,0.5,0.4,127.0,1.74,3.74,3.12,0.2147716349399999,-0.0038661212399999,0.14471316952,0.22535424038,0.16311824378,0.27159537954,7.39284916446,1.58106633578,-0.0605926679999999,-0.02111711466,0.02006527582,0.01616673928,0.0682950989,0.10385988468,0.10009224714
15298,128,Urban,IGT,19.0,1.0,0.1,127.0,1.74,3.74,3.12,0.2147716349399999,-0.0038661212399999,0.14471316952,0.22535424038,0.16311824378,0.27159537954,7.39284916446,1.58106633578,-0.0605926679999999,-0.02111711466,0.02006527582,0.01616673928,0.0682950989,0.10385988468,0.10009224714
15299,128,Urban,IGT,20.0,0.9,0.5,127.0,1.74,3.74,3.12,0.2147716349399999,-0.0038661212399999,0.14471316952,0.22535424038,0.16311824378,0.27159537954,7.39284916446,1.58106633578,-0.0605926679999999,-0.02111711466,0.02006527582,0.01616673928,0.0682950989,0.10385988468,0.10009224714
15320,128,Control,IGT,1.0,,,,,,,,,,,,,,,,,,,,,
15321,128,Control,IGT,2.0,,,,,,,,,,,,,,,,,,,,,
15322,128,Control,IGT,3.0,,,,,,,,,,,,,,,,,,,,,
15323,128,Control,IGT,4.0,,,,,,,,,,,,,,,,,,,,,
15324,128,Control,IGT,5.0,,,,,,,,,,,,,,,,,,,,,
15325,128,Control,IGT,6.0,,,,,,,,,,,,,,,,,,,,,
15326,128,Control,IGT,7.0,,,,,,,,,,,,,,,,,,,,,
15327,128,Control,IGT,8.0,,,,,,,,,,,,,,,,,,,,,
15328,128,Control,IGT,9.0,,,,,,,,,,,,,,,,,,,,,
15329,128,Control,IGT,10.0,,,,,,,,,,,,,,,,,,,,,
15330,128,Control,IGT,11.0,,,,,,,,,,,,,,,,,,,,,
15331,128,Control,IGT,12.0,,,,,,,,,,,,,,,,,,,,,
15332,128,Control,IGT,13.0,,,,,,,,,,,,,,,,,,,,,
15333,128,Control,IGT,14.0,,,,,,,,,,,,,,,,,,,,,
15334,128,Control,IGT,15.0,,,,,,,,,,,,,,,,,,,,,
15335,128,Control,IGT,16.0,,,,,,,,,,,,,,,,,,,,,
15336,128,Control,IGT,17.0,,,,,,,,,,,,,,,,,,,,,
15337,128,Control,IGT,18.0,,,,,,,,,,,,,,,,,,,,,
15338,128,Control,IGT,19.0,,,,,,,,,,,,,,,,,,,,,
15339,128,Control,IGT,20.0,,,,,,,,,,,,,,,,,,,,,
15360,129,Nature,IGT,1.0,,,128.0,5.38,4.36,5.92,0.15378514788,-0.22070442512,0.22038296616,0.15940965722,0.2156165395,0.2697530364,7.50827191558,6.17360866914,-0.05908970354,0.00996201268,-0.00846796702,-0.02188276092,0.01959127088,0.1401684492,0.19019015794
15361,129,Nature,IGT,2.0,,,128.0,5.38,4.36,5.92,0.15378514788,-0.22070442512,0.22038296616,0.15940965722,0.2156165395,0.2697530364,7.50827191558,6.17360866914,-0.05908970354,0.00996201268,-0.00846796702,-0.02188276092,0.01959127088,0.1401684492,0.19019015794
15362,129,Nature,IGT,3.0,,,128.0,5.38,4.36,5.92,0.15378514788,-0.22070442512,0.22038296616,0.15940965722,0.2156165395,0.2697530364,7.50827191558,6.17360866914,-0.05908970354,0.00996201268,-0.00846796702,-0.02188276092,0.01959127088,0.1401684492,0.19019015794
15363,129,Nature,IGT,4.0,,,128.0,5.38,4.36,5.92,0.15378514788,-0.22070442512,0.22038296616,0.15940965722,0.2156165395,0.2697530364,7.50827191558,6.17360866914,-0.05908970354,0.00996201268,-0.00846796702,-0.02188276092,0.01959127088,0.1401684492,0.19019015794
15364,129,Nature,IGT,5.0,,,128.0,5.38,4.36,5.92,0.15378514788,-0.22070442512,0.22038296616,0.15940965722,0.2156165395,0.2697530364,7.50827191558,6.17360866914,-0.05908970354,0.00996201268,-0.00846796702,-0.02188276092,0.01959127088,0.1401684492,0.19019015794
15365,129,Nature,IGT,6.0,,,128.0,5.38,4.36,5.92,0.15378514788,-0.22070442512,0.22038296616,0.15940965722,0.2156165395,0.2697530364,7.50827191558,6.17360866914,-0.05908970354,0.00996201268,-0.00846796702,-0.02188276092,0.01959127088,0.1401684492,0.19019015794
15366,129,Nature,IGT,7.0,,,128.0,5.38,4.36,5.92,0.15378514788,-0.22070442512,0.22038296616,0.15940965722,0.2156165395,0.2697530364,7.50827191558,6.17360866914,-0.05908970354,0.00996201268,-0.00846796702,-0.02188276092,0.01959127088,0.1401684492,0.19019015794
15367,129,Nature,IGT,8.0,,,128.0,5.38,4.36,5.92,0.15378514788,-0.22070442512,0.22038296616,0.15940965722,0.2156165395,0.2697530364,7.50827191558,6.17360866914,-0.05908970354,0.00996201268,-0.00846796702,-0.02188276092,0.01959127088,0.1401684492,0.19019015794
15368,129,Nature,IGT,9.0,,,128.0,5.38,4.36,5.92,0.15378514788,-0.22070442512,0.22038296616,0.15940965722,0.2156165395,0.2697530364,7.50827191558,6.17360866914,-0.05908970354,0.00996201268,-0.00846796702,-0.02188276092,0.01959127088,0.1401684492,0.19019015794
15369,129,Nature,IGT,10.0,,,128.0,5.38,4.36,5.92,0.15378514788,-0.22070442512,0.22038296616,0.15940965722,0.2156165395,0.2697530364,7.50827191558,6.17360866914,-0.05908970354,0.00996201268,-0.00846796702,-0.02188276092,0.01959127088,0.1401684492,0.19019015794
15370,129,Nature,IGT,11.0,0.5,0.4,128.0,5.38,4.36,5.92,0.15378514788,-0.22070442512,0.22038296616,0.15940965722,0.2156165395,0.2697530364,7.50827191558,6.17360866914,-0.05908970354,0.00996201268,-0.00846796702,-0.02188276092,0.01959127088,0.1401684492,0.19019015794
15371,129,Nature,IGT,12.0,0.5,0.5,128.0,5.38,4.36,5.92,0.15378514788,-0.22070442512,0.22038296616,0.15940965722,0.2156165395,0.2697530364,7.50827191558,6.17360866914,-0.05908970354,0.00996201268,-0.00846796702,-0.02188276092,0.01959127088,0.1401684492,0.19019015794
15372,129,Nature,IGT,13.0,0.6,0.5,128.0,5.38,4.36,5.92,0.15378514788,-0.22070442512,0.22038296616,0.15940965722,0.2156165395,0.2697530364,7.50827191558,6.17360866914,-0.05908970354,0.00996201268,-0.00846796702,-0.02188276092,0.01959127088,0.1401684492,0.19019015794
15373,129,Nature,IGT,14.0,0.5,0.6,128.0,5.38,4.36,5.92,0.15378514788,-0.22070442512,0.22038296616,0.15940965722,0.2156165395,0.2697530364,7.50827191558,6.17360866914,-0.05908970354,0.00996201268,-0.00846796702,-0.02188276092,0.01959127088,0.1401684492,0.19019015794
15374,129,Nature,IGT,15.0,0.6,0.5,128.0,5.38,4.36,5.92,0.15378514788,-0.22070442512,0.22038296616,0.15940965722,0.2156165395,0.2697530364,7.50827191558,6.17360866914,-0.05908970354,0.00996201268,-0.00846796702,-0.02188276092,0.01959127088,0.1401684492,0.19019015794
15375,129,Nature,IGT,16.0,0.6,0.6,128.0,5.38,4.36,5.92,0.15378514788,-0.22070442512,0.22038296616,0.15940965722,0.2156165395,0.2697530364,7.50827191558,6.17360866914,-0.05908970354,0.00996201268,-0.00846796702,-0.02188276092,0.01959127088,0.1401684492,0.19019015794
15376,129,Nature,IGT,17.0,0.6,0.5,128.0,5.38,4.36,5.92,0.15378514788,-0.22070442512,0.22038296616,0.15940965722,0.2156165395,0.2697530364,7.50827191558,6.17360866914,-0.05908970354,0.00996201268,-0.00846796702,-0.02188276092,0.01959127088,0.1401684492,0.19019015794
15377,129,Nature,IGT,18.0,0.5,0.5,128.0,5.38,4.36,5.92,0.15378514788,-0.22070442512,0.22038296616,0.15940965722,0.2156165395,0.2697530364,7.50827191558,6.17360866914,-0.05908970354,0.00996201268,-0.00846796702,-0.02188276092,0.01959127088,0.1401684492,0.19019015794
15378,129,Nature,IGT,19.0,0.6,0.6,128.0,5.38,4.36,5.92,0.15378514788,-0.22070442512,0.22038296616,0.15940965722,0.2156165395,0.2697530364,7.50827191558,6.17360866914,-0.05908970354,0.00996201268,-0.00846796702,-0.02188276092,0.01959127088,0.1401684492,0.19019015794
15379,129,Nature,IGT,20.0,0.5,0.6,128.0,5.38,4.36,5.92,0.15378514788,-0.22070442512,0.22038296616,0.15940965722,0.2156165395,0.2697530364,7.50827191558,6.17360866914,-0.05908970354,0.00996201268,-0.00846796702,-0.02188276092,0.01959127088,0.1401684492,0.19019015794
15400,129,Urban,IGT,1.0,,,,,,,,,,,,,,,,,,,,,
15401,129,Urban,IGT,2.0,,,,,,,,,,,,,,,,,,,,,
15402,129,Urban,IGT,3.0,,,,,,,,,,,,,,,,,,,,,
15403,129,Urban,IGT,4.0,,,,,,,,,,,,,,,,,,,,,
15404,129,Urban,IGT,5.0,,,,,,,,,,,,,,,,,,,,,
15405,129,Urban,IGT,6.0,,,,,,,,,,,,,,,,,,,,,
15406,129,Urban,IGT,7.0,,,,,,,,,,,,,,,,,,,,,
15407,129,Urban,IGT,8.0,,,,,,,,,,,,,,,,,,,,,
15408,129,Urban,IGT,9.0,,,,,,,,,,,,,,,,,,,,,
15409,129,Urban,IGT,10.0,,,,,,,,,,,,,,,,,,,,,
15410,129,Urban,IGT,11.0,,,,,,,,,,,,,,,,,,,,,
15411,129,Urban,IGT,12.0,,,,,,,,,,,,,,,,,,,,,
15412,129,Urban,IGT,13.0,,,,,,,,,,,,,,,,,,,,,
15413,129,Urban,IGT,14.0,,,,,,,,,,,,,,,,,,,,,
15414,129,Urban,IGT,15.0,,,,,,,,,,,,,,,,,,,,,
15415,129,Urban,IGT,16.0,,,,,,,,,,,,,,,,,,,,,
15416,129,Urban,IGT,17.0,,,,,,,,,,,,,,,,,,,,,
15417,129,Urban,IGT,18.0,,,,,,,,,,,,,,,,,,,,,
15418,129,Urban,IGT,19.0,,,,,,,,,,,,,,,,,,,,,
15419,129,Urban,IGT,20.0,,,,,,,,,,,,,,,,,,,,,
15440,129,Control,IGT,1.0,,,,,,,,,,,,,,,,,,,,,
15441,129,Control,IGT,2.0,,,,,,,,,,,,,,,,,,,,,
15442,129,Control,IGT,3.0,,,,,,,,,,,,,,,,,,,,,
15443,129,Control,IGT,4.0,,,,,,,,,,,,,,,,,,,,,
15444,129,Control,IGT,5.0,,,,,,,,,,,,,,,,,,,,,
15445,129,Control,IGT,6.0,,,,,,,,,,,,,,,,,,,,,
15446,129,Control,IGT,7.0,,,,,,,,,,,,,,,,,,,,,
15447,129,Control,IGT,8.0,,,,,,,,,,,,,,,,,,,,,
15448,129,Control,IGT,9.0,,,,,,,,,,,,,,,,,,,,,
15449,129,Control,IGT,10.0,,,,,,,,,,,,,,,,,,,,,
15450,129,Control,IGT,11.0,,,,,,,,,,,,,,,,,,,,,
15451,129,Control,IGT,12.0,,,,,,,,,,,,,,,,,,,,,
15452,129,Control,IGT,13.0,,,,,,,,,,,,,,,,,,,,,
15453,129,Control,IGT,14.0,,,,,,,,,,,,,,,,,,,,,
15454,129,Control,IGT,15.0,,,,,,,,,,,,,,,,,,,,,
15455,129,Control,IGT,16.0,,,,,,,,,,,,,,,,,,,,,
15456,129,Control,IGT,17.0,,,,,,,,,,,,,,,,,,,,,
15457,129,Control,IGT,18.0,,,,,,,,,,,,,,,,,,,,,
15458,129,Control,IGT,19.0,,,,,,,,,,,,,,,,,,,,,
15459,129,Control,IGT,20.0,,,,,,,,,,,,,,,,,,,,,
